word,delta_cos,neighbor_jaccard,change_score
কমপ্যাক্ট,1.1570657938718796,0.0,2.1570657938718796
অজন্ত,1.1200431808829308,0.0,2.1200431808829308
হ্্যা,1.0776124000549316,0.0,2.0776124000549316
বাকিট,1.0755696520209312,0.0,2.0755696520209312
রামচন্দ্র,1.0682782232761383,0.0,2.0682782232761383
দিনট,1.056601919233799,0.0,2.056601919233799
যাঁয়,1.0380159430205822,0.0,2.038015943020582
কাগজট,1.0311506353318691,0.0,2.031150635331869
ছোব,1.0267815496772528,0.0,2.0267815496772528
ব্যাখ্য,1.0197050962597132,0.0,2.019705096259713
শেষট,1.0069730752147734,0.0,2.0069730752147734
জীবনট,0.9917816640809178,0.0,1.9917816640809178
দফতরে,0.9873714968562126,0.0,1.9873714968562126
রক্ষিতা,0.9833857528865337,0.0,1.9833857528865337
হাহ,0.977700000628829,0.0,1.977700000628829
কষ্টসাধ্য,0.9716104958206415,0.0,1.9716104958206415
করাঘাত,0.9673856869339943,0.0,1.9673856869339943
বাসট,0.9623972438275814,0.0,1.9623972438275814
মিটতে,0.9623918868601322,0.0,1.9623918868601322
মানুষট,0.9590671919286251,0.0,1.959067191928625
নাইডু,0.9574886970221996,0.0,1.9574886970221996
ৰাড়ি,0.9486506693065166,0.0,1.9486506693065166
পাখিট,0.9443950206041336,0.0,1.9443950206041336
ওকথা,0.940289631485939,0.0,1.940289631485939
কতা,0.9390720352530479,0.0,1.939072035253048
অবোধ্য,0.9325084090232849,0.0,1.932508409023285
বাবে,0.9278727099299431,0.0,1.927872709929943
এগুলে,0.9256201982498169,0.0,1.925620198249817
কাস,0.8941129669547081,0.0,1.894112966954708
ট্রা,0.8768376260995865,0.0,1.8768376260995865
বাঙালির,0.8340581208467484,0.0,1.8340581208467484
ফকির,0.827239915728569,0.0,1.827239915728569
একদিনে,0.8258714377880096,0.0,1.8258714377880096
কাচে,0.8251208513975143,0.0,1.8251208513975143
বিশ্বনাথ,0.8163747638463974,0.0,1.8163747638463974
গুরু,0.8119826018810272,0.0,1.8119826018810272
দিকে,0.8117878288030624,0.0,1.8117878288030624
শেখর,0.8095126897096634,0.0,1.8095126897096634
টাউন,0.8078012764453888,0.0,1.8078012764453888
চৈতন্য,0.8067762851715088,0.0,1.8067762851715088
প্রশান্ত,0.8018391281366348,0.0,1.8018391281366348
আলি,0.800614982843399,0.0,1.800614982843399
অভ্যাস,0.7996730506420135,0.0,1.7996730506420135
পৌনে,0.7988151162862778,0.0,1.7988151162862778
এসেছিলো,0.7981484532356262,0.0,1.7981484532356262
বিলি,0.7974307388067245,0.0,1.7974307388067245
চাইলো,0.796609491109848,0.0,1.796609491109848
দোয়া,0.7941681146621704,0.0,1.7941681146621704
আক্ষেপ,0.7926037460565567,0.0,1.7926037460565567
প্রতিবাদে,0.7901251018047333,0.0,1.7901251018047333
মিলিটারি,0.7899701297283173,0.0,1.7899701297283173
বদি,0.7800543010234833,0.0,1.7800543010234833
সেব,0.7774025797843933,0.0,1.7774025797843933
দিচ্ছিল,0.7760169208049774,0.0,1.7760169208049774
কানা,0.7747312933206558,0.0,1.7747312933206558
ধরা,0.7725290656089783,0.0,1.7725290656089783
সন্ধ্যাবেলা,0.7723053991794586,0.0,1.7723053991794586
শাস্ত,0.7713633477687836,0.0,1.7713633477687836
গাঁয়ে,0.7712775021791458,0.0,1.7712775021791458
বললেনঃ,0.7703011333942413,0.0,1.7703011333942413
বাদল,0.7692078948020935,0.0,1.7692078948020935
ভাক,0.7666691541671753,0.0,1.7666691541671753
বাকা,0.7662494331598282,0.0,1.7662494331598282
রেখেছিল,0.7662335485219955,0.0,1.7662335485219955
ওন,0.765548899769783,0.0,1.765548899769783
সুলতান,0.7655297964811325,0.0,1.7655297964811325
হয়েছিলো,0.7644169479608536,0.0,1.7644169479608536
মিয়ে,0.7642201781272888,0.0,1.7642201781272888
বুলবুল,0.7637611478567123,0.0,1.7637611478567123
মামী,0.7618660926818848,0.0,1.7618660926818848
কাশী,0.7718763649463654,0.010101010101010102,1.7617753548453554
বারেবারে,0.7613330334424973,0.0,1.7613330334424973
কারে,0.7612655311822891,0.0,1.7612655311822891
দূরত্ব,0.7612015306949615,0.0,1.7612015306949615
রোগী,0.7611537724733353,0.0,1.7611537724733353
লে,0.7603973746299744,0.0,1.7603973746299744
আশ্রম,0.7599062770605087,0.0,1.7599062770605087
আনবে,0.7589956372976303,0.0,1.7589956372976303
দুব,0.7586640417575836,0.0,1.7586640417575836
দুঃসাহসিক,0.7562542706727982,0.0,1.7562542706727982
গাম,0.7558233290910721,0.0,1.755823329091072
শিব,0.7554464042186737,0.0,1.7554464042186737
চলতি,0.7541399896144867,0.0,1.7541399896144867
আহ,0.7535306364297867,0.0,1.7535306364297867
রবি,0.7527170479297638,0.0,1.7527170479297638
অসীম,0.7526250779628754,0.0,1.7526250779628754
বৌঠান,0.7519819736480713,0.0,1.7519819736480713
ইতিমধ্যেই,0.7517187148332596,0.0,1.7517187148332596
হোল,0.7507294416427612,0.0,1.7507294416427612
মুদ্,0.750706672668457,0.0,1.750706672668457
যেভাবে,0.7503213882446289,0.0,1.750321388244629
সবে,0.7502301931381226,0.0,1.7502301931381226
বড়া,0.748447597026825,0.0,1.748447597026825
দিনরাত,0.7484336793422699,0.0,1.74843367934227
দিবাকর,0.7483693659305573,0.0,1.7483693659305573
সলিল,0.74833944439888,0.0,1.74833944439888
সর্বদা,0.7481848001480103,0.0,1.7481848001480103
পূর্ণ,0.7481630146503448,0.0,1.7481630146503448
থিয়ে,0.7476861476898193,0.0,1.7476861476898193
দেশী,0.7476191222667694,0.0,1.7476191222667694
বাঁধ,0.7472682297229767,0.0,1.7472682297229767
পেতাম,0.7469626367092133,0.0,1.7469626367092133
কৈফিয়ৎ,0.746847003698349,0.0,1.746847003698349
এতকাল,0.7564208507537842,0.010101010101010102,1.7463198406527742
নাড়া,0.7462387681007385,0.0,1.7462387681007385
জের,0.7458308041095734,0.0,1.7458308041095734
কমলা,0.7457444965839386,0.0,1.7457444965839386
চাঙ্গা,0.7457268834114075,0.0,1.7457268834114075
হাড়গিলে,0.7444232404232025,0.0,1.7444232404232025
কুল,0.7443558871746063,0.0,1.7443558871746063
বদলা,0.7441198825836182,0.0,1.7441198825836182
তুললে,0.74369215965271,0.0,1.74369215965271
আলম,0.7434492707252502,0.0,1.7434492707252502
কিচ্ছু,0.7429704666137695,0.0,1.7429704666137695
অঙ্গ,0.7428119480609894,0.0,1.7428119480609894
গফুর,0.742649644613266,0.0,1.742649644613266
সেইখানে,0.7417879104614258,0.0,1.7417879104614258
সাহসে,0.7416153252124786,0.0,1.7416153252124786
সেকি,0.7413482666015625,0.0,1.7413482666015625
কুটি,0.7405151724815369,0.0,1.7405151724815369
একত্র,0.7401643991470337,0.0,1.7401643991470337
ওঠাতে,0.7401630878448486,0.0,1.7401630878448486
দুএকব,0.7394489943981171,0.0,1.739448994398117
বসেছি,0.7391110360622406,0.0,1.7391110360622406
শিশুর,0.73885178565979,0.0,1.73885178565979
এইব,0.7386299669742584,0.0,1.7386299669742584
শুনেছি,0.7385371029376984,0.0,1.7385371029376984
নবীন,0.7381143867969513,0.0,1.7381143867969513
সারাক্ষণ,0.737602025270462,0.0,1.737602025270462
মৌমা,0.7373838126659393,0.0,1.7373838126659393
এইভাবে,0.7372187972068787,0.0,1.7372187972068787
প্রত্যে,0.7363144159317017,0.0,1.7363144159317017
বশে,0.7362373471260071,0.0,1.736237347126007
কর্মী,0.7361463606357574,0.0,1.7361463606357574
ক্রমাগত,0.735192596912384,0.0,1.735192596912384
আসত,0.7346745729446411,0.0,1.7346745729446411
মাঝরা,0.7346239686012268,0.0,1.7346239686012268
চুরি,0.7336550354957581,0.0,1.733655035495758
মিলি,0.7331724464893341,0.0,1.733172446489334
শেষমেষ,0.7328127920627594,0.0,1.7328127920627594
হৈচৈ,0.7319324314594269,0.0,1.7319324314594269
মহিল,0.7312592267990112,0.0,1.7312592267990112
ছুজন,0.7304630279541016,0.0,1.7304630279541016
ঐরকম,0.7302029430866241,0.0,1.7302029430866241
দালান,0.7300448417663574,0.0,1.7300448417663574
ওপাশে,0.7401202619075775,0.010101010101010102,1.7300192518065676
দেয়া,0.7298586666584015,0.0,1.7298586666584015
মিলিত,0.7297721207141876,0.0,1.7297721207141876
গাড়িয়ে,0.7297476530075073,0.0,1.7297476530075073
তাজা,0.729617714881897,0.0,1.729617714881897
মিটিং,0.7294317483901978,0.0,1.7294317483901978
নার,0.7292308509349823,0.0,1.7292308509349823
আরম্ত,0.7288593947887421,0.0,1.728859394788742
বেণী,0.7288451790809631,0.0,1.7288451790809631
অসুবিধা,0.7288260161876678,0.0,1.7288260161876678
যতটুকু,0.7284833192825317,0.0,1.7284833192825317
এরপর,0.7284184098243713,0.0,1.7284184098243713
খাঁ,0.7277224659919739,0.0,1.7277224659919739
এড়িয়ে,0.7274139821529388,0.0,1.7274139821529388
আসন,0.7372753620147705,0.010101010101010102,1.7271743519137606
স্রী,0.7271588146686554,0.0,1.7271588146686554
করে৷,0.726624071598053,0.0,1.726624071598053
প্রতিশ্রুতি,0.7265365421772003,0.0,1.7265365421772003
হাউস,0.726460337638855,0.0,1.726460337638855
টাপা,0.7264167666435242,0.0,1.7264167666435242
ছোটো,0.7260825037956238,0.0,1.7260825037956238
হোস,0.7253044545650482,0.0,1.7253044545650482
আনল,0.7252425253391266,0.0,1.7252425253391266
পিসি,0.7249543368816376,0.0,1.7249543368816376
কেবিনে,0.7237506806850433,0.0,1.7237506806850433
সুখে,0.7236717343330383,0.0,1.7236717343330383
বাই,0.7233414351940155,0.0,1.7233414351940155
থাকতে,0.7231442630290985,0.0,1.7231442630290985
বস্তু,0.7229703664779663,0.0,1.7229703664779663
বালা,0.722814291715622,0.0,1.722814291715622
অজয়,0.7317458391189575,0.010101010101010102,1.7216448290179476
আবা,0.7216368019580841,0.0,1.721636801958084
কতোদিন,0.7214369773864746,0.0,1.7214369773864746
বাধিয়ে,0.7213267683982849,0.0,1.721326768398285
পিস্তুল,0.7213211357593536,0.0,1.7213211357593536
করিল,0.7210151255130768,0.0,1.7210151255130768
অনেকের,0.7207750380039215,0.0,1.7207750380039215
তালু,0.7206224501132965,0.0,1.7206224501132965
কোনম,0.7201209962368011,0.0,1.7201209962368011
আহসান,0.7295616865158081,0.010101010101010102,1.7194606764147982
সারা,0.7193408310413361,0.0,1.719340831041336
ভাবী,0.7190454602241516,0.0,1.7190454602241516
জেলের,0.7188365459442139,0.0,1.7188365459442139
শ্রীকৃষ্ণ,0.7185617685317993,0.0,1.7185617685317993
কোরো,0.7184191644191742,0.0,1.7184191644191742
কমা,0.71837118268013,0.0,1.71837118268013
টিকিট,0.7182291746139526,0.0,1.7182291746139526
আশায়,0.7180091142654419,0.0,1.718009114265442
হুমায়ুন,0.7175489068031311,0.0,1.717548906803131
তায়,0.7174546718597412,0.0,1.7174546718597412
ঝুঁকি,0.7174323201179504,0.0,1.7174323201179504
তেনা,0.7173852622509003,0.0,1.7173852622509003
জানো,0.7169044315814972,0.0,1.7169044315814972
শান্ত,0.716842919588089,0.0,1.716842919588089
মজলিশ,0.7166191339492798,0.0,1.7166191339492798
হচ্চে,0.7164755165576935,0.0,1.7164755165576935
বিকেলবেলা,0.7162396609783173,0.0,1.7162396609783173
বোর্ড,0.7161748707294464,0.0,1.7161748707294464
বেরোচ্,0.7157668769359589,0.0,1.7157668769359589
নেহাৎ,0.7153705954551697,0.0,1.7153705954551697
সাময়িক,0.7152015566825867,0.0,1.7152015566825867
লাগিল,0.7150678336620331,0.0,1.715067833662033
পাগলা,0.7148533761501312,0.0,1.7148533761501312
আচে,0.7147119045257568,0.0,1.7147119045257568
অভাবে,0.71456179022789,0.0,1.71456179022789
সোহিনী,0.7143098711967468,0.0,1.7143098711967468
ভারে,0.714011013507843,0.0,1.714011013507843
শিক,0.7241106629371643,0.010101010101010102,1.7140096528361544
রাজকন্যা,0.7139149606227875,0.0,1.7139149606227875
মানিয়ে,0.7136672735214233,0.0,1.7136672735214233
তোল,0.7134257555007935,0.0,1.7134257555007935
দেখত,0.7133885324001312,0.0,1.7133885324001312
বাশ,0.7130995094776154,0.0,1.7130995094776154
সঙ্গেশ,0.71308234333992,0.0,1.71308234333992
পাঁচজন,0.7123492360115051,0.0,1.7123492360115051
বইয়ে,0.7120204567909241,0.0,1.712020456790924
পৌছায়,0.711977630853653,0.0,1.711977630853653
এবার,0.7119241654872894,0.0,1.7119241654872894
আসছ,0.7116706669330597,0.0,1.7116706669330597
খানে,0.7114539742469788,0.0,1.7114539742469788
কটা,0.711135983467102,0.0,1.711135983467102
মিথ্যা,0.7111148238182068,0.0,1.7111148238182068
পড়ছিল,0.7110913693904877,0.0,1.7110913693904877
পরমেশ্বর,0.7107948362827301,0.0,1.71079483628273
ভাবন,0.710658997297287,0.0,1.710658997297287
এইখানেই,0.7102904617786407,0.0,1.7102904617786407
বেরুবে,0.71007040143013,0.0,1.71007040143013
সংগে,0.7098498344421387,0.0,1.7098498344421387
গেলাম৷,0.7092927396297455,0.0,1.7092927396297455
লতীফ,0.7087587714195251,0.0,1.7087587714195251
দাড়ায়,0.718830794095993,0.010101010101010102,1.708729783994983
বিশ,0.7187866568565369,0.010101010101010102,1.708685646755527
নেশ,0.7185090482234955,0.010101010101010102,1.7084080381224855
সামান্ত,0.70820751786232,0.0,1.70820751786232
লেবু,0.7073952555656433,0.0,1.7073952555656433
জানত,0.7072010934352875,0.0,1.7072010934352875
ক্যাপ্ট,0.707200825214386,0.0,1.707200825214386
প্রতিবেশী,0.7069217264652252,0.0,1.7069217264652252
অর্থে,0.7067608833312988,0.0,1.7067608833312988
এঁটে,0.7067036628723145,0.0,1.7067036628723145
মহাপুরুষ,0.706439346075058,0.0,1.706439346075058
শেল,0.7063782811164856,0.0,1.7063782811164856
গেছি৷,0.7063407301902771,0.0,1.706340730190277
করেছিলো,0.7062909603118896,0.0,1.7062909603118896
শ্বশুর,0.7062049508094788,0.0,1.7062049508094788
জাহান,0.7061291337013245,0.0,1.7061291337013245
অসংখ্য,0.706102043390274,0.0,1.706102043390274
তোলে,0.70598965883255,0.0,1.70598965883255
ডাক্তারবাবু,0.7059750258922577,0.0,1.7059750258922577
আটক,0.7059131860733032,0.0,1.7059131860733032
মোমবাতি,0.7057017982006073,0.0,1.7057017982006073
চাক,0.7055739462375641,0.0,1.705573946237564
আহত,0.7053881585597992,0.0,1.7053881585597992
যুধিষ্ঠির,0.7053629755973816,0.0,1.7053629755973816
হিমাদ্রি,0.7049008011817932,0.0,1.7049008011817932
থোকা,0.7048481404781342,0.0,1.7048481404781342
শায়িত,0.7048078775405884,0.0,1.7048078775405884
খেয়াল,0.7047973275184631,0.0,1.7047973275184631
লাগালো,0.7044475972652435,0.0,1.7044475972652435
ভাস্কর,0.704326719045639,0.0,1.704326719045639
এট,0.7041179835796356,0.0,1.7041179835796356
ওনারা,0.7040349841117859,0.0,1.7040349841117859
অর্ধেক,0.7039097547531128,0.0,1.7039097547531128
লোকসান,0.7038515210151672,0.0,1.7038515210151672
চুক,0.7038038372993469,0.0,1.703803837299347
প্রস্থান,0.7036663591861725,0.0,1.7036663591861725
ফিট,0.7035665512084961,0.0,1.703566551208496
ভবিষ্য,0.7035375833511353,0.0,1.7035375833511353
এরা,0.7033470273017883,0.0,1.7033470273017883
আসনে,0.7031949460506439,0.0,1.703194946050644
লাশ,0.7125924825668335,0.010101010101010102,1.7024914724658236
অন্ধ,0.7022437751293182,0.0,1.7022437751293182
মশাইয়,0.7019540965557098,0.0,1.7019540965557098
একদি,0.7118959128856659,0.010101010101010102,1.701794902784656
স্বাধীন,0.7016076147556305,0.0,1.7016076147556305
যাবতীয়,0.7015545070171356,0.0,1.7015545070171356
উত্তরে,0.7013131678104401,0.0,1.70131316781044
খুকু,0.7013085186481476,0.0,1.7013085186481476
গেলো৷,0.7012474536895752,0.0,1.7012474536895752
মেম,0.7011063694953918,0.0,1.7011063694953918
রাধা,0.7010876536369324,0.0,1.7010876536369324
বিধ,0.7009146809577942,0.0,1.7009146809577942
পাও,0.7007740139961243,0.0,1.7007740139961243
বালক,0.7006748616695404,0.0,1.7006748616695404
সেইজন্য,0.7004270553588867,0.0,1.7004270553588867
অনায়াসে,0.7003718912601471,0.0,1.700371891260147
নিতা,0.7002189755439758,0.0,1.7002189755439758
হাতির,0.7000913023948669,0.0,1.700091302394867
পানে,0.7100971341133118,0.010101010101010102,1.6999961240123018
দেখতাম,0.69999560713768,0.0,1.69999560713768
আসেনি,0.699916809797287,0.0,1.699916809797287
ক্লিয়,0.6998204588890076,0.0,1.6998204588890076
বাঁচিয়ে,0.6997579634189606,0.0,1.6997579634189606
সত্বে,0.7096090018749237,0.010101010101010102,1.6995079917739138
ভারাক্রান্ত,0.6994702517986298,0.0,1.6994702517986298
হেয়,0.7094900012016296,0.010101010101010102,1.6993889911006197
সায়েব,0.699266105890274,0.0,1.699266105890274
ঢুকলে,0.6991664469242096,0.0,1.6991664469242096
তফাত,0.6989743709564209,0.0,1.698974370956421
ঝাড়,0.7090174555778503,0.010101010101010102,1.6989164454768404
বিচ,0.7087008059024811,0.010101010101010102,1.6985997958014711
থাকুক,0.69855797290802,0.0,1.69855797290802
ভালোভাবে,0.708649754524231,0.010101010101010102,1.698548744423221
যাইত,0.6983240246772766,0.0,1.6983240246772766
মুকুল,0.6980902850627899,0.0,1.69809028506279
চাচা,0.6980412304401398,0.0,1.6980412304401398
বিপরীত,0.6980406939983368,0.0,1.6980406939983368
আকবর,0.6979467272758484,0.0,1.6979467272758484
তেত্রিশ,0.6979445219039917,0.0,1.6979445219039917
দেখো,0.6977735459804535,0.0,1.6977735459804535
দাপাদাপি,0.6975952088832855,0.0,1.6975952088832855
তালুকদার,0.6974666714668274,0.0,1.6974666714668274
হাতেপায়ে,0.69716477394104,0.0,1.69716477394104
একদিক,0.6970874667167664,0.0,1.6970874667167664
ডাক্তার,0.696916788816452,0.0,1.696916788816452
উদ্দেশ,0.6968050897121429,0.0,1.696805089712143
জানবে,0.6966130137443542,0.0,1.6966130137443542
উপযুক্ত,0.6965593695640564,0.0,1.6965593695640564
চারপাশে,0.6965324580669403,0.0,1.6965324580669403
রাখত,0.6965036988258362,0.0,1.6965036988258362
কেননা,0.6957027912139893,0.0,1.6957027912139893
ভাবল,0.6957016289234161,0.0,1.6957016289234161
করছি৷,0.6956860721111298,0.0,1.6956860721111298
দ্যাখো,0.6955212652683258,0.0,1.6955212652683258
উন,0.6950078308582306,0.0,1.6950078308582306
বসবে,0.6949467957019806,0.0,1.6949467957019806
রেহা,0.6947701573371887,0.0,1.6947701573371887
ছেলেরা,0.6946507394313812,0.0,1.6946507394313812
একে,0.6946182250976562,0.0,1.6946182250976562
বইলা,0.6945802867412567,0.0,1.6945802867412567
রোডে,0.6945346593856812,0.0,1.6945346593856812
নিখুঁত,0.6945138871669769,0.0,1.694513887166977
ইতিমধ্যে,0.6943955421447754,0.0,1.6943955421447754
একেক,0.6943486928939819,0.0,1.694348692893982
চৌধুরীর,0.6943484842777252,0.0,1.6943484842777252
তাজ,0.7044331729412079,0.010101010101010102,1.694332162840198
পাউড,0.6942306756973267,0.0,1.6942306756973267
লড়াইয়,0.6942305564880371,0.0,1.694230556488037
রাখলো,0.6940096020698547,0.0,1.6940096020698547
মাম,0.6939125955104828,0.0,1.6939125955104828
হচ্ছে৷,0.7039600908756256,0.010101010101010102,1.6938590807746157
ম্যানেজ,0.693643718957901,0.0,1.693643718957901
মহাকাশযান,0.6933626532554626,0.0,1.6933626532554626
মানা,0.6931619346141815,0.0,1.6931619346141815
আচ,0.7030703723430634,0.010101010101010102,1.6929693622420534
বেলায়,0.6929359436035156,0.0,1.6929359436035156
দুতিন,0.6928563416004181,0.0,1.692856341600418
কয়লা,0.6928482949733734,0.0,1.6928482949733734
উৎসাহে,0.6927360892295837,0.0,1.6927360892295837
হবেনা,0.6926991641521454,0.0,1.6926991641521454
আরেকজন,0.6926926672458649,0.0,1.6926926672458649
তাড়াহুড়ো,0.6924469769001007,0.0,1.6924469769001007
কুটে,0.6921872794628143,0.0,1.6921872794628143
কমিক,0.702264666557312,0.010101010101010102,1.692163656456302
ডিগ্রি,0.6920456886291504,0.0,1.6920456886291504
জীবিত,0.6919505596160889,0.0,1.6919505596160889
কামাল,0.6918728947639465,0.0,1.6918728947639465
যাওয়াতে,0.6916980743408203,0.0,1.6916980743408203
দারুণ,0.6914111077785492,0.0,1.6914111077785492
পুল,0.6911729276180267,0.0,1.6911729276180267
রবির,0.6911511719226837,0.0,1.6911511719226837
বাড়ানো,0.6909795701503754,0.0,1.6909795701503754
ধরো,0.6908013820648193,0.0,1.6908013820648193
বাল,0.6907202005386353,0.0,1.6907202005386353
হুল,0.6906993687152863,0.0,1.6906993687152863
ঢুকব,0.6904673874378204,0.0,1.6904673874378204
বৌক,0.6904634535312653,0.0,1.6904634535312653
দাস,0.6904405653476715,0.0,1.6904405653476715
বাছা,0.6904239058494568,0.0,1.6904239058494568
দেখছ,0.6903422772884369,0.0,1.690342277288437
লজ্জিত,0.6898424327373505,0.0,1.6898424327373505
রয়েছেন,0.689836710691452,0.0,1.689836710691452
যেটা,0.6898165047168732,0.0,1.6898165047168732
চেষ্টায়,0.6893766224384308,0.0,1.6893766224384308
ঠিকঠাক,0.6892612874507904,0.0,1.6892612874507904
চৌদ্দ,0.6891666948795319,0.0,1.6891666948795319
প্রেস,0.6889950037002563,0.0,1.6889950037002563
নবাব,0.6889056265354156,0.0,1.6889056265354156
পাড়া,0.6888075768947601,0.0,1.6888075768947601
ছোবল,0.6988120973110199,0.010101010101010102,1.68871108721001
সম্রাট,0.6987667381763458,0.010101010101010102,1.6886657280753359
সেপা,0.6885076761245728,0.0,1.6885076761245728
উৎসাহিত,0.6884828507900238,0.0,1.6884828507900238
সত্যভামা,0.6884177923202515,0.0,1.6884177923202515
রীতিমত,0.6883120536804199,0.0,1.68831205368042
বেড়াল,0.6983800828456879,0.010101010101010102,1.688279072744678
দাদু,0.6882382333278656,0.0,1.6882382333278656
একসাথে,0.6880481839179993,0.0,1.6880481839179993
পূর্ণচন্দ্র,0.6880285739898682,0.0,1.6880285739898682
সত্যিক,0.6879835724830627,0.0,1.6879835724830627
হয়েছে৷,0.6879261136054993,0.0,1.6879261136054993
লেটা,0.6878999471664429,0.0,1.6878999471664429
ক্যাম্প,0.6878850758075714,0.0,1.6878850758075714
শো,0.6878266930580139,0.0,1.687826693058014
শুনিনি,0.6877247393131256,0.0,1.6877247393131256
একটুখানি,0.6876896321773529,0.0,1.687689632177353
কারা,0.6872318089008331,0.0,1.6872318089008331
স্থগিত,0.6871457397937775,0.0,1.6871457397937775
সাগরেদ,0.6870706975460052,0.0,1.6870706975460052
থান,0.6870664060115814,0.0,1.6870664060115814
দেওয়৷,0.6869276165962219,0.0,1.686927616596222
তুলব,0.6868896782398224,0.0,1.6868896782398224
স্বযোগ,0.6868652403354645,0.0,1.6868652403354645
অনুষ,0.686814159154892,0.0,1.686814159154892
আস্ত,0.6866570711135864,0.0,1.6866570711135864
হান,0.686299741268158,0.0,1.686299741268158
মঞ্জুর,0.6860597133636475,0.0,1.6860597133636475
সরস্বতী,0.6857501566410065,0.0,1.6857501566410065
রকমে,0.68544602394104,0.0,1.68544602394104
চাইনিজ,0.6853881478309631,0.0,1.6853881478309631
করি৷,0.685337245464325,0.0,1.685337245464325
পারতাম,0.6849916577339172,0.0,1.6849916577339172
অভীক,0.6847853362560272,0.0,1.6847853362560272
ওয়া,0.6847513914108276,0.0,1.6847513914108276
বিনি,0.6846743524074554,0.0,1.6846743524074554
দিন৷,0.68463134765625,0.0,1.68463134765625
বড়োলোক,0.6845292150974274,0.0,1.6845292150974274
ঘটা,0.6844419836997986,0.0,1.6844419836997986
ফালা,0.6843755543231964,0.0,1.6843755543231964
তিনটে,0.684370756149292,0.0,1.684370756149292
ছি,0.6843451857566833,0.0,1.6843451857566833
গৌর,0.694280743598938,0.010101010101010102,1.684179733497928
দুইজনে,0.683842808008194,0.0,1.683842808008194
সীতা,0.6835632026195526,0.0,1.6835632026195526
দৈবাৎ,0.6835256814956665,0.0,1.6835256814956665
সরকারী,0.6834268867969513,0.0,1.6834268867969513
ব্যবসায়ী,0.6833779513835907,0.0,1.6833779513835907
ডাকলে,0.6833077371120453,0.0,1.6833077371120453
মহাপণ্ডিত,0.6830950677394867,0.0,1.6830950677394867
মুচি,0.6829936802387238,0.0,1.6829936802387238
সাট,0.6828097105026245,0.0,1.6828097105026245
বাত,0.6828043758869171,0.0,1.6828043758869171
বাহুল্য,0.6827157139778137,0.0,1.6827157139778137
আকর্ষণ,0.6826285719871521,0.0,1.682628571987152
দোস্ত,0.6826271116733551,0.0,1.682627111673355
পূজায়,0.6824212372303009,0.0,1.682421237230301
মুঠো,0.6821730732917786,0.0,1.6821730732917786
মুক্তি,0.6820609271526337,0.0,1.6820609271526337
কুট,0.6820555329322815,0.0,1.6820555329322815
শ্মশান,0.6819202601909637,0.0,1.6819202601909637
গোড়ায়,0.681671142578125,0.0,1.681671142578125
জোগাড়,0.6816320717334747,0.0,1.6816320717334747
মাড়,0.6815597712993622,0.0,1.6815597712993622
পুরনো,0.6815062463283539,0.0,1.6815062463283539
লাগিয়,0.6814238727092743,0.0,1.6814238727092743
সুবীর,0.6811631321907043,0.0,1.6811631321907043
বাচিয়ে,0.6811006665229797,0.0,1.6811006665229797
লা,0.681081235408783,0.0,1.681081235408783
এইখানে,0.6809636950492859,0.0,1.6809636950492859
রহিয়া,0.6808928847312927,0.0,1.6808928847312927
দফা,0.6808384358882904,0.0,1.6808384358882904
ঠাকুম,0.6808212399482727,0.0,1.6808212399482727
চব্বিশ,0.6808096170425415,0.0,1.6808096170425415
চলাফে,0.6807548403739929,0.0,1.680754840373993
পারা,0.6807252168655396,0.0,1.6807252168655396
পাত্রে,0.6807197034358978,0.0,1.6807197034358978
বৃত্তান্ত,0.6807020008563995,0.0,1.6807020008563995
নি৷,0.6805293262004852,0.0,1.6805293262004852
তথাপি,0.6803145110607147,0.0,1.6803145110607147
দিয়া,0.6802537441253662,0.0,1.6802537441253662
তালুকদ,0.6801500916481018,0.0,1.6801500916481018
বিদেশী,0.6901662051677704,0.010101010101010102,1.6800651950667604
যদ্দি,0.6898960173130035,0.010101010101010102,1.6797950072119936
রমেশ,0.6797382533550262,0.0,1.6797382533550262
ভুলিয়ে,0.6797283887863159,0.0,1.679728388786316
আগেক,0.6796251237392426,0.0,1.6796251237392426
তাব,0.6794199645519257,0.0,1.6794199645519257
ইয়ে,0.6794094741344452,0.0,1.6794094741344452
হেই,0.6792492568492889,0.0,1.679249256849289
ট্রেন,0.6792044639587402,0.0,1.6792044639587402
কাজল,0.6791672706604004,0.0,1.6791672706604004
ঘোষণ,0.6790895462036133,0.0,1.6790895462036133
পুথি,0.6789130866527557,0.0,1.6789130866527557
সম্যাসী,0.6786781251430511,0.0,1.6786781251430511
লেগেছিল,0.6784947216510773,0.0,1.6784947216510773
বহুদিন,0.6784263253211975,0.0,1.6784263253211975
ফায়,0.6783838272094727,0.0,1.6783838272094727
হরেক,0.6783536076545715,0.0,1.6783536076545715
দেবত,0.6783294677734375,0.0,1.6783294677734375
পরীক্ষ,0.6882787942886353,0.010101010101010102,1.6781777841876253
মহা,0.6984985768795013,0.02040816326530612,1.6780904136141952
বিলে,0.6780299842357635,0.0,1.6780299842357635
পুরানো,0.6778780817985535,0.0,1.6778780817985535
কলে,0.6778700649738312,0.0,1.6778700649738312
রাখতে,0.6778546869754791,0.0,1.6778546869754791
সুখী,0.6777889430522919,0.0,1.6777889430522919
জামা,0.6777085065841675,0.0,1.6777085065841675
তাড়া,0.6776890754699707,0.0,1.6776890754699707
দরুন,0.677596390247345,0.0,1.677596390247345
নিরুদ্দেশ,0.677490621805191,0.0,1.677490621805191
কাবু,0.6774613559246063,0.0,1.6774613559246063
রয়ে,0.6773692965507507,0.0,1.6773692965507507
বোট,0.6773592233657837,0.0,1.6773592233657837
নামাজ,0.6873899102210999,0.010101010101010102,1.67728890012009
এক্কেবারে,0.6772207319736481,0.0,1.677220731973648
সাবান,0.6770140528678894,0.0,1.6770140528678894
চড়া,0.6769992411136627,0.0,1.6769992411136627
চেন,0.6769938170909882,0.0,1.6769938170909882
স্ত্রীর,0.6769617199897766,0.0,1.6769617199897766
শিখিয়ে,0.6767765879631042,0.0,1.6767765879631042
চির,0.6765978634357452,0.0,1.6765978634357452
ঠাই,0.6765742003917694,0.0,1.6765742003917694
খুলি,0.6765620112419128,0.0,1.6765620112419128
পরবর্তী,0.6765340268611908,0.0,1.6765340268611908
করাল,0.6765053570270538,0.0,1.6765053570270538
আদেশ,0.6764921545982361,0.0,1.676492154598236
পড়িয়া,0.6764415502548218,0.0,1.6764415502548218
নিন্দে,0.6763670444488525,0.0,1.6763670444488525
অন্তর,0.6763467788696289,0.0,1.676346778869629
হয়া,0.6762975454330444,0.0,1.6762975454330444
আপাতত,0.6762962937355042,0.0,1.6762962937355042
অদৃষ্ট,0.6762881278991699,0.0,1.67628812789917
করিনি,0.6762647330760956,0.0,1.6762647330760956
সান্ত্বনা,0.6761389374732971,0.0,1.6761389374732971
এনেছেন,0.6761316359043121,0.0,1.6761316359043121
বিপজ্জনক,0.6760994493961334,0.0,1.6760994493961334
মুকুন্দ,0.6760556399822235,0.0,1.6760556399822235
মূল্যবান,0.676049143075943,0.0,1.676049143075943
সেনাপতি,0.676007866859436,0.0,1.676007866859436
গৌ,0.6760008633136749,0.0,1.676000863313675
বন্দোবস্তু,0.6759825646877289,0.0,1.6759825646877289
ভাণ্ড,0.6756493449211121,0.0,1.675649344921112
আনাগোনা,0.6754825115203857,0.0,1.6754825115203857
শোভা,0.6752488911151886,0.0,1.6752488911151886
ঠেক,0.6751527190208435,0.0,1.6751527190208435
চাবুক,0.6751503944396973,0.0,1.6751503944396973
বিড়বিড়,0.6750942170619965,0.0,1.6750942170619965
অনিল,0.6749258637428284,0.0,1.6749258637428284
পারেনি,0.6747827231884003,0.0,1.6747827231884003
চিরকাল,0.6746207177639008,0.0,1.6746207177639008
পড়াশোনা,0.6744708716869354,0.0,1.6744708716869354
একত্রে,0.6743731498718262,0.0,1.6743731498718262
উঠেছেন,0.6742928326129913,0.0,1.6742928326129913
এয়,0.6740386188030243,0.0,1.6740386188030243
বাদাম,0.6739462614059448,0.0,1.6739462614059448
আস্থা,0.6738259792327881,0.0,1.673825979232788
মানিক,0.6738135516643524,0.0,1.6738135516643524
থাকোমণি,0.673805296421051,0.0,1.673805296421051
মদনমোহন,0.6736460030078888,0.0,1.6736460030078888
গাঁয়,0.6736224889755249,0.0,1.673622488975525
বীণ,0.6735593676567078,0.0,1.6735593676567078
বন্ধুর,0.6734174489974976,0.0,1.6734174489974976
দিগম্বর,0.6733973920345306,0.0,1.6733973920345306
বউ,0.6731903254985809,0.0,1.673190325498581
কক্ষে,0.6730190217494965,0.0,1.6730190217494965
হয়েছি,0.6729578673839569,0.0,1.672957867383957
দুঃসাধ্য,0.6729231178760529,0.0,1.6729231178760529
ওইসব,0.6728953421115875,0.0,1.6728953421115875
এতদিনে,0.6727894842624664,0.0,1.6727894842624664
বিকল,0.6727748811244965,0.0,1.6727748811244965
অভিজ্ঞত,0.6727738678455353,0.0,1.6727738678455353
শেখায়,0.6727616488933563,0.0,1.6727616488933563
হাজির,0.6727322936058044,0.0,1.6727322936058044
হালে,0.6726515293121338,0.0,1.6726515293121338
দেয়নি,0.6725265085697174,0.0,1.6725265085697174
মণি,0.6721339821815491,0.0,1.672133982181549
ক্ষতি,0.6822235882282257,0.010101010101010102,1.6721225781272158
মাপ,0.6720840036869049,0.0,1.672084003686905
জ্যান্ত,0.682156890630722,0.010101010101010102,1.672055880529712
ইচ্ছা,0.6720426082611084,0.0,1.6720426082611084
বিচ্ছিরি,0.6719589233398438,0.0,1.6719589233398438
মাসী,0.6719423234462738,0.0,1.6719423234462738
দুলাল,0.6818909347057343,0.010101010101010102,1.6717899246047243
প্রাধান্য,0.6716876924037933,0.0,1.6716876924037933
সাতাশ,0.6716674864292145,0.0,1.6716674864292145
ছাত্রছাত্রী,0.671618789434433,0.0,1.671618789434433
আর্মি,0.6715788245201111,0.0,1.671578824520111
কয়ে,0.6715286076068878,0.0,1.6715286076068878
রতি,0.6714910566806793,0.0,1.6714910566806793
অফিসার,0.67146435379982,0.0,1.67146435379982
কায়দা,0.6714572310447693,0.0,1.6714572310447693
উঠেছি,0.6713598370552063,0.0,1.6713598370552063
প্লেনের,0.6814227998256683,0.010101010101010102,1.6713217897246584
বীণা,0.6712899506092072,0.0,1.6712899506092072
খোঁজে,0.6813814640045166,0.010101010101010102,1.6712804539035067
গুল,0.671274334192276,0.0,1.671274334192276
বন্ধুবান্ধব,0.6812636256217957,0.010101010101010102,1.6711626155207857
পেরেছি,0.6711600124835968,0.0,1.6711600124835968
বেয়া,0.6708554327487946,0.0,1.6708554327487946
ছোক,0.6707858741283417,0.0,1.6707858741283417
চন্দ্রনাথ,0.6707049608230591,0.0,1.670704960823059
থাকুন,0.6706804633140564,0.0,1.6706804633140564
হোস্টেল,0.670430600643158,0.0,1.670430600643158
তামা,0.6703990995883942,0.0,1.6703990995883942
এসেছে৷,0.6703266799449921,0.0,1.670326679944992
নিয়োজিত,0.6702786684036255,0.0,1.6702786684036255
হরি,0.6700945794582367,0.0,1.6700945794582367
ওদিকে,0.669990748167038,0.0,1.669990748167038
একথ,0.6699838042259216,0.0,1.6699838042259216
নিজস্ব,0.6698805391788483,0.0,1.6698805391788483
দেই,0.6698552072048187,0.0,1.6698552072048187
টাকাকড়ি,0.6697036921977997,0.0,1.6697036921977997
গিয়েছেন,0.6696915626525879,0.0,1.669691562652588
স্বভাবত,0.6696394085884094,0.0,1.6696394085884094
গোগ্রাসে,0.6695888638496399,0.0,1.66958886384964
বে,0.669544130563736,0.0,1.669544130563736
যাচ্ছিলো,0.669509619474411,0.0,1.669509619474411
সাধ্য,0.6694010198116302,0.0,1.6694010198116302
অচল,0.66937655210495,0.0,1.66937655210495
সেদিনক,0.6693592369556427,0.0,1.6693592369556427
গতি,0.6693480014801025,0.0,1.6693480014801025
আচার্য,0.669334888458252,0.0,1.669334888458252
পিছ,0.6692946553230286,0.0,1.6692946553230286
রোড,0.6692459881305695,0.0,1.6692459881305695
ছুরি,0.6691242456436157,0.0,1.6691242456436157
মেল,0.6690901517868042,0.0,1.6690901517868042
নন্দিনীর,0.6689819693565369,0.0,1.6689819693565369
কণা,0.668822318315506,0.0,1.668822318315506
হীর,0.6687134206295013,0.0,1.6687134206295013
নিচ্,0.6686947643756866,0.0,1.6686947643756866
পুরোনো,0.6686722934246063,0.0,1.6686722934246063
নিশ্চিন্,0.6686671078205109,0.0,1.6686671078205109
আজক,0.6684167981147766,0.0,1.6684167981147766
অন্যদিন,0.6683965921401978,0.0,1.6683965921401978
মারা,0.668292760848999,0.0,1.668292760848999
হীরে,0.6681433916091919,0.0,1.668143391609192
তীর,0.6681289672851562,0.0,1.6681289672851562
আটকা,0.6681009829044342,0.0,1.6681009829044342
ঠাট্,0.6680820882320404,0.0,1.6680820882320404
কাঁচ,0.6679177284240723,0.0,1.6679177284240723
তুলো,0.6678617298603058,0.0,1.6678617298603058
তলে,0.6678402125835419,0.0,1.6678402125835419
দুইই,0.6677654087543488,0.0,1.6677654087543488
পাঁচেক,0.6677187979221344,0.0,1.6677187979221344
মাস্টারের,0.6676330268383026,0.0,1.6676330268383026
ইতি,0.6676076352596283,0.0,1.6676076352596283
আল্ল,0.6676043570041656,0.0,1.6676043570041656
থাকল,0.667569100856781,0.0,1.667569100856781
সারাটা,0.6675038635730743,0.0,1.6675038635730743
রেখ,0.6674593985080719,0.0,1.667459398508072
ওখান,0.6674293279647827,0.0,1.6674293279647827
খাওয়ানো,0.6674289107322693,0.0,1.6674289107322693
তিনতল,0.6674034893512726,0.0,1.6674034893512726
কোণায়,0.6673427820205688,0.0,1.6673427820205688
ছাড়েনি,0.6672826409339905,0.0,1.6672826409339905
পরিস্থিতি,0.6672646403312683,0.0,1.6672646403312683
গিয়েছিলো,0.6672520935535431,0.0,1.667252093553543
চক্ষু,0.6672195792198181,0.0,1.6672195792198181
কোনদিন,0.6672102212905884,0.0,1.6672102212905884
তোমারে,0.6671913266181946,0.0,1.6671913266181946
দ্বিধায়,0.6671544313430786,0.0,1.6671544313430786
লোকেরা,0.6671012043952942,0.0,1.6671012043952942
জলটুকু,0.6670846343040466,0.0,1.6670846343040466
যাওয়ায়,0.6670016944408417,0.0,1.6670016944408417
সুযোগে,0.6669981479644775,0.0,1.6669981479644775
বিবির,0.6669353544712067,0.0,1.6669353544712067
কচি,0.6669079959392548,0.0,1.6669079959392548
সাফ,0.6666907966136932,0.0,1.6666907966136932
শাক,0.666686475276947,0.0,1.666686475276947
মরিয়া,0.6666551232337952,0.0,1.6666551232337952
শেলী,0.6665074229240417,0.0,1.6665074229240417
কাজী,0.6664915084838867,0.0,1.6664915084838867
শিশু,0.6664195656776428,0.0,1.6664195656776428
ভাসা,0.6764006018638611,0.010101010101010102,1.6662995917628511
বসলে,0.6661064624786377,0.0,1.6661064624786377
মিনি,0.6659954786300659,0.0,1.665995478630066
পরিণত,0.6659300625324249,0.0,1.665930062532425
মতো৷,0.6658991575241089,0.0,1.6658991575241089
আফসােস,0.6658079624176025,0.0,1.6658079624176025
করতাম,0.6657423377037048,0.0,1.6657423377037048
এইরকম,0.6656453609466553,0.0,1.6656453609466553
মানষ,0.665547251701355,0.0,1.665547251701355
এসো,0.6653272807598114,0.0,1.6653272807598114
এও,0.6652992963790894,0.0,1.6652992963790894
এভাবে,0.6652969717979431,0.0,1.6652969717979431
একশেষ,0.665125161409378,0.0,1.665125161409378
সুনীল,0.6651197075843811,0.0,1.665119707584381
খালাস,0.6651006937026978,0.0,1.6651006937026978
ছাড়লে,0.6650396883487701,0.0,1.6650396883487701
মিলা,0.6649419963359833,0.0,1.6649419963359833
কফির,0.6647694408893585,0.0,1.6647694408893585
চাইত,0.6646981835365295,0.0,1.6646981835365295
বাঙা,0.6646697819232941,0.0,1.664669781923294
নিদারুণ,0.6646629571914673,0.0,1.6646629571914673
শেখের,0.6646255552768707,0.0,1.6646255552768707
হাল,0.6644687354564667,0.0,1.6644687354564667
চললে,0.6644507944583893,0.0,1.6644507944583893
টেলিফোনে,0.6644256412982941,0.0,1.664425641298294
পড়েনি,0.6644209325313568,0.0,1.6644209325313568
লগে,0.6744533479213715,0.010101010101010102,1.6643523378203615
চারজন,0.664328545331955,0.0,1.664328545331955
দিবস,0.6642888784408569,0.0,1.664288878440857
ধরি,0.6641373336315155,0.0,1.6641373336315155
দেখ৷,0.6640982329845428,0.0,1.6640982329845428
স্টেটমেন্ট,0.6639851629734039,0.0,1.663985162973404
গোলা,0.6638892292976379,0.0,1.663889229297638
গুরুত্বপূর্ণ,0.6638345122337341,0.0,1.6638345122337341
ছেড়,0.6638176143169403,0.0,1.6638176143169403
ছোড়া,0.6637729406356812,0.0,1.6637729406356812
জ্যোতি,0.663684219121933,0.0,1.663684219121933
খুশী,0.6636718809604645,0.0,1.6636718809604645
শ্লোক,0.6634639203548431,0.0,1.6634639203548431
আশপাশ,0.6634151637554169,0.0,1.6634151637554169
গে,0.6632691621780396,0.0,1.6632691621780396
শোনো,0.6632372736930847,0.0,1.6632372736930847
ফাটা,0.6631277799606323,0.0,1.6631277799606323
ছলে,0.6732158958911896,0.010101010101010102,1.6631148857901796
এবারে,0.66310715675354,0.0,1.66310715675354
ছে,0.6629785001277924,0.0,1.6629785001277924
হচ্ছিল,0.6629605889320374,0.0,1.6629605889320374
বাড়ালে,0.6627778112888336,0.0,1.6627778112888336
সোনা,0.6627441048622131,0.0,1.6627441048622131
সেপাইরা,0.6627148389816284,0.0,1.6627148389816284
ততদিনে,0.6627058386802673,0.0,1.6627058386802673
বিভ্রান্ত,0.6626560091972351,0.0,1.662656009197235
হাদ,0.6626487374305725,0.0,1.6626487374305725
মাষ্,0.6626127064228058,0.0,1.6626127064228058
খালে,0.6624675691127777,0.0,1.6624675691127777
নাতা,0.6623802781105042,0.0,1.6623802781105042
গ্রুপ,0.6623228490352631,0.0,1.662322849035263
রাম,0.662280946969986,0.0,1.662280946969986
আত্মরক্ষ,0.6622159779071808,0.0,1.6622159779071808
কোণে,0.662164032459259,0.0,1.662164032459259
সেকেণ্ড,0.6621432304382324,0.0,1.6621432304382324
ওঠেনি,0.6619779765605927,0.0,1.6619779765605927
বিবি,0.6619150936603546,0.0,1.6619150936603546
স্বাধীনতা,0.6617443859577179,0.0,1.661744385957718
হুকুমে,0.6616813838481903,0.0,1.6616813838481903
একটুআধটু,0.6616689562797546,0.0,1.6616689562797546
খবরে,0.6616038978099823,0.0,1.6616038978099823
মনোযোগ,0.6616033017635345,0.0,1.6616033017635345
উদ্ধত,0.6615440547466278,0.0,1.6615440547466278
সহায়,0.6615386307239532,0.0,1.6615386307239532
সাধন,0.671585738658905,0.010101010101010102,1.661484728557895
বোঝো,0.6610327661037445,0.0,1.6610327661037445
মিছিমিছি,0.6609852910041809,0.0,1.660985291004181
সাবধানে,0.66086745262146,0.0,1.66086745262146
ডালা,0.6608117818832397,0.0,1.6608117818832397
অক্ষত,0.6607686877250671,0.0,1.6607686877250671
সিকি,0.6607537567615509,0.0,1.660753756761551
ছাড়বে,0.6606866717338562,0.0,1.6606866717338562
বোধহয়,0.6606730222702026,0.0,1.6606730222702026
রাজকুম,0.660632461309433,0.0,1.660632461309433
অনিশ্চিত,0.6606260240077972,0.0,1.6606260240077972
বানিয়,0.6606126129627228,0.0,1.6606126129627228
ওঠব,0.6605644226074219,0.0,1.6605644226074219
জেব,0.6605570912361145,0.0,1.6605570912361145
তো৷,0.6605141758918762,0.0,1.6605141758918762
বিচ্ছু,0.660417228937149,0.0,1.660417228937149
নির্বিক,0.6603801250457764,0.0,1.6603801250457764
নিরুপায়,0.6601771414279938,0.0,1.6601771414279938
দাছু,0.6600301265716553,0.0,1.6600301265716553
হত্যা,0.6600184440612793,0.0,1.6600184440612793
অভ্যেস,0.6600168347358704,0.0,1.6600168347358704
দাসদাসী,0.6599804162979126,0.0,1.6599804162979126
উদ্ধ,0.6598429679870605,0.0,1.6598429679870605
খাপ,0.6598076522350311,0.0,1.6598076522350311
পুজা,0.6598003208637238,0.0,1.6598003208637238
ধেই,0.6597070097923279,0.0,1.6597070097923279
নানাভাবে,0.6697978675365448,0.010101010101010102,1.6596968574355349
ঢাক,0.6596447825431824,0.0,1.6596447825431824
বৈকি,0.6596043109893799,0.0,1.6596043109893799
বলতে,0.6594880223274231,0.0,1.659488022327423
ভিক্ষা,0.6594248414039612,0.0,1.6594248414039612
ফ্যাকাসে,0.659405380487442,0.0,1.659405380487442
ফেলেছেন,0.6593506932258606,0.0,1.6593506932258606
রেডিওর,0.6593502163887024,0.0,1.6593502163887024
ডাইনিং,0.6590988636016846,0.0,1.6590988636016846
প্যান,0.6590466201305389,0.0,1.659046620130539
কল্পনা,0.6590246856212616,0.0,1.6590246856212616
আরম্ভ,0.658767819404602,0.0,1.658767819404602
সর্দার,0.6585805118083954,0.0,1.6585805118083954
নিবারণ,0.6585746705532074,0.0,1.6585746705532074
একসময়,0.658547043800354,0.0,1.658547043800354
ইব্রাহিম,0.6685707867145538,0.010101010101010102,1.658469776613544
বউয়,0.6583221852779388,0.0,1.6583221852779388
উৎসাহ,0.6582959592342377,0.0,1.6582959592342377
যথারীতি,0.6582356691360474,0.0,1.6582356691360474
সাহসী,0.6581861972808838,0.0,1.6581861972808838
ঝি,0.6581785082817078,0.0,1.6581785082817078
মিশে,0.6580283045768738,0.0,1.6580283045768738
পদে,0.6580228805541992,0.0,1.6580228805541992
বেরােয়,0.6579878032207489,0.0,1.657987803220749
মমতা,0.6578047573566437,0.0,1.6578047573566437
সেইখান,0.6576907634735107,0.0,1.6576907634735107
পাকিস্তান,0.6576771140098572,0.0,1.6576771140098572
নিকট,0.6576220989227295,0.0,1.6576220989227295
সেত,0.6575343608856201,0.0,1.6575343608856201
দেখছি,0.6575228571891785,0.0,1.6575228571891785
হও,0.667619377374649,0.010101010101010102,1.657518367273639
একমাস,0.6575063169002533,0.0,1.6575063169002533
অপারেশন,0.6574714779853821,0.0,1.657471477985382
হযে,0.6572152376174927,0.0,1.6572152376174927
খসখসে,0.6571818590164185,0.0,1.6571818590164185
অমি,0.657173365354538,0.0,1.657173365354538
পূর্বপুরুষ,0.657127320766449,0.0,1.657127320766449
কদিনে,0.6571116149425507,0.0,1.6571116149425507
ক্ষেপ,0.6568968296051025,0.0,1.6568968296051025
আত্মা,0.6567723155021667,0.0,1.6567723155021667
জবা,0.6567278504371643,0.0,1.6567278504371643
চলছিল,0.6566869020462036,0.0,1.6566869020462036
ঘুমোয়,0.6566804051399231,0.0,1.656680405139923
লেখ৷,0.6563368737697601,0.0,1.6563368737697601
কিঞ্চিৎ,0.656284362077713,0.0,1.656284362077713
উদ্যোগ,0.6562736928462982,0.0,1.6562736928462982
জ্বালা,0.6562648713588715,0.0,1.6562648713588715
পুর,0.6562432944774628,0.0,1.6562432944774628
সােজা,0.6561333537101746,0.0,1.6561333537101746
ফেলো,0.6559916436672211,0.0,1.655991643667221
যেকেউ,0.655918538570404,0.0,1.655918538570404
গুন,0.6558493673801422,0.0,1.6558493673801422
মধুর,0.6555852293968201,0.0,1.65558522939682
মাতা,0.6555847823619843,0.0,1.6555847823619843
তরুণী,0.6555701792240143,0.0,1.6555701792240143
চলো,0.6555142402648926,0.0,1.6555142402648926
মসজি,0.6553532779216766,0.0,1.6553532779216766
উপায়ে,0.6553335785865784,0.0,1.6553335785865784
অবস্থ,0.6553129851818085,0.0,1.6553129851818085
রোগা,0.6552433967590332,0.0,1.6552433967590332
কাদের,0.6552088856697083,0.0,1.6552088856697083
কাঁ,0.6552003920078278,0.0,1.6552003920078278
তান,0.6550936698913574,0.0,1.6550936698913574
দুর্ঘটনা,0.6550650596618652,0.0,1.6550650596618652
দুশমন,0.6550560295581818,0.0,1.6550560295581818
আনলে,0.6548705101013184,0.0,1.6548705101013184
রেলগাড়ি,0.6547290086746216,0.0,1.6547290086746216
দেখানো,0.65467768907547,0.0,1.65467768907547
দুশ্চিন্তা,0.6546751260757446,0.0,1.6546751260757446
সেসব,0.6545678973197937,0.0,1.6545678973197937
গুণে,0.6545577049255371,0.0,1.654557704925537
তদারকি,0.6646487712860107,0.010101010101010102,1.6545477611850008
ধুত,0.6544530987739563,0.0,1.6544530987739563
যাচ্ছো,0.6544243097305298,0.0,1.6544243097305298
খোয়া,0.6645155847072601,0.010101010101010102,1.6544145746062502
চেনা,0.6544051170349121,0.0,1.654405117034912
রাখবে,0.6543258726596832,0.0,1.6543258726596832
ছাড়,0.6543180644512177,0.0,1.6543180644512177
অন্যত্র,0.654306560754776,0.0,1.654306560754776
কতদূর,0.6542918682098389,0.0,1.6542918682098389
বেরু,0.6542909741401672,0.0,1.6542909741401672
মানিয়,0.6541330516338348,0.0,1.6541330516338348
হামা,0.6540866494178772,0.0,1.6540866494178772
মূল,0.6540824174880981,0.0,1.6540824174880981
ন্যায্য,0.6540797650814056,0.0,1.6540797650814056
গেল৷,0.6540566682815552,0.0,1.6540566682815552
শাসন,0.6538141369819641,0.0,1.6538141369819641
এখনক,0.6537262499332428,0.0,1.6537262499332428
ছদিন,0.6535989344120026,0.0,1.6535989344120026
বনানী,0.653470516204834,0.0,1.653470516204834
চাপিয়ে,0.6534177958965302,0.0,1.6534177958965302
চু,0.6531944274902344,0.0,1.6531944274902344
বাগ,0.653121292591095,0.0,1.653121292591095
আসিব,0.652913361787796,0.0,1.652913361787796
অসমাপ্ত,0.6529121100902557,0.0,1.6529121100902557
তিনদিন,0.6528126299381256,0.0,1.6528126299381256
ঝাড়ে,0.652801513671875,0.0,1.652801513671875
অবসর,0.6628027856349945,0.010101010101010102,1.6527017755339846
সম্যাসীর,0.652618020772934,0.0,1.652618020772934
আড়াল,0.6525914371013641,0.0,1.6525914371013641
দেখাল,0.6525587141513824,0.0,1.6525587141513824
সান,0.6525464653968811,0.0,1.652546465396881
দুর্গ,0.6525459587574005,0.0,1.6525459587574005
টানাটানির,0.6524819135665894,0.0,1.6524819135665894
বন্দোবস্ত,0.652475506067276,0.0,1.652475506067276
গুটিগুটি,0.652359813451767,0.0,1.652359813451767
ব্যা,0.6522538065910339,0.0,1.652253806591034
নুন,0.6522363126277924,0.0,1.6522363126277924
যেদিন,0.65220507979393,0.0,1.65220507979393
বাদশা,0.652174562215805,0.0,1.652174562215805
কাদো,0.6520313024520874,0.0,1.6520313024520874
তেইশ,0.6519937813282013,0.0,1.6519937813282013
প্রতীক্ষায়,0.6519576907157898,0.0,1.6519576907157898
সাতআট,0.6519463062286377,0.0,1.6519463062286377
আরামে,0.6518809497356415,0.0,1.6518809497356415
রাক্ষস,0.6518695056438446,0.0,1.6518695056438446
চৌকিদ,0.6516549289226532,0.0,1.6516549289226532
কেহ,0.6515531837940216,0.0,1.6515531837940216
বন্যা,0.6515482664108276,0.0,1.6515482664108276
মরি,0.6515401899814606,0.0,1.6515401899814606
দিলাম৷,0.6514969170093536,0.0,1.6514969170093536
ওরাও,0.6514501571655273,0.0,1.6514501571655273
ধরেছেন,0.6513691842556,0.0,1.6513691842556
শতাব্দী,0.6614383459091187,0.010101010101010102,1.6513373358081087
মেয়েছেলে,0.650974839925766,0.0,1.650974839925766
গোয়েন্দা,0.65088751912117,0.0,1.65088751912117
আন্দাজ,0.6508683562278748,0.0,1.6508683562278748
মেলা,0.6508581042289734,0.0,1.6508581042289734
মাচায়,0.6508474946022034,0.0,1.6508474946022034
ভরাট,0.6508464515209198,0.0,1.6508464515209198
বাঘা,0.6508219242095947,0.0,1.6508219242095947
চিন্তিত,0.6507262587547302,0.0,1.6507262587547302
কোনে৷,0.6507185697555542,0.0,1.6507185697555542
অন্যসব,0.6506977081298828,0.0,1.6506977081298828
তে৷,0.650677889585495,0.0,1.650677889585495
প্রভু,0.650576651096344,0.0,1.650576651096344
টানাটানি,0.6505155265331268,0.0,1.6505155265331268
বললুম,0.6504859328269958,0.0,1.6504859328269958
আগেভাগে,0.6504654288291931,0.0,1.6504654288291931
ব্যাক,0.6504082083702087,0.0,1.6504082083702087
খানিকট,0.6503344178199768,0.0,1.6503344178199768
মেলায়,0.6502749621868134,0.0,1.6502749621868134
তেলের,0.6501681208610535,0.0,1.6501681208610535
হঠাং,0.650032103061676,0.0,1.650032103061676
ফরে,0.6499398946762085,0.0,1.6499398946762085
আলাপআলোচনা,0.6498201489448547,0.0,1.6498201489448547
কমিয়ে,0.6497688889503479,0.0,1.649768888950348
সরম্বতী,0.6495524942874908,0.0,1.6495524942874908
তখুনি,0.6495152115821838,0.0,1.6495152115821838
খাক,0.6495124399662018,0.0,1.6495124399662018
প্রত্যেকব,0.6494844555854797,0.0,1.6494844555854797
রাশি,0.6494566798210144,0.0,1.6494566798210144
লুকোনো,0.6494497954845428,0.0,1.6494497954845428
বিবেচনা,0.6494365930557251,0.0,1.649436593055725
প্রতিব,0.6494027972221375,0.0,1.6494027972221375
পান্তা,0.6493574380874634,0.0,1.6493574380874634
দের,0.6493124067783356,0.0,1.6493124067783356
ভয়ানক,0.6492776274681091,0.0,1.6492776274681091
এখানক,0.6490319669246674,0.0,1.6490319669246674
চালানো,0.6490170359611511,0.0,1.6490170359611511
দাঁড়ান,0.6489404141902924,0.0,1.6489404141902924
বুঝিনি,0.6487707495689392,0.0,1.6487707495689392
হাঁড়ি,0.648644357919693,0.0,1.648644357919693
তখনি,0.6486130058765411,0.0,1.6486130058765411
ভূমিকায়,0.6587035357952118,0.010101010101010102,1.6486025256942018
হাসাহাসি,0.6486014723777771,0.0,1.648601472377777
মমতাময়ী,0.6485656499862671,0.0,1.648565649986267
নে৷,0.648527592420578,0.0,1.648527592420578
সাজা,0.6485109329223633,0.0,1.6485109329223633
পিপড়ে,0.6484980285167694,0.0,1.6484980285167694
সুবিধ,0.6483893394470215,0.0,1.6483893394470215
নিয়োগ,0.6483846604824066,0.0,1.6483846604824066
রাখো,0.6482987701892853,0.0,1.6482987701892853
চাদে,0.6583517789840698,0.010101010101010102,1.6482507688830599
মাতাল,0.6581092476844788,0.010101010101010102,1.6480082375834688
খা,0.6479817628860474,0.0,1.6479817628860474
ঢাকায়,0.6479301452636719,0.0,1.6479301452636719
উদ্যানে,0.6479246914386749,0.0,1.647924691438675
যেও,0.647820234298706,0.0,1.647820234298706
ঝলসে,0.6478078663349152,0.0,1.6478078663349152
আমল,0.6478069722652435,0.0,1.6478069722652435
দুমাস,0.6477946639060974,0.0,1.6477946639060974
সাংঘাতিক,0.6477623879909515,0.0,1.6477623879909515
প্রান্ত,0.647723376750946,0.0,1.647723376750946
বাহা,0.647599458694458,0.0,1.647599458694458
মেশানো,0.6475532948970795,0.0,1.6475532948970795
টাদ,0.6576539278030396,0.010101010101010102,1.6475529177020296
ভালমন্দ,0.6474877595901489,0.0,1.647487759590149
দুনিয়া,0.6474786400794983,0.0,1.6474786400794983
চলিয়া,0.6474173963069916,0.0,1.6474173963069916
জানাল,0.6472360193729401,0.0,1.64723601937294
ফটাফট,0.6471526026725769,0.0,1.647152602672577
মুহূর্তে,0.6471495628356934,0.0,1.6471495628356934
নামবে,0.6471242904663086,0.0,1.6471242904663086
দেবতা,0.6470646858215332,0.0,1.6470646858215332
বাদশ,0.6470644176006317,0.0,1.6470644176006317
অপরাধ,0.6469346582889557,0.0,1.6469346582889557
গ্রামীণ,0.6468994319438934,0.0,1.6468994319438934
পারি৷,0.6468603014945984,0.0,1.6468603014945984
পারিনি,0.6468281745910645,0.0,1.6468281745910645
পচিশ,0.646787166595459,0.0,1.646787166595459
লিক,0.646738588809967,0.0,1.646738588809967
সমস্যা,0.6466419696807861,0.0,1.6466419696807861
অবিশ্থি,0.6466317176818848,0.0,1.6466317176818848
বিলাপ,0.6565720736980438,0.010101010101010102,1.6464710635970339
ছাড়ে,0.6464145183563232,0.0,1.6464145183563232
স্বাধীনত,0.646405428647995,0.0,1.646405428647995
কাঁপিয়ে,0.6463036239147186,0.0,1.6463036239147186
তেজী,0.6462620794773102,0.0,1.6462620794773102
সম্মুখে,0.6462450921535492,0.0,1.6462450921535492
খরচে,0.6461979746818542,0.0,1.6461979746818542
অস্থির,0.6461780667304993,0.0,1.6461780667304993
মনোযোগী,0.6461753249168396,0.0,1.6461753249168396
সামিল,0.646141767501831,0.0,1.646141767501831
এযে,0.6460550129413605,0.0,1.6460550129413605
বলেছিলো,0.6460243165493011,0.0,1.6460243165493011
বানানো,0.6460129916667938,0.0,1.6460129916667938
দুএকজন,0.6459992229938507,0.0,1.6459992229938507
ফৌটা,0.6459061801433563,0.0,1.6459061801433563
অতঃপর,0.6459057629108429,0.0,1.645905762910843
ছোটবেলায়,0.6458352208137512,0.0,1.6458352208137512
পানা,0.6458094716072083,0.0,1.6458094716072083
বাড়িঘর,0.6457913517951965,0.0,1.6457913517951965
সঙ্দেশ,0.6457609534263611,0.0,1.645760953426361
নিতান্ত,0.6456029713153839,0.0,1.645602971315384
তার৷,0.6455472409725189,0.0,1.645547240972519
বুলো,0.645415723323822,0.0,1.645415723323822
বেছ,0.645409494638443,0.0,1.645409494638443
অনিচ্ছায়,0.6453759074211121,0.0,1.645375907421112
আশ্বাস,0.6453742384910583,0.0,1.6453742384910583
হারা,0.6452023386955261,0.0,1.6452023386955261
বিনিময়,0.6451418101787567,0.0,1.6451418101787567
এনা,0.6552412211894989,0.010101010101010102,1.645140211088489
জড়িত,0.6451382339000702,0.0,1.6451382339000702
উকিল,0.6451177000999451,0.0,1.645117700099945
বিনয়,0.6450732350349426,0.0,1.6450732350349426
মাহুষ,0.6450314819812775,0.0,1.6450314819812775
সংসার,0.6450076103210449,0.0,1.645007610321045
সাল,0.6550268530845642,0.010101010101010102,1.6449258429835543
দুপুরবেলা,0.6448647677898407,0.0,1.6448647677898407
ব্যথা,0.6446800529956818,0.0,1.6446800529956818
বুঝিয়ে,0.6441843807697296,0.0,1.6441843807697296
পারল,0.6441237032413483,0.0,1.6441237032413483
ভাগ্য,0.6440334618091583,0.0,1.6440334618091583
মিছিল,0.6440123915672302,0.0,1.6440123915672302
অপরাধী,0.643940806388855,0.0,1.643940806388855
ছাড়িয়া,0.6438681185245514,0.0,1.6438681185245514
খাওয়াদাওয়,0.6436595916748047,0.0,1.6436595916748047
পর্যায়ে,0.6436473429203033,0.0,1.6436473429203033
শ্বাস,0.6436393857002258,0.0,1.6436393857002258
সবাইকেই,0.6436201632022858,0.0,1.6436201632022858
যথাসময়ে,0.6436186134815216,0.0,1.6436186134815216
শুধুমাত্র,0.6436134576797485,0.0,1.6436134576797485
শান্তি,0.6537074148654938,0.010101010101010102,1.6436064047644838
বেরোলো,0.6436059176921844,0.0,1.6436059176921844
যাত্রী,0.6435279846191406,0.0,1.6435279846191406
বৌয়,0.6434904634952545,0.0,1.6434904634952545
বকশিশ,0.6434317529201508,0.0,1.6434317529201508
দ্বিতীয়ব,0.6434028446674347,0.0,1.6434028446674347
পাল্লা,0.6433151364326477,0.0,1.6433151364326477
পাঠশালা,0.6433105170726776,0.0,1.6433105170726776
দিদি,0.6432532668113708,0.0,1.6432532668113708
কিস্ত,0.6432387232780457,0.0,1.6432387232780457
ব্যক্তিত্ব,0.6431979537010193,0.0,1.6431979537010193
বেশিক্ষণ,0.6431780457496643,0.0,1.6431780457496643
বাজারের,0.6431185901165009,0.0,1.6431185901165009
মহাদেব,0.6430880129337311,0.0,1.643088012933731
ইাট,0.6430855393409729,0.0,1.643085539340973
জুতা,0.6430206000804901,0.0,1.6430206000804901
তুচ্,0.6429702043533325,0.0,1.6429702043533325
সোজা,0.6429653465747833,0.0,1.6429653465747833
সেরকম,0.6428843438625336,0.0,1.6428843438625336
অধিকাংশ,0.6428676545619965,0.0,1.6428676545619965
খাড়া,0.642857551574707,0.0,1.642857551574707
গঙ্গা,0.6427498161792755,0.0,1.6427498161792755
আবৃত্তি,0.6427487134933472,0.0,1.6427487134933472
রেঞ্জ,0.6426649391651154,0.0,1.6426649391651154
একটিমাত্র,0.642534613609314,0.0,1.642534613609314
ভট্টাচার্যের,0.6424851715564728,0.0,1.6424851715564728
জিয়া,0.6423665285110474,0.0,1.6423665285110474
টাইম,0.6423124969005585,0.0,1.6423124969005585
জামাকাপড়,0.6422553956508636,0.0,1.6422553956508636
ছিল৷,0.6421923637390137,0.0,1.6421923637390137
উদ্ভ্রান্ত,0.642038881778717,0.0,1.642038881778717
কাশি,0.6420077383518219,0.0,1.642007738351822
গড়া,0.651999831199646,0.010101010101010102,1.641898821098636
গলে,0.6418958902359009,0.0,1.6418958902359009
বিলাস,0.6418909132480621,0.0,1.6418909132480621
শশী,0.6418800354003906,0.0,1.6418800354003906
এলোমেলো,0.6519577503204346,0.010101010101010102,1.6418567402194246
মসজিদ,0.6417762041091919,0.0,1.641776204109192
খোঁজ,0.641771674156189,0.0,1.641771674156189
পড়েছিলো,0.6417513787746429,0.0,1.641751378774643
টানে,0.6416903436183929,0.0,1.641690343618393
তোলা,0.6416352391242981,0.0,1.641635239124298
চাইলে,0.6516615748405457,0.010101010101010102,1.6415605647395357
নালিশ,0.6415016949176788,0.0,1.6415016949176788
টাল,0.6414759159088135,0.0,1.6414759159088135
দানব,0.6414290964603424,0.0,1.6414290964603424
পানি,0.641402393579483,0.0,1.641402393579483
ভাবনা,0.641400545835495,0.0,1.641400545835495
চেয়েছি,0.6413954496383667,0.0,1.6413954496383667
ফেললে,0.6413095891475677,0.0,1.6413095891475677
বিড়,0.6412855684757233,0.0,1.6412855684757233
অনুমান,0.6411966383457184,0.0,1.6411966383457184
শোনে,0.6411849856376648,0.0,1.6411849856376648
দাড়িয়,0.6411658227443695,0.0,1.6411658227443695
নিজেরা,0.6411563456058502,0.0,1.6411563456058502
আসান,0.6411063075065613,0.0,1.6411063075065613
হাফিজ,0.6410944759845734,0.0,1.6410944759845734
ইংরেজিতে,0.6410864293575287,0.0,1.6410864293575287
স্থাপন,0.641021341085434,0.0,1.641021341085434
অ্যাকশন,0.6409776210784912,0.0,1.6409776210784912
পাল্লায়,0.6409302651882172,0.0,1.6409302651882172
ঊনপঞ্চাশ,0.640882819890976,0.0,1.640882819890976
সুবাদে,0.640875369310379,0.0,1.640875369310379
থাকত,0.6408440172672272,0.0,1.6408440172672272
মুগ্ধ,0.6408200263977051,0.0,1.640820026397705
পরিশ্রম,0.6407839357852936,0.0,1.6407839357852936
পাপী,0.6407453417778015,0.0,1.6407453417778015
উপচে,0.6406754851341248,0.0,1.6406754851341248
ঠিকম,0.6507702767848969,0.010101010101010102,1.640669266683887
পাল্,0.6406586170196533,0.0,1.6406586170196533
তিনব,0.6506906747817993,0.010101010101010102,1.6405896646807894
এইটে,0.6405858099460602,0.0,1.6405858099460602
মানুষ৷,0.6405631601810455,0.0,1.6405631601810455
বেটা,0.6405593156814575,0.0,1.6405593156814575
নিই,0.64051952958107,0.0,1.64051952958107
ফাট,0.6505737602710724,0.010101010101010102,1.6404727501700624
শিরশির,0.6403853297233582,0.0,1.6403853297233582
ছয়ে,0.6403607428073883,0.0,1.6403607428073883
তৎক্ষণাৎ,0.6403405666351318,0.0,1.6403405666351318
সেখানক,0.6402980983257294,0.0,1.6402980983257294
সকালবেলা,0.6402699053287506,0.0,1.6402699053287506
দিলীপ,0.6402553915977478,0.0,1.6402553915977478
হাটখোল,0.6402429342269897,0.0,1.6402429342269897
দৃষ্টান্ত,0.6402130722999573,0.0,1.6402130722999573
অসভ্য,0.640198141336441,0.0,1.640198141336441
নিয়েছিল,0.6502423882484436,0.010101010101010102,1.6401413781474337
মুখস্থ,0.6400811076164246,0.0,1.6400811076164246
কোন্‌,0.6399844586849213,0.0,1.6399844586849213
দ্বিগুণ,0.6399384438991547,0.0,1.6399384438991547
জাগিয়ে,0.6499963700771332,0.010101010101010102,1.6398953599761232
পুত্রবধূ,0.6398590803146362,0.0,1.6398590803146362
আমেরিকান,0.6398321092128754,0.0,1.6398321092128754
হাতেনাতে,0.6398061811923981,0.0,1.639806181192398
মহারাজ,0.6397876441478729,0.0,1.639787644147873
টিল,0.6397772133350372,0.0,1.6397772133350372
হামি,0.639762282371521,0.0,1.639762282371521
সঙ্গীর,0.6498312652111053,0.010101010101010102,1.6397302551100954
সন্ধানী,0.6396970748901367,0.0,1.6396970748901367
রেকর্ড,0.6396360695362091,0.0,1.639636069536209
খাবো,0.639602392911911,0.0,1.639602392911911
নাপিত,0.6395950317382812,0.0,1.6395950317382812
সুনাম,0.6395869851112366,0.0,1.6395869851112366
তালতলায়,0.6395557522773743,0.0,1.6395557522773743
অভিজ্ঞ,0.6395094990730286,0.0,1.6395094990730286
কখনে,0.6394843757152557,0.0,1.6394843757152557
হ্যাঁ,0.6393157541751862,0.0,1.6393157541751862
বুধব,0.6391424834728241,0.0,1.639142483472824
অব্যাহত,0.6391152143478394,0.0,1.6391152143478394
ইয়,0.6389915347099304,0.0,1.6389915347099304
শালা,0.6389755010604858,0.0,1.6389755010604858
প্রতিজ্ঞ,0.6389227211475372,0.0,1.6389227211475372
বেচা,0.6388717889785767,0.0,1.6388717889785767
একটানা,0.6388149261474609,0.0,1.638814926147461
মুনি,0.6388145089149475,0.0,1.6388145089149475
বুঝলে,0.6388003528118134,0.0,1.6388003528118134
বুড়ি,0.6387927532196045,0.0,1.6387927532196045
হুক,0.638771265745163,0.0,1.638771265745163
উঠিয়ে,0.6387501358985901,0.0,1.63875013589859
চাকরির,0.6387287378311157,0.0,1.6387287378311157
চাঁদা,0.6386207640171051,0.0,1.638620764017105
আগাগোড়া,0.6385946571826935,0.0,1.6385946571826935
অঞ্চলে,0.6486726105213165,0.010101010101010102,1.6385716004203066
কাটে,0.6385566592216492,0.0,1.6385566592216492
বেশ্যা,0.6384949088096619,0.0,1.6384949088096619
অকারণে,0.638483852148056,0.0,1.638483852148056
বেরিয়েছেন,0.6384737193584442,0.0,1.6384737193584442
নামা,0.6485199630260468,0.010101010101010102,1.6384189529250368
পাছ,0.6383776068687439,0.0,1.638377606868744
উইল,0.6587767004966736,0.02040816326530612,1.6383685372313674
পীর,0.6382362544536591,0.0,1.638236254453659
তরে,0.6381946504116058,0.0,1.6381946504116058
বাজানো,0.6380887031555176,0.0,1.6380887031555176
কাজকর্ম,0.6380201876163483,0.0,1.6380201876163483
তিল,0.6379634737968445,0.0,1.6379634737968445
জয়া,0.6379460096359253,0.0,1.6379460096359253
জানে৷,0.6378110349178314,0.0,1.6378110349178314
কা,0.6581689119338989,0.02040816326530612,1.6377607486685928
সন্যাসী,0.6377437710762024,0.0,1.6377437710762024
চালে,0.6376789808273315,0.0,1.6376789808273315
জায়গাতে,0.6376522481441498,0.0,1.6376522481441498
কারু,0.6376324594020844,0.0,1.6376324594020844
ভি,0.6376141011714935,0.0,1.6376141011714935
চারদিন,0.6375081837177277,0.0,1.6375081837177277
ষে,0.637507289648056,0.0,1.637507289648056
মরলো,0.6374989151954651,0.0,1.637498915195465
হাতা,0.6374320685863495,0.0,1.6374320685863495
কল্যাণ,0.6372314095497131,0.0,1.6372314095497131
ক্যাম্পে,0.6371602416038513,0.0,1.6371602416038513
হারিকেন,0.6371561884880066,0.0,1.6371561884880066
ষোল,0.6371341943740845,0.0,1.6371341943740845
ওড়া,0.6370896399021149,0.0,1.6370896399021149
জমায়েত,0.6370699405670166,0.0,1.6370699405670166
আজেবাজে,0.6368240118026733,0.0,1.6368240118026733
ডাই,0.636823445558548,0.0,1.636823445558548
মান্,0.6367510855197906,0.0,1.6367510855197906
নীরবে,0.6367220282554626,0.0,1.6367220282554626
ছাগল,0.6366606950759888,0.0,1.6366606950759888
ঢুকে,0.6365858018398285,0.0,1.6365858018398285
জেল,0.6365822553634644,0.0,1.6365822553634644
ধু,0.6364361047744751,0.0,1.636436104774475
হেন,0.6363964080810547,0.0,1.6363964080810547
এলাকায়,0.6362685561180115,0.0,1.6362685561180115
অভিজ্ঞতা,0.6362671852111816,0.0,1.6362671852111816
পনেরো,0.6362656652927399,0.0,1.6362656652927399
প্রস্তুত,0.636236160993576,0.0,1.636236160993576
পেরেছেন,0.636233925819397,0.0,1.636233925819397
অন্যদি,0.6463066041469574,0.010101010101010102,1.6362055940459475
বেচারী,0.6361461579799652,0.0,1.6361461579799652
বোলো,0.6361336708068848,0.0,1.6361336708068848
সাহা,0.6361279785633087,0.0,1.6361279785633087
জীপে,0.6360398828983307,0.0,1.6360398828983307
নাকচ,0.635977566242218,0.0,1.635977566242218
প্রয়োজনে,0.6359726786613464,0.0,1.6359726786613464
চারপাশ,0.6359660625457764,0.0,1.6359660625457764
কিসে,0.6359602510929108,0.0,1.6359602510929108
দোষে,0.6359361708164215,0.0,1.6359361708164215
হাড়ে,0.6358828544616699,0.0,1.63588285446167
সন্ধানে,0.6358607709407806,0.0,1.6358607709407806
মারামারি,0.6358606219291687,0.0,1.6358606219291687
কাচা,0.6358127892017365,0.0,1.6358127892017365
ধ্যান,0.6357793211936951,0.0,1.635779321193695
কার্তিক,0.6357283890247345,0.0,1.6357283890247345
যেসব,0.6357106566429138,0.0,1.6357106566429138
নাঃ,0.6357052624225616,0.0,1.6357052624225616
শুদ্ধ,0.6356214582920074,0.0,1.6356214582920074
গুঁ,0.6356042921543121,0.0,1.6356042921543121
লিয়ে,0.6354813873767853,0.0,1.6354813873767853
রমণী,0.6354638636112213,0.0,1.6354638636112213
কোম্পানি,0.6353695094585419,0.0,1.6353695094585419
ভালোব,0.645353376865387,0.010101010101010102,1.635252366764377
প্রেমের,0.6351835131645203,0.0,1.6351835131645203
শিশির,0.635155200958252,0.0,1.635155200958252
ছুড়,0.6351341903209686,0.0,1.6351341903209686
শত্রু,0.6451905965805054,0.010101010101010102,1.6350895864794954
মহলে,0.6451785564422607,0.010101010101010102,1.6350775463412508
ওঠ,0.6349998116493225,0.0,1.6349998116493225
খাটিয়ে,0.634998232126236,0.0,1.634998232126236
ভেবেছি,0.6349508166313171,0.0,1.6349508166313171
ছেলেমেয়ের,0.6349294781684875,0.0,1.6349294781684875
আলোড়ন,0.6349159777164459,0.0,1.634915977716446
নেতা,0.6553073227405548,0.02040816326530612,1.6348991594752487
থাকবো,0.6348747909069061,0.0,1.6348747909069061
ভাঙ্গা,0.634842187166214,0.0,1.634842187166214
চেক,0.6347692906856537,0.0,1.6347692906856537
করছিলো,0.6346853673458099,0.0,1.63468536734581
দারোয়ান,0.6346747577190399,0.0,1.63467475771904
পারো,0.6346273124217987,0.0,1.6346273124217987
পরিকল্পনা,0.6344625353813171,0.0,1.6344625353813171
সিনেমা,0.6343590021133423,0.0,1.6343590021133423
ঢুকেছিল,0.6343405842781067,0.0,1.6343405842781067
স্তম্ভিত,0.6342586278915405,0.0,1.6342586278915405
পাতাল,0.6342363357543945,0.0,1.6342363357543945
ছড়া,0.6443054974079132,0.010101010101010102,1.6342044873069033
ক্ষুদে,0.6341268420219421,0.0,1.6341268420219421
আমার৷,0.6341077089309692,0.0,1.6341077089309692
যাচ্ছি,0.6441802382469177,0.010101010101010102,1.6340792281459078
প্রকারে,0.6340535283088684,0.0,1.6340535283088684
প্রতিক্রিয়া,0.6340318918228149,0.0,1.634031891822815
কৌশল,0.6339049935340881,0.0,1.6339049935340881
রয়েচ,0.6337756216526031,0.0,1.6337756216526031
গোপনে,0.6337205767631531,0.0,1.633720576763153
দোতলা,0.6336318850517273,0.0,1.6336318850517273
আহারে,0.6335737407207489,0.0,1.633573740720749
সামনাসামনি,0.6335121393203735,0.0,1.6335121393203735
দার,0.6334950625896454,0.0,1.6334950625896454
লাগত,0.6334197223186493,0.0,1.6334197223186493
লিস্ট,0.6435060203075409,0.010101010101010102,1.633405010206531
শুনিয়ে,0.633358895778656,0.0,1.633358895778656
ফরাসী,0.6333482265472412,0.0,1.6333482265472412
মানব,0.6333293318748474,0.0,1.6333293318748474
রেখেছি,0.6333120763301849,0.0,1.633312076330185
ওতে,0.6333006024360657,0.0,1.6333006024360657
হেল,0.633285790681839,0.0,1.633285790681839
থামা,0.6331398189067841,0.0,1.633139818906784
ছোটবাবু,0.6432285010814667,0.010101010101010102,1.6331274909804567
যাচ্ছে৷,0.6330908834934235,0.0,1.6330908834934235
তিনেক,0.6330146491527557,0.0,1.6330146491527557
বাংলাদেশের,0.6330098509788513,0.0,1.6330098509788513
টিন,0.633002758026123,0.0,1.633002758026123
তুইই,0.6329800486564636,0.0,1.6329800486564636
আল,0.6329562664031982,0.0,1.6329562664031982
আরেক,0.632856696844101,0.0,1.632856696844101
শেখ,0.6427778601646423,0.010101010101010102,1.6326768500636324
অদৃশ্য,0.6427597105503082,0.010101010101010102,1.6326587004492983
জানতাম,0.6325310468673706,0.0,1.6325310468673706
ওপার,0.6324324607849121,0.0,1.632432460784912
মনোভাব,0.6323928236961365,0.0,1.6323928236961365
করলুম,0.6424228549003601,0.010101010101010102,1.6323218447993502
তিনজন,0.6322249174118042,0.0,1.6322249174118042
ট্যাঙ্ক,0.6321991086006165,0.0,1.6321991086006165
ব্যায়াম,0.6321665048599243,0.0,1.6321665048599243
মিশিয়ে,0.6320717036724091,0.0,1.632071703672409
আরোগ্য,0.6319418847560883,0.0,1.6319418847560883
ডগায়,0.6319186389446259,0.0,1.6319186389446259
ঘটিয়ে,0.6318323910236359,0.0,1.6318323910236359
তিনশো,0.6318228244781494,0.0,1.6318228244781494
প্রেম,0.6318074762821198,0.0,1.6318074762821198
চূপ,0.6317912340164185,0.0,1.6317912340164185
এতদূর,0.631743848323822,0.0,1.631743848323822
পেরেছিল,0.6316643059253693,0.0,1.6316643059253693
ভা,0.6316428482532501,0.0,1.6316428482532501
কোনোম,0.6315394043922424,0.0,1.6315394043922424
অবশেষ,0.6315219700336456,0.0,1.6315219700336456
টেলিফোন,0.641497403383255,0.010101010101010102,1.631396393282245
দুনিয়,0.6313730180263519,0.0,1.631373018026352
চাইতে,0.6313297748565674,0.0,1.6313297748565674
নিউ,0.6517363786697388,0.02040816326530612,1.6313282154044326
নড়েচড়ে,0.631255179643631,0.0,1.631255179643631
শুনছি,0.6312119364738464,0.0,1.6312119364738464
খুলল,0.6311634182929993,0.0,1.6311634182929993
শ্রমিক,0.6310785412788391,0.0,1.6310785412788391
ওপ,0.6410659849643707,0.010101010101010102,1.6309649748633608
সাজ,0.6410430371761322,0.010101010101010102,1.6309420270751223
হালুম,0.6308869421482086,0.0,1.6308869421482086
স্ত্রী,0.6308084726333618,0.0,1.6308084726333618
বেচ,0.6307854354381561,0.0,1.6307854354381561
অবিশ্যি,0.6307285130023956,0.0,1.6307285130023956
আসায়,0.6407846212387085,0.010101010101010102,1.6306836111376986
করছে৷,0.6305950284004211,0.0,1.6305950284004211
আনত,0.6305877864360809,0.0,1.630587786436081
স্রোত,0.6305772662162781,0.0,1.630577266216278
ময়দানে,0.6305287778377533,0.0,1.6305287778377533
প্রকৃতপক্ষে,0.6304606795310974,0.0,1.6304606795310974
জোক,0.6304559707641602,0.0,1.6304559707641602
এখনি,0.6304309964179993,0.0,1.6304309964179993
কোমরে,0.6302311718463898,0.0,1.6302311718463898
আপ,0.6301725208759308,0.0,1.6301725208759308
নীর,0.6301725208759308,0.0,1.6301725208759308
পতাকা,0.6301299035549164,0.0,1.6301299035549164
ঝগড়া,0.6300629377365112,0.0,1.6300629377365112
অঞ্চল,0.6300461888313293,0.0,1.6300461888313293
নিউজ,0.6299993097782135,0.0,1.6299993097782135
শোন৷,0.629995733499527,0.0,1.629995733499527
টলে,0.6400814950466156,0.010101010101010102,1.6299804849456057
বসবাস,0.6298956871032715,0.0,1.6298956871032715
বলছিল,0.6298044621944427,0.0,1.6298044621944427
পিটিয়ে,0.6297944486141205,0.0,1.6297944486141205
আগা,0.6297594010829926,0.0,1.6297594010829926
অভিনব,0.6296927630901337,0.0,1.6296927630901337
পটু,0.6295494437217712,0.0,1.6295494437217712
পায়রা,0.6294946372509003,0.0,1.6294946372509003
তোড়জোড়,0.6294901371002197,0.0,1.6294901371002197
পুলিস,0.6294682621955872,0.0,1.6294682621955872
কোনোক্রমে,0.6293944716453552,0.0,1.6293944716453552
মেয়েরা,0.6394913196563721,0.010101010101010102,1.6293903095553621
প্যান্ট,0.6293807625770569,0.0,1.6293807625770569
ঘোড়ায়,0.6394329369068146,0.010101010101010102,1.6293319268058046
কর্মকাণ্ড,0.6293047666549683,0.0,1.6293047666549683
মারাত্মক,0.6394035518169403,0.010101010101010102,1.6293025417159304
সাব,0.6292660534381866,0.0,1.6292660534381866
বাঁড়ি,0.629258006811142,0.0,1.629258006811142
দেবী,0.6291940808296204,0.0,1.6291940808296204
চণ্ডী,0.6291506588459015,0.0,1.6291506588459015
বিলাতি,0.6291391551494598,0.0,1.6291391551494598
বোনে,0.629095196723938,0.0,1.629095196723938
পার্ক,0.6290270388126373,0.0,1.6290270388126373
ফু,0.6289026141166687,0.0,1.6289026141166687
শুনলো,0.6288596391677856,0.0,1.6288596391677856
বেরাে,0.6288585960865021,0.0,1.628858596086502
আড্ডায়,0.6288375556468964,0.0,1.6288375556468964
এগারো,0.6288284659385681,0.0,1.6288284659385681
আছেঃ,0.6288268566131592,0.0,1.6288268566131592
কারো,0.6287591755390167,0.0,1.6287591755390167
নায়েব,0.6286508738994598,0.0,1.6286508738994598
বাছ,0.6286190152168274,0.0,1.6286190152168274
উত্তেজিত,0.6386764645576477,0.010101010101010102,1.6285754544566378
শিষ্য,0.6285336017608643,0.0,1.6285336017608643
পড়ছিলো,0.6285308003425598,0.0,1.6285308003425598
বরাবর,0.6284659504890442,0.0,1.6284659504890442
ঝামেলা,0.6284595727920532,0.0,1.6284595727920532
একমনে,0.6284255385398865,0.0,1.6284255385398865
কিন্ধ,0.6284134685993195,0.0,1.6284134685993195
খুললে,0.6284106969833374,0.0,1.6284106969833374
অপরিচিত,0.6283867359161377,0.0,1.6283867359161377
নারীপুরুষ,0.6281746327877045,0.0,1.6281746327877045
চলেছেন,0.6281369924545288,0.0,1.6281369924545288
বেঁ,0.6280557513237,0.0,1.6280557513237
সাতদিন,0.6280479729175568,0.0,1.6280479729175568
চারটি,0.6280471384525299,0.0,1.62804713845253
হতচ্ছাড়া,0.6279985904693604,0.0,1.6279985904693604
চিকিৎসক,0.6380528211593628,0.010101010101010102,1.6279518110583528
পার্টি,0.6279471218585968,0.0,1.6279471218585968
তুমুল,0.627820611000061,0.0,1.627820611000061
নিয়মিত,0.6378790140151978,0.010101010101010102,1.6277780039141878
কেন৷,0.6277106702327728,0.0,1.6277106702327728
লোভ,0.6276876628398895,0.0,1.6276876628398895
লাগলা,0.6276802718639374,0.0,1.6276802718639374
মেশ,0.6275970935821533,0.0,1.6275970935821533
চিকন,0.627589762210846,0.0,1.627589762210846
খাতির,0.627555787563324,0.0,1.627555787563324
অবস্থাতে,0.6275348365306854,0.0,1.6275348365306854
পোস্টে,0.6274966597557068,0.0,1.6274966597557068
এইভাবেই,0.6274585127830505,0.0,1.6274585127830505
বাজি,0.6273695826530457,0.0,1.6273695826530457
সেনের,0.6273667216300964,0.0,1.6273667216300964
উপলক্ষে,0.6272881031036377,0.0,1.6272881031036377
অধিবেশন,0.6272655725479126,0.0,1.6272655725479126
অগ্রাহ্য,0.6272107660770416,0.0,1.6272107660770416
কামা,0.6271854043006897,0.0,1.6271854043006897
অর্ড,0.6269644796848297,0.0,1.6269644796848297
ঘুরবে,0.6269569993019104,0.0,1.6269569993019104
চাষা,0.6268018484115601,0.0,1.62680184841156
ফার,0.6266933083534241,0.0,1.626693308353424
অলীক,0.6266786456108093,0.0,1.6266786456108093
কালা,0.6266591846942902,0.0,1.6266591846942902
মিস,0.6266272366046906,0.0,1.6266272366046906
সহসা,0.626414567232132,0.0,1.626414567232132
আমলে,0.6263588070869446,0.0,1.6263588070869446
বাসি,0.6263570487499237,0.0,1.6263570487499237
ছেলেপিলে,0.6263318359851837,0.0,1.6263318359851837
দাপটে,0.6263124346733093,0.0,1.6263124346733093
অমুক,0.6262187659740448,0.0,1.6262187659740448
পথেঘাটে,0.6261952519416809,0.0,1.626195251941681
পাড়ায়,0.6261640191078186,0.0,1.6261640191078186
যত্বে,0.6261304914951324,0.0,1.6261304914951324
বাঁক,0.6261112987995148,0.0,1.6261112987995148
উল্টে,0.6260545253753662,0.0,1.6260545253753662
কয়েকব,0.6260097324848175,0.0,1.6260097324848175
বসি,0.6260016858577728,0.0,1.6260016858577728
ছাচ,0.6259780526161194,0.0,1.6259780526161194
রাখলে,0.6259095668792725,0.0,1.6259095668792725
চাদ,0.6359456777572632,0.010101010101010102,1.6258446676562532
সেইরকমই,0.6258188486099243,0.0,1.6258188486099243
পিস,0.6258010268211365,0.0,1.6258010268211365
দুদিক,0.6257590353488922,0.0,1.6257590353488922
অতিষ্ঠ,0.6256856918334961,0.0,1.625685691833496
গুধু,0.6256825625896454,0.0,1.6256825625896454
নামলো,0.6256492435932159,0.0,1.625649243593216
শ্রোতা,0.6255241632461548,0.0,1.6255241632461548
বজরায়,0.6255134344100952,0.0,1.6255134344100952
পােলা,0.6254653632640839,0.0,1.6254653632640839
অতিরিক্ত,0.6354996860027313,0.010101010101010102,1.6253986759017214
হাতে,0.6253694593906403,0.0,1.6253694593906403
ভিক্ষে,0.6253369450569153,0.0,1.6253369450569153
কবিরাজ,0.6457392871379852,0.02040816326530612,1.625331123872679
যেতেন,0.6253266930580139,0.0,1.625326693058014
মেজর,0.6252671182155609,0.0,1.625267118215561
প্রার্থনা,0.6252603530883789,0.0,1.625260353088379
মোষ,0.6252125203609467,0.0,1.6252125203609467
আবেগ,0.6251702010631561,0.0,1.6251702010631561
পালকি,0.6251523196697235,0.0,1.6251523196697235
আঁ,0.6251455545425415,0.0,1.6251455545425415
ওয়াক,0.6251445114612579,0.0,1.625144511461258
উঠতে,0.6249541640281677,0.0,1.6249541640281677
অন্যজন,0.624934583902359,0.0,1.624934583902359
হাসপাতাল,0.6249236464500427,0.0,1.6249236464500427
বৃথা,0.6248818337917328,0.0,1.6248818337917328
আঙ্ভুল,0.6248500347137451,0.0,1.6248500347137451
পেয়েছে৷,0.6247318089008331,0.0,1.6247318089008331
অবিকল,0.6247121095657349,0.0,1.6247121095657349
ম্যাপ,0.6246286332607269,0.0,1.624628633260727
দাঁড়িয়,0.6246250569820404,0.0,1.6246250569820404
বুলি,0.6246180236339569,0.0,1.624618023633957
হন্যে,0.6246137619018555,0.0,1.6246137619018555
গোর,0.624575138092041,0.0,1.624575138092041
বিপুল,0.6245573461055756,0.0,1.6245573461055756
তাছাড়া,0.6245445609092712,0.0,1.6245445609092712
তাকে,0.6245391666889191,0.0,1.624539166688919
বরাত,0.6245297491550446,0.0,1.6245297491550446
তৃপ্তি,0.6245270073413849,0.0,1.6245270073413849
হ্যায়,0.6244257390499115,0.0,1.6244257390499115
করিম,0.6243167221546173,0.0,1.6243167221546173
মালুম,0.6242990791797638,0.0,1.6242990791797638
উত্তেজন,0.6242447793483734,0.0,1.6242447793483734
জমিয়ে,0.6242263615131378,0.0,1.6242263615131378
ইংরিজিতে,0.6241881549358368,0.0,1.6241881549358368
শকুনির,0.6241693794727325,0.0,1.6241693794727325
সাইজ,0.6241622567176819,0.0,1.6241622567176819
উপকারী,0.6241506338119507,0.0,1.6241506338119507
বিশ্বাসঘাতক,0.6240977644920349,0.0,1.624097764492035
ভেদ,0.624092698097229,0.0,1.624092698097229
এইমাত্র,0.6240888833999634,0.0,1.6240888833999634
সীম,0.624078094959259,0.0,1.624078094959259
কাত,0.6240491271018982,0.0,1.6240491271018982
সার্কাস,0.6239622831344604,0.0,1.6239622831344604
দৌড়া,0.6239159107208252,0.0,1.6239159107208252
সুবিধে,0.6239147186279297,0.0,1.6239147186279297
নীচ,0.6238988637924194,0.0,1.6238988637924194
বিখ্যাত,0.64419025182724,0.02040816326530612,1.6237820885619338
পারত,0.6237740814685822,0.0,1.6237740814685822
এজন্য,0.6236970722675323,0.0,1.6236970722675323
অক্সিজেনের,0.6337660253047943,0.010101010101010102,1.6236650152037844
আত্মীয়,0.6236170530319214,0.0,1.6236170530319214
ধরিয়া,0.6235513389110565,0.0,1.6235513389110565
সেও,0.6234965026378632,0.0,1.6234965026378632
ঠিকমত,0.6234754621982574,0.0,1.6234754621982574
স্যুটকেস,0.6234436333179474,0.0,1.6234436333179474
বহাল,0.6335364878177643,0.010101010101010102,1.6234354777167543
মার্কিন,0.6233000755310059,0.0,1.6233000755310059
সেবক,0.6232674419879913,0.0,1.6232674419879913
শয়তান,0.6231922507286072,0.0,1.6231922507286072
দোকানদার,0.6231830716133118,0.0,1.6231830716133118
রকেট,0.6230780482292175,0.0,1.6230780482292175
চীৎকারে,0.6229980885982513,0.0,1.6229980885982513
শূন্য,0.6229490041732788,0.0,1.6229490041732788
মেয়েমানুষ,0.6229385137557983,0.0,1.6229385137557983
পিসিমা,0.6229232549667358,0.0,1.6229232549667358
প্লেনে,0.6229120492935181,0.0,1.622912049293518
চাইতেও,0.6228608787059784,0.0,1.6228608787059784
শ্রী,0.6228198707103729,0.0,1.622819870710373
বেশি৷,0.622755378484726,0.0,1.622755378484726
দুনিয়ায়,0.6227371692657471,0.0,1.622737169265747
হাড়,0.6226355731487274,0.0,1.6226355731487274
হয়না,0.6226312518119812,0.0,1.6226312518119812
চোদ্দ,0.6226263046264648,0.0,1.6226263046264648
যতদূর,0.6226070523262024,0.0,1.6226070523262024
অনুরোধ,0.6226063966751099,0.0,1.6226063966751099
তাবে,0.6225670874118805,0.0,1.6225670874118805
পুনরায়,0.6225102841854095,0.0,1.6225102841854095
বিদেয়,0.6224995255470276,0.0,1.6224995255470276
একখানা,0.6325702667236328,0.010101010101010102,1.6224692566226229
বাসিন্দা,0.6224241256713867,0.0,1.6224241256713867
মোলায়েম,0.6224186718463898,0.0,1.6224186718463898
মানুষে,0.6224154531955719,0.0,1.622415453195572
মান্য,0.6224014461040497,0.0,1.6224014461040497
মিট,0.6223611533641815,0.0,1.6223611533641815
খাটো,0.6223478615283966,0.0,1.6223478615283966
উঠানে,0.6223159432411194,0.0,1.6223159432411194
ভাবছি,0.6223027110099792,0.0,1.6223027110099792
পৌছো,0.6222174763679504,0.0,1.6222174763679504
সমেত,0.6222141981124878,0.0,1.6222141981124878
অবিরাম,0.6222124993801117,0.0,1.6222124993801117
একলা,0.6221855878829956,0.0,1.6221855878829956
চালা,0.632228434085846,0.010101010101010102,1.622127423984836
নিরিবি,0.6221008002758026,0.0,1.6221008002758026
শিক্ষিত,0.63217893242836,0.010101010101010102,1.62207792232735
থাকোমণির,0.6220360696315765,0.0,1.6220360696315765
আরাম,0.6320399940013885,0.010101010101010102,1.6219389839003786
ভিটে,0.621936559677124,0.0,1.621936559677124
শকুন,0.6219339072704315,0.0,1.6219339072704315
বাচ্চ,0.621924102306366,0.0,1.621924102306366
শিমুল,0.6219186782836914,0.0,1.6219186782836914
মিথ্যে,0.6219111382961273,0.0,1.6219111382961273
বিল,0.6218988001346588,0.0,1.6218988001346588
এনেছিল,0.6218730509281158,0.0,1.6218730509281158
নৌক,0.6318224668502808,0.010101010101010102,1.6217214567492708
একদম,0.6216982305049896,0.0,1.6216982305049896
হলে৷,0.6216452121734619,0.0,1.621645212173462
অগত্যা,0.6215349733829498,0.0,1.6215349733829498
গালিগালাজ,0.621527910232544,0.0,1.621527910232544
বিক্রী,0.6215103566646576,0.0,1.6215103566646576
মাঝামাঝি,0.6214642226696014,0.0,1.6214642226696014
এখন৷,0.621369481086731,0.0,1.621369481086731
জেনেছি,0.6213655769824982,0.0,1.6213655769824982
বহুব,0.6213648021221161,0.0,1.621364802122116
যাচ্ছিল,0.6212953925132751,0.0,1.6212953925132751
ওড়,0.62128546833992,0.0,1.62128546833992
লক্ষে,0.6212805807590485,0.0,1.6212805807590485
এছাড়া,0.621258556842804,0.0,1.621258556842804
করিয়,0.6211880445480347,0.0,1.6211880445480347
ভোগ,0.6211784780025482,0.0,1.6211784780025482
দুধ,0.6211549639701843,0.0,1.6211549639701843
অপর,0.621153324842453,0.0,1.621153324842453
মিনিটে,0.621134340763092,0.0,1.621134340763092
যথাযথ,0.6210459470748901,0.0,1.6210459470748901
দাঁড়,0.6210444271564484,0.0,1.6210444271564484
এতো,0.621019035577774,0.0,1.621019035577774
সিকিউরি,0.6209469437599182,0.0,1.6209469437599182
বজায়,0.6310379505157471,0.010101010101010102,1.6209369404147371
যেরকম,0.6310196816921234,0.010101010101010102,1.6209186715911135
কীভাবে,0.6208848059177399,0.0,1.6208848059177399
কেট,0.620874285697937,0.0,1.620874285697937
পেটের,0.6208466291427612,0.0,1.6208466291427612
পিছু,0.630841463804245,0.010101010101010102,1.620740453703235
নির্ণয়,0.6207226812839508,0.0,1.6207226812839508
জননীর,0.6206707060337067,0.0,1.6206707060337067
রুচি,0.6206626892089844,0.0,1.6206626892089844
কর্নেল,0.6206562519073486,0.0,1.6206562519073486
বারণ,0.6205472350120544,0.0,1.6205472350120544
অন্যরকম,0.6204245388507843,0.0,1.6204245388507843
সন্ধ্যায়,0.6204106509685516,0.0,1.6204106509685516
শোক,0.6202977001667023,0.0,1.6202977001667023
বাকী,0.6303731799125671,0.010101010101010102,1.6202721698115572
পাবলিক,0.6202395260334015,0.0,1.6202395260334015
চাঁদ,0.620233952999115,0.0,1.620233952999115
তাছাড়,0.6201748847961426,0.0,1.6201748847961426
খাটি,0.6201618909835815,0.0,1.6201618909835815
ঘোষাল,0.6302272975444794,0.010101010101010102,1.6201262874434694
দরকারী,0.6201210021972656,0.0,1.6201210021972656
বেচারি,0.6200888752937317,0.0,1.6200888752937317
কিস,0.6200757622718811,0.0,1.620075762271881
তুললো,0.6301691830158234,0.010101010101010102,1.6200681729148134
গোরিল,0.6200297474861145,0.0,1.6200297474861145
কতদিন,0.6300869286060333,0.010101010101010102,1.6199859185050234
গুলির,0.6199137568473816,0.0,1.6199137568473816
ঘোর,0.6198744475841522,0.0,1.6198744475841522
বিধব,0.6198488771915436,0.0,1.6198488771915436
একদল,0.6198419332504272,0.0,1.6198419332504272
হোটেল,0.6197652518749237,0.0,1.6197652518749237
পেলো,0.6197498142719269,0.0,1.6197498142719269
অলস,0.6197371780872345,0.0,1.6197371780872345
পাইলট,0.6197294294834137,0.0,1.6197294294834137
করছি,0.6197187900543213,0.0,1.6197187900543213
চিরে,0.6196788847446442,0.0,1.6196788847446442
পাওয়৷,0.6195673048496246,0.0,1.6195673048496246
এঁর,0.6195610463619232,0.0,1.6195610463619232
ছুটো,0.619518518447876,0.0,1.619518518447876
চাকরী,0.6194504201412201,0.0,1.61945042014122
বেগম,0.6294240355491638,0.010101010101010102,1.6193230254481539
মেজ,0.6192630231380463,0.0,1.6192630231380463
হিত,0.6192460358142853,0.0,1.6192460358142853
গোবিন্দ,0.6191732287406921,0.0,1.6191732287406921
ফাটিয়ে,0.6292156279087067,0.010101010101010102,1.6191146178076967
বাজারে,0.6190633475780487,0.0,1.6190633475780487
আদর্শ,0.6190569698810577,0.0,1.6190569698810577
পায়,0.6190546751022339,0.0,1.6190546751022339
অস্বস্তি,0.6190021932125092,0.0,1.6190021932125092
খুন,0.6289809942245483,0.010101010101010102,1.6188799841235384
অতিশয়,0.6188574433326721,0.0,1.6188574433326721
একএক,0.6188437044620514,0.0,1.6188437044620514
বোঝে,0.6187887489795685,0.0,1.6187887489795685
অনুসরণ,0.6287938356399536,0.010101010101010102,1.6186928255389437
ভাবছ,0.6186810731887817,0.0,1.6186810731887817
কোনোরকম,0.6186763346195221,0.0,1.618676334619522
মেটা,0.6186746060848236,0.0,1.6186746060848236
ওসব,0.6185617446899414,0.0,1.6185617446899414
যমুন,0.618556022644043,0.0,1.618556022644043
হাসল,0.6185530424118042,0.0,1.6185530424118042
ওস্তাদ,0.6185191869735718,0.0,1.6185191869735718
সোয়া,0.6184868514537811,0.0,1.6184868514537811
রোদে,0.6184565424919128,0.0,1.6184565424919128
গম্ভীরভাবে,0.618434727191925,0.0,1.618434727191925
শয়ে,0.6184196472167969,0.0,1.6184196472167969
খোজে,0.6284579336643219,0.010101010101010102,1.618356923563312
পাঠায়,0.6183564364910126,0.0,1.6183564364910126
আজাদ,0.6183478534221649,0.0,1.618347853422165
ইংরেজীতে,0.6183209121227264,0.0,1.6183209121227264
এতবড়,0.6183128356933594,0.0,1.6183128356933594
ভাগে,0.618292897939682,0.0,1.618292897939682
সত্যিকার,0.6181033849716187,0.0,1.6181033849716187
সুরে,0.6180799603462219,0.0,1.618079960346222
বয়েসের,0.61802738904953,0.0,1.61802738904953
আবদুল,0.6180087625980377,0.0,1.6180087625980377
নিহত,0.6179624199867249,0.0,1.6179624199867249
সমানে,0.6178019642829895,0.0,1.6178019642829895
চিত,0.617730587720871,0.0,1.617730587720871
পিট,0.6176948249340057,0.0,1.6176948249340057
ওর৷,0.6175467371940613,0.0,1.6175467371940613
শা,0.648417204618454,0.030927835051546393,1.6174893695669077
খুঁচিয়ে,0.6174051761627197,0.0,1.6174051761627197
চালায়,0.6173549592494965,0.0,1.6173549592494965
গৃহে,0.6172341108322144,0.0,1.6172341108322144
বানিয়ে,0.6172335147857666,0.0,1.6172335147857666
এতক্ষণে,0.6172335147857666,0.0,1.6172335147857666
ভাবছিল,0.6170428693294525,0.0,1.6170428693294525
গুলো,0.6170413792133331,0.0,1.6170413792133331
ঠাদের,0.61696457862854,0.0,1.61696457862854
বাপু,0.6169423162937164,0.0,1.6169423162937164
সন্ধান,0.6270431280136108,0.010101010101010102,1.616942117912601
সামন্ত,0.6169122457504272,0.0,1.6169122457504272
বাড়া,0.616879940032959,0.0,1.616879940032959
থানা,0.6168010234832764,0.0,1.6168010234832764
মজা,0.6268772780895233,0.010101010101010102,1.6167762679885134
মিসেস,0.6167538464069366,0.0,1.6167538464069366
নটি,0.6167346239089966,0.0,1.6167346239089966
মড়া,0.61670982837677,0.0,1.61670982837677
পুরুত,0.6267921924591064,0.010101010101010102,1.6166911823580965
মাইন,0.6166170537471771,0.0,1.6166170537471771
আসবাব,0.6165078282356262,0.0,1.6165078282356262
উপদেশ,0.6164821088314056,0.0,1.6164821088314056
ভক্তি,0.6164781749248505,0.0,1.6164781749248505
সেইজন্যই,0.6164688467979431,0.0,1.6164688467979431
খোল,0.616466224193573,0.0,1.616466224193573
ঐসব,0.6164488196372986,0.0,1.6164488196372986
বেরোয়,0.6163924336433411,0.0,1.616392433643341
জন্তে,0.6163301765918732,0.0,1.6163301765918732
ছুটিয়ে,0.6162558495998383,0.0,1.6162558495998383
পালে,0.6161877512931824,0.0,1.6161877512931824
বিবেকানন্দ,0.6161724030971527,0.0,1.6161724030971527
কেস,0.6161230504512787,0.0,1.6161230504512787
হাতমুখ,0.6161228120326996,0.0,1.6161228120326996
পরাজিত,0.6161057353019714,0.0,1.6161057353019714
কলোনি,0.6160868108272552,0.0,1.6160868108272552
চাস,0.6160429418087006,0.0,1.6160429418087006
চালাবে,0.6160319447517395,0.0,1.6160319447517395
ছাড়লো,0.6159530878067017,0.0,1.6159530878067017
দেখামাত্র,0.6159518659114838,0.0,1.6159518659114838
চিনে,0.6259171962738037,0.010101010101010102,1.6158161861727938
ভাবতে,0.615810364484787,0.0,1.615810364484787
ছেক,0.6157999932765961,0.0,1.615799993276596
বিরোধ,0.6157480776309967,0.0,1.6157480776309967
হাঁ,0.6157204806804657,0.0,1.6157204806804657
আত্মহত্যা,0.6257899701595306,0.010101010101010102,1.6156889600585207
ভাবব,0.6257636845111847,0.010101010101010102,1.6156626744101747
অমন,0.6155696511268616,0.0,1.6155696511268616
উচ্চ,0.615533173084259,0.0,1.615533173084259
কোদাল,0.6154896914958954,0.0,1.6154896914958954
মৃত্যুসংবাদ,0.6154656112194061,0.0,1.6154656112194061
ইন্দ্র,0.6154630780220032,0.0,1.6154630780220032
গাওয়া,0.6154460608959198,0.0,1.6154460608959198
টুক,0.6154123246669769,0.0,1.615412324666977
পার্,0.6154062449932098,0.0,1.6154062449932098
অসন্তোষ,0.6153513491153717,0.0,1.6153513491153717
করেস,0.6152836680412292,0.0,1.6152836680412292
বইতে,0.6152040362358093,0.0,1.6152040362358093
বাঁচে,0.6152019798755646,0.0,1.6152019798755646
মাও,0.6151966154575348,0.0,1.6151966154575348
টুটু,0.6151731014251709,0.0,1.615173101425171
উঠান,0.6151703596115112,0.0,1.6151703596115112
রান্না,0.6151676774024963,0.0,1.6151676774024963
পরিব,0.625240832567215,0.010101010101010102,1.615139822466205
খাইয়ে,0.6151196658611298,0.0,1.6151196658611298
মুশকিল,0.615041971206665,0.0,1.615041971206665
পল্লীর,0.6150030791759491,0.0,1.615003079175949
অবকাশ,0.6149996817111969,0.0,1.614999681711197
তুলনায়,0.6149937808513641,0.0,1.6149937808513641
অনুচিত,0.6149821877479553,0.0,1.6149821877479553
রিভলভ,0.6250431537628174,0.010101010101010102,1.6149421436618074
রুবী,0.6147689819335938,0.0,1.6147689819335938
পারছিল,0.6147526800632477,0.0,1.6147526800632477
জায়গাটায়,0.6145386397838593,0.0,1.6145386397838593
নেয়,0.6145147979259491,0.0,1.614514797925949
খুট,0.6145031154155731,0.0,1.6145031154155731
ফিসফিস,0.6144139170646667,0.0,1.6144139170646667
ওপরেও,0.6143371760845184,0.0,1.6143371760845184
তারে,0.6143002808094025,0.0,1.6143002808094025
বেত,0.6142397820949554,0.0,1.6142397820949554
যাচ্চো,0.6142350435256958,0.0,1.6142350435256958
পেয়েছিল,0.6142342686653137,0.0,1.6142342686653137
হই,0.6142164468765259,0.0,1.6142164468765259
খাঁচা,0.6141896843910217,0.0,1.6141896843910217
পাত্রী,0.6141825020313263,0.0,1.6141825020313263
জমজমাট,0.6141676008701324,0.0,1.6141676008701324
লি,0.614152193069458,0.0,1.614152193069458
ভাজ,0.6140974760055542,0.0,1.6140974760055542
ভালোবাস,0.6140907108783722,0.0,1.6140907108783722
ভাবতাম,0.6140240430831909,0.0,1.614024043083191
অনন্তকাল,0.6140207350254059,0.0,1.6140207350254059
গরীব,0.6139756143093109,0.0,1.613975614309311
অজানা,0.6240522861480713,0.010101010101010102,1.6139512760470613
সেল,0.6138617396354675,0.0,1.6138617396354675
কলসী,0.6138502359390259,0.0,1.6138502359390259
চিন্তায়,0.613845556974411,0.0,1.613845556974411
ঘণ্টাখানেক,0.6138441264629364,0.0,1.6138441264629364
মোড়ে,0.6137658953666687,0.0,1.6137658953666687
বাব,0.6137433648109436,0.0,1.6137433648109436
ওখানক,0.613734096288681,0.0,1.613734096288681
ব্রিজ,0.6137130856513977,0.0,1.6137130856513977
ন্যাড়া,0.613707959651947,0.0,1.613707959651947
রাজী,0.613706648349762,0.0,1.613706648349762
নজরে,0.6137047410011292,0.0,1.6137047410011292
দাড়ান,0.613630622625351,0.0,1.613630622625351
ম্যাজিক,0.6136256456375122,0.0,1.6136256456375122
পাঠিয়,0.6237092912197113,0.010101010101010102,1.6136082811187014
চাপে,0.6135919392108917,0.0,1.6135919392108917
সেজন্য,0.6135655343532562,0.0,1.6135655343532562
নেইই,0.6135570704936981,0.0,1.6135570704936981
যাত্,0.6135169267654419,0.0,1.613516926765442
কিম্বা,0.6134849488735199,0.0,1.61348494887352
বাক্য,0.6234928071498871,0.010101010101010102,1.6133917970488771
নেই৷,0.6234827935695648,0.010101010101010102,1.6133817834685549
রয়েছে৷,0.6133195161819458,0.0,1.6133195161819458
মধু,0.6133168041706085,0.0,1.6133168041706085
বাচব,0.6132433116436005,0.0,1.6132433116436005
দিনকাল,0.6132346987724304,0.0,1.6132346987724304
ওহে,0.6131921708583832,0.0,1.6131921708583832
অঙ্ক,0.6131151020526886,0.0,1.6131151020526886
কবির,0.6130872964859009,0.0,1.6130872964859009
ধরুন,0.6231714487075806,0.010101010101010102,1.6130704386065706
পৌঁ,0.6130671799182892,0.0,1.6130671799182892
স্বর্গে,0.6129969954490662,0.0,1.6129969954490662
কুশল,0.6129941344261169,0.0,1.612994134426117
বুঝলুম,0.6129322350025177,0.0,1.6129322350025177
দুবছর,0.6128955185413361,0.0,1.612895518541336
আমেরিকা,0.6128623187541962,0.0,1.6128623187541962
মোড়া,0.6128024160861969,0.0,1.612802416086197
সমাবেশ,0.612797737121582,0.0,1.612797737121582
খোঁড়া,0.6126669347286224,0.0,1.6126669347286224
প্রার্থনার,0.6125963926315308,0.0,1.6125963926315308
সিংহ,0.6125788688659668,0.0,1.6125788688659668
পাঠানো,0.6125508546829224,0.0,1.6125508546829224
দায়ে,0.6125374436378479,0.0,1.612537443637848
এককালে,0.6124818921089172,0.0,1.6124818921089172
মহানন্দে,0.6124723255634308,0.0,1.6124723255634308
টাইমে,0.6124175488948822,0.0,1.6124175488948822
লিজ,0.6124115884304047,0.0,1.6124115884304047
আটকানো,0.6123758256435394,0.0,1.6123758256435394
সেইসব,0.6122700572013855,0.0,1.6122700572013855
ডিগবাজি,0.6122572124004364,0.0,1.6122572124004364
আদৌ,0.6121898889541626,0.0,1.6121898889541626
খানসামা,0.612179696559906,0.0,1.612179696559906
ফুরিয়ে,0.6120686233043671,0.0,1.612068623304367
উঠলে,0.6120540797710419,0.0,1.6120540797710419
কথামত,0.6120429635047913,0.0,1.6120429635047913
নাসে,0.6118582785129547,0.0,1.6118582785129547
ইংরেজের,0.6118396520614624,0.0,1.6118396520614624
বিদ্রোহ,0.6117960810661316,0.0,1.6117960810661316
এইসব,0.611744225025177,0.0,1.611744225025177
উড়িয়ে,0.6117073893547058,0.0,1.6117073893547058
মারফত,0.6116896569728851,0.0,1.6116896569728851
রাজ্যে,0.611662894487381,0.0,1.611662894487381
প্রিন্স,0.6116600334644318,0.0,1.6116600334644318
সেকেলে,0.6116444170475006,0.0,1.6116444170475006
যোগাযোগ,0.6116347908973694,0.0,1.6116347908973694
মে,0.6115958988666534,0.0,1.6115958988666534
দাঙ্গা,0.6115952134132385,0.0,1.6115952134132385
থিয়েটারের,0.611579179763794,0.0,1.611579179763794
আমাকে,0.6115016937255859,0.0,1.611501693725586
জীপ,0.6113858222961426,0.0,1.6113858222961426
তাল,0.6113546788692474,0.0,1.6113546788692474
সাধ,0.6112904846668243,0.0,1.6112904846668243
ফারাক,0.6112342476844788,0.0,1.6112342476844788
চেতন,0.6111114323139191,0.0,1.611111432313919
জনে,0.6109996736049652,0.0,1.6109996736049652
দরাজ,0.6109826266765594,0.0,1.6109826266765594
বিন্দু,0.6109724342823029,0.0,1.6109724342823029
কৈফিয়ত,0.6109605431556702,0.0,1.6109605431556702
লাইট,0.610942155122757,0.0,1.610942155122757
সন্ধেবেলা,0.6109328866004944,0.0,1.6109328866004944
ঝুড়ি,0.6109295785427094,0.0,1.6109295785427094
নিখিল,0.6108798384666443,0.0,1.6108798384666443
তাস,0.6108481585979462,0.0,1.6108481585979462
বু,0.62094846367836,0.010101010101010102,1.61084745357735
বিরক্ত,0.6108208894729614,0.0,1.6108208894729614
ডিউ,0.6107196509838104,0.0,1.6107196509838104
আশ,0.6105903685092926,0.0,1.6105903685092926
ঠেকা,0.610499769449234,0.0,1.610499769449234
নিয়তি,0.6104194223880768,0.0,1.6104194223880768
আদেশের,0.6104092597961426,0.0,1.6104092597961426
জড়ো,0.6104057133197784,0.0,1.6104057133197784
বিশ্ময়ে,0.6103657484054565,0.0,1.6103657484054565
এম,0.610226184129715,0.0,1.610226184129715
বায়,0.6203013062477112,0.010101010101010102,1.6102002961467012
আলোচনা,0.6101588606834412,0.0,1.6101588606834412
অসুবিধে,0.6101281046867371,0.0,1.610128104686737
দিয়েছে৷,0.6101001501083374,0.0,1.6101001501083374
বীজ,0.6100504100322723,0.0,1.6100504100322723
গিরি,0.6099995374679565,0.0,1.6099995374679565
বোন,0.6099655032157898,0.0,1.6099655032157898
মাফ,0.6099076271057129,0.0,1.609907627105713
চল্পিশ,0.6098418831825256,0.0,1.6098418831825256
অস্ত্র,0.6097878515720367,0.0,1.6097878515720367
অবত,0.6097210943698883,0.0,1.6097210943698883
সুস্থ,0.6097120642662048,0.0,1.6097120642662048
ঠাক,0.6096936464309692,0.0,1.6096936464309692
অসম্ভব,0.6197872459888458,0.010101010101010102,1.6096862358878359
দায়ী,0.6096517145633698,0.0,1.6096517145633698
দশা,0.6096505224704742,0.0,1.6096505224704742
খাছ,0.6096258461475372,0.0,1.6096258461475372
ওজন,0.6197151839733124,0.010101010101010102,1.6096141738723024
মাঝি,0.6095872819423676,0.0,1.6095872819423676
সুহাসিনী,0.6095181107521057,0.0,1.6095181107521057
এরি,0.609420120716095,0.0,1.609420120716095
সুরাহা,0.6094085574150085,0.0,1.6094085574150085
সম্মান,0.6194392740726471,0.010101010101010102,1.6093382639716372
মালা,0.6194296777248383,0.010101010101010102,1.6093286676238283
প্রাণপণে,0.6092608571052551,0.0,1.6092608571052551
যাস,0.6091737747192383,0.0,1.6091737747192383
উপক্রম,0.609172910451889,0.0,1.609172910451889
অভ্যর্থনা,0.6090701818466187,0.0,1.6090701818466187
সেদি,0.6191574037075043,0.010101010101010102,1.6090563936064943
হুজুগে,0.6090555191040039,0.0,1.609055519104004
ত্রাস,0.6090095043182373,0.0,1.6090095043182373
গঙ্গাজল,0.6089749038219452,0.0,1.6089749038219452
বাঁধা,0.6089594066143036,0.0,1.6089594066143036
যেন৷,0.6088868379592896,0.0,1.6088868379592896
মধুদা,0.6088716387748718,0.0,1.6088716387748718
জুল,0.6087814569473267,0.0,1.6087814569473267
সবকিছু,0.6087437868118286,0.0,1.6087437868118286
হোক্‌,0.6087322533130646,0.0,1.6087322533130646
আঁচ,0.6086560189723969,0.0,1.6086560189723969
কাঁচা,0.608584463596344,0.0,1.608584463596344
খানা,0.6085733473300934,0.0,1.6085733473300934
ভাষণ,0.6083764731884003,0.0,1.6083764731884003
ব্যাটা,0.6083685457706451,0.0,1.6083685457706451
মুখভঙ্গী,0.6083221733570099,0.0,1.6083221733570099
আলগা,0.6083212494850159,0.0,1.6083212494850159
খুঁজ,0.6083015501499176,0.0,1.6083015501499176
জীবন্ত,0.608262687921524,0.0,1.608262687921524
ফাস,0.6082181632518768,0.0,1.6082181632518768
কুয়,0.6082014739513397,0.0,1.6082014739513397
প্রীয়,0.6081199049949646,0.0,1.6081199049949646
ছাড়ল,0.6081025898456573,0.0,1.6081025898456573
জুলুম,0.6080277562141418,0.0,1.6080277562141418
গিয়েছিলে,0.6080088019371033,0.0,1.6080088019371033
লাইক,0.6080036163330078,0.0,1.6080036163330078
চাকর,0.6079423129558563,0.0,1.6079423129558563
আসব,0.6079295873641968,0.0,1.6079295873641968
কানন,0.607926994562149,0.0,1.607926994562149
বিশেষত,0.6079263389110565,0.0,1.6079263389110565
আটচল্লিশ,0.6079186499118805,0.0,1.6079186499118805
দশদিন,0.6078779697418213,0.0,1.6078779697418213
তেল,0.6179676651954651,0.010101010101010102,1.6078666550944551
ইঙ্গিত,0.6078421473503113,0.0,1.6078421473503113
বহুকাল,0.6078316867351532,0.0,1.6078316867351532
মরলে,0.6077873408794403,0.0,1.6077873408794403
একরকম,0.6077260076999664,0.0,1.6077260076999664
দিস,0.6076849699020386,0.0,1.6076849699020386
গ্রীষ্মকালে,0.607671856880188,0.0,1.607671856880188
জন্মে,0.6076073050498962,0.0,1.6076073050498962
চাইছি,0.6075450778007507,0.0,1.6075450778007507
বন্দী,0.6175810992717743,0.010101010101010102,1.6074800891707643
নামক,0.6600804924964905,0.05263157894736842,1.6074489135491221
থুব,0.6073769927024841,0.0,1.6073769927024841
বসানো,0.6174100935459137,0.010101010101010102,1.6073090834449038
ঈগল,0.6072887182235718,0.0,1.6072887182235718
গুটি,0.6072327494621277,0.0,1.6072327494621277
তুলল,0.6072305142879486,0.0,1.6072305142879486
বায়না,0.6071774065494537,0.0,1.6071774065494537
অন্ততঃ,0.6071428656578064,0.0,1.6071428656578064
বিপ্লব,0.6070734858512878,0.0,1.6070734858512878
পড়ে৷,0.6070593297481537,0.0,1.6070593297481537
আঁত,0.6070085763931274,0.0,1.6070085763931274
তুষ,0.6069358885288239,0.0,1.6069358885288239
গালাগা,0.6069317162036896,0.0,1.6069317162036896
দেখিব,0.6068885624408722,0.0,1.6068885624408722
বলুক,0.6068767309188843,0.0,1.6068767309188843
উপমা,0.6067741811275482,0.0,1.6067741811275482
বাড়তি,0.6067235469818115,0.0,1.6067235469818115
অভাব,0.6067222356796265,0.0,1.6067222356796265
জিনিসপত্র,0.606706291437149,0.0,1.606706291437149
বিতাড়িত,0.6067034900188446,0.0,1.6067034900188446
গোয়,0.6066384315490723,0.0,1.6066384315490723
ফাঁক,0.6066070199012756,0.0,1.6066070199012756
ব্যাঙ্ক,0.6065688729286194,0.0,1.6065688729286194
ঘনিষ্ঠ,0.6064581871032715,0.0,1.6064581871032715
চোয়াল,0.606415182352066,0.0,1.606415182352066
ইংরাজ,0.6063846051692963,0.0,1.6063846051692963
চাও,0.606354296207428,0.0,1.606354296207428
বিধবা,0.6063492596149445,0.0,1.6063492596149445
যাচা,0.6164147555828094,0.010101010101010102,1.6063137454817995
গোপালপুর,0.6267142593860626,0.02040816326530612,1.6063060961207565
এটুকু,0.6062039136886597,0.0,1.6062039136886597
থানায়,0.606135904788971,0.0,1.606135904788971
বসেছিল,0.6061289608478546,0.0,1.6061289608478546
বোক,0.6060850918292999,0.0,1.6060850918293
কীতি,0.606063723564148,0.0,1.606063723564148
বক্সিং,0.606025904417038,0.0,1.606025904417038
দেখেছেন,0.6060193181037903,0.0,1.6060193181037903
থাকবে৷,0.6060070097446442,0.0,1.6060070097446442
গঙ্গায়,0.6059752702713013,0.0,1.6059752702713013
সবচে,0.6059284508228302,0.0,1.6059284508228302
ফাঁস,0.6057759523391724,0.0,1.6057759523391724
উদ্ধার,0.6057690680027008,0.0,1.6057690680027008
দুচ,0.605760395526886,0.0,1.605760395526886
হতাশ,0.6057466566562653,0.0,1.6057466566562653
ফেলল,0.6057365834712982,0.0,1.6057365834712982
শেষের,0.6057171821594238,0.0,1.6057171821594238
শূদ্র,0.6057048738002777,0.0,1.6057048738002777
উন্নতি,0.6056749522686005,0.0,1.6056749522686005
আক্রমণ,0.615739643573761,0.010101010101010102,1.605638633472751
গুণ,0.625999927520752,0.02040816326530612,1.6055917642554458
অস্বাভাবিক,0.6055618822574615,0.0,1.6055618822574615
দেখাচ্ছিল,0.6054419875144958,0.0,1.6054419875144958
উপস্থিতি,0.6054151058197021,0.0,1.6054151058197021
বেল,0.6053666174411774,0.0,1.6053666174411774
আশেপাশ,0.6053348183631897,0.0,1.6053348183631897
স্টেজ,0.60533407330513,0.0,1.60533407330513
নিমেষ,0.6053190231323242,0.0,1.6053190231323242
পুরোপুরি,0.6052180528640747,0.0,1.6052180528640747
পড়ুল,0.6052039265632629,0.0,1.605203926563263
করেছে৷,0.6051720678806305,0.0,1.6051720678806305
বেরিয়,0.6051649451255798,0.0,1.6051649451255798
দেখিনি,0.6051508188247681,0.0,1.605150818824768
ঘাঁ,0.6051089763641357,0.0,1.6051089763641357
লাগি,0.6051023006439209,0.0,1.605102300643921
জিম,0.6051010191440582,0.0,1.6051010191440582
স্মরণে,0.6050171852111816,0.0,1.6050171852111816
নির্দিষ্ট,0.6049851477146149,0.0,1.6049851477146149
অজিত,0.6049759984016418,0.0,1.6049759984016418
পারতেন,0.6049726605415344,0.0,1.6049726605415344
নয়নে,0.6049340963363647,0.0,1.6049340963363647
তিনচারটে,0.6049275100231171,0.0,1.604927510023117
হনুমান,0.6047852039337158,0.0,1.6047852039337158
শিখ,0.6047788560390472,0.0,1.6047788560390472
দেহের,0.6047320365905762,0.0,1.6047320365905762
দিতাম,0.604726254940033,0.0,1.604726254940033
সাইকেল,0.6046831011772156,0.0,1.6046831011772156
ছায়,0.6045923829078674,0.0,1.6045923829078674
আশ্রমে,0.6045914888381958,0.0,1.6045914888381958
গেছে৷,0.6045910120010376,0.0,1.6045910120010376
নাড়াচাড়া,0.6045633256435394,0.0,1.6045633256435394
বাবুর,0.6045194566249847,0.0,1.6045194566249847
পিসে,0.6045158505439758,0.0,1.6045158505439758
গুপি,0.6044750213623047,0.0,1.6044750213623047
তোলব,0.6044707298278809,0.0,1.6044707298278809
চলা,0.6044508814811707,0.0,1.6044508814811707
কোথে,0.6044422388076782,0.0,1.6044422388076782
বোম,0.6247941851615906,0.02040816326530612,1.6043860218962844
ভোল,0.6043756008148193,0.0,1.6043756008148193
বুড়ী,0.6043041944503784,0.0,1.6043041944503784
ঢুকলো,0.6042828559875488,0.0,1.6042828559875488
কাঁপা,0.604266494512558,0.0,1.604266494512558
ইংরাজি,0.6042608618736267,0.0,1.6042608618736267
সেলা,0.604173332452774,0.0,1.604173332452774
শাল,0.614191085100174,0.010101010101010102,1.604090074999164
খাচ্ছিল,0.6040672957897186,0.0,1.6040672957897186
ওভাবে,0.604064017534256,0.0,1.604064017534256
থেকে৷,0.6040335297584534,0.0,1.6040335297584534
দিদিমণি,0.604001373052597,0.0,1.604001373052597
হানি,0.6141005158424377,0.010101010101010102,1.6039995057414278
ঝুক,0.6039750576019287,0.0,1.6039750576019287
পার্বতী,0.6039104163646698,0.0,1.6039104163646698
রাখি,0.6038580536842346,0.0,1.6038580536842346
প্রফেসর,0.603825718164444,0.0,1.603825718164444
পুজো,0.603796511888504,0.0,1.603796511888504
সই,0.6037403047084808,0.0,1.6037403047084808
নেয়,0.6037173867225647,0.0,1.6037173867225647
মাহষ,0.6036921739578247,0.0,1.6036921739578247
নন্দী,0.6137343943119049,0.010101010101010102,1.603633384210895
সমানভাবে,0.6036123931407928,0.0,1.6036123931407928
নাও,0.603553056716919,0.0,1.603553056716919
হানা,0.6034518182277679,0.0,1.603451818227768
উৎসব,0.6034055948257446,0.0,1.6034055948257446
এখান,0.6034030914306641,0.0,1.603403091430664
আকারে,0.6033230721950531,0.0,1.603323072195053
সহােদর,0.6032742261886597,0.0,1.6032742261886597
প্রতিম,0.603249579668045,0.0,1.603249579668045
পিপড়,0.6032125055789948,0.0,1.6032125055789948
ইশারা,0.6032103002071381,0.0,1.603210300207138
পপি,0.6031962335109711,0.0,1.603196233510971
কুমীর,0.6031907498836517,0.0,1.6031907498836517
লোকালয়ে,0.6031651198863983,0.0,1.6031651198863983
আবিষ্ক,0.6031455993652344,0.0,1.6031455993652344
দেখাবে,0.6030712127685547,0.0,1.6030712127685547
আজকালক,0.6030496954917908,0.0,1.6030496954917908
ঘুমা,0.6029874682426453,0.0,1.6029874682426453
প্রকাণ্ড,0.6130857467651367,0.010101010101010102,1.6029847366641268
ছোটবাবুর,0.6029692888259888,0.0,1.6029692888259888
বেশিরভাগ,0.6029211580753326,0.0,1.6029211580753326
মৌন,0.6028367877006531,0.0,1.602836787700653
কাস্ত,0.6027849316596985,0.0,1.6027849316596985
নানান,0.6027282178401947,0.0,1.6027282178401947
গোমাংস,0.6027051210403442,0.0,1.6027051210403442
এক্ষেত্রে,0.6026925146579742,0.0,1.6026925146579742
ইনি,0.6026671230792999,0.0,1.6026671230793
ফাসি,0.6026375889778137,0.0,1.6026375889778137
দিয়েছিলো,0.6026266515254974,0.0,1.6026266515254974
কিস্তু,0.602615475654602,0.0,1.602615475654602
টিক,0.6025720536708832,0.0,1.6025720536708832
পাচ্ছি৷,0.6025699377059937,0.0,1.6025699377059937
দুটে৷,0.6025471389293671,0.0,1.602547138929367
বাড,0.6025249361991882,0.0,1.6025249361991882
খুশি,0.6025197803974152,0.0,1.6025197803974152
চারটে,0.6024868488311768,0.0,1.6024868488311768
বিরক্তির,0.6024807989597321,0.0,1.602480798959732
উঁচিয়ে,0.6024805307388306,0.0,1.6024805307388306
অভিনয়,0.6125527024269104,0.010101010101010102,1.6024516923259005
থাকে৷,0.602446049451828,0.0,1.602446049451828
ষায়,0.6023924946784973,0.0,1.6023924946784973
ঘেঁষ,0.6023709177970886,0.0,1.6023709177970886
মজুরি,0.6023216545581818,0.0,1.6023216545581818
অশোক,0.602320522069931,0.0,1.602320522069931
কিলে,0.6022869050502777,0.0,1.6022869050502777
দেখাশোনা,0.6022790670394897,0.0,1.6022790670394897
ভাগাভাগি,0.6022005379199982,0.0,1.6022005379199982
নিযুক্ত,0.6021603345870972,0.0,1.6021603345870972
অস্ত,0.6021540462970734,0.0,1.6021540462970734
ফিল্ড,0.6021372079849243,0.0,1.6021372079849243
উল্টোদি,0.6021179854869843,0.0,1.6021179854869843
গুটিয়ে,0.6121883988380432,0.010101010101010102,1.6020873887370333
জড়ালে,0.6020660996437073,0.0,1.6020660996437073
ইত্যাদির,0.6019984781742096,0.0,1.6019984781742096
চেষ্ট,0.6019644737243652,0.0,1.6019644737243652
অলৌকিক,0.6019580960273743,0.0,1.6019580960273743
অচেনা,0.6019119024276733,0.0,1.6019119024276733
ভিন্ন,0.6018568873405457,0.0,1.6018568873405457
থালি,0.6018563807010651,0.0,1.601856380701065
দিদিমা,0.6018437147140503,0.0,1.6018437147140503
চেয়েছিল,0.6017982959747314,0.0,1.6017982959747314
এইটাই,0.6017633080482483,0.0,1.6017633080482483
চূড়ান্ত,0.6017452776432037,0.0,1.6017452776432037
ঘোরাঘুরি,0.601691335439682,0.0,1.601691335439682
দেখবে,0.601690948009491,0.0,1.601690948009491
পয়সায়,0.6117514967918396,0.010101010101010102,1.6016504866908297
চালাচ্ছিল,0.6016465723514557,0.0,1.6016465723514557
সম্বোধন,0.6016002297401428,0.0,1.6016002297401428
সহজভাবে,0.601592481136322,0.0,1.601592481136322
জমানো,0.6015452742576599,0.0,1.60154527425766
দুজনকে,0.6014910340309143,0.0,1.6014910340309143
উৎপাদন,0.6115725636482239,0.010101010101010102,1.601471553547214
ভোট,0.6014653742313385,0.0,1.6014653742313385
দোকানপাট,0.6014576256275177,0.0,1.6014576256275177
খাবারের,0.6014228463172913,0.0,1.6014228463172913
নামল,0.6114149391651154,0.010101010101010102,1.6013139290641054
লাগলে৷,0.6012997329235077,0.0,1.6012997329235077
বেয়নেট,0.6012560725212097,0.0,1.6012560725212097
নিভৃ,0.6012541949748993,0.0,1.6012541949748993
মাইকেল,0.6012296378612518,0.0,1.6012296378612518
বডি,0.6111977994441986,0.010101010101010102,1.6010967893431887
নৌকায়,0.6111970245838165,0.010101010101010102,1.6010960144828066
আরোহী,0.6010710895061493,0.0,1.6010710895061493
অনুসারে,0.6010334193706512,0.0,1.6010334193706512
হাটা,0.6010278165340424,0.0,1.6010278165340424
বেরো,0.6009340584278107,0.0,1.6009340584278107
গ্রাস,0.6009142100811005,0.0,1.6009142100811005
বনবাস,0.6009094417095184,0.0,1.6009094417095184
উভয়,0.6008383631706238,0.0,1.6008383631706238
ভেবেছিল,0.6008105576038361,0.0,1.600810557603836
উত্তেজনায়,0.6007798910140991,0.0,1.6007798910140991
রেশ,0.6006254553794861,0.0,1.600625455379486
দোলায়,0.6005870997905731,0.0,1.6005870997905731
মাইনর,0.6004385054111481,0.0,1.600438505411148
বিস্মিত,0.6004220247268677,0.0,1.6004220247268677
ক্লাবে,0.6004077792167664,0.0,1.6004077792167664
কোচ,0.6003994643688202,0.0,1.6003994643688202
শাট,0.6104938983917236,0.010101010101010102,1.6003928882907137
প্রাণী,0.6003869473934174,0.0,1.6003869473934174
দুঃখকষ্ট,0.6003728806972504,0.0,1.6003728806972504
ঝাঁপ,0.6003102958202362,0.0,1.6003102958202362
হাম,0.6003081202507019,0.0,1.600308120250702
কদিন,0.6002900004386902,0.0,1.6002900004386902
দরবারে,0.6002476513385773,0.0,1.6002476513385773
কাপে,0.6002281606197357,0.0,1.6002281606197357
সাধারণত,0.6001543402671814,0.0,1.6001543402671814
পাণয়া,0.6001062393188477,0.0,1.6001062393188477
কড়া,0.6000969707965851,0.0,1.600096970796585
জানাবে,0.6000627279281616,0.0,1.6000627279281616
পাটি,0.5999934375286102,0.0,1.5999934375286102
নাড়ি,0.5999870598316193,0.0,1.5999870598316193
কিছুর,0.5999494791030884,0.0,1.5999494791030884
ছজনে,0.5999142825603485,0.0,1.5999142825603485
পেছনদি,0.5998876094818115,0.0,1.5998876094818115
লিখা,0.5998583137989044,0.0,1.5998583137989044
ফলা,0.5998496413230896,0.0,1.5998496413230896
জায়গ,0.599831759929657,0.0,1.599831759929657
ছেলেবেলায়,0.5998263657093048,0.0,1.5998263657093048
প্রতিনিয়ত,0.5997820496559143,0.0,1.5997820496559143
হাটুর,0.5997753441333771,0.0,1.599775344133377
ছাদের,0.6306688785552979,0.030927835051546393,1.5997410435037516
সপ্তাহ,0.5997324883937836,0.0,1.5997324883937836
অথব,0.5997277796268463,0.0,1.5997277796268463
দিযে,0.5996946692466736,0.0,1.5996946692466736
লাগানো,0.599641740322113,0.0,1.599641740322113
লাখ,0.5995833575725555,0.0,1.5995833575725555
বেজায়,0.5995660126209259,0.0,1.599566012620926
নবাগত,0.5995535552501678,0.0,1.5995535552501678
ছটা,0.599552720785141,0.0,1.599552720785141
ডামবার্টন,0.5995449423789978,0.0,1.5995449423789978
উত্তেজনা,0.5994960367679596,0.0,1.5994960367679596
দাঁত,0.5994543731212616,0.0,1.5994543731212616
মিচে,0.5994182527065277,0.0,1.5994182527065277
সেট,0.6095047891139984,0.010101010101010102,1.5994037790129885
শান্তির,0.5993703901767731,0.0,1.599370390176773
রাতে,0.5993658006191254,0.0,1.5993658006191254
ছেলেবেলার,0.609460860490799,0.010101010101010102,1.599359850389789
তারপরে,0.609454333782196,0.010101010101010102,1.599353323681186
স্বস্তি,0.5993260145187378,0.0,1.5993260145187378
যায়নি,0.5993171334266663,0.0,1.5993171334266663
মধো,0.599312424659729,0.0,1.599312424659729
রাই,0.5992915034294128,0.0,1.5992915034294128
হৃদয়ে,0.6093626618385315,0.010101010101010102,1.5992616517375216
দৌল,0.5992370545864105,0.0,1.5992370545864105
পড়তাম,0.5991423726081848,0.0,1.5991423726081848
এন,0.5991407036781311,0.0,1.599140703678131
পীড়াপীড়ি,0.5991131067276001,0.0,1.5991131067276
শুধা,0.5990509986877441,0.0,1.5990509986877441
আক্ষেপের,0.5990340411663055,0.0,1.5990340411663055
ছেলেমেয়ে,0.599016398191452,0.0,1.599016398191452
চিৎকারে,0.5989420711994171,0.0,1.5989420711994171
উপলক্ষ,0.5989182889461517,0.0,1.5989182889461517
একমত,0.59891676902771,0.0,1.59891676902771
দায়,0.5988094508647919,0.0,1.5988094508647919
গিয়েছি,0.5987869501113892,0.0,1.5987869501113892
আশা,0.598775714635849,0.0,1.598775714635849
উত্তপ্ত,0.5987532734870911,0.0,1.598753273487091
বনি,0.5987442433834076,0.0,1.5987442433834076
রেল,0.5986721813678741,0.0,1.5986721813678741
দাদাভা,0.5986384451389313,0.0,1.5986384451389313
রেওয়াজ,0.5986348390579224,0.0,1.5986348390579224
ট্রাস্ট,0.598564624786377,0.0,1.598564624786377
সংলাপ,0.5985628664493561,0.0,1.598562866449356
সুখদুঃখ,0.5985464155673981,0.0,1.598546415567398
ওদিকক,0.598484605550766,0.0,1.598484605550766
নানারকম,0.5984655618667603,0.0,1.5984655618667603
আগুনে,0.6085484325885773,0.010101010101010102,1.5984474224875673
দেড়,0.5983629822731018,0.0,1.5983629822731018
পিছিয়ে,0.6084117889404297,0.010101010101010102,1.5983107788394197
পাওয়,0.5982649624347687,0.0,1.5982649624347687
পেশা,0.5982552468776703,0.0,1.5982552468776703
লালু,0.5982207655906677,0.0,1.5982207655906677
নারকীয়,0.5982018709182739,0.0,1.598201870918274
সৈনিক,0.5981834530830383,0.0,1.5981834530830383
ভেজাল,0.59818035364151,0.0,1.59818035364151
ফেলবে,0.5981408655643463,0.0,1.5981408655643463
করেছিলে,0.5980750918388367,0.0,1.5980750918388367
চেচিয়ে,0.5979325473308563,0.0,1.5979325473308563
ছুব,0.5979255139827728,0.0,1.5979255139827728
দিয়েছি,0.5979222357273102,0.0,1.5979222357273102
নীচু,0.5979093909263611,0.0,1.597909390926361
সুস্থির,0.5978494584560394,0.0,1.5978494584560394
রুগীর,0.5978412628173828,0.0,1.5978412628173828
দানা,0.5978269875049591,0.0,1.597826987504959
অনেককে,0.5977098047733307,0.0,1.5977098047733307
যাতায়াত,0.5976090133190155,0.0,1.5976090133190155
আজ্ঞে,0.5975968539714813,0.0,1.5975968539714813
ধরবে,0.5975887179374695,0.0,1.5975887179374695
ওটাকে,0.5975602567195892,0.0,1.5975602567195892
নিয়েছি,0.5975092053413391,0.0,1.5975092053413391
চিত্ত,0.5974493324756622,0.0,1.5974493324756622
অপরাধে,0.5974344313144684,0.0,1.5974344313144684
থেল,0.5973658859729767,0.0,1.5973658859729767
পেয়েছি,0.5973554849624634,0.0,1.5973554849624634
কুচ,0.5973131954669952,0.0,1.5973131954669952
সংক্ষিপ্ত,0.5972524285316467,0.0,1.5972524285316467
উৎপাত,0.5972261130809784,0.0,1.5972261130809784
খেয়,0.6073174774646759,0.010101010101010102,1.597216467363666
কুমির,0.5971430242061615,0.0,1.5971430242061615
দেশপ্রেমিক,0.5970698297023773,0.0,1.5970698297023773
ভাঙা,0.5970610976219177,0.0,1.5970610976219177
হতাম,0.5970101952552795,0.0,1.5970101952552795
বৌ,0.5969782471656799,0.0,1.59697824716568
বিস্ত,0.6070623695850372,0.010101010101010102,1.5969613594840273
রাজ,0.5969595909118652,0.0,1.5969595909118652
চলি,0.5968623161315918,0.0,1.5968623161315918
বাট,0.6069632470607758,0.010101010101010102,1.5968622369597658
প্রুফ,0.596855491399765,0.0,1.596855491399765
লুকানো,0.5968484282493591,0.0,1.5968484282493591
আটা,0.5968275964260101,0.0,1.5968275964260101
ছুটলো,0.5968135595321655,0.0,1.5968135595321655
অন,0.5968126058578491,0.0,1.5968126058578491
উদ,0.5967420637607574,0.0,1.5967420637607574
পাচজন,0.5967212021350861,0.0,1.596721202135086
অত্যাচারী,0.5966793596744537,0.0,1.5966793596744537
আসছিল,0.5966551899909973,0.0,1.5966551899909973
একরাশ,0.5966105163097382,0.0,1.5966105163097382
পুলকিত,0.5965461134910583,0.0,1.5965461134910583
অভয়,0.5965350866317749,0.0,1.596535086631775
অগ্রসর,0.59650519490242,0.0,1.59650519490242
কাঞ্জ,0.5963569283485413,0.0,1.5963569283485413
মানায়,0.5963347852230072,0.0,1.5963347852230072
মিন,0.5962305665016174,0.0,1.5962305665016174
কাধে,0.596154659986496,0.0,1.596154659986496
পাঠালো,0.5961475968360901,0.0,1.59614759683609
আগন্তক,0.5960582494735718,0.0,1.5960582494735718
বদনাম,0.5960326790809631,0.0,1.5960326790809631
ইেট,0.5959643125534058,0.0,1.5959643125534058
পরিষ্ক,0.5959456861019135,0.0,1.5959456861019135
দিচ্ছি,0.5959455668926239,0.0,1.595945566892624
খাওয়,0.5959380567073822,0.0,1.5959380567073822
শৈল,0.595922976732254,0.0,1.595922976732254
এতোদিন,0.5958967506885529,0.0,1.5958967506885529
বুলু,0.5958780944347382,0.0,1.5958780944347382
বীর,0.5958598852157593,0.0,1.5958598852157593
শালিখ,0.5958072245121002,0.0,1.5958072245121002
শিবনাথ,0.595755010843277,0.0,1.595755010843277
সঙ্গতি,0.5957335233688354,0.0,1.5957335233688354
পর্যায়,0.5957287549972534,0.0,1.5957287549972534
কোম্পানির,0.5957215130329132,0.0,1.5957215130329132
ক্ষমা,0.5957197844982147,0.0,1.5957197844982147
ছুজনে,0.5956961512565613,0.0,1.5956961512565613
শুনেছেন,0.605781227350235,0.010101010101010102,1.595680217249225
ফাঁ,0.5956407785415649,0.0,1.595640778541565
মাঝখান,0.5956337153911591,0.0,1.595633715391159
পোড়ে,0.5955922603607178,0.0,1.5955922603607178
নগরীর,0.5955765843391418,0.0,1.5955765843391418
গোনা,0.5955633521080017,0.0,1.5955633521080017
ছু,0.5954973101615906,0.0,1.5954973101615906
ময়না,0.5954028069972992,0.0,1.5954028069972992
প্রত্যক্ষদশী,0.6054999828338623,0.010101010101010102,1.5953989727328524
কোমল,0.5953850150108337,0.0,1.5953850150108337
লাগাল,0.5953828692436218,0.0,1.5953828692436218
জাতির,0.5953765213489532,0.0,1.5953765213489532
ছুত,0.5953763127326965,0.0,1.5953763127326965
শয্যায়,0.6054543554782867,0.010101010101010102,1.5953533453772768
ডাকে,0.5953386127948761,0.0,1.595338612794876
রবিব,0.6054138243198395,0.010101010101010102,1.5953128142188295
আমেরিকার,0.5952531695365906,0.0,1.5952531695365906
অন্তরালে,0.5952390432357788,0.0,1.5952390432357788
পরিত্যাগ,0.5951752066612244,0.0,1.5951752066612244
শাখ,0.6052245497703552,0.010101010101010102,1.5951235396693453
হইলো,0.5951183140277863,0.0,1.5951183140277863
বুঝুক,0.5950843989849091,0.0,1.595084398984909
আমরা,0.6051096320152283,0.010101010101010102,1.5950086219142183
উঠব,0.5949909090995789,0.0,1.5949909090995789
উঠত,0.5949787497520447,0.0,1.5949787497520447
যুক্তি,0.6050262749195099,0.010101010101010102,1.5949252648185
ঢলে,0.5948053896427155,0.0,1.5948053896427155
বাচা,0.5947912335395813,0.0,1.5947912335395813
অসময়ে,0.594784140586853,0.0,1.594784140586853
এগ,0.5946745574474335,0.0,1.5946745574474335
পশ্চিম,0.6047446131706238,0.010101010101010102,1.5946436030696138
জিগ্যেস,0.5946196913719177,0.0,1.5946196913719177
বাসায়,0.5946076512336731,0.0,1.594607651233673
সমাপ্ত,0.5945931077003479,0.0,1.594593107700348
পাশাপাশি,0.6046710312366486,0.010101010101010102,1.5945700211356386
ওষুধপত্র,0.5944801867008209,0.0,1.594480186700821
তামাম,0.5944243669509888,0.0,1.5944243669509888
ডাকাত,0.6045211255550385,0.010101010101010102,1.5944201154540285
অত্যন্ত,0.604507565498352,0.010101010101010102,1.594406555397342
যাওয়াও,0.5943819284439087,0.0,1.5943819284439087
বামন,0.5943724513053894,0.0,1.5943724513053894
পাঠক,0.5943690836429596,0.0,1.5943690836429596
নিন্দা,0.594343900680542,0.0,1.594343900680542
ব্যারাম,0.5943135321140289,0.0,1.594313532114029
সেইরকম,0.5943109691143036,0.0,1.5943109691143036
প্রতিমা,0.5942544341087341,0.0,1.5942544341087341
ব্যাটে,0.5942489504814148,0.0,1.5942489504814148
আসতে,0.5942443907260895,0.0,1.5942443907260895
হাটু,0.5942414999008179,0.0,1.5942414999008179
নেশায়,0.5941997766494751,0.0,1.594199776649475
দুচারটে,0.5941856503486633,0.0,1.5941856503486633
কীট,0.5941676497459412,0.0,1.5941676497459412
সন্দেহের,0.5941674113273621,0.0,1.594167411327362
আপত্তি,0.5941500961780548,0.0,1.5941500961780548
বুদ্ধ,0.5940545201301575,0.0,1.5940545201301575
ছোটখাটো,0.5939671099185944,0.0,1.5939671099185944
মৃদুস্বরে,0.5939165949821472,0.0,1.5939165949821472
বিন্দুর,0.5938565731048584,0.0,1.5938565731048584
দিয়ো,0.5937845706939697,0.0,1.5937845706939697
ওমা,0.5937826037406921,0.0,1.5937826037406921
নিয়া,0.6038334667682648,0.010101010101010102,1.5937324566672548
ফন্দি,0.59372678399086,0.0,1.59372678399086
ধারায়,0.5936861038208008,0.0,1.5936861038208008
ক্ষান্ত,0.5936422348022461,0.0,1.593642234802246
আনন্,0.593637079000473,0.0,1.593637079000473
ধরলে,0.5936322808265686,0.0,1.5936322808265686
প্রিয়তম,0.593600869178772,0.0,1.593600869178772
দাগা,0.5935557186603546,0.0,1.5935557186603546
ভবানীপুর,0.5935250222682953,0.0,1.5935250222682953
জিজ্ঞ,0.5934989750385284,0.0,1.5934989750385284
সমবেত,0.5934630036354065,0.0,1.5934630036354065
ভীতি,0.5934605300426483,0.0,1.5934605300426483
শুনল,0.5934581160545349,0.0,1.593458116054535
দুটোর,0.5934250950813293,0.0,1.5934250950813293
সুন্দরবন,0.5933958292007446,0.0,1.5933958292007446
তোরা,0.5933335423469543,0.0,1.5933335423469543
তাকালে,0.5933335423469543,0.0,1.5933335423469543
লেখক,0.5932988822460175,0.0,1.5932988822460175
বিস্তারিত,0.5932784378528595,0.0,1.5932784378528595
পরিবর্,0.593273401260376,0.0,1.593273401260376
আজব,0.593270868062973,0.0,1.593270868062973
চ্যাপ,0.5932641923427582,0.0,1.5932641923427582
নিরাপত্ত,0.5931572318077087,0.0,1.5931572318077087
ঘরবাড়ি,0.5931538045406342,0.0,1.5931538045406342
কো,0.5931458473205566,0.0,1.5931458473205566
কাণ্ড,0.6032042503356934,0.010101010101010102,1.5931032402346834
হুই,0.5930936634540558,0.0,1.5930936634540558
শিকার,0.5930611789226532,0.0,1.5930611789226532
আনানো,0.5930362343788147,0.0,1.5930362343788147
একি,0.5930328965187073,0.0,1.5930328965187073
যাচ্ছি৷,0.5929997265338898,0.0,1.5929997265338898
মালপত্র,0.6030069589614868,0.010101010101010102,1.5929059488604769
সমাধান,0.6029431223869324,0.010101010101010102,1.5928421122859224
লড়াইয়ে,0.5928235352039337,0.0,1.5928235352039337
তিনজনে,0.5927446186542511,0.0,1.592744618654251
মৃদু,0.5926802456378937,0.0,1.5926802456378937
কোথ,0.5925839245319366,0.0,1.5925839245319366
বাগচি,0.592579573392868,0.0,1.592579573392868
অর,0.592510849237442,0.0,1.592510849237442
ভে,0.5924916565418243,0.0,1.5924916565418243
কয়েকখানা,0.5924712121486664,0.0,1.5924712121486664
মতিঝিল,0.5924678146839142,0.0,1.5924678146839142
প্রতীক্ষা,0.5924673974514008,0.0,1.5924673974514008
বললা,0.5924333930015564,0.0,1.5924333930015564
ওরকম,0.5924033522605896,0.0,1.5924033522605896
জুটবে,0.59239262342453,0.0,1.59239262342453
আনা,0.5923663973808289,0.0,1.5923663973808289
রেখো,0.5923501253128052,0.0,1.5923501253128052
শেকড়,0.5923455953598022,0.0,1.5923455953598022
যাচ্ছেতা,0.5922316312789917,0.0,1.5922316312789917
বেআইনি,0.5922214090824127,0.0,1.5922214090824127
মিশ,0.5922061800956726,0.0,1.5922061800956726
কাবাব,0.5921724140644073,0.0,1.5921724140644073
সেইটাই,0.5921687185764313,0.0,1.5921687185764313
নামলে,0.5920929908752441,0.0,1.5920929908752441
ঢুকবে,0.591946005821228,0.0,1.591946005821228
স্থিরতা,0.5919102430343628,0.0,1.5919102430343628
বনানীর,0.5919098258018494,0.0,1.5919098258018494
কাঠাল,0.5918589532375336,0.0,1.5918589532375336
বিবাদ,0.591751754283905,0.0,1.591751754283905
সেইভাবেই,0.5917507708072662,0.0,1.5917507708072662
প্রচুর,0.5917237102985382,0.0,1.5917237102985382
ম্যারাকটু,0.5916919410228729,0.0,1.591691941022873
নিলো,0.5916827023029327,0.0,1.5916827023029327
মুঠোয়,0.5916644930839539,0.0,1.5916644930839539
সাইন,0.5916454493999481,0.0,1.5916454493999481
আমারে,0.6017449498176575,0.010101010101010102,1.5916439397166475
বুল,0.59164097905159,0.0,1.59164097905159
কাটানো,0.591618537902832,0.0,1.591618537902832
বাইবে,0.5915922224521637,0.0,1.5915922224521637
মরীচিকা,0.5915398597717285,0.0,1.5915398597717285
মাসখানেক,0.5914656817913055,0.0,1.5914656817913055
কেরোসিন,0.5914230346679688,0.0,1.5914230346679688
ধোকা,0.5914002060890198,0.0,1.5914002060890198
ছুয়ে,0.591383695602417,0.0,1.591383695602417
বলবে,0.591368705034256,0.0,1.591368705034256
গিজগিজ,0.5913160741329193,0.0,1.5913160741329193
স্বাভাবিক,0.5913039147853851,0.0,1.5913039147853851
কুরে,0.591300755739212,0.0,1.591300755739212
নির্গত,0.5912162363529205,0.0,1.5912162363529205
মুক্ত,0.5911256372928619,0.0,1.591125637292862
প্যাট,0.5910838544368744,0.0,1.5910838544368744
রূপকথ,0.5910381078720093,0.0,1.5910381078720093
ফলো,0.5909495055675507,0.0,1.5909495055675507
আছি৷,0.590939074754715,0.0,1.590939074754715
পাব,0.5908585488796234,0.0,1.5908585488796234
করবে৷,0.5908582210540771,0.0,1.5908582210540771
জুলু,0.590844064950943,0.0,1.590844064950943
তখনো,0.5908416509628296,0.0,1.5908416509628296
চুপচাপ,0.5907540321350098,0.0,1.5907540321350098
ধীর,0.5907075107097626,0.0,1.5907075107097626
তীক্ষ,0.6007382869720459,0.010101010101010102,1.590637276871036
দাঁড়ায়,0.5906144678592682,0.0,1.5906144678592682
হাটব,0.5905839502811432,0.0,1.5905839502811432
দুতিনব,0.5905734300613403,0.0,1.5905734300613403
হিমালয়,0.5905320048332214,0.0,1.5905320048332214
চালান,0.6214572787284851,0.030927835051546393,1.5905294436769388
পরক্ষণে,0.5905147194862366,0.0,1.5905147194862366
পক্ষী,0.5904679298400879,0.0,1.590467929840088
সরাসরি,0.5904628038406372,0.0,1.5904628038406372
রচনা,0.5904399752616882,0.0,1.5904399752616882
ভ্যাবাচ্যাকা,0.59036785364151,0.0,1.59036785364151
যাচ্,0.5903635323047638,0.0,1.5903635323047638
নিশান,0.5903477668762207,0.0,1.5903477668762207
পেতেন,0.5903320908546448,0.0,1.5903320908546448
তীব্র,0.5902990698814392,0.0,1.5902990698814392
মূলে,0.5902612805366516,0.0,1.5902612805366516
আরে৷,0.5902296006679535,0.0,1.5902296006679535
ধরতে,0.5902229249477386,0.0,1.5902229249477386
দেখাসাক্ষাৎ,0.5901651382446289,0.0,1.590165138244629
মায়া,0.5901627540588379,0.0,1.590162754058838
কালক,0.5901313126087189,0.0,1.5901313126087189
অপমান,0.5900825560092926,0.0,1.5900825560092926
কটি,0.5900497138500214,0.0,1.5900497138500214
মশগুল,0.5900428593158722,0.0,1.5900428593158722
পড়লে৷,0.5899287462234497,0.0,1.5899287462234497
করুক,0.5898844003677368,0.0,1.5898844003677368
সুদ্ধ,0.5898778438568115,0.0,1.5898778438568115
পালান,0.5898438692092896,0.0,1.5898438692092896
ভোরবেলা,0.5897458493709564,0.0,1.5897458493709564
নির্যাতন,0.5897364020347595,0.0,1.5897364020347595
রাখাল,0.5897122025489807,0.0,1.5897122025489807
ভান,0.5897041261196136,0.0,1.5897041261196136
সক্রিয়,0.589703381061554,0.0,1.589703381061554
লুকো,0.5896387100219727,0.0,1.5896387100219727
পৌঁছ,0.5895860195159912,0.0,1.5895860195159912
ব্যাপার,0.5895565748214722,0.0,1.5895565748214722
বিলুপ্ত,0.589503139257431,0.0,1.589503139257431
চোঙ,0.589480459690094,0.0,1.589480459690094
ড্রাইভারকে,0.5894708931446075,0.0,1.5894708931446075
শেখা,0.5894553065299988,0.0,1.5894553065299988
অবাধ্য,0.5894407033920288,0.0,1.5894407033920288
জামাইকে,0.5894299447536469,0.0,1.5894299447536469
অভিশাপ,0.5894298255443573,0.0,1.5894298255443573
বেজ,0.5894130170345306,0.0,1.5894130170345306
এলি,0.58934086561203,0.0,1.58934086561203
জলজ্যান্ত,0.5893042087554932,0.0,1.5893042087554932
হবে৷,0.5993689000606537,0.010101010101010102,1.5892678899596437
জটিল,0.5892381072044373,0.0,1.5892381072044373
বক্ষে,0.5892305076122284,0.0,1.5892305076122284
ভোরে,0.589205414056778,0.0,1.589205414056778
পরিদর্শনে,0.5891216397285461,0.0,1.5891216397285461
ফুর্তি,0.5890974998474121,0.0,1.589097499847412
তোমর,0.5890724360942841,0.0,1.589072436094284
ঠাট,0.5890686213970184,0.0,1.5890686213970184
পোস্ট,0.5890373289585114,0.0,1.5890373289585114
ত্রিশ,0.5991377830505371,0.010101010101010102,1.5890367729495272
নাতি,0.589016318321228,0.0,1.589016318321228
গেছিলো,0.5990996956825256,0.010101010101010102,1.5889986855815157
নমুনা,0.5889950394630432,0.0,1.5889950394630432
বিস্তৃত,0.5889890491962433,0.0,1.5889890491962433
এলিয়ে,0.5990189909934998,0.010101010101010102,1.5889179808924898
দিলুম,0.588902622461319,0.0,1.588902622461319
ধনীর,0.5888802111148834,0.0,1.5888802111148834
বোম্বা,0.5989782512187958,0.010101010101010102,1.5888772411177858
রূপকথা,0.5888369679450989,0.0,1.5888369679450989
টিপ,0.5888206362724304,0.0,1.5888206362724304
বেঞ্চ,0.5888100266456604,0.0,1.5888100266456604
ছার,0.5887992978096008,0.0,1.5887992978096008
নিরীহ,0.5887798964977264,0.0,1.5887798964977264
কাকা,0.5887630581855774,0.0,1.5887630581855774
বৃন্দাবন,0.5886704325675964,0.0,1.5886704325675964
ডাকা,0.5885264277458191,0.0,1.588526427745819
আসলে,0.5884996056556702,0.0,1.5884996056556702
ছয়েক,0.5884109139442444,0.0,1.5884109139442444
টাকাপয়সা,0.5884042978286743,0.0,1.5884042978286743
বড়ি,0.5883788168430328,0.0,1.5883788168430328
ভুতুড়ে,0.5883520841598511,0.0,1.588352084159851
সেক্টর,0.5883355140686035,0.0,1.5883355140686035
কাটি,0.58831587433815,0.0,1.58831587433815
নিবেদন,0.5882735252380371,0.0,1.588273525238037
ঠেলা,0.5882672667503357,0.0,1.5882672667503357
অভিভূত,0.5882556140422821,0.0,1.588255614042282
নিন্,0.5882442593574524,0.0,1.5882442593574524
সমীহ,0.5882296860218048,0.0,1.5882296860218048
ব্রিটিশ,0.5881863832473755,0.0,1.5881863832473755
বেড়াত,0.5881179869174957,0.0,1.5881179869174957
চাইছ,0.5881021618843079,0.0,1.5881021618843079
প্রতিবাদ,0.5981720983982086,0.010101010101010102,1.5880710882971987
রীতিম,0.5880691707134247,0.0,1.5880691707134247
এক্ষুণি,0.5880544483661652,0.0,1.5880544483661652
দমে,0.5880464017391205,0.0,1.5880464017391205
মেই,0.5880003571510315,0.0,1.5880003571510315
বিসর্জন,0.5879878401756287,0.0,1.5879878401756287
নাতনী,0.5878596007823944,0.0,1.5878596007823944
জোড়া,0.5877896845340729,0.0,1.5877896845340729
দাড়া,0.5877828598022461,0.0,1.587782859802246
হারানোর,0.5876742005348206,0.0,1.5876742005348206
ঢুকিয়ে,0.5875698328018188,0.0,1.5875698328018188
করুণা,0.5875510275363922,0.0,1.5875510275363922
ঝিনু,0.5976189374923706,0.010101010101010102,1.5875179273913607
চাইল,0.5875160992145538,0.0,1.5875160992145538
প্রাসাদ,0.5874922275543213,0.0,1.5874922275543213
ফেল৷,0.5874408483505249,0.0,1.587440848350525
যৌবন,0.5874285995960236,0.0,1.5874285995960236
শির,0.5873624384403229,0.0,1.5873624384403229
অতিক্রম,0.5873598158359528,0.0,1.5873598158359528
দৈত্য,0.5873461365699768,0.0,1.5873461365699768
প্রহরী,0.5873460173606873,0.0,1.5873460173606873
জানিনে,0.587315171957016,0.0,1.587315171957016
আমন,0.5873020887374878,0.0,1.5873020887374878
ছোটভা,0.5872851312160492,0.0,1.5872851312160492
গেছিল,0.5872421264648438,0.0,1.5872421264648438
পাক,0.587162971496582,0.0,1.587162971496582
মুসলিম,0.587147444486618,0.0,1.587147444486618
কাথা,0.5870671272277832,0.0,1.5870671272277832
নরনারী,0.5870155692100525,0.0,1.5870155692100525
শিক্ষা,0.5869545936584473,0.0,1.5869545936584473
বিশ্রাম,0.5869384407997131,0.0,1.5869384407997131
সর্বোপরি,0.58688023686409,0.0,1.58688023686409
মশায়,0.5868797302246094,0.0,1.5868797302246094
সংকেত,0.5868559777736664,0.0,1.5868559777736664
টেলিগ্রাম,0.5868315696716309,0.0,1.5868315696716309
বাক্স,0.5969032347202301,0.010101010101010102,1.5868022246192202
আনব,0.5867742300033569,0.0,1.586774230003357
দেখে৷,0.5867511928081512,0.0,1.5867511928081512
মিল,0.5867239236831665,0.0,1.5867239236831665
সাজে,0.5867234468460083,0.0,1.5867234468460083
তাবু,0.5867151319980621,0.0,1.5867151319980621
হইল,0.617564469575882,0.030927835051546393,1.5866366345243357
নান,0.5866221785545349,0.0,1.586622178554535
রেড,0.5865965783596039,0.0,1.5865965783596039
লাফ,0.5864642262458801,0.0,1.5864642262458801
পাচা,0.5864544212818146,0.0,1.5864544212818146
এপ্রিল,0.5864289999008179,0.0,1.5864289999008179
গাঝাড়া,0.5863994657993317,0.0,1.5863994657993317
নাত,0.5863203406333923,0.0,1.5863203406333923
অন্তরে,0.5861942768096924,0.0,1.5861942768096924
কোনে,0.5861300528049469,0.0,1.586130052804947
আলাপ,0.5861053764820099,0.0,1.5861053764820099
লোকমুখে,0.5860438942909241,0.0,1.586043894290924
পালায়,0.5859973430633545,0.0,1.5859973430633545
বরাদ্দ,0.5859872996807098,0.0,1.5859872996807098
পরিস্থিতির,0.5859571397304535,0.0,1.5859571397304535
তোকে,0.5960184335708618,0.010101010101010102,1.5859174234698519
নের,0.595982551574707,0.010101010101010102,1.585881541473697
ভৌ,0.5858458280563354,0.0,1.5858458280563354
খোঁচা,0.5858094394207001,0.0,1.5858094394207
লেন,0.5857897698879242,0.0,1.5857897698879242
বানা,0.5958157181739807,0.010101010101010102,1.5857147080729708
পুণ্য,0.585709273815155,0.0,1.585709273815155
প্রেসিডেন্ট,0.5856944024562836,0.0,1.5856944024562836
খুদে,0.5856600403785706,0.0,1.5856600403785706
দাহ,0.5856015086174011,0.0,1.5856015086174011
মূর্থ,0.585555762052536,0.0,1.585555762052536
পেয়েছেন,0.5855441987514496,0.0,1.5855441987514496
সেক,0.585521936416626,0.0,1.585521936416626
ঘটলে,0.5854904055595398,0.0,1.5854904055595398
নিমন্ত্রণ,0.5854109823703766,0.0,1.5854109823703766
অবশিষ্ট,0.5853908061981201,0.0,1.5853908061981201
লয়ে,0.585384339094162,0.0,1.585384339094162
বাঁ,0.585309237241745,0.0,1.585309237241745
কোণ,0.585300087928772,0.0,1.585300087928772
মিটিয়ে,0.5953752398490906,0.010101010101010102,1.5852742297480806
ঈশ্বর,0.5852485299110413,0.0,1.5852485299110413
পান্,0.5852314829826355,0.0,1.5852314829826355
কুলি,0.5852185785770416,0.0,1.5852185785770416
প্রভেদ,0.5852047204971313,0.0,1.5852047204971313
ভালবাসি,0.5952885448932648,0.010101010101010102,1.5851875347922548
ওরে,0.5952789187431335,0.010101010101010102,1.5851779086421236
দিব্যি,0.5851351022720337,0.0,1.5851351022720337
শুনবে,0.5850735604763031,0.0,1.585073560476303
উন্মত্ত,0.5850544571876526,0.0,1.5850544571876526
বিদ্যা,0.5850268006324768,0.0,1.5850268006324768
লাগলে,0.584980845451355,0.0,1.584980845451355
কথাতে,0.5849355161190033,0.0,1.5849355161190033
গুরুত্ব,0.5849329829216003,0.0,1.5849329829216003
হৈ,0.5949935913085938,0.010101010101010102,1.5848925812075838
বাঁদর,0.584862470626831,0.0,1.584862470626831
মালিক,0.5848489701747894,0.0,1.5848489701747894
জবাব,0.5848149657249451,0.0,1.584814965724945
আটি,0.5847589671611786,0.0,1.5847589671611786
গুজে,0.5847010016441345,0.0,1.5847010016441345
গরিব,0.5846239328384399,0.0,1.58462393283844
কৃতিত্বে,0.5845809876918793,0.0,1.5845809876918793
উলঙ্গ,0.5845663249492645,0.0,1.5845663249492645
উল্টো,0.5844963788986206,0.0,1.5844963788986206
জ্ঞাতি,0.5844897031784058,0.0,1.5844897031784058
বেদী,0.5844564437866211,0.0,1.584456443786621
বুঝবে,0.584425151348114,0.0,1.584425151348114
ম্যা,0.6048203706741333,0.02040816326530612,1.5844122074088272
ভূত,0.594495564699173,0.010101010101010102,1.584394554598163
এনেছি,0.584326982498169,0.0,1.584326982498169
আন্কেল,0.5841754376888275,0.0,1.5841754376888275
অই,0.5841703712940216,0.0,1.5841703712940216
এতক্ষণ,0.5941757261753082,0.010101010101010102,1.5840747160742983
নাগরিক,0.5840493142604828,0.0,1.5840493142604828
হিমসিম,0.5840462744235992,0.0,1.5840462744235992
আশ্চর্ধ,0.5840125679969788,0.0,1.5840125679969788
বিস্তার,0.5840098261833191,0.0,1.584009826183319
সবেমাত্র,0.5839799046516418,0.0,1.5839799046516418
সব্বা,0.5839709937572479,0.0,1.583970993757248
ঘুমোচ্,0.5839318931102753,0.0,1.5839318931102753
কাছাকা,0.5839287638664246,0.0,1.5839287638664246
দান,0.5839284658432007,0.0,1.5839284658432007
চুকিয়ে,0.5839257538318634,0.0,1.5839257538318634
সিঁড়ির,0.5939856171607971,0.010101010101010102,1.5838846070597872
রানী,0.583785206079483,0.0,1.583785206079483
সহা,0.5837437212467194,0.0,1.5837437212467194
কিছুমাত্র,0.5837312936782837,0.0,1.5837312936782837
সান্যাল,0.5938161015510559,0.010101010101010102,1.583715091450046
এখনে,0.5837092995643616,0.0,1.5837092995643616
পণ্ডিত,0.5836730599403381,0.0,1.5836730599403381
কাপা,0.5835866332054138,0.0,1.5835866332054138
নিয়ম,0.6039111018180847,0.02040816326530612,1.5835029385527786
ভিজিয়ে,0.5834998786449432,0.0,1.5834998786449432
রক্ষে,0.5834973752498627,0.0,1.5834973752498627
পাঞ্জাবি,0.5935901999473572,0.010101010101010102,1.5834891898463472
মানুষজন,0.5834848880767822,0.0,1.5834848880767822
সেকেন্ড,0.5832918882369995,0.0,1.5832918882369995
শুক্কুরব,0.5832243263721466,0.0,1.5832243263721466
করছো,0.5832169651985168,0.0,1.5832169651985168
কালে,0.593303918838501,0.010101010101010102,1.583202908737491
মোটামু,0.5831769108772278,0.0,1.5831769108772278
বড়লোক,0.5831684470176697,0.0,1.5831684470176697
ঝোক,0.5831556916236877,0.0,1.5831556916236877
বিক,0.5831425487995148,0.0,1.5831425487995148
শুকনো,0.5831092298030853,0.0,1.5831092298030853
ছোটোখাটো,0.5831068158149719,0.0,1.583106815814972
দশবারো,0.5831051468849182,0.0,1.5831051468849182
অম,0.5830910801887512,0.0,1.5830910801887512
সাবধান,0.5830353796482086,0.0,1.5830353796482086
ব্যারাকপুর,0.5930356383323669,0.010101010101010102,1.582934628231357
দুতিনটে,0.5828750133514404,0.0,1.5828750133514404
আজি,0.5828559696674347,0.0,1.5828559696674347
দিবে,0.5828321576118469,0.0,1.582832157611847
খোজ,0.5828313827514648,0.0,1.5828313827514648
হাওয়,0.5828114449977875,0.0,1.5828114449977875
ফেলব,0.5827991366386414,0.0,1.5827991366386414
লেখায়,0.5827678143978119,0.0,1.582767814397812
অবিশ্বাস,0.5827309191226959,0.0,1.582730919122696
রূপসী,0.5827306807041168,0.0,1.5827306807041168
অনাহারে,0.5827149748802185,0.0,1.5827149748802185
ঘোরাফেরা,0.5826696157455444,0.0,1.5826696157455444
সেদিকে,0.5826521515846252,0.0,1.5826521515846252
খাঁচ,0.5826158821582794,0.0,1.5826158821582794
দাড়,0.5825746953487396,0.0,1.5825746953487396
যোগান,0.5825613141059875,0.0,1.5825613141059875
শিউরে,0.5825583338737488,0.0,1.5825583338737488
হারায়,0.5926135182380676,0.010101010101010102,1.5825125081370577
তিনট,0.5925384759902954,0.010101010101010102,1.5824374658892855
সরকারি,0.5824370086193085,0.0,1.5824370086193085
এসে৷,0.5823416411876678,0.0,1.5823416411876678
পাত,0.5823030769824982,0.0,1.5823030769824982
সাতা,0.5822247862815857,0.0,1.5822247862815857
জোড়,0.5821594595909119,0.0,1.5821594595909119
খোকা,0.5821343958377838,0.0,1.5821343958377838
ক্ষণে,0.5821123719215393,0.0,1.5821123719215393
হকচকিয়ে,0.5820748209953308,0.0,1.5820748209953308
ভাগ্যবান,0.58205646276474,0.0,1.58205646276474
ছাপিয়ে,0.5820406973361969,0.0,1.582040697336197
আড়া,0.5819830894470215,0.0,1.5819830894470215
খরগোশ,0.5819324553012848,0.0,1.5819324553012848
রাত্রিবেলা,0.5818956196308136,0.0,1.5818956196308136
সুগ,0.581855982542038,0.0,1.581855982542038
ঘটনায়,0.5818058252334595,0.0,1.5818058252334595
মাথাতে,0.581548273563385,0.0,1.581548273563385
যখনি,0.5815226137638092,0.0,1.5815226137638092
করছিল,0.5815108716487885,0.0,1.5815108716487885
বাধ্য,0.581417977809906,0.0,1.581417977809906
যথাক্রমে,0.5813581049442291,0.0,1.5813581049442291
দা,0.5813283622264862,0.0,1.5813283622264862
বীরসিংহ,0.5812875032424927,0.0,1.5812875032424927
কাপিয়ে,0.5812865197658539,0.0,1.5812865197658539
প্রেরণা,0.5812530219554901,0.0,1.5812530219554901
জাহির,0.5812211334705353,0.0,1.5812211334705353
আত,0.5811751782894135,0.0,1.5811751782894135
উভয়ে,0.5811292231082916,0.0,1.5811292231082916
দাওনি,0.581096738576889,0.0,1.581096738576889
ব্যাপারট,0.5810642540454865,0.0,1.5810642540454865
বেপরোয়া,0.5810638070106506,0.0,1.5810638070106506
বোঝানো,0.5810518860816956,0.0,1.5810518860816956
চাট্টিখানি,0.5809490084648132,0.0,1.5809490084648132
করবো,0.5809047222137451,0.0,1.5809047222137451
ঝেড়ে,0.5808897614479065,0.0,1.5808897614479065
যাত্র,0.5909192264080048,0.010101010101010102,1.5808182163069948
গয়নাগা,0.5807915329933167,0.0,1.5807915329933167
ছিলি,0.5807254612445831,0.0,1.5807254612445831
আভাস,0.5807043015956879,0.0,1.5807043015956879
টানা,0.5806789696216583,0.0,1.5806789696216583
ইট,0.5806761980056763,0.0,1.5806761980056763
হায়রে,0.5806529521942139,0.0,1.5806529521942139
সইবে,0.5805852711200714,0.0,1.5805852711200714
দিব,0.5805691480636597,0.0,1.5805691480636597
ঋষি,0.5805083811283112,0.0,1.5805083811283112
পোর,0.580504983663559,0.0,1.580504983663559
সরা,0.5804820954799652,0.0,1.5804820954799652
বঙ্গে,0.580467700958252,0.0,1.580467700958252
করান,0.5804442167282104,0.0,1.5804442167282104
রাজপুত্র,0.5803626477718353,0.0,1.5803626477718353
প্রলাপ,0.5803546011447906,0.0,1.5803546011447906
কতটুকু,0.5803000926971436,0.0,1.5803000926971436
সাধে,0.5802887976169586,0.0,1.5802887976169586
খুকুর,0.5802768766880035,0.0,1.5802768766880035
জাতি,0.58025261759758,0.0,1.58025261759758
হামাগুড়ি,0.5802294015884399,0.0,1.58022940158844
বিলম্ব,0.5802011787891388,0.0,1.5802011787891388
পাগল,0.5800697803497314,0.0,1.5800697803497314
ছুটোছু,0.5800158679485321,0.0,1.580015867948532
জটা,0.5799761414527893,0.0,1.5799761414527893
মাথ,0.5799420177936554,0.0,1.5799420177936554
অমিল,0.5798788070678711,0.0,1.579878807067871
ছুড়ে,0.5798349976539612,0.0,1.5798349976539612
হাহুতাশ,0.5798271894454956,0.0,1.5798271894454956
আমর৷,0.5797775685787201,0.0,1.57977756857872
অসুস্থ,0.5797281563282013,0.0,1.5797281563282013
আসন্ন,0.5797268450260162,0.0,1.5797268450260162
বিরাম,0.5796949863433838,0.0,1.5796949863433838
দেয়ালে,0.5796436071395874,0.0,1.5796436071395874
থাকো,0.5796124637126923,0.0,1.5796124637126923
হুকুম,0.5897102057933807,0.010101010101010102,1.5796091956923708
ক্ষমতা,0.5795716345310211,0.0,1.5795716345310211
মসজিদে,0.5896461308002472,0.010101010101010102,1.5795451206992372
পোক,0.5795239806175232,0.0,1.5795239806175232
হু,0.5795236825942993,0.0,1.5795236825942993
খোলে,0.579494297504425,0.0,1.579494297504425
খানেক,0.5794647932052612,0.0,1.5794647932052612
প্রেসিডেন্সি,0.5794056355953217,0.0,1.5794056355953217
ভাসিয়ে,0.5997315943241119,0.02040816326530612,1.5793234310588058
বেদম,0.5793055593967438,0.0,1.5793055593967438
গুরুতর,0.5792906880378723,0.0,1.5792906880378723
আজকে,0.5792569518089294,0.0,1.5792569518089294
ফেললো,0.5791656076908112,0.0,1.5791656076908112
বসে৷,0.5790047943592072,0.0,1.5790047943592072
রাত্তিরে,0.5789911448955536,0.0,1.5789911448955536
খনি,0.5789811015129089,0.0,1.578981101512909
আং,0.5789386034011841,0.0,1.578938603401184
বস্তি,0.578911691904068,0.0,1.578911691904068
অভ্যস্ত,0.5789111852645874,0.0,1.5789111852645874
করুণ,0.5788480341434479,0.0,1.5788480341434479
পদ্ধতি,0.5788402259349823,0.0,1.5788402259349823
রিপোর্ট,0.5787941813468933,0.0,1.5787941813468933
কৃত্রিম,0.5786740183830261,0.0,1.5786740183830261
নিরামিষ,0.5786521136760712,0.0,1.5786521136760712
ঠাহর,0.5784660577774048,0.0,1.5784660577774048
সচরাচর,0.5784406363964081,0.0,1.578440636396408
অল্পক্ষণ,0.5784392058849335,0.0,1.5784392058849335
দেখিয়,0.5784078240394592,0.0,1.5784078240394592
উন্মাদ,0.5885036885738373,0.010101010101010102,1.5784026784728273
পরিণাম,0.5783763527870178,0.0,1.5783763527870178
ঈদ,0.5783606767654419,0.0,1.578360676765442
একুশ,0.5783315896987915,0.0,1.5783315896987915
দেরী,0.5782515406608582,0.0,1.5782515406608582
পড়বে,0.5781745612621307,0.0,1.5781745612621307
রুমে,0.5781742334365845,0.0,1.5781742334365845
যি,0.5781608521938324,0.0,1.5781608521938324
বাধ,0.5882522463798523,0.010101010101010102,1.5781512362788424
ওঁকে,0.5781506896018982,0.0,1.5781506896018982
বার্তা,0.5780988931655884,0.0,1.5780988931655884
উঠি,0.5780876576900482,0.0,1.5780876576900482
মেয়াদ,0.5780419409275055,0.0,1.5780419409275055
ভরসা,0.5779760479927063,0.0,1.5779760479927063
সতেরো,0.5778408050537109,0.0,1.577840805053711
ফিস্‌,0.5778405666351318,0.0,1.5778405666351318
চোর,0.5879141986370087,0.010101010101010102,1.5778131885359987
চারদি,0.5878841876983643,0.010101010101010102,1.5777831775973543
চুপি,0.5777636766433716,0.0,1.5777636766433716
ইস,0.5777180790901184,0.0,1.5777180790901184
শুর,0.5775848925113678,0.0,1.5775848925113678
রুনু,0.5775309205055237,0.0,1.5775309205055237
দোলা,0.5775113999843597,0.0,1.5775113999843597
পরিস্ক,0.5775069892406464,0.0,1.5775069892406464
খুল,0.5774901211261749,0.0,1.577490121126175
স্বামীজী,0.5774636566638947,0.0,1.5774636566638947
খেদ,0.5774582028388977,0.0,1.5774582028388977
স্বীক,0.5774517059326172,0.0,1.5774517059326172
ভঙ্গি,0.5875417292118073,0.010101010101010102,1.5774407191107973
অন্যায়,0.5772843360900879,0.0,1.577284336090088
হাজারের,0.5772794783115387,0.0,1.5772794783115387
করালো,0.5772408545017242,0.0,1.5772408545017242
গুড়,0.587335467338562,0.010101010101010102,1.577234457237552
রেডিওতে,0.5771925151348114,0.0,1.5771925151348114
পর্যায়ক্রমে,0.5771923363208771,0.0,1.577192336320877
মণির,0.5771677494049072,0.0,1.5771677494049072
সোয়ে,0.5771481096744537,0.0,1.5771481096744537
বিকেলের,0.5771157443523407,0.0,1.5771157443523407
হোত,0.5770882368087769,0.0,1.5770882368087769
চললা,0.5770297646522522,0.0,1.5770297646522522
দ্যান,0.5769873261451721,0.0,1.5769873261451721
বানাবে,0.5769280791282654,0.0,1.5769280791282654
বিনিময়ে,0.5768676996231079,0.0,1.576867699623108
টাকায়,0.5869603753089905,0.010101010101010102,1.5768593652079805
ফাইল,0.5768203735351562,0.0,1.5768203735351562
সুন্দরী,0.5869148671627045,0.010101010101010102,1.5768138570616945
হতবাক,0.576727569103241,0.0,1.576727569103241
পুরো,0.5766710042953491,0.0,1.5766710042953491
খুজে,0.5766649842262268,0.0,1.5766649842262268
পিক,0.5766613185405731,0.0,1.5766613185405731
ভুরু,0.5867472887039185,0.010101010101010102,1.5766462786029085
ওয়াকিবহাল,0.5766225755214691,0.0,1.5766225755214691
জানলে,0.5765988826751709,0.0,1.576598882675171
পর্দা,0.5765226781368256,0.0,1.5765226781368256
মূর্তি,0.5765204727649689,0.0,1.5765204727649689
নাস,0.5765051543712616,0.0,1.5765051543712616
নির্জন,0.5764781832695007,0.0,1.5764781832695007
এড়,0.57646644115448,0.0,1.57646644115448
গতকাল,0.5764571130275726,0.0,1.5764571130275726
বুদ্ধির,0.5764526426792145,0.0,1.5764526426792145
পরিহাস,0.5764490962028503,0.0,1.5764490962028503
জবাবে,0.5764287412166595,0.0,1.5764287412166595
আসে৷,0.576410561800003,0.0,1.576410561800003
রুক্ষ,0.5763769149780273,0.0,1.5763769149780273
অতিথি,0.5763517022132874,0.0,1.5763517022132874
গুনগুন,0.5763165354728699,0.0,1.5763165354728699
ছুদিন,0.5762604475021362,0.0,1.5762604475021362
আলাদ,0.5762506723403931,0.0,1.576250672340393
খাস,0.5762090682983398,0.0,1.5762090682983398
উপভোগ,0.5761969089508057,0.0,1.5761969089508057
উদ্বেগ,0.5761919915676117,0.0,1.5761919915676117
সীমা,0.5761812329292297,0.0,1.5761812329292297
আয়,0.5761600136756897,0.0,1.5761600136756897
জাগা,0.5761443674564362,0.0,1.5761443674564362
ওপারে,0.5862444937229156,0.010101010101010102,1.5761434836219057
হিসাব,0.576111912727356,0.0,1.576111912727356
প্রভুর,0.5760500729084015,0.0,1.5760500729084015
বাসা,0.5760088562965393,0.0,1.5760088562965393
সম্ভাব্য,0.5759832262992859,0.0,1.5759832262992859
অনবরত,0.5759830176830292,0.0,1.5759830176830292
এড়া,0.5759398937225342,0.0,1.5759398937225342
ফর্সা,0.575923889875412,0.0,1.575923889875412
বোঝ,0.575915664434433,0.0,1.575915664434433
লাগায়,0.5758929550647736,0.0,1.5758929550647736
পুড়ে,0.5962837040424347,0.02040816326530612,1.5758755407771285
উদ্যত,0.5758713185787201,0.0,1.57587131857872
ভালে৷,0.5758212208747864,0.0,1.5758212208747864
উধা,0.5757611989974976,0.0,1.5757611989974976
শ্রোত,0.5757174789905548,0.0,1.5757174789905548
বাঙালী,0.5757080018520355,0.0,1.5757080018520355
সাধ্যি,0.5756874978542328,0.0,1.5756874978542328
রান্নাবান্না,0.5756693482398987,0.0,1.5756693482398987
অনেকদূর,0.575641006231308,0.0,1.575641006231308
অত্যাচারের,0.5857220888137817,0.010101010101010102,1.5756210787127718
ঘটবে,0.5756102800369263,0.0,1.5756102800369263
ছুঃখ,0.5755963325500488,0.0,1.5755963325500488
আড়াআড়ি,0.575593113899231,0.0,1.575593113899231
এথানে,0.5755912661552429,0.0,1.575591266155243
দেখব,0.5755421817302704,0.0,1.5755421817302704
যাহা,0.5856367647647858,0.010101010101010102,1.5755357546637758
নিশ্চিন্ত,0.5855658650398254,0.010101010101010102,1.5754648549388155
বিবেক,0.5754122138023376,0.0,1.5754122138023376
প্রধান,0.5854364335536957,0.010101010101010102,1.5753354234526857
কাছারী,0.5752586424350739,0.0,1.5752586424350739
জী,0.575249433517456,0.0,1.575249433517456
আনিয়ে,0.5752439796924591,0.0,1.575243979692459
কাম,0.5752239227294922,0.0,1.5752239227294922
বাতি,0.5752104818820953,0.0,1.5752104818820953
আছো,0.5751833021640778,0.0,1.5751833021640778
ঘাড়ে,0.5751359462738037,0.0,1.5751359462738037
পঁচিশ,0.5750598609447479,0.0,1.575059860944748
শিখেছিল,0.5750501155853271,0.0,1.5750501155853271
গ্রীক,0.5750106573104858,0.0,1.5750106573104858
কেয়,0.5750032961368561,0.0,1.575003296136856
হাসান,0.5749430060386658,0.0,1.5749430060386658
নাট,0.5749277174472809,0.0,1.5749277174472809
ঘামায়,0.5850207507610321,0.010101010101010102,1.5749197406600222
ভূলে,0.5748663246631622,0.0,1.5748663246631622
বেগ,0.5748522579669952,0.0,1.5748522579669952
দীন,0.5748319923877716,0.0,1.5748319923877716
তপস্যা,0.5748240053653717,0.0,1.5748240053653717
উঠতি,0.5748212039470673,0.0,1.5748212039470673
ঝুল,0.5848771035671234,0.010101010101010102,1.5747760934661135
উঠবে,0.5747586786746979,0.0,1.5747586786746979
সংক্ষেপ,0.5747046172618866,0.0,1.5747046172618866
সপরিবারে,0.5746416747570038,0.0,1.5746416747570038
শিস,0.5746215283870697,0.0,1.5746215283870697
নাহয়,0.5746016502380371,0.0,1.574601650238037
হো,0.5745948851108551,0.0,1.574594885110855
বসিয়া,0.5745909512042999,0.0,1.5745909512043
বৌদির,0.5745244324207306,0.0,1.5745244324207306
যোগাড়,0.574512392282486,0.0,1.574512392282486
বেটি,0.574476420879364,0.0,1.574476420879364
কেশ,0.5744716823101044,0.0,1.5744716823101044
আন্দোলন,0.5948452055454254,0.02040816326530612,1.5744370422801193
একদৃষ্টে,0.574434369802475,0.0,1.574434369802475
হিম,0.5744008421897888,0.0,1.5744008421897888
বুজে,0.5844973921775818,0.010101010101010102,1.5743963820765718
বাঁচি,0.5743952691555023,0.0,1.5743952691555023
তিনমাস,0.5743904709815979,0.0,1.574390470981598
গোট,0.5743814408779144,0.0,1.5743814408779144
শোনামাত্র,0.5743186473846436,0.0,1.5743186473846436
সাড়াশব্দ,0.574315220117569,0.0,1.574315220117569
গার্ডেন,0.5743104815483093,0.0,1.5743104815483093
ভোর,0.5742844939231873,0.0,1.5742844939231873
বিবেচনায়,0.5742818713188171,0.0,1.5742818713188171
ক্ষোভ,0.5742705464363098,0.0,1.5742705464363098
ছেলেটা,0.5742588639259338,0.0,1.5742588639259338
দুল,0.5742345154285431,0.0,1.574234515428543
তলোয়,0.5742141902446747,0.0,1.5742141902446747
ছেলেপুলে,0.5741937756538391,0.0,1.5741937756538391
ততক্ষণে,0.5741474330425262,0.0,1.5741474330425262
অনুপ্রাণিত,0.5741318464279175,0.0,1.5741318464279175
ছাড়ব,0.5741289854049683,0.0,1.5741289854049683
সপ্তাহে,0.5740795135498047,0.0,1.5740795135498047
আবেদন,0.5740379691123962,0.0,1.5740379691123962
তিরিশ,0.5841159224510193,0.010101010101010102,1.5740149123500093
তোয়াজ,0.5739760100841522,0.0,1.5739760100841522
লুঙ্গি,0.5739060342311859,0.0,1.573906034231186
এগোচ্,0.5739014148712158,0.0,1.5739014148712158
সাথী,0.5738958120346069,0.0,1.573895812034607
ভরসায়,0.5738850235939026,0.0,1.5738850235939026
উক্তি,0.5738592743873596,0.0,1.5738592743873596
কেবলমাত্র,0.5738588869571686,0.0,1.5738588869571686
উর্দু,0.5738514065742493,0.0,1.5738514065742493
গেছি,0.5738459825515747,0.0,1.5738459825515747
পরামর্শ,0.5738346874713898,0.0,1.5738346874713898
আড্ডা,0.5737654864788055,0.0,1.5737654864788055
গাইড,0.573718786239624,0.0,1.573718786239624
করাতে,0.5737040936946869,0.0,1.573704093694687
গৌয়,0.5736533999443054,0.0,1.5736533999443054
মিস্,0.5736367404460907,0.0,1.5736367404460907
প্রকাশ্যে,0.5736271440982819,0.0,1.5736271440982819
দিলেন৷,0.5736219584941864,0.0,1.5736219584941864
ফিস,0.5736002326011658,0.0,1.5736002326011658
অতখানি,0.5734643042087555,0.0,1.5734643042087555
খাঁচায়,0.5835355222225189,0.010101010101010102,1.573434512121509
কুঠ,0.5734109580516815,0.0,1.5734109580516815
সঠিক,0.5733958780765533,0.0,1.5733958780765533
মিনু,0.573355495929718,0.0,1.573355495929718
রেডি,0.5733231008052826,0.0,1.5733231008052826
দুদিন,0.5732884705066681,0.0,1.573288470506668
মিনতি,0.5833081901073456,0.010101010101010102,1.5732071800063356
উচ্চারণ,0.57315593957901,0.0,1.57315593957901
আদিবাসী,0.5731557309627533,0.0,1.5731557309627533
শুরুতে,0.5731406509876251,0.0,1.5731406509876251
একবার,0.573095440864563,0.0,1.573095440864563
ভুলবো,0.5730436146259308,0.0,1.5730436146259308
চোটে,0.5730269253253937,0.0,1.5730269253253937
খোকন,0.5831045508384705,0.010101010101010102,1.5730035407374605
মুখোমুখি,0.5729998052120209,0.0,1.5729998052120209
কিছুকাল,0.572998046875,0.0,1.572998046875
চোপ,0.572973757982254,0.0,1.572973757982254
চিজ,0.5729357600212097,0.0,1.5729357600212097
অ্যাটাক,0.5729200839996338,0.0,1.5729200839996338
ঠুক,0.5729191899299622,0.0,1.5729191899299622
সী,0.5728941857814789,0.0,1.5728941857814789
নিখোজ,0.5728660523891449,0.0,1.572866052389145
লজ্জা,0.5728119909763336,0.0,1.5728119909763336
ছান,0.5828879773616791,0.010101010101010102,1.5727869672606691
ধুম,0.572769045829773,0.0,1.572769045829773
ছিলুম,0.5727555751800537,0.0,1.5727555751800537
গোকুল,0.5727422535419464,0.0,1.5727422535419464
পিসিম,0.5727420151233673,0.0,1.5727420151233673
পোশা,0.5727218389511108,0.0,1.5727218389511108
দশেক,0.5827951431274414,0.010101010101010102,1.5726941330264315
মদের,0.572693407535553,0.0,1.572693407535553
অবতরণ,0.5726883113384247,0.0,1.5726883113384247
রামায়ণ,0.5726311504840851,0.0,1.572631150484085
কয়েকদিন,0.5725676715373993,0.0,1.5725676715373993
পারলো,0.5725508630275726,0.0,1.5725508630275726
হিংসায়,0.572545737028122,0.0,1.572545737028122
বিষম,0.5725099146366119,0.0,1.572509914636612
টাইপ,0.5724854171276093,0.0,1.5724854171276093
মোক্ষম,0.5724636614322662,0.0,1.5724636614322662
নিচতলায়,0.5724558234214783,0.0,1.5724558234214783
জাতীয়,0.5928252041339874,0.02040816326530612,1.5724170408686813
এসেছি৷,0.5724049210548401,0.0,1.57240492105484
দাবি,0.572386234998703,0.0,1.572386234998703
আচ্ছন্ন,0.5723719000816345,0.0,1.5723719000816345
তারিফ,0.5824496746063232,0.010101010101010102,1.5723486645053133
বলছি,0.5723339021205902,0.0,1.5723339021205902
আরেকব,0.572302520275116,0.0,1.572302520275116
গানবাজনা,0.5721478462219238,0.0,1.5721478462219238
নেতৃত্বে,0.5721307992935181,0.0,1.572130799293518
নির্দেশ,0.5720948278903961,0.0,1.5720948278903961
হরলাল,0.5720914900302887,0.0,1.5720914900302887
কখনে৷,0.5720551609992981,0.0,1.572055160999298
টানতে,0.5720463395118713,0.0,1.5720463395118713
নীচে,0.5720445215702057,0.0,1.5720445215702057
হয়তে৷,0.5719567239284515,0.0,1.5719567239284515
দুঃখে,0.5719340741634369,0.0,1.571934074163437
কিং,0.5719229578971863,0.0,1.5719229578971863
বাঁচ,0.571920245885849,0.0,1.571920245885849
চরিত্র,0.582016795873642,0.010101010101010102,1.571915785772632
দেখায়,0.571896880865097,0.0,1.571896880865097
ঝুলিয়ে,0.5718674957752228,0.0,1.5718674957752228
ইস্কুল,0.5718586444854736,0.0,1.5718586444854736
থাল,0.571856826543808,0.0,1.571856826543808
নাইন,0.5718418061733246,0.0,1.5718418061733246
গেলা,0.5718275308609009,0.0,1.5718275308609009
মাকড়স,0.5717986524105072,0.0,1.5717986524105072
মেয়েলী,0.5717813968658447,0.0,1.5717813968658447
হবু,0.5717774033546448,0.0,1.5717774033546448
আদি,0.5717509984970093,0.0,1.5717509984970093
নাআম,0.5717217028141022,0.0,1.5717217028141022
আর্তনাদ,0.5717071890830994,0.0,1.5717071890830994
ইন্দিয়,0.5717063248157501,0.0,1.5717063248157501
বাসন,0.5717034041881561,0.0,1.5717034041881561
সেপাইয়,0.5717030167579651,0.0,1.571703016757965
প্রসঙ্গে,0.5716617703437805,0.0,1.5716617703437805
ভাগ্যে,0.5716598629951477,0.0,1.5716598629951477
দোকানে,0.5716427564620972,0.0,1.5716427564620972
ছাদে,0.5816978216171265,0.010101010101010102,1.5715968115161165
ফেরারি,0.5715596377849579,0.0,1.5715596377849579
হইলে,0.5714836418628693,0.0,1.5714836418628693
লাইনে,0.5714439451694489,0.0,1.5714439451694489
অবসান,0.571441113948822,0.0,1.571441113948822
নেইকো,0.571406364440918,0.0,1.571406364440918
লইয়া,0.5714030265808105,0.0,1.5714030265808105
এতটুকু,0.5713803768157959,0.0,1.571380376815796
নাকো,0.571368932723999,0.0,1.571368932723999
যেখান,0.571368545293808,0.0,1.571368545293808
চুরির,0.5713539123535156,0.0,1.5713539123535156
পাননি,0.5713479518890381,0.0,1.571347951889038
কাঠি,0.571319967508316,0.0,1.571319967508316
আবেদনে,0.5712725818157196,0.0,1.5712725818157196
অবিনাশবাবুর,0.5712699294090271,0.0,1.571269929409027
পিদিম,0.5712644159793854,0.0,1.5712644159793854
তাগড়া,0.5712511539459229,0.0,1.5712511539459229
নিশ্চিত,0.5712384581565857,0.0,1.5712384581565857
যনে,0.5711901187896729,0.0,1.5711901187896729
আপিস,0.5711641609668732,0.0,1.5711641609668732
ভালবাসায়,0.5710811913013458,0.0,1.5710811913013458
নগরে,0.5710554122924805,0.0,1.5710554122924805
নেন,0.5710404217243195,0.0,1.5710404217243195
দরিদ্র,0.5710218250751495,0.0,1.5710218250751495
চাষী,0.5709771513938904,0.0,1.5709771513938904
জমিদারি,0.5709754228591919,0.0,1.570975422859192
ডা,0.5709445476531982,0.0,1.5709445476531982
ডাকাডাকি,0.5709156394004822,0.0,1.5709156394004822
আসাযাওয়া,0.5708842277526855,0.0,1.5708842277526855
করলে৷,0.5708730220794678,0.0,1.5708730220794678
মেলামেশা,0.5708436965942383,0.0,1.5708436965942383
টেক,0.5707876682281494,0.0,1.5707876682281494
নির্বিঘ্নে,0.5707162916660309,0.0,1.5707162916660309
তােদের,0.5706972181797028,0.0,1.5706972181797028
শী,0.5706824362277985,0.0,1.5706824362277985
সকলকে,0.570680558681488,0.0,1.570680558681488
আরেকটু,0.5706716179847717,0.0,1.5706716179847717
সেইভাবে,0.570645809173584,0.0,1.570645809173584
বােতল,0.5807382166385651,0.010101010101010102,1.5706372065375551
গলি,0.5706169903278351,0.0,1.570616990327835
রিলে,0.5706009864807129,0.0,1.570600986480713
বস্তির,0.5705970227718353,0.0,1.5705970227718353
আপাততঃ,0.5705956518650055,0.0,1.5705956518650055
ধোয়া,0.5705572366714478,0.0,1.5705572366714478
হাঁটু,0.5806339383125305,0.010101010101010102,1.5705329282115206
অস্তর,0.5705223977565765,0.0,1.5705223977565765
আলে,0.5806069374084473,0.010101010101010102,1.5705059273074373
ছোল,0.5704669058322906,0.0,1.5704669058322906
দুবেলা,0.5805431008338928,0.010101010101010102,1.5704420907328829
চলবে,0.5704325735569,0.0,1.5704325735569
পালন,0.5704170763492584,0.0,1.5704170763492584
লোভে,0.5704064667224884,0.0,1.5704064667224884
হাপা,0.5703829824924469,0.0,1.570382982492447
দৌড়,0.5804665386676788,0.010101010101010102,1.570365528566669
চাটা,0.5702619552612305,0.0,1.5702619552612305
কারণটা,0.5702475607395172,0.0,1.5702475607395172
অঙ্,0.5802793800830841,0.010101010101010102,1.5701783699820742
খাওয়াতে,0.5701627135276794,0.0,1.5701627135276794
মিছ,0.5700856149196625,0.0,1.5700856149196625
রাজনৈতিক,0.5700602829456329,0.0,1.570060282945633
করা৷,0.570049375295639,0.0,1.570049375295639
চ্যাটার্জি,0.5700088143348694,0.0,1.5700088143348694
ভাইয়ে,0.5700016021728516,0.0,1.5700016021728516
ধনে,0.5700007677078247,0.0,1.5700007677078247
গোলমেল,0.5699494481086731,0.0,1.569949448108673
সোজাসুজি,0.569926530122757,0.0,1.569926530122757
ঘুরিয়ে,0.5699166059494019,0.0,1.5699166059494019
বোকা,0.5698950886726379,0.0,1.569895088672638
মামল,0.5698046088218689,0.0,1.569804608821869
যান৷,0.5697433948516846,0.0,1.5697433948516846
দুতিনদিন,0.5697396993637085,0.0,1.5697396993637085
বাড়াবাড়ি,0.5696993172168732,0.0,1.5696993172168732
প্রিয়,0.5696605443954468,0.0,1.5696605443954468
উঠেছিলো,0.569646567106247,0.0,1.569646567106247
দিদির,0.5695971846580505,0.0,1.5695971846580505
ওটি,0.5695680379867554,0.0,1.5695680379867554
পুরোহিত,0.5694839656352997,0.0,1.5694839656352997
আগ্রহে,0.5694073736667633,0.0,1.5694073736667633
প্রতিধ্বনি,0.5693949162960052,0.0,1.5693949162960052
ঘড়ির,0.569357693195343,0.0,1.569357693195343
নিদ্,0.5693447887897491,0.0,1.5693447887897491
সামান্য,0.5693261921405792,0.0,1.5693261921405792
তথুনি,0.5692353248596191,0.0,1.5692353248596191
খোলাখু,0.5692093372344971,0.0,1.569209337234497
দেখলুম,0.5692019760608673,0.0,1.5692019760608673
খায়,0.5792844891548157,0.010101010101010102,1.5691834790538057
সুদূর,0.56917405128479,0.0,1.56917405128479
সারদা,0.5689979493618011,0.0,1.5689979493618011
সঞ্চিত,0.5689970850944519,0.0,1.568997085094452
বইয়,0.5689932703971863,0.0,1.5689932703971863
বাঁচান,0.5689931511878967,0.0,1.5689931511878967
ধারেকা,0.5790886580944061,0.010101010101010102,1.5689876479933962
কার্যকর,0.5689665079116821,0.0,1.5689665079116821
কাক,0.568951427936554,0.0,1.568951427936554
আমতা,0.5688602030277252,0.0,1.5688602030277252
নারাজ,0.5688593983650208,0.0,1.5688593983650208
দুর্গম,0.5688537955284119,0.0,1.5688537955284119
থাকব,0.5688276588916779,0.0,1.5688276588916779
নিরাপদে,0.5688239336013794,0.0,1.5688239336013794
কিনি,0.5687948167324066,0.0,1.5687948167324066
আচমকা,0.5687510669231415,0.0,1.5687510669231415
চরে,0.5687381327152252,0.0,1.5687381327152252
দুপুরে,0.5687359273433685,0.0,1.5687359273433685
শনি,0.5788331925868988,0.010101010101010102,1.5687321824858889
নিশ্বাসে,0.5686968863010406,0.0,1.5686968863010406
তক্ষুণি,0.5686697661876678,0.0,1.5686697661876678
নাবা,0.5686420202255249,0.0,1.568642020225525
মৃত্যু,0.5686367154121399,0.0,1.56863671541214
পুতুল,0.5686133205890656,0.0,1.5686133205890656
বিদ্যালয়,0.5686027705669403,0.0,1.5686027705669403
এতখানি,0.5685878694057465,0.0,1.5685878694057465
চাহিদা,0.5685722827911377,0.0,1.5685722827911377
অনুবা,0.5685721933841705,0.0,1.5685721933841705
সশরীরে,0.5685446560382843,0.0,1.5685446560382843
দেওয়ান,0.5685310065746307,0.0,1.5685310065746307
সেবা,0.5685082376003265,0.0,1.5685082376003265
তোরে,0.568427175283432,0.0,1.568427175283432
কাপড়চোপড়,0.568356454372406,0.0,1.568356454372406
এসময়,0.5683518350124359,0.0,1.568351835012436
অঙ্গে,0.5683387219905853,0.0,1.5683387219905853
আসুক,0.5683027505874634,0.0,1.5683027505874634
মাহৃষ,0.568283349275589,0.0,1.568283349275589
সঙ্গী,0.5682754814624786,0.0,1.5682754814624786
বোঝায়,0.5682737827301025,0.0,1.5682737827301025
মেট,0.5682717561721802,0.0,1.5682717561721802
ব্যাঘাত,0.5682460367679596,0.0,1.5682460367679596
মারে,0.5783368051052094,0.010101010101010102,1.5682357950041994
দালাল,0.5681958794593811,0.0,1.568195879459381
উদ্দাম,0.5681900084018707,0.0,1.5681900084018707
ছুখানি,0.5681766271591187,0.0,1.5681766271591187
প্রয়োজন,0.5681574940681458,0.0,1.5681574940681458
চলেছিল,0.5681250393390656,0.0,1.5681250393390656
ইলেকট্রিক,0.5681138932704926,0.0,1.5681138932704926
ঘোষণা,0.5681000053882599,0.0,1.5681000053882599
রাষ্ট্র,0.5680892765522003,0.0,1.5680892765522003
গভীরে,0.5680794417858124,0.0,1.5680794417858124
যাইব,0.5680710971355438,0.0,1.5680710971355438
বড়বাবু,0.5679786503314972,0.0,1.5679786503314972
স্কুলকলেজ,0.5679147243499756,0.0,1.5679147243499756
বিষ্,0.5678999125957489,0.0,1.567899912595749
মজবুত,0.567886084318161,0.0,1.567886084318161
অস্তত,0.5678266286849976,0.0,1.5678266286849976
পরিচালন,0.5677842795848846,0.0,1.5677842795848846
ঘুষ,0.5677603483200073,0.0,1.5677603483200073
আয়ত্ত,0.5676456093788147,0.0,1.5676456093788147
বলাব,0.5676209330558777,0.0,1.5676209330558777
অঞ্জ,0.5676130652427673,0.0,1.5676130652427673
রেলওয়ে,0.5676076114177704,0.0,1.5676076114177704
অন্ত,0.5985245108604431,0.030927835051546393,1.5675966758088968
হীরক,0.5675169229507446,0.0,1.5675169229507446
প্রবাদ,0.567468672990799,0.0,1.567468672990799
প্রমাণিত,0.5674534440040588,0.0,1.5674534440040588
প্রাণে,0.577514261007309,0.010101010101010102,1.567413250906299
কিন্ধু,0.567391037940979,0.0,1.567391037940979
অ্যাণ্ড,0.567383348941803,0.0,1.567383348941803
বলতাম,0.5673587024211884,0.0,1.5673587024211884
ছেলেটি,0.5673521161079407,0.0,1.5673521161079407
ঝাঁকিয়ে,0.5673417448997498,0.0,1.5673417448997498
সাধু,0.5673300623893738,0.0,1.5673300623893738
শুড়,0.5672867298126221,0.0,1.567286729812622
হাড়ি,0.5672817528247833,0.0,1.5672817528247833
এমনভাবে,0.5671877264976501,0.0,1.5671877264976501
হচ্ছি,0.5671354532241821,0.0,1.5671354532241821
চিনি,0.5772171020507812,0.010101010101010102,1.5671160919497713
নড়বড়ে,0.5670615434646606,0.0,1.5670615434646606
বাচ,0.5771253705024719,0.010101010101010102,1.567024360401462
আইনস্টাইন,0.5669821202754974,0.0,1.5669821202754974
মারল,0.5669624507427216,0.0,1.5669624507427216
আকাল,0.5669251978397369,0.0,1.566925197839737
প্রতিক,0.5668719112873077,0.0,1.5668719112873077
দেখিয়েছিল,0.5667431652545929,0.0,1.566743165254593
শিষ,0.5667384266853333,0.0,1.5667384266853333
ঝোঁক,0.56669881939888,0.0,1.56669881939888
ফেলত,0.5666825175285339,0.0,1.566682517528534
লাম,0.5666787624359131,0.0,1.566678762435913
অবিলম্বে,0.5666731894016266,0.0,1.5666731894016266
শুনলুম,0.566602498292923,0.0,1.566602498292923
খাটা,0.5665941536426544,0.0,1.5665941536426544
লাঙল,0.5665697753429413,0.0,1.5665697753429413
রবার,0.5665570497512817,0.0,1.5665570497512817
ইয়ং,0.5665506720542908,0.0,1.5665506720542908
গুর,0.566541850566864,0.0,1.566541850566864
বেন,0.566449761390686,0.0,1.566449761390686
ভাবনায়,0.5664201080799103,0.0,1.5664201080799103
তিনতলা,0.5663947463035583,0.0,1.5663947463035583
খেয়েছেন,0.5663830637931824,0.0,1.5663830637931824
যাবো,0.5663596987724304,0.0,1.5663596987724304
হয়েছিলে,0.5661868751049042,0.0,1.5661868751049042
চারজনে,0.5762350559234619,0.010101010101010102,1.566134045822452
যুবা,0.5661157071590424,0.0,1.5661157071590424
উত্তাপ,0.5660831332206726,0.0,1.5660831332206726
উদ্বিগ্ন,0.5660752058029175,0.0,1.5660752058029175
জুড়িয়ে,0.5660220682621002,0.0,1.5660220682621002
ভগ্নিপতি,0.5660205483436584,0.0,1.5660205483436584
খই,0.5659931600093842,0.0,1.5659931600093842
চিন্ত,0.5659894645214081,0.0,1.565989464521408
তামিল,0.5659563541412354,0.0,1.5659563541412354
নিত্যি,0.5659361779689789,0.0,1.5659361779689789
সাক্ষী,0.5658288598060608,0.0,1.5658288598060608
চিনির,0.5657426118850708,0.0,1.5657426118850708
অবসাদ,0.5656607747077942,0.0,1.5656607747077942
থাকেনি,0.5656542181968689,0.0,1.565654218196869
পোড়া,0.5656491219997406,0.0,1.5656491219997406
আধুনিক,0.5757491886615753,0.010101010101010102,1.5656481785605654
সাঙ্গ,0.5656046271324158,0.0,1.5656046271324158
বেঁধ,0.5655641555786133,0.0,1.5655641555786133
বাচ্চা,0.5859698355197906,0.02040816326530612,1.5655616722544845
দেওয়ালে,0.5655120611190796,0.0,1.5655120611190796
বৈঠক,0.5655030906200409,0.0,1.565503090620041
মামা,0.5654718577861786,0.0,1.5654718577861786
চড়িয়ে,0.5654360353946686,0.0,1.5654360353946686
চকি,0.5654031932353973,0.0,1.5654031932353973
কোনরকম,0.5653817057609558,0.0,1.5653817057609558
কথাট,0.575466126203537,0.010101010101010102,1.565365116102527
বাঙলা,0.5653517842292786,0.0,1.5653517842292786
বেয়,0.5653267204761505,0.0,1.5653267204761505
হুলিয়া,0.5652962327003479,0.0,1.565296232700348
চেহারাটা,0.5652547776699066,0.0,1.5652547776699066
দেবো,0.5652109980583191,0.0,1.565210998058319
রাশভারী,0.5651964545249939,0.0,1.565196454524994
হইত,0.5651960074901581,0.0,1.565196007490158
হায়,0.565192699432373,0.0,1.565192699432373
ফেলেছি,0.5651866495609283,0.0,1.5651866495609283
গোপাল,0.5651439726352692,0.0,1.5651439726352692
কৌচ,0.5651274025440216,0.0,1.5651274025440216
খাত,0.5752229988574982,0.010101010101010102,1.5651219887564882
পৌঁছু,0.565082311630249,0.0,1.565082311630249
চাঁ,0.565047025680542,0.0,1.565047025680542
ভোম,0.5650331676006317,0.0,1.5650331676006317
ধারা,0.5649275183677673,0.0,1.5649275183677673
আকৃষ্ট,0.5750229358673096,0.010101010101010102,1.5649219257662996
ঠাঙ,0.564904123544693,0.0,1.564904123544693
দুর,0.5647963583469391,0.0,1.564796358346939
অবিনাশবাবু,0.5647708773612976,0.0,1.5647708773612976
হাওয়া,0.5956939160823822,0.030927835051546393,1.564766081030836
হোলে,0.5647176802158356,0.0,1.5647176802158356
সুযোগ,0.564699798822403,0.0,1.564699798822403
নিকটে,0.5747876763343811,0.010101010101010102,1.5646866662333712
মতে৷,0.5646353662014008,0.0,1.5646353662014008
স্কুলে,0.5645902752876282,0.0,1.5645902752876282
ঝরে,0.5645836591720581,0.0,1.564583659172058
মেরেছি,0.5645803213119507,0.0,1.5645803213119507
বাবামা,0.5644803941249847,0.0,1.5644803941249847
বাহিনী,0.5644209682941437,0.0,1.5644209682941437
নিয়োগী,0.5643757879734039,0.0,1.564375787973404
জগমোহন,0.5643639862537384,0.0,1.5643639862537384
অপমানে,0.5744451582431793,0.010101010101010102,1.5643441481421694
অসহায়,0.5643403828144073,0.0,1.5643403828144073
ঠেল,0.5643081367015839,0.0,1.5643081367015839
ভ্যান,0.5642750263214111,0.0,1.5642750263214111
ভালভাবে,0.5743551552295685,0.010101010101010102,1.5642541451285585
মুখর,0.5642480552196503,0.0,1.5642480552196503
মৌচাক,0.5642023980617523,0.0,1.5642023980617523
শঙ্কিত,0.5642023384571075,0.0,1.5642023384571075
হাট,0.5640934109687805,0.0,1.5640934109687805
কোয়ার্,0.5640850365161896,0.0,1.5640850365161896
সভা,0.5640808343887329,0.0,1.564080834388733
বেড়াচ্ছিল,0.564070075750351,0.0,1.564070075750351
একশ,0.564041405916214,0.0,1.564041405916214
বাপমা,0.5640311241149902,0.0,1.5640311241149902
হাবিজাবি,0.5640141069889069,0.0,1.5640141069889069
যমুনা,0.5639985501766205,0.0,1.5639985501766205
মর্নিং,0.584405779838562,0.02040816326530612,1.5639976165732559
বাদর,0.5639620423316956,0.0,1.5639620423316956
চেহা,0.5639087855815887,0.0,1.5639087855815887
পরিদর্শন,0.5639049112796783,0.0,1.5639049112796783
উঃ,0.5638936460018158,0.0,1.5638936460018158
পুব,0.5638931393623352,0.0,1.5638931393623352
মোহর,0.5638886988162994,0.0,1.5638886988162994
বয়ঃপ্রাপ্ত,0.5638523995876312,0.0,1.5638523995876312
একখানি,0.5638472437858582,0.0,1.5638472437858582
সাহ,0.5638462007045746,0.0,1.5638462007045746
লাগা,0.5638340711593628,0.0,1.5638340711593628
চিস্তা,0.5638068616390228,0.0,1.5638068616390228
মুহূর্,0.5638032853603363,0.0,1.5638032853603363
মঞ্জু,0.5637999176979065,0.0,1.5637999176979065
পাণ্ড,0.5637544691562653,0.0,1.5637544691562653
সাক্ষাৎ,0.5637353658676147,0.0,1.5637353658676147
ভাড়,0.5637315213680267,0.0,1.5637315213680267
চুলোয়,0.5636681914329529,0.0,1.5636681914329529
বিশু,0.5636653304100037,0.0,1.5636653304100037
প্রসারিত,0.563599556684494,0.0,1.563599556684494
থামে,0.5635976493358612,0.0,1.5635976493358612
অস্বিকা,0.5635822117328644,0.0,1.5635822117328644
ছেলেট,0.5635654330253601,0.0,1.56356543302536
ট্রাম,0.563549667596817,0.0,1.563549667596817
জোট,0.563545286655426,0.0,1.563545286655426
যতদিন,0.5736453831195831,0.010101010101010102,1.5635443730185732
আসল,0.5635106265544891,0.0,1.5635106265544891
চাওয়া,0.5634991526603699,0.0,1.5634991526603699
আমােদ,0.5735390484333038,0.010101010101010102,1.563438038332294
অজগর,0.5634278953075409,0.0,1.563427895307541
চাকরবাকর,0.563370943069458,0.0,1.563370943069458
বিনয়ে,0.5633700788021088,0.0,1.5633700788021088
সেপাই,0.5633626282215118,0.0,1.5633626282215118
ঘুরঘুর,0.5633325278759003,0.0,1.5633325278759003
দিলো,0.5633135437965393,0.0,1.5633135437965393
হাফ,0.5632916390895844,0.0,1.5632916390895844
টিউব,0.5733454525470734,0.010101010101010102,1.5632444424460634
তুলেছি,0.5631782412528992,0.0,1.5631782412528992
ঠেলায়,0.5631682276725769,0.0,1.563168227672577
পোড়,0.5631498694419861,0.0,1.563149869441986
বাঁকা,0.5631313323974609,0.0,1.563131332397461
চিরদিন,0.5629879236221313,0.0,1.5629879236221313
খুশির,0.5629392266273499,0.0,1.5629392266273499
প্যাকট,0.5628831684589386,0.0,1.5628831684589386
সন্ধ্যা,0.5628445744514465,0.0,1.5628445744514465
ড্রাইভার,0.5628128349781036,0.0,1.5628128349781036
সামলা,0.5627678036689758,0.0,1.5627678036689758
গীত,0.5627318620681763,0.0,1.5627318620681763
জেনারেল,0.5627278089523315,0.0,1.5627278089523315
ঘেঁষে,0.5627207159996033,0.0,1.5627207159996033
রাজবাড়ি,0.5626869201660156,0.0,1.5626869201660156
মাঝপথে,0.562667578458786,0.0,1.562667578458786
নির্মম,0.5626430809497833,0.0,1.5626430809497833
চূড়া,0.562606006860733,0.0,1.562606006860733
অনেকখানি,0.56257164478302,0.0,1.56257164478302
যেব,0.5625557899475098,0.0,1.5625557899475098
গোছানো,0.5625244975090027,0.0,1.5625244975090027
ইঞ্জিন,0.5625040233135223,0.0,1.5625040233135223
খাটে,0.5624845027923584,0.0,1.5624845027923584
কাছে৷,0.5624844431877136,0.0,1.5624844431877136
নিয়ো,0.5624675452709198,0.0,1.5624675452709198
রাজকুমার,0.5624058246612549,0.0,1.5624058246612549
হাক,0.5623433887958527,0.0,1.5623433887958527
বনে,0.5623238384723663,0.0,1.5623238384723663
চলুক,0.5623209476470947,0.0,1.5623209476470947
খাসা,0.5623180568218231,0.0,1.5623180568218231
অংশে,0.572359561920166,0.010101010101010102,1.562258551819156
যাওয়৷,0.5622441470623016,0.0,1.5622441470623016
বাড়িতে,0.5622285902500153,0.0,1.5622285902500153
পারলুম,0.5621950626373291,0.0,1.562195062637329
তের,0.5621882677078247,0.0,1.5621882677078247
তৈরী,0.5825942754745483,0.02040816326530612,1.5621861122092422
খাদ্য,0.5722607374191284,0.010101010101010102,1.5621597273181185
মনোবল,0.5621325969696045,0.0,1.5621325969696045
দেবেন৷,0.562089592218399,0.0,1.562089592218399
বেরুবার,0.5620754063129425,0.0,1.5620754063129425
ক্যামে,0.5620545446872711,0.0,1.5620545446872711
রাণ,0.5620532929897308,0.0,1.5620532929897308
জনতা,0.5620411932468414,0.0,1.5620411932468414
সাবাস,0.5619788467884064,0.0,1.5619788467884064
সেভাবে,0.5619600713253021,0.0,1.5619600713253021
ছাই,0.5720606744289398,0.010101010101010102,1.5619596643279299
বারে,0.5619034767150879,0.0,1.561903476715088
ঠাণ্ডা,0.5618734061717987,0.0,1.5618734061717987
টাদে,0.5719195604324341,0.010101010101010102,1.5618185503314241
দেখাদেখি,0.5617739856243134,0.0,1.5617739856243134
বীরত্ব,0.5718690156936646,0.010101010101010102,1.5617680055926546
পড়ুক,0.5617544949054718,0.0,1.5617544949054718
এখুনি,0.5617303848266602,0.0,1.5617303848266602
পূজ,0.5617261230945587,0.0,1.5617261230945587
কাহা,0.5616905093193054,0.0,1.5616905093193054
তাজ্জব,0.5616580545902252,0.0,1.5616580545902252
রক্ষী,0.5616313815116882,0.0,1.5616313815116882
ফেলেছিল,0.5616224706172943,0.0,1.5616224706172943
ময়ূর,0.561610758304596,0.0,1.561610758304596
বারবার,0.5616066455841064,0.0,1.5616066455841064
জিরিয়ে,0.5615924596786499,0.0,1.56159245967865
ব্যাটারি,0.5615562200546265,0.0,1.5615562200546265
পরা,0.5615490972995758,0.0,1.5615490972995758
বছরে,0.561525821685791,0.0,1.561525821685791
সিটি,0.5615161955356598,0.0,1.5615161955356598
নীরবত,0.5615037679672241,0.0,1.5615037679672241
শাস্তভাবে,0.5614995062351227,0.0,1.5614995062351227
বটি,0.5614672303199768,0.0,1.5614672303199768
এমনিতে,0.5614438951015472,0.0,1.5614438951015472
ধইরা,0.5715329647064209,0.010101010101010102,1.561431954605411
ঘামা,0.5614045858383179,0.0,1.5614045858383179
দাসী,0.5613231360912323,0.0,1.5613231360912323
জালে,0.5613012313842773,0.0,1.5613012313842773
ছুভা,0.5713684558868408,0.010101010101010102,1.5612674457858309
রান্নাবান্ন,0.5612630844116211,0.0,1.561263084411621
এপাশ,0.5713446140289307,0.010101010101010102,1.5612436039279207
চেহ,0.5713421106338501,0.010101010101010102,1.5612411005328402
যেতাম,0.5713385343551636,0.010101010101010102,1.5612375242541536
ক্লাব,0.5816450417041779,0.02040816326530612,1.5612368784388717
অভিনন্দন,0.5611499845981598,0.0,1.5611499845981598
মাথাব্যথা,0.5611121356487274,0.0,1.5611121356487274
বুঝলো,0.561087965965271,0.0,1.561087965965271
প্যাচ,0.5610747933387756,0.0,1.5610747933387756
তলা,0.5610327124595642,0.0,1.5610327124595642
সের,0.5610196590423584,0.0,1.5610196590423584
হার্ট,0.5610077977180481,0.0,1.561007797718048
টুলে,0.5609688758850098,0.0,1.5609688758850098
বাসনা,0.5609294772148132,0.0,1.5609294772148132
বাজায়,0.5609124302864075,0.0,1.5609124302864075
কুড়িয়ে,0.5709961652755737,0.010101010101010102,1.5608951551745638
নিব,0.5608896315097809,0.0,1.5608896315097809
গাধা,0.5608795583248138,0.0,1.5608795583248138
গিয়া,0.5607876777648926,0.0,1.5607876777648926
ভাড়াটে,0.5607825219631195,0.0,1.5607825219631195
লাগলেন৷,0.5607276856899261,0.0,1.5607276856899261
বেরিয়েছি,0.5607188045978546,0.0,1.5607188045978546
সোনাদানা,0.5607078373432159,0.0,1.560707837343216
লাঠির,0.5707935988903046,0.010101010101010102,1.5606925887892946
দিই,0.5606338381767273,0.0,1.5606338381767273
কাটিয়েছেন,0.5605974793434143,0.0,1.5605974793434143
দারােয়ান,0.5605466961860657,0.0,1.5605466961860657
যুদ্ধে,0.5706424117088318,0.010101010101010102,1.5605414016078218
পাচ্,0.5605368912220001,0.0,1.5605368912220001
দাপট,0.560453861951828,0.0,1.560453861951828
কাজকারবার,0.5604174733161926,0.0,1.5604174733161926
লাগবে,0.5604115724563599,0.0,1.5604115724563599
ব্যাপারটা,0.5603847801685333,0.0,1.5603847801685333
বিকল্প,0.5603803098201752,0.0,1.5603803098201752
কাশ,0.5603726804256439,0.0,1.560372680425644
য়ে,0.5603563487529755,0.0,1.5603563487529755
জ্বালিয়ে,0.5603519678115845,0.0,1.5603519678115845
লোমহর্ষক,0.5603153109550476,0.0,1.5603153109550476
নকশা,0.570276141166687,0.010101010101010102,1.560175131065677
পালালে,0.5601291358470917,0.0,1.5601291358470917
চারদিক,0.570217490196228,0.010101010101010102,1.560116480095218
প্রয়োগ,0.5600389242172241,0.0,1.5600389242172241
কেঁদো,0.5600338578224182,0.0,1.5600338578224182
কাতর,0.5599525272846222,0.0,1.5599525272846222
আশঙ্কা,0.5599298775196075,0.0,1.5599298775196075
হাতি,0.5599193274974823,0.0,1.5599193274974823
অনেকব,0.5599043369293213,0.0,1.5599043369293213
মরবে,0.5598801970481873,0.0,1.5598801970481873
বিচ্ছিন্ন,0.5598724782466888,0.0,1.5598724782466888
লো,0.5598705112934113,0.0,1.5598705112934113
অভিযোগ,0.5598651766777039,0.0,1.5598651766777039
তফাৎ,0.5598313212394714,0.0,1.5598313212394714
বিছানা,0.5598051846027374,0.0,1.5598051846027374
করিত,0.5597919523715973,0.0,1.5597919523715973
দেবীর,0.5597609877586365,0.0,1.5597609877586365
শুনলে,0.5597600936889648,0.0,1.5597600936889648
টোপর,0.5597166419029236,0.0,1.5597166419029236
হয়তা,0.5597118437290192,0.0,1.5597118437290192
দারােগা,0.5597057938575745,0.0,1.5597057938575745
আলীর,0.5697972476482391,0.010101010101010102,1.5596962375472292
গরুর,0.5596566796302795,0.0,1.5596566796302795
তাঙ,0.5596000850200653,0.0,1.5596000850200653
ঘাট,0.5595955550670624,0.0,1.5595955550670624
সটান,0.5595738589763641,0.0,1.5595738589763641
গুনে,0.5595626831054688,0.0,1.5595626831054688
পাচক,0.5595605373382568,0.0,1.5595605373382568
খোক,0.5594841837882996,0.0,1.5594841837882996
জরুরি,0.559463620185852,0.0,1.559463620185852
বালিকা,0.5798648595809937,0.02040816326530612,1.5594566963156875
কষ্টে,0.5594308078289032,0.0,1.5594308078289032
প্রাইভেট,0.559417724609375,0.0,1.559417724609375
মুনির,0.5594096481800079,0.0,1.559409648180008
হালচাল,0.559364914894104,0.0,1.559364914894104
স্বীকৃতি,0.5593190789222717,0.0,1.5593190789222717
মানি,0.5694043040275574,0.010101010101010102,1.5593032939265474
জেদ,0.5593026876449585,0.0,1.5593026876449585
ফাটে,0.5593023002147675,0.0,1.5593023002147675
আয়োজন,0.5694023966789246,0.010101010101010102,1.5593013865779146
সেইদিন,0.5592865645885468,0.0,1.5592865645885468
গতিবিধি,0.5592648386955261,0.0,1.5592648386955261
জানাবো,0.5591896772384644,0.0,1.5591896772384644
গাট,0.5591860711574554,0.0,1.5591860711574554
কাছারি,0.5591847002506256,0.0,1.5591847002506256
মদ্যপান,0.5692067742347717,0.010101010101010102,1.5591057641337618
জুতো,0.559094101190567,0.0,1.559094101190567
গাড়ােয়ান,0.5590802133083344,0.0,1.5590802133083344
বিশ্ব,0.5590221881866455,0.0,1.5590221881866455
ওপাশ,0.5690732598304749,0.010101010101010102,1.558972249729465
বেড়িয়ে,0.5589447021484375,0.0,1.5589447021484375
মলিন,0.5589445531368256,0.0,1.5589445531368256
পুথিবী,0.5589247345924377,0.0,1.5589247345924377
দেখছিস,0.558918684720993,0.0,1.558918684720993
আধ,0.5588912963867188,0.0,1.5588912963867188
আদায়,0.5587730705738068,0.0,1.5587730705738068
ওকেও,0.5587580502033234,0.0,1.5587580502033234
শাখা,0.5688000023365021,0.010101010101010102,1.5586989922354921
টোল,0.5586824715137482,0.0,1.5586824715137482
শিকারী,0.5586538314819336,0.0,1.5586538314819336
দেও,0.5586503446102142,0.0,1.5586503446102142
স্থির,0.5585851073265076,0.0,1.5585851073265076
যুবক,0.5585795044898987,0.0,1.5585795044898987
ক্লাস,0.558535248041153,0.0,1.558535248041153
ভীতু,0.5584453344345093,0.0,1.5584453344345093
সচেতন,0.5584314465522766,0.0,1.5584314465522766
প্রকৃতির,0.5788354873657227,0.02040816326530612,1.5584273241004165
মাখানো,0.5584133267402649,0.0,1.558413326740265
কৃতার্থ,0.5582967102527618,0.0,1.5582967102527618
চাপড়ে,0.5582375526428223,0.0,1.5582375526428223
ছাপ,0.5683092772960663,0.010101010101010102,1.5582082671950563
ঐটা,0.5581650733947754,0.0,1.5581650733947754
কেড়ে,0.5581098794937134,0.0,1.5581098794937134
দ্রি,0.5580883324146271,0.0,1.558088332414627
প্রৌঢ়,0.5580718517303467,0.0,1.5580718517303467
উতলা,0.5580708682537079,0.0,1.5580708682537079
নাচগান,0.5579862296581268,0.0,1.5579862296581268
গুঁজে,0.5579692423343658,0.0,1.5579692423343658
পানীয়,0.5579679608345032,0.0,1.5579679608345032
অনেকক্ষণ,0.5579676330089569,0.0,1.557967633008957
বিলেত,0.5579566061496735,0.0,1.5579566061496735
খোলস,0.5578973293304443,0.0,1.5578973293304443
চারিদি,0.557878166437149,0.0,1.557878166437149
দ্বার,0.5578139126300812,0.0,1.5578139126300812
তড়িৎ,0.5578136742115021,0.0,1.557813674211502
আয়েস,0.5577937066555023,0.0,1.5577937066555023
ইশারায়,0.5577907264232635,0.0,1.5577907264232635
টায়ার্ড,0.5577828586101532,0.0,1.5577828586101532
অবশ্যি,0.5577776432037354,0.0,1.5577776432037354
পেশ,0.5577590763568878,0.0,1.5577590763568878
বাহাদুর,0.5577562153339386,0.0,1.5577562153339386
থাবড়ে,0.5576762855052948,0.0,1.5576762855052948
আসিয়া,0.5885835886001587,0.030927835051546393,1.5576557535486124
বাঁচা,0.5575465857982635,0.0,1.5575465857982635
পুপু,0.5575075745582581,0.0,1.557507574558258
মুরগির,0.5574959814548492,0.0,1.5574959814548492
পলি,0.5574412643909454,0.0,1.5574412643909454
একখান,0.5573844313621521,0.0,1.557384431362152
আনন্দে,0.5674703419208527,0.010101010101010102,1.5573693318198427
গোপন,0.5573518872261047,0.0,1.5573518872261047
সাদ,0.5674123466014862,0.010101010101010102,1.5573113365004763
কাদা,0.55726358294487,0.0,1.55726358294487
এমনকি,0.5572161972522736,0.0,1.5572161972522736
সুখবর,0.5572035610675812,0.0,1.5572035610675812
ভায়,0.5571992695331573,0.0,1.5571992695331573
অমঙ্গল,0.5571905970573425,0.0,1.5571905970573425
পড়ান,0.5571792423725128,0.0,1.5571792423725128
পেটা,0.5570321083068848,0.0,1.5570321083068848
অবহেলায়,0.5570302605628967,0.0,1.5570302605628967
ক্রুদ্ধ,0.5570148825645447,0.0,1.5570148825645447
পাহা,0.5569895207881927,0.0,1.5569895207881927
ঘুড়ি,0.5569714903831482,0.0,1.5569714903831482
কাটবে,0.5569486320018768,0.0,1.5569486320018768
বয়ে,0.5569159686565399,0.0,1.55691596865654
আসো,0.5568761229515076,0.0,1.5568761229515076
ভাপ,0.5568355619907379,0.0,1.556835561990738
বমি,0.5668697357177734,0.010101010101010102,1.5567687256167635
দীক্ষা,0.5567680299282074,0.0,1.5567680299282074
জুটে,0.5567544400691986,0.0,1.5567544400691986
ঝাড়া,0.5567483305931091,0.0,1.5567483305931091
অজ,0.5567466616630554,0.0,1.5567466616630554
শীঘ্র,0.5567035973072052,0.0,1.5567035973072052
ওয়াল,0.556643545627594,0.0,1.556643545627594
খরচা,0.5566248595714569,0.0,1.556624859571457
জানব,0.5667219758033752,0.010101010101010102,1.5566209657023653
কাটলে,0.5565993785858154,0.0,1.5565993785858154
নিচ,0.5666801035404205,0.010101010101010102,1.5565790934394106
দ্বারে,0.5565392076969147,0.0,1.5565392076969147
চিন্তা,0.5565046966075897,0.0,1.5565046966075897
ধর্মে,0.5564824640750885,0.0,1.5564824640750885
তোদের,0.5564499199390411,0.0,1.5564499199390411
দ্যা,0.5564354956150055,0.0,1.5564354956150055
কবুল,0.5564049184322357,0.0,1.5564049184322357
চাকা,0.5563935339450836,0.0,1.5563935339450836
একবারে,0.5563672482967377,0.0,1.5563672482967377
দুপুর,0.55633544921875,0.0,1.55633544921875
হাসে,0.5767399072647095,0.02040816326530612,1.5563317439994033
ওভারসিয়ার,0.55631884932518,0.0,1.55631884932518
সম্মতি,0.5562774538993835,0.0,1.5562774538993835
পাট,0.556271493434906,0.0,1.556271493434906
একাধিক,0.5562432706356049,0.0,1.5562432706356049
বিশাল,0.5663104355335236,0.010101010101010102,1.5562094254325136
সামলানো,0.5561933815479279,0.0,1.5561933815479279
হাই,0.556178092956543,0.0,1.556178092956543
নিঃশ্বাস,0.5561548173427582,0.0,1.5561548173427582
হেঁটে,0.5561361610889435,0.0,1.5561361610889435
কেষ্ট,0.556135505437851,0.0,1.556135505437851
পড়ুন,0.5561082363128662,0.0,1.5561082363128662
দুএক,0.5560955703258514,0.0,1.5560955703258514
সিঁদুর,0.556052178144455,0.0,1.556052178144455
গালে,0.5559897720813751,0.0,1.5559897720813751
আত্মবিশ্বাস,0.5660739839076996,0.010101010101010102,1.5559729738066896
বিশ্মিত,0.5660631656646729,0.010101010101010102,1.555962155563663
ধৈর্য,0.5559392273426056,0.0,1.5559392273426056
দেবে৷,0.5558757781982422,0.0,1.5558757781982422
ক্লাসে,0.5558068454265594,0.0,1.5558068454265594
ধনী,0.5557951033115387,0.0,1.5557951033115387
ধদি,0.5557640790939331,0.0,1.555764079093933
দরে,0.555745005607605,0.0,1.555745005607605
সৌজন্য,0.5557037591934204,0.0,1.5557037591934204
সম্মুখীন,0.5556734800338745,0.0,1.5556734800338745
জামাইয়,0.5555590391159058,0.0,1.5555590391159058
উল্লসিত,0.555548369884491,0.0,1.555548369884491
খার,0.5555065274238586,0.0,1.5555065274238586
বুলবু,0.5555013120174408,0.0,1.5555013120174408
বিছ্যত,0.5554766952991486,0.0,1.5554766952991486
ফেনা,0.5554616153240204,0.0,1.5554616153240204
আলোচন,0.5554474890232086,0.0,1.5554474890232086
বলেনি,0.5554405748844147,0.0,1.5554405748844147
স্তুপ,0.5553567409515381,0.0,1.555356740951538
ঠাকুমা,0.5553008317947388,0.0,1.5553008317947388
হাসিব,0.5552927255630493,0.0,1.5552927255630493
জো,0.5552583336830139,0.0,1.555258333683014
গুম,0.5552413761615753,0.0,1.5552413761615753
বস্তা,0.5552381575107574,0.0,1.5552381575107574
জরুরী,0.555231362581253,0.0,1.555231362581253
অধিবাসী,0.5552248060703278,0.0,1.5552248060703278
তবিয়,0.5653005540370941,0.010101010101010102,1.5551995439360842
বৃটিশ,0.5551736354827881,0.0,1.555173635482788
জুড়ে,0.5551694333553314,0.0,1.5551694333553314
বাগে,0.5551289021968842,0.0,1.5551289021968842
করলাম৷,0.5551102757453918,0.0,1.5551102757453918
খানিকক্ষণ,0.5550318956375122,0.0,1.5550318956375122
কংগ্রেস,0.5549958050251007,0.0,1.5549958050251007
নিরাশ,0.55498868227005,0.0,1.55498868227005
আগামীকাল,0.554893434047699,0.0,1.554893434047699
খুড়ে,0.5548831522464752,0.0,1.5548831522464752
ধরেছিল,0.5547648668289185,0.0,1.5547648668289185
পড়েছেন,0.5648022890090942,0.010101010101010102,1.5547012789080843
তাবিজ,0.5546722114086151,0.0,1.5546722114086151
পরশুদিন,0.5546319782733917,0.0,1.5546319782733917
সংসারে,0.5546021163463593,0.0,1.5546021163463593
প্রশ্নে,0.5545422732830048,0.0,1.5545422732830048
ফাকি,0.554523229598999,0.0,1.554523229598999
নিবিড়,0.5544916987419128,0.0,1.5544916987419128
বাছুড়,0.5544858872890472,0.0,1.5544858872890472
এটে,0.564536988735199,0.010101010101010102,1.554435978634189
পিশাচ,0.5544359683990479,0.0,1.5544359683990479
বাহক,0.5544228255748749,0.0,1.5544228255748749
অনুভূতি,0.5544058084487915,0.0,1.5544058084487915
কানুন,0.5543663501739502,0.0,1.5543663501739502
আইছ,0.5542925000190735,0.0,1.5542925000190735
অ্যা,0.554271012544632,0.0,1.554271012544632
ভাবো,0.5542344152927399,0.0,1.5542344152927399
হোটেলের,0.5542239546775818,0.0,1.5542239546775818
বেদি,0.5542197525501251,0.0,1.5542197525501251
বন্দে,0.5541812181472778,0.0,1.5541812181472778
লাঠি,0.5642682611942291,0.010101010101010102,1.5541672510932192
বাজলো,0.5541501343250275,0.0,1.5541501343250275
ফিরবে,0.5541231632232666,0.0,1.5541231632232666
জন্মা,0.5540928542613983,0.0,1.5540928542613983
গিলে,0.5540754199028015,0.0,1.5540754199028015
করো,0.5540719628334045,0.0,1.5540719628334045
পড়ায়,0.5540325343608856,0.0,1.5540325343608856
প্রস্তাবে,0.5539814233779907,0.0,1.5539814233779907
জরিপ,0.5539736449718475,0.0,1.5539736449718475
দেখছে৷,0.5539610385894775,0.0,1.5539610385894775
ঢালা,0.5539484322071075,0.0,1.5539484322071075
পোশাকআশাক,0.5539229214191437,0.0,1.5539229214191437
ব্যাগ,0.5639976859092712,0.010101010101010102,1.5538966758082613
অনেকদিন,0.5538636445999146,0.0,1.5538636445999146
কাধ,0.5538528561592102,0.0,1.5538528561592102
যোগ,0.574242115020752,0.02040816326530612,1.5538339517554458
তারা,0.5538282096385956,0.0,1.5538282096385956
শিক্ষিকা,0.5538160502910614,0.0,1.5538160502910614
এদিকওদিক,0.5537724792957306,0.0,1.5537724792957306
ফাঁসি,0.5537675619125366,0.0,1.5537675619125366
ঘেঁষাঘেঁষি,0.5537534058094025,0.0,1.5537534058094025
অন্যান্য,0.5537021160125732,0.0,1.5537021160125732
আহ্বান,0.5536734163761139,0.0,1.553673416376114
কবি,0.5536713302135468,0.0,1.5536713302135468
কলা,0.5637599229812622,0.010101010101010102,1.5536589128802523
অনুরাধা,0.553632915019989,0.0,1.553632915019989
বলুন৷,0.5536159574985504,0.0,1.5536159574985504
স্থান,0.5536125898361206,0.0,1.5536125898361206
জমা,0.563681572675705,0.010101010101010102,1.553580562574695
হাকডাক,0.553521990776062,0.0,1.553521990776062
পেয়ালা,0.55351322889328,0.0,1.55351322889328
মুড়ে,0.5534626245498657,0.0,1.5534626245498657
ভাইকে,0.553412139415741,0.0,1.553412139415741
কাতারে,0.5533981621265411,0.0,1.5533981621265411
পিত,0.5533503293991089,0.0,1.5533503293991089
কাছি,0.5533351302146912,0.0,1.5533351302146912
শুনছো,0.5533344447612762,0.0,1.5533344447612762
শিক্ষ,0.5532602071762085,0.0,1.5532602071762085
সংস্পর্শে,0.553207516670227,0.0,1.553207516670227
প্রবলভাবে,0.5531523525714874,0.0,1.5531523525714874
দেখেশুনে,0.5530122220516205,0.0,1.5530122220516205
প্রসাধন,0.5530076622962952,0.0,1.5530076622962952
পাঠাবে,0.5530028939247131,0.0,1.5530028939247131
জোটে,0.5529356300830841,0.0,1.552935630083084
মহাশয়,0.5630322694778442,0.010101010101010102,1.5529312593768343
ছটো,0.5529276132583618,0.0,1.5529276132583618
জলি,0.552922248840332,0.0,1.552922248840332
স্বাস্থ্যবান,0.5528624057769775,0.0,1.5528624057769775
কর্তা,0.5528462529182434,0.0,1.5528462529182434
এদেশ,0.5528319180011749,0.0,1.552831918001175
পার্থ,0.5527918934822083,0.0,1.5527918934822083
প্রান্,0.5628895163536072,0.010101010101010102,1.5527885062525972
বেরুচ্,0.5527318716049194,0.0,1.5527318716049194
পারেন৷,0.5526964962482452,0.0,1.5526964962482452
বাতির,0.5526362657546997,0.0,1.5526362657546997
কারখানায়,0.552579939365387,0.0,1.552579939365387
ঝোলা,0.55257448554039,0.0,1.55257448554039
বগা,0.5525418221950531,0.0,1.552541822195053
জানিয়েছিল,0.5525156557559967,0.0,1.5525156557559967
নেশা,0.5525072813034058,0.0,1.5525072813034058
গেটের,0.5524842143058777,0.0,1.5524842143058777
হাড়গিল,0.5524606704711914,0.0,1.5524606704711914
ল্যাজ,0.5524263978004456,0.0,1.5524263978004456
নগরী,0.5523953139781952,0.0,1.5523953139781952
বিস্ময়,0.5624816119670868,0.010101010101010102,1.5523806018660768
মহাভারত,0.5624502897262573,0.010101010101010102,1.5523492796252474
ডিগ্রী,0.5523390173912048,0.0,1.5523390173912048
যাচ্চে,0.5522813498973846,0.0,1.5522813498973846
মতভেদ,0.5522564053535461,0.0,1.5522564053535461
পালিয়েছি,0.5521242022514343,0.0,1.5521242022514343
তালে,0.5521154403686523,0.0,1.5521154403686523
খুনোখুনি,0.5521059334278107,0.0,1.5521059334278107
গল্পগুজব,0.5520883798599243,0.0,1.5520883798599243
দিতে,0.5520843267440796,0.0,1.5520843267440796
পেয়ার,0.5520400106906891,0.0,1.552040010690689
সীট,0.5520223379135132,0.0,1.5520223379135132
গুরুজন,0.5520153045654297,0.0,1.5520153045654297
কুঞ্চিত,0.5519856214523315,0.0,1.5519856214523315
নাড়ে,0.551975667476654,0.0,1.551975667476654
সন্ধে,0.5723612904548645,0.02040816326530612,1.5519531271895584
খাট,0.5519134104251862,0.0,1.5519134104251862
পর্যবেক্ষণ,0.5518873333930969,0.0,1.551887333393097
রবীন্দ্রনাথ,0.5518531501293182,0.0,1.5518531501293182
পাকিয়ে,0.5518010258674622,0.0,1.5518010258674622
অধিকারে,0.5517312288284302,0.0,1.5517312288284302
মাজা,0.5516662001609802,0.0,1.5516662001609802
পূজোর,0.5516577959060669,0.0,1.551657795906067
চাবি,0.5516550540924072,0.0,1.5516550540924072
সাফল্যে,0.5516400635242462,0.0,1.5516400635242462
সুর,0.5516149401664734,0.0,1.5516149401664734
মুরোদ,0.5516083836555481,0.0,1.551608383655548
উচ্চারিত,0.5515984296798706,0.0,1.5515984296798706
শিখে,0.5515823066234589,0.0,1.5515823066234589
সাধক,0.5515471696853638,0.0,1.5515471696853638
ঠাকুরদ,0.5514998137950897,0.0,1.5514998137950897
নেহাত,0.551481306552887,0.0,1.551481306552887
অসহায়ভাবে,0.5514643788337708,0.0,1.5514643788337708
একবাব,0.5514560341835022,0.0,1.5514560341835022
সম্পর্কিত,0.5514271557331085,0.0,1.5514271557331085
শীতকালে,0.5514141917228699,0.0,1.5514141917228699
মাথ৷,0.5514019727706909,0.0,1.551401972770691
দোকানী,0.5513685941696167,0.0,1.5513685941696167
ঝাঁ,0.5614399611949921,0.010101010101010102,1.5513389510939821
দাদুর,0.5512999892234802,0.0,1.5512999892234802
ভাবলো,0.5512886345386505,0.0,1.5512886345386505
বাজিয়ে,0.5512625575065613,0.0,1.5512625575065613
হরিণ,0.5613487362861633,0.010101010101010102,1.5512477261851534
উকি,0.5512356162071228,0.0,1.5512356162071228
ঠিকানা,0.5612562298774719,0.010101010101010102,1.551155219776462
অসহ্য,0.5510948598384857,0.0,1.5510948598384857
আজন্ম,0.5510940849781036,0.0,1.5510940849781036
আবাব,0.5510399639606476,0.0,1.5510399639606476
জগন্নাথ,0.5510097444057465,0.0,1.5510097444057465
নিচু,0.5510019063949585,0.0,1.5510019063949585
ভোলা,0.5509754419326782,0.0,1.5509754419326782
ঠাসা,0.550950676202774,0.0,1.550950676202774
বাইশ,0.5509158372879028,0.0,1.5509158372879028
পয়েন্ট,0.5609905123710632,0.010101010101010102,1.5508895022700533
বিয়,0.5508803427219391,0.0,1.550880342721939
পারবো,0.550811767578125,0.0,1.550811767578125
যেমনি,0.550799161195755,0.0,1.550799161195755
হালকা,0.5507764220237732,0.0,1.5507764220237732
টুপ,0.5507650077342987,0.0,1.5507650077342987
বুকে,0.5608528256416321,0.010101010101010102,1.5507518155406221
ভাইরা,0.5507406294345856,0.0,1.5507406294345856
পারুক,0.550634503364563,0.0,1.550634503364563
ফেলেছি৷,0.5506255626678467,0.0,1.5506255626678467
ধান্দায়,0.550529807806015,0.0,1.550529807806015
মানবে,0.5505017936229706,0.0,1.5505017936229706
গেছিস,0.5504893064498901,0.0,1.5504893064498901
উষ্ণ,0.5504291951656342,0.0,1.5504291951656342
একটা৷,0.550427258014679,0.0,1.550427258014679
খুজ,0.5504122376441956,0.0,1.5504122376441956
শুনব,0.5503899455070496,0.0,1.5503899455070496
জিনিস,0.5503325760364532,0.0,1.5503325760364532
কায়দায়,0.5503208339214325,0.0,1.5503208339214325
হাউ,0.560402125120163,0.010101010101010102,1.550301115019153
রাইফেলের,0.5502861142158508,0.0,1.5502861142158508
স্টিল,0.5502858459949493,0.0,1.5502858459949493
গয়না,0.5502849221229553,0.0,1.5502849221229553
লাইসেন্স,0.5502643585205078,0.0,1.5502643585205078
উঁচু,0.5502388179302216,0.0,1.5502388179302216
প্রমাণ,0.550237238407135,0.0,1.550237238407135
মিলিয়ে,0.5501978695392609,0.0,1.5501978695392609
থেয়ে,0.5501943230628967,0.0,1.5501943230628967
রােজ,0.5602879524230957,0.010101010101010102,1.5501869423220858
তিনচ,0.5501556098461151,0.0,1.5501556098461151
সাঁত,0.5500054657459259,0.0,1.550005465745926
নীতি,0.5499656200408936,0.0,1.5499656200408936
একট৷,0.5499581694602966,0.0,1.5499581694602966
তেন,0.5498670637607574,0.0,1.5498670637607574
পাহ,0.5498618185520172,0.0,1.5498618185520172
নিছক,0.5498614311218262,0.0,1.5498614311218262
টাক,0.5498466491699219,0.0,1.5498466491699219
গাছতলায়,0.5498347878456116,0.0,1.5498347878456116
পাবা,0.5498252511024475,0.0,1.5498252511024475
দীর্ঘ,0.5498179495334625,0.0,1.5498179495334625
বেগতিক,0.5497989654541016,0.0,1.5497989654541016
নিষেধ,0.5497742295265198,0.0,1.5497742295265198
মহাদেবের,0.5497674942016602,0.0,1.5497674942016602
উদ্দেশ্যে,0.5497513711452484,0.0,1.5497513711452484
ফটো,0.5598316788673401,0.010101010101010102,1.5497306687663301
দুঃসাহস,0.5497196316719055,0.0,1.5497196316719055
এইটুকু,0.5497103929519653,0.0,1.5497103929519653
বিকালে,0.5496633946895599,0.0,1.54966339468956
জামাত,0.5496302545070648,0.0,1.5496302545070648
দেখতে,0.5495749711990356,0.0,1.5495749711990356
চৌকাঠ,0.5495742857456207,0.0,1.5495742857456207
বোষ্টম,0.549546480178833,0.0,1.549546480178833
অবজ্ঞা,0.5495441854000092,0.0,1.5495441854000092
প্রতিজ্ঞা,0.549481987953186,0.0,1.549481987953186
সঙ্গীত,0.5494689345359802,0.0,1.5494689345359802
কামান,0.5494615137577057,0.0,1.5494615137577057
এক্ষুনি,0.5494422614574432,0.0,1.5494422614574432
সাড়া,0.5494387447834015,0.0,1.5494387447834015
ইংরেজী,0.5494288802146912,0.0,1.5494288802146912
দাওয়,0.5494176149368286,0.0,1.5494176149368286
ঢালে,0.5493651032447815,0.0,1.5493651032447815
ফিরল,0.5594524443149567,0.010101010101010102,1.5493514342139467
জড়া,0.5493328273296356,0.0,1.5493328273296356
তালি,0.5493327677249908,0.0,1.5493327677249908
সৈয়দ,0.5493049323558807,0.0,1.5493049323558807
উলটে,0.549302726984024,0.0,1.549302726984024
সাফা,0.5492534339427948,0.0,1.5492534339427948
গেলাস,0.5593189001083374,0.010101010101010102,1.5492178900073275
গড়িয়ে,0.5492168068885803,0.0,1.5492168068885803
মহড়া,0.5491779446601868,0.0,1.5491779446601868
জানতে,0.5491701662540436,0.0,1.5491701662540436
ফোনে,0.549149215221405,0.0,1.549149215221405
লোভী,0.549042671918869,0.0,1.549042671918869
বিবরণ,0.55912846326828,0.010101010101010102,1.54902745316727
রাইফেল,0.5490273833274841,0.0,1.5490273833274841
জানালো,0.5490131974220276,0.0,1.5490131974220276
ওধারে,0.549000471830368,0.0,1.549000471830368
আসাম,0.5489604771137238,0.0,1.5489604771137238
মাহ্ষ,0.5488986670970917,0.0,1.5488986670970917
কলসি,0.5488888323307037,0.0,1.5488888323307037
আঘা,0.5488876402378082,0.0,1.5488876402378082
বর্ণনা,0.5488174259662628,0.0,1.5488174259662628
ব্যবহার,0.5589143335819244,0.010101010101010102,1.5488133234809145
কান্নাকা,0.5488089323043823,0.0,1.5488089323043823
আদর,0.5487987697124481,0.0,1.5487987697124481
ঢোল,0.5487883687019348,0.0,1.5487883687019348
নন্দিনী,0.558855265378952,0.010101010101010102,1.548754255277942
রান্ন,0.5487355589866638,0.0,1.5487355589866638
পশ্চিমে,0.5588306784629822,0.010101010101010102,1.5487296683619722
যাবে৷,0.5487159192562103,0.0,1.5487159192562103
দুখানা,0.5486769080162048,0.0,1.5486769080162048
লাগলো৷,0.5587456226348877,0.010101010101010102,1.5486446125338778
প্রবেশের,0.5485935211181641,0.0,1.548593521118164
নিঃশব্দে,0.548582524061203,0.0,1.548582524061203
কন্যা,0.5485650897026062,0.0,1.5485650897026062
ঘায়েল,0.5484887361526489,0.0,1.548488736152649
বিজয়,0.5484811961650848,0.0,1.5484811961650848
লাগালে,0.5484754145145416,0.0,1.5484754145145416
ঘোড়,0.5688780546188354,0.02040816326530612,1.5484698913535293
একপাশে,0.5585616827011108,0.010101010101010102,1.548460672600101
সতা,0.5483845472335815,0.0,1.5483845472335815
মীর,0.5483717620372772,0.0,1.5483717620372772
স্পর্শে,0.548363208770752,0.0,1.548363208770752
নাতনি,0.5483193099498749,0.0,1.5483193099498749
ঢের,0.548303633928299,0.0,1.548303633928299
আজকাল,0.548273354768753,0.0,1.548273354768753
অভিমানে,0.5482458472251892,0.0,1.5482458472251892
কই,0.548227071762085,0.0,1.548227071762085
দই,0.5481934249401093,0.0,1.5481934249401093
শোনাব,0.548143744468689,0.0,1.548143744468689
ছাদ,0.5481375455856323,0.0,1.5481375455856323
পারবি,0.5481321811676025,0.0,1.5481321811676025
প্রকাশ্য,0.5481120645999908,0.0,1.5481120645999908
আত্মসমর্পণ,0.5480943024158478,0.0,1.5480943024158478
জিবে,0.5480920374393463,0.0,1.5480920374393463
উল্টোদিক,0.548067182302475,0.0,1.548067182302475
বগলে,0.5480092763900757,0.0,1.5480092763900757
বারােটা,0.5479248762130737,0.0,1.5479248762130737
ভিড়ে,0.5478933751583099,0.0,1.54789337515831
নানাবিধ,0.5478785336017609,0.0,1.5478785336017609
দাঁড়া,0.5478611290454865,0.0,1.5478611290454865
চটে,0.5478598177433014,0.0,1.5478598177433014
পরিবেশন,0.5478582382202148,0.0,1.5478582382202148
চল্লিশ,0.5682575106620789,0.02040816326530612,1.5478493473967727
আইন,0.5478369295597076,0.0,1.5478369295597076
চুরুট,0.547832578420639,0.0,1.547832578420639
বঞ্চিত,0.5477964878082275,0.0,1.5477964878082275
দেওয়াতে,0.5477583408355713,0.0,1.5477583408355713
নৌকোর,0.5477327704429626,0.0,1.5477327704429626
কাটাকা,0.5477255284786224,0.0,1.5477255284786224
মাত,0.5477004945278168,0.0,1.5477004945278168
প্রয়োজনীয়,0.5476786494255066,0.0,1.5476786494255066
প্রস্তুতি,0.5476679503917694,0.0,1.5476679503917694
হাতপা,0.5476572215557098,0.0,1.5476572215557098
ঝাপিয়ে,0.5475742220878601,0.0,1.54757422208786
আপ্রাণ,0.5475620031356812,0.0,1.5475620031356812
সংগ্রাম,0.5475366711616516,0.0,1.5475366711616516
যুগল,0.5475283861160278,0.0,1.5475283861160278
খাওয়াদাওয়া,0.5474916994571686,0.0,1.5474916994571686
বুঝে,0.5474692583084106,0.0,1.5474692583084106
কাগজপত্র,0.5474622547626495,0.0,1.5474622547626495
বললে৷,0.5474525392055511,0.0,1.5474525392055511
নাই৷,0.5474444925785065,0.0,1.5474444925785065
থাকলো,0.547440230846405,0.0,1.547440230846405
রাখুন,0.5678476393222809,0.02040816326530612,1.5474394760569747
চাট,0.5474255084991455,0.0,1.5474255084991455
শোব,0.5474163889884949,0.0,1.5474163889884949
বিপন্ন,0.5473119616508484,0.0,1.5473119616508484
স্বপ্নে,0.5573920011520386,0.010101010101010102,1.5472909910510286
কেব,0.5472831130027771,0.0,1.547283113002777
বানু,0.5472463369369507,0.0,1.5472463369369507
পড়তে,0.5471998155117035,0.0,1.5471998155117035
কাকুতিমিনতি,0.5471640527248383,0.0,1.5471640527248383
পাঠাব,0.5471583902835846,0.0,1.5471583902835846
দাত,0.547148585319519,0.0,1.547148585319519
জেনেশুনে,0.5470927059650421,0.0,1.5470927059650421
পরীক্ষা,0.546993225812912,0.0,1.546993225812912
ডিফেন্স,0.5469789206981659,0.0,1.546978920698166
ততদিন,0.5570641160011292,0.010101010101010102,1.5469631059001192
বৈজ্ঞানিক,0.5469506084918976,0.0,1.5469506084918976
কুণ্ড,0.5469492673873901,0.0,1.5469492673873901
স্মৃতির,0.5468747913837433,0.0,1.5468747913837433
ছড়ানো,0.5468538999557495,0.0,1.5468538999557495
পরিবর্তিত,0.556897759437561,0.010101010101010102,1.546796749336551
ব্যাখ্যা,0.5467948317527771,0.0,1.546794831752777
দুর্লভ,0.5568531155586243,0.010101010101010102,1.5467521054576143
থাকতাম,0.5467051267623901,0.0,1.5467051267623901
বেলাতে,0.5467047095298767,0.0,1.5467047095298767
চিন্,0.5466861426830292,0.0,1.5466861426830292
তিনচারজন,0.5466793775558472,0.0,1.5466793775558472
দখলে,0.5466354191303253,0.0,1.5466354191303253
ধেয়ে,0.5466301143169403,0.0,1.5466301143169403
ছাড়৷,0.5465920865535736,0.0,1.5465920865535736
আকর্ষণে,0.5465540289878845,0.0,1.5465540289878845
অত্য,0.5465474724769592,0.0,1.5465474724769592
নিলে,0.5465341210365295,0.0,1.5465341210365295
লাগান,0.556615948677063,0.010101010101010102,1.546514938576053
গর্ভে,0.5465101003646851,0.0,1.546510100364685
কারুর,0.5464901328086853,0.0,1.5464901328086853
নামি,0.5464228987693787,0.0,1.5464228987693787
দুতিনজন,0.5464124083518982,0.0,1.5464124083518982
পারিবারিক,0.5464025735855103,0.0,1.5464025735855103
ভাষা,0.5463961362838745,0.0,1.5463961362838745
ইহারা,0.5463933646678925,0.0,1.5463933646678925
বিব্রত,0.5463667511940002,0.0,1.5463667511940002
যন্ত্রণা,0.5667041838169098,0.02040816326530612,1.5462960205516036
যাইবে,0.5462669730186462,0.0,1.5462669730186462
সনাতন,0.5462203025817871,0.0,1.546220302581787
রসিকতা,0.546201229095459,0.0,1.546201229095459
বিভাগ,0.5461492836475372,0.0,1.5461492836475372
নিয়ন্ত্রণ,0.5460711419582367,0.0,1.5460711419582367
থারাপ,0.5460259914398193,0.0,1.5460259914398193
অসাড়,0.5460192859172821,0.0,1.546019285917282
কারসাজি,0.5460070073604584,0.0,1.5460070073604584
বালতি,0.5459659993648529,0.0,1.545965999364853
ছুঃখে,0.545929491519928,0.0,1.545929491519928
ঠোট,0.5458114743232727,0.0,1.5458114743232727
আশীর্বাদে,0.5458002090454102,0.0,1.5458002090454102
বাদ,0.5457952916622162,0.0,1.5457952916622162
আগস্ট,0.5558789074420929,0.010101010101010102,1.545777897341083
ডাকি,0.5457656383514404,0.0,1.5457656383514404
আফ্রিকায়,0.5457474887371063,0.0,1.5457474887371063
খেলবে,0.5457156002521515,0.0,1.5457156002521515
বাচে,0.5457152128219604,0.0,1.5457152128219604
পায়চারি,0.5557989776134491,0.010101010101010102,1.5456979675124392
শীতল,0.5456681549549103,0.0,1.5456681549549103
ভাইয়,0.5456505119800568,0.0,1.5456505119800568
গার্ড,0.5456331372261047,0.0,1.5456331372261047
দোকানদ,0.5456255078315735,0.0,1.5456255078315735
রাজ্য,0.5456112027168274,0.0,1.5456112027168274
ধা,0.5764789879322052,0.030927835051546393,1.545551152880659
দিবা,0.5455359518527985,0.0,1.5455359518527985
ষাট,0.5556202530860901,0.010101010101010102,1.5455192429850801
দাখিল,0.5454692244529724,0.0,1.5454692244529724
দর্শনীয়,0.5454461574554443,0.0,1.5454461574554443
খোলো,0.5454118847846985,0.0,1.5454118847846985
পরামাণিক,0.5454086661338806,0.0,1.5454086661338806
রাতদিন,0.5453919768333435,0.0,1.5453919768333435
প্রেসের,0.5453877747058868,0.0,1.5453877747058868
টুকরো,0.5453033149242401,0.0,1.5453033149242401
আমীর,0.5452851057052612,0.0,1.5452851057052612
এগো,0.5553672909736633,0.010101010101010102,1.5452662808726534
জনপ্রিয়,0.5452413856983185,0.0,1.5452413856983185
রসিক,0.5452257096767426,0.0,1.5452257096767426
গালি,0.5451753735542297,0.0,1.5451753735542297
মোটর,0.5552474558353424,0.010101010101010102,1.5451464457343325
ঘষে,0.5451425611972809,0.0,1.5451425611972809
জোয়ান,0.5552380084991455,0.010101010101010102,1.5451369983981356
ঘোড়া,0.5655193328857422,0.02040816326530612,1.545111169620436
রওয়ানা,0.5451040267944336,0.0,1.5451040267944336
চারট,0.5451006293296814,0.0,1.5451006293296814
বাংলায়,0.5450669229030609,0.0,1.545066922903061
গুজব,0.5450649261474609,0.0,1.545064926147461
ফুরোলে,0.5450611710548401,0.0,1.54506117105484
মেরামত,0.5450368225574493,0.0,1.5450368225574493
একঘণ্,0.5450112819671631,0.0,1.545011281967163
পাস,0.5550865530967712,0.010101010101010102,1.5449855429957613
একপা,0.544924259185791,0.0,1.544924259185791
সমান,0.5449150502681732,0.0,1.5449150502681732
খুসি,0.5448582470417023,0.0,1.5448582470417023
সিংহল,0.5448306500911713,0.0,1.5448306500911713
নাড়,0.5448166728019714,0.0,1.5448166728019714
কঠোর,0.544767826795578,0.0,1.544767826795578
চে,0.5651140213012695,0.02040816326530612,1.5447058580359634
হারিয়ে,0.5547848343849182,0.010101010101010102,1.5446838242839083
এপারে,0.5445679724216461,0.0,1.5445679724216461
মাখা,0.5445417761802673,0.0,1.5445417761802673
পারছেন,0.5444951951503754,0.0,1.5444951951503754
যেকোন,0.5545958578586578,0.010101010101010102,1.544494847757648
এসেছি,0.5444947481155396,0.0,1.5444947481155396
ধেন,0.5444939136505127,0.0,1.5444939136505127
দিবি,0.5444788634777069,0.0,1.544478863477707
কান্ত,0.544476717710495,0.0,1.544476717710495
উঠিল,0.5444648265838623,0.0,1.5444648265838623
ঘাবড়ে,0.5444185733795166,0.0,1.5444185733795166
দামী,0.5544924139976501,0.010101010101010102,1.5443914038966402
জরুর,0.544369250535965,0.0,1.544369250535965
এতে,0.5443257391452789,0.0,1.544325739145279
ভদ্দরলোক,0.5442972183227539,0.0,1.544297218322754
ভীষণ,0.5442934930324554,0.0,1.5442934930324554
খনির,0.5442619025707245,0.0,1.5442619025707245
স্তিমিত,0.5441862940788269,0.0,1.544186294078827
ভাঙ্গ,0.5441659986972809,0.0,1.5441659986972809
বিপদে,0.5542662143707275,0.010101010101010102,1.5441652042697176
মেদিনীপুর,0.5441266000270844,0.0,1.5441266000270844
মাখামাখি,0.5542072355747223,0.010101010101010102,1.5441062254737123
বিশ্বাসে,0.5440739393234253,0.0,1.5440739393234253
হাতিয়,0.5439928472042084,0.0,1.5439928472042084
সিভিলিয়ান,0.5439742207527161,0.0,1.543974220752716
অবলম্বন,0.5439561605453491,0.0,1.5439561605453491
হাস্যকর,0.5539935231208801,0.010101010101010102,1.5438925130198702
ঘোরে,0.5438767969608307,0.0,1.5438767969608307
গোলমাল,0.5438078045845032,0.0,1.5438078045845032
জাপটে,0.5437736511230469,0.0,1.5437736511230469
উত্তোলন,0.5437727272510529,0.0,1.5437727272510529
রাত্রি,0.564165472984314,0.02040816326530612,1.5437573097190078
শুত,0.5538227558135986,0.010101010101010102,1.5437217457125887
আদ,0.5437201857566833,0.0,1.5437201857566833
স্নেহের,0.5437152683734894,0.0,1.5437152683734894
হাসপাতালে,0.5436994433403015,0.0,1.5436994433403015
পুথিবীর,0.5436681509017944,0.0,1.5436681509017944
তোমায়,0.5436549484729767,0.0,1.5436549484729767
রাখিয়া,0.5436222553253174,0.0,1.5436222553253174
পরিমাণে,0.543615311384201,0.0,1.543615311384201
মালমশলা,0.5436079502105713,0.0,1.5436079502105713
আনন্দিত,0.5436017215251923,0.0,1.5436017215251923
দীড়িয়ে,0.5435658395290375,0.0,1.5435658395290375
ইজ্জত,0.543556421995163,0.0,1.543556421995163
মাচ,0.5434838235378265,0.0,1.5434838235378265
দেখেছিল,0.5434712767601013,0.0,1.5434712767601013
রাধ,0.5434582829475403,0.0,1.5434582829475403
আদল,0.5434387028217316,0.0,1.5434387028217316
আমি৷,0.5433956682682037,0.0,1.5433956682682037
কিছুট,0.5433825850486755,0.0,1.5433825850486755
বলায়,0.5433733761310577,0.0,1.5433733761310577
ঐযে,0.543361246585846,0.0,1.543361246585846
শাষ,0.5432592630386353,0.0,1.5432592630386353
বেরোলে,0.5432362258434296,0.0,1.5432362258434296
সাগরে,0.5431735217571259,0.0,1.5431735217571259
হাঁপা,0.5431694686412811,0.0,1.5431694686412811
ছিটিয়ে,0.5431675612926483,0.0,1.5431675612926483
টাক৷,0.5430567264556885,0.0,1.5430567264556885
যায়না,0.5430202484130859,0.0,1.543020248413086
ভূমিকম্প,0.5430033802986145,0.0,1.5430033802986145
ভাইবোন,0.5430020391941071,0.0,1.543002039194107
প্রজ্ঞা,0.5429751873016357,0.0,1.5429751873016357
কলকাত,0.542970597743988,0.0,1.542970597743988
তারি,0.5429113209247589,0.0,1.542911320924759
জরি,0.5428970158100128,0.0,1.5428970158100128
সবাইকে,0.5428845882415771,0.0,1.5428845882415771
একথা,0.542872965335846,0.0,1.542872965335846
শব্দে,0.5428670942783356,0.0,1.5428670942783356
তারিয়ে,0.5428328812122345,0.0,1.5428328812122345
ভ্যাপসা,0.5529102683067322,0.010101010101010102,1.5428092582057222
সেকেন্দার,0.5427901148796082,0.0,1.5427901148796082
দিশা,0.5427618324756622,0.0,1.5427618324756622
হে,0.5427507162094116,0.0,1.5427507162094116
ঝাঁঝ,0.5427409708499908,0.0,1.5427409708499908
আশি,0.5528352558612823,0.010101010101010102,1.5427342457602724
তুলুন,0.5427067577838898,0.0,1.5427067577838898
দৌড়োদৌড়ি,0.5527805089950562,0.010101010101010102,1.5426794988940462
প্রত্যাখ্যান,0.5630823075771332,0.02040816326530612,1.542674144311827
হাবা,0.5425842702388763,0.0,1.5425842702388763
পোষ,0.5425374507904053,0.0,1.5425374507904053
নড়ে,0.5526340007781982,0.010101010101010102,1.5425329906771883
সমূহ,0.5424924790859222,0.0,1.5424924790859222
হেথা,0.5424519181251526,0.0,1.5424519181251526
নাচিয়ে,0.5423354208469391,0.0,1.542335420846939
সমাজে,0.5422922074794769,0.0,1.542292207479477
ছেলের৷,0.5422362983226776,0.0,1.5422362983226776
যারে,0.542230486869812,0.0,1.542230486869812
অকাতরে,0.5422249436378479,0.0,1.542224943637848
পৌষ,0.5523055195808411,0.010101010101010102,1.5422045094798311
পরিবারে,0.5522929131984711,0.010101010101010102,1.5421919030974611
নেমকহারাম,0.5421700477600098,0.0,1.5421700477600098
বেড়ান,0.5421373844146729,0.0,1.5421373844146729
টেলিগ্রাফ,0.5420539081096649,0.0,1.542053908109665
সরু,0.5521522462368011,0.010101010101010102,1.5420512361357912
মাস্টারমশা,0.5420345366001129,0.0,1.542034536600113
স্থানে,0.5420316159725189,0.0,1.542031615972519
শেষকালে,0.5419568121433258,0.0,1.5419568121433258
চাওয়াচাওয়ি,0.5419384837150574,0.0,1.5419384837150574
রটে,0.541937917470932,0.0,1.541937917470932
বাম,0.5519937872886658,0.010101010101010102,1.5418927771876558
আসা,0.5519891977310181,0.010101010101010102,1.5418881876300081
পাহারায়,0.5418196618556976,0.0,1.5418196618556976
নায়ক,0.5418176352977753,0.0,1.5418176352977753
রশি,0.5418066382408142,0.0,1.5418066382408142
বেরিয়েছিল,0.5417962074279785,0.0,1.5417962074279785
কৌতূহল,0.541713535785675,0.0,1.541713535785675
ব্যতিক্রম,0.5416917204856873,0.0,1.5416917204856873
তুলি,0.5416786670684814,0.0,1.5416786670684814
পৈত,0.5416514575481415,0.0,1.5416514575481415
উপহ,0.5517257153987885,0.010101010101010102,1.5416247052977785
নাইট,0.5416170060634613,0.0,1.5416170060634613
গরমে,0.5415652096271515,0.0,1.5415652096271515
ছোটখাট,0.541559100151062,0.0,1.541559100151062
পথিক,0.5415335595607758,0.0,1.5415335595607758
চূর্ণ,0.5415317714214325,0.0,1.5415317714214325
উত্তম,0.5414934754371643,0.0,1.5414934754371643
শিগগির,0.5414373874664307,0.0,1.5414373874664307
গোরু,0.5413466989994049,0.0,1.541346698999405
দ্রুত,0.5413448810577393,0.0,1.5413448810577393
অজ্ঞান,0.5413277745246887,0.0,1.5413277745246887
টেন,0.5722447037696838,0.030927835051546393,1.5413168687181376
মলাট,0.541316032409668,0.0,1.541316032409668
ছেদ,0.5412896275520325,0.0,1.5412896275520325
কথাবার্ত,0.5412841737270355,0.0,1.5412841737270355
ই৷,0.5412673652172089,0.0,1.5412673652172089
কীরকম,0.5412636995315552,0.0,1.5412636995315552
ছাত,0.5513553321361542,0.010101010101010102,1.5412543220351442
শক্তিশালী,0.5412269830703735,0.0,1.5412269830703735
ক্লান্তি,0.5412144958972931,0.0,1.541214495897293
মিলেমিশে,0.5411835610866547,0.0,1.5411835610866547
মেয়ের৷,0.5411575734615326,0.0,1.5411575734615326
বিপত্তি,0.5411538779735565,0.0,1.5411538779735565
দেখান,0.5410894751548767,0.0,1.5410894751548767
কোলকাতা,0.5410837531089783,0.0,1.5410837531089783
নিয়ন,0.541067898273468,0.0,1.541067898273468
বংশে,0.541054904460907,0.0,1.541054904460907
মিষ্,0.5614133477210999,0.02040816326530612,1.5410051844557937
ডাঙা,0.5410036146640778,0.0,1.5410036146640778
সীমাবদ্ধ,0.5409843921661377,0.0,1.5409843921661377
এমনিভাবে,0.5409432351589203,0.0,1.5409432351589203
শহীদ,0.5408935844898224,0.0,1.5408935844898224
কীস,0.5408923923969269,0.0,1.5408923923969269
দোতল,0.5408859252929688,0.0,1.5408859252929688
মন্দিরে,0.5509498119354248,0.010101010101010102,1.5408488018344149
উঠোনে,0.5408236980438232,0.0,1.5408236980438232
লেখেন,0.54081130027771,0.0,1.54081130027771
আশ্রয়ে,0.5407904386520386,0.0,1.5407904386520386
পুবে,0.5508902966976166,0.010101010101010102,1.5407892865966066
দেখছি৷,0.5407586097717285,0.0,1.5407586097717285
শোভন,0.5407116711139679,0.0,1.540711671113968
মুরগি,0.5507906973361969,0.010101010101010102,1.540689687235187
শ্রীরামপুরে,0.540643572807312,0.0,1.540643572807312
যাৰ,0.5406403839588165,0.0,1.5406403839588165
আনে,0.5405522584915161,0.0,1.5405522584915161
কেল্লা,0.5405520796775818,0.0,1.5405520796775818
এস্‌,0.5404762029647827,0.0,1.5404762029647827
বুড়ির,0.5404677391052246,0.0,1.5404677391052246
ব্রাহ্মণ,0.571392834186554,0.030927835051546393,1.5404649991350077
জীব,0.56086066365242,0.02040816326530612,1.540452500387114
অনিষ্ট,0.540440171957016,0.0,1.540440171957016
তালিকা,0.5404197871685028,0.0,1.5404197871685028
ওঠানামা,0.5404007434844971,0.0,1.540400743484497
মঞ্চে,0.5403266847133636,0.0,1.5403266847133636
চেঁচিয়ে,0.5504247844219208,0.010101010101010102,1.5403237743209108
হার,0.5503884553909302,0.010101010101010102,1.5402874452899202
সুদর্শন,0.5402731895446777,0.0,1.5402731895446777
লুকোন,0.5401774942874908,0.0,1.5401774942874908
মুহম্মদ,0.5401160418987274,0.0,1.5401160418987274
ব্যারাক,0.5401067733764648,0.0,1.5401067733764648
বিহিত,0.5400792956352234,0.0,1.5400792956352234
মুস্কিল,0.53998202085495,0.0,1.53998202085495
নজরানা,0.5399775505065918,0.0,1.5399775505065918
স্বচ্ছন্দে,0.5399690866470337,0.0,1.5399690866470337
আবদ,0.5399460792541504,0.0,1.5399460792541504
হিংসা,0.5500425696372986,0.010101010101010102,1.5399415595362886
পুঁ,0.5398957431316376,0.0,1.5398957431316376
মুড়ি,0.5398662090301514,0.0,1.5398662090301514
থামিয়ে,0.5499520003795624,0.010101010101010102,1.5398509902785524
পাঠান,0.5499333143234253,0.010101010101010102,1.5398323042224153
আস্তানা,0.539831280708313,0.0,1.539831280708313
তাকাতে,0.5398164987564087,0.0,1.5398164987564087
দোল,0.5398014187812805,0.0,1.5398014187812805
লাফে,0.5397914946079254,0.0,1.5397914946079254
রাজপথ,0.5397691428661346,0.0,1.5397691428661346
প্রজা,0.539745956659317,0.0,1.539745956659317
প্রভাব,0.5498319566249847,0.010101010101010102,1.5397309465239748
যাও৷,0.5396388471126556,0.0,1.5396388471126556
হাসিমুখে,0.5395533740520477,0.0,1.5395533740520477
রক্তিম,0.5395152568817139,0.0,1.5395152568817139
বিধ্বস্ত,0.5395042598247528,0.0,1.5395042598247528
সন্তর্পণে,0.5395001173019409,0.0,1.539500117301941
ওগো,0.5394976735115051,0.0,1.5394976735115051
বলছিলো,0.5394789576530457,0.0,1.5394789576530457
থাকি,0.5394332408905029,0.0,1.539433240890503
বাগানে,0.5393384695053101,0.0,1.53933846950531
ব্যাণ্ডেজ,0.5392730832099915,0.0,1.5392730832099915
কোয়ার্টারের,0.5392038524150848,0.0,1.5392038524150848
নেওয়ায়,0.5391871631145477,0.0,1.5391871631145477
ঘুমন্ত,0.5492754876613617,0.010101010101010102,1.5391744775603518
প্রোগ্রাম,0.5391165316104889,0.0,1.539116531610489
জিভ,0.539074182510376,0.0,1.539074182510376
লড়ে,0.5390481948852539,0.0,1.539048194885254
খাজাঞ্চি,0.5390321612358093,0.0,1.5390321612358093
ব্যবহারে,0.5389984548091888,0.0,1.5389984548091888
খেলনা,0.5388833582401276,0.0,1.5388833582401276
লোকজন,0.5592086911201477,0.02040816326530612,1.5388005278548416
ফেলি,0.5387551784515381,0.0,1.538755178451538
অনিচ্ছা,0.5387524962425232,0.0,1.5387524962425232
নির্ভুল,0.5387370586395264,0.0,1.5387370586395264
দুয়েক,0.5386785864830017,0.0,1.5386785864830017
বেদ,0.5386180877685547,0.0,1.5386180877685547
চাইব,0.5385430753231049,0.0,1.5385430753231049
আদালত,0.5385352671146393,0.0,1.5385352671146393
আছি,0.5384759604930878,0.0,1.5384759604930878
লজ্জায়,0.5384578704833984,0.0,1.5384578704833984
পটকা,0.5485396683216095,0.010101010101010102,1.5384386582205996
সামলে,0.538390576839447,0.0,1.538390576839447
আপ্যায়ন,0.5383593142032623,0.0,1.5383593142032623
অনস্ত,0.5382772982120514,0.0,1.5382772982120514
হ্যাণ্ড,0.5382753312587738,0.0,1.5382753312587738
গৃহত্যাগ,0.5382707118988037,0.0,1.5382707118988037
দৃশ্যমান,0.5382653772830963,0.0,1.5382653772830963
ভায়া,0.5382379591464996,0.0,1.5382379591464996
মানঅপমান,0.5382355153560638,0.0,1.5382355153560638
কানু,0.5382160246372223,0.0,1.5382160246372223
ছুপুরে,0.5381953716278076,0.0,1.5381953716278076
উৎসুক,0.5381797254085541,0.0,1.538179725408554
রাজামশা,0.5381769835948944,0.0,1.5381769835948944
ভাবভঙ্গি,0.5381107032299042,0.0,1.5381107032299042
আমাকে৷,0.5380774438381195,0.0,1.5380774438381195
বিমান,0.5380508005619049,0.0,1.538050800561905
পিছনে,0.5380276441574097,0.0,1.5380276441574097
আওয়াজে,0.5380260944366455,0.0,1.5380260944366455
ভুলভাল,0.5379844903945923,0.0,1.5379844903945923
প্রশমিত,0.5379513800144196,0.0,1.5379513800144196
দাঁড়াবে,0.5379447937011719,0.0,1.5379447937011719
সমস্বরে,0.5379330813884735,0.0,1.5379330813884735
বললআমি,0.5480285286903381,0.010101010101010102,1.5379275185893282
টিফিন,0.5379185974597931,0.0,1.537918597459793
টো,0.5379173457622528,0.0,1.5379173457622528
সত্ত্বে,0.5378751456737518,0.0,1.5378751456737518
অধ্যাপক,0.5377921164035797,0.0,1.5377921164035797
পাঠাল,0.5377529561519623,0.0,1.5377529561519623
সালে,0.5478321611881256,0.010101010101010102,1.5377311510871157
গোলমালে,0.5377207398414612,0.0,1.5377207398414612
পরিফ,0.5377040803432465,0.0,1.5377040803432465
এলোমেলোভাবে,0.5377002060413361,0.0,1.537700206041336
সবুর,0.5376425981521606,0.0,1.5376425981521606
কারিগর,0.5376295745372772,0.0,1.5376295745372772
ঘাটতি,0.537616640329361,0.0,1.537616640329361
সায়,0.5375699996948242,0.0,1.5375699996948242
গৃহিণী,0.5375541150569916,0.0,1.5375541150569916
সাবধানত,0.5375425815582275,0.0,1.5375425815582275
হৃৎপিণ্ড,0.5375407934188843,0.0,1.5375407934188843
পাচ্ছি,0.5375362038612366,0.0,1.5375362038612366
মাগো,0.5375345051288605,0.0,1.5375345051288605
আবদ্ধ,0.5375202894210815,0.0,1.5375202894210815
মীমাংসা,0.5375168025493622,0.0,1.5375168025493622
দোতলায়,0.5476139783859253,0.010101010101010102,1.5375129682849153
বেরোবার,0.5375063121318817,0.0,1.5375063121318817
ভালবাসা,0.5374781489372253,0.0,1.5374781489372253
কোট,0.5475592613220215,0.010101010101010102,1.5374582512210115
কুমারী,0.537443608045578,0.0,1.537443608045578
বেঙ্গল,0.537413477897644,0.0,1.537413477897644
উঠছ,0.5373848974704742,0.0,1.5373848974704742
চীনে,0.537298321723938,0.0,1.537298321723938
মন্ত্রী,0.5473869144916534,0.010101010101010102,1.5372859043906435
দেখেছি৷,0.5473822355270386,0.010101010101010102,1.5372812254260286
বিরাজ,0.537212461233139,0.0,1.537212461233139
কতকাল,0.5372017025947571,0.0,1.537201702594757
রাখব,0.5371828973293304,0.0,1.5371828973293304
এইট,0.5371528267860413,0.0,1.5371528267860413
ভুবন,0.5371180474758148,0.0,1.5371180474758148
নাবালক,0.537071943283081,0.0,1.537071943283081
দুএকদিন,0.5370414853096008,0.0,1.5370414853096008
ঠা,0.5574237406253815,0.02040816326530612,1.5370155773600753
ভেঙ্গে,0.5471141934394836,0.010101010101010102,1.5370131833384737
পলাশ,0.5369974076747894,0.0,1.5369974076747894
কারণে,0.5369603335857391,0.0,1.5369603335857391
কিনারে,0.5573508739471436,0.02040816326530612,1.5369427106818374
বাবুজী,0.5369117259979248,0.0,1.5369117259979248
দীর্ঘশ্বাস,0.5368958115577698,0.0,1.5368958115577698
পুলিশ,0.5368230640888214,0.0,1.5368230640888214
দেবদেবী,0.5367995500564575,0.0,1.5367995500564575
পরিবেশ,0.5468417108058929,0.010101010101010102,1.536740700704883
ভাবা,0.5367191433906555,0.0,1.5367191433906555
মারবার,0.5367091000080109,0.0,1.5367091000080109
পাগলামি,0.5366809964179993,0.0,1.5366809964179993
কৌতূহলী,0.5366499125957489,0.0,1.536649912595749
বাধে,0.5366264581680298,0.0,1.5366264581680298
অন্যে,0.5365995764732361,0.0,1.536599576473236
নায়েবের,0.5365966260433197,0.0,1.5365966260433197
তুইও,0.5365901291370392,0.0,1.5365901291370392
ইঙ্গিতে,0.5365898609161377,0.0,1.5365898609161377
ছিটে,0.5365610420703888,0.0,1.5365610420703888
হচ্ছিলো,0.5365477800369263,0.0,1.5365477800369263
ছুচ,0.5365391373634338,0.0,1.5365391373634338
প্রাণপণ,0.5365180373191833,0.0,1.5365180373191833
কিরকম,0.5365048050880432,0.0,1.5365048050880432
থাট,0.5465989112854004,0.010101010101010102,1.5364979011843904
ম্যাগাজিনে,0.5364840626716614,0.0,1.5364840626716614
সাময়িকভাবে,0.5364294946193695,0.0,1.5364294946193695
ভদ্রমহিলা,0.5364198088645935,0.0,1.5364198088645935
অপকর্ম,0.536388486623764,0.0,1.536388486623764
বাহির,0.5464445054531097,0.010101010101010102,1.5363434953520998
সারাদিনে,0.5363098978996277,0.0,1.5363098978996277
রাত্রে,0.5362691283226013,0.0,1.5362691283226013
ঠাকুর্দ,0.5362555980682373,0.0,1.5362555980682373
ধাত,0.5362441837787628,0.0,1.5362441837787628
ঘেন্না,0.536221981048584,0.0,1.536221981048584
আড়ালে,0.536199152469635,0.0,1.536199152469635
স্রীর,0.5360935628414154,0.0,1.5360935628414154
পচা,0.5360507667064667,0.0,1.5360507667064667
চিন,0.5460705161094666,0.010101010101010102,1.5359695060084566
যাত্রীর,0.5359633564949036,0.0,1.5359633564949036
নানান্‌,0.53591188788414,0.0,1.53591188788414
ভাষায়,0.5359030961990356,0.0,1.5359030961990356
করবি,0.535887748003006,0.0,1.535887748003006
খিচিয়ে,0.5358272790908813,0.0,1.5358272790908813
বাড়ালো,0.5358183681964874,0.0,1.5358183681964874
ভয়াবহ,0.5358071327209473,0.0,1.5358071327209473
হামলা,0.5357629060745239,0.0,1.535762906074524
কথাবার্তার,0.5357510149478912,0.0,1.5357510149478912
রিফ্লেক্স,0.535741925239563,0.0,1.535741925239563
ফোন,0.5458106696605682,0.010101010101010102,1.5357096595595583
রীতিমতন,0.5356907844543457,0.0,1.5356907844543457
অসম্মান,0.5356773734092712,0.0,1.5356773734092712
কোর্টে,0.5356745421886444,0.0,1.5356745421886444
দায়িত্ব,0.5457633435726166,0.010101010101010102,1.5356623334716066
আপিসে,0.5356332659721375,0.0,1.5356332659721375
বিহ্বল,0.5355951488018036,0.0,1.5355951488018036
নিঃসন্দেহ,0.5456569194793701,0.010101010101010102,1.5355559093783602
অমানুষিক,0.5355183780193329,0.0,1.5355183780193329
বাণিজ্য,0.5355172455310822,0.0,1.5355172455310822
দাড়ি,0.5559252798557281,0.02040816326530612,1.535517116590422
অর্জন,0.5355009436607361,0.0,1.535500943660736
বোমা,0.5455776751041412,0.010101010101010102,1.5354766650031313
উপরি,0.5354712605476379,0.0,1.535471260547638
প্রত্যাশা,0.5354124903678894,0.0,1.5354124903678894
নাতির,0.5354067385196686,0.0,1.5354067385196686
ঘটনাট,0.5455049276351929,0.010101010101010102,1.535403917534183
ফুলে,0.535345584154129,0.0,1.535345584154129
দারােগার,0.5353132486343384,0.0,1.5353132486343384
থাকবি,0.535289466381073,0.0,1.535289466381073
পাড়ে,0.535273402929306,0.0,1.535273402929306
উৎকষ্ঠিত,0.5352625548839569,0.0,1.535262554883957
স্মৃতি,0.5352577269077301,0.0,1.53525772690773
নমস্কার৷,0.5352395176887512,0.0,1.5352395176887512
ধারণ,0.5352190732955933,0.0,1.5352190732955933
মজলিশে,0.5352153480052948,0.0,1.5352153480052948
শিল্পী,0.5352064967155457,0.0,1.5352064967155457
মাই,0.5351916253566742,0.0,1.5351916253566742
শনে,0.5351912975311279,0.0,1.535191297531128
বিদায়,0.5351637005805969,0.0,1.535163700580597
সমাধা,0.5351426303386688,0.0,1.5351426303386688
কণ্ঠে,0.5451781153678894,0.010101010101010102,1.5350771052668795
দেড়েক,0.5350655019283295,0.0,1.5350655019283295
চোট,0.5450860559940338,0.010101010101010102,1.5349850458930239
সাদৃশ্য,0.5349094569683075,0.0,1.5349094569683075
স্থাপিত,0.5349050164222717,0.0,1.5349050164222717
চিঠির,0.534839540719986,0.0,1.534839540719986
ঝাক,0.5348335802555084,0.0,1.5348335802555084
সুলভ,0.534820020198822,0.0,1.534820020198822
হাকিম,0.5347335338592529,0.0,1.534733533859253
মোদের,0.5347086191177368,0.0,1.5347086191177368
পিন,0.5347049534320831,0.0,1.5347049534320831
বসা,0.5346876084804535,0.0,1.5346876084804535
দাঁড়িয়েছেন,0.5346827507019043,0.0,1.5346827507019043
শাস্তি,0.5346550643444061,0.0,1.5346550643444061
শিখি,0.5346393883228302,0.0,1.5346393883228302
সেপ্টেম্বর,0.5447299182415009,0.010101010101010102,1.534628908140491
প্রতাপ,0.53460294008255,0.0,1.53460294008255
সংঘর্ষে,0.5345906317234039,0.0,1.534590631723404
দাওয়া,0.5446855127811432,0.010101010101010102,1.5345845026801332
গলাতে,0.5345824062824249,0.0,1.534582406282425
কান্না,0.5345776379108429,0.0,1.534577637910843
ঘুর,0.5345775783061981,0.0,1.5345775783061981
থেত,0.5446252226829529,0.010101010101010102,1.534524212581943
থলে,0.5345000624656677,0.0,1.5345000624656677
বেড়ে,0.5344968140125275,0.0,1.5344968140125275
তেজ,0.5344826281070709,0.0,1.534482628107071
ভাবি,0.5343918800354004,0.0,1.5343918800354004
জন্মায়,0.5343895554542542,0.0,1.5343895554542542
বিক্রি,0.5444850325584412,0.010101010101010102,1.5343840224574312
কুছ,0.5343000292778015,0.0,1.5343000292778015
বুঝল,0.5342187285423279,0.0,1.5342187285423279
দাঁড়িয়েছিল,0.5342159569263458,0.0,1.5342159569263458
দেখাব,0.5341631472110748,0.0,1.5341631472110748
গাও,0.5340991020202637,0.0,1.5340991020202637
মনপ্রাণ,0.5340774059295654,0.0,1.5340774059295654
কনুইয়ে,0.5340767800807953,0.0,1.5340767800807953
হাসিমুখ,0.5340678691864014,0.0,1.5340678691864014
মহাদেশ,0.5340543389320374,0.0,1.5340543389320374
ফাক,0.544138103723526,0.010101010101010102,1.534037093622516
হবি,0.53402179479599,0.0,1.53402179479599
তুফান,0.5340140759944916,0.0,1.5340140759944916
দ্বিধা,0.5440798401832581,0.010101010101010102,1.5339788300822481
বুঝব,0.533976137638092,0.0,1.533976137638092
তাঁবু,0.5338791906833649,0.0,1.5338791906833649
কপাল,0.554259330034256,0.02040816326530612,1.5338511667689498
সেগুলে,0.5338116884231567,0.0,1.5338116884231567
সম্ভাবন,0.53375244140625,0.0,1.53375244140625
রাত্র,0.5438384115695953,0.010101010101010102,1.5337374014685854
ঘুমো,0.5337331295013428,0.0,1.5337331295013428
একটুথানি,0.5337177813053131,0.0,1.533717781305313
অভিভাবক,0.5336721241474152,0.0,1.5336721241474152
ষোলো,0.5336650907993317,0.0,1.5336650907993317
সুরু,0.5336578190326691,0.0,1.533657819032669
বিদেশ,0.5336266756057739,0.0,1.533626675605774
অরণ্যে,0.533603847026825,0.0,1.533603847026825
চেনাচেনা,0.5335912108421326,0.0,1.5335912108421326
জ্বাল,0.5335863530635834,0.0,1.5335863530635834
রইবে,0.533547967672348,0.0,1.533547967672348
গেছল,0.533534437417984,0.0,1.533534437417984
চিনব,0.533484697341919,0.0,1.533484697341919
জোতদ,0.5334590375423431,0.0,1.5334590375423431
বিধান,0.5333325862884521,0.0,1.5333325862884521
গনগনে,0.5333161950111389,0.0,1.533316195011139
রকমারি,0.5333142578601837,0.0,1.5333142578601837
ছোটবড়,0.5433636009693146,0.010101010101010102,1.5332625908683046
মহিলা,0.5332603454589844,0.0,1.5332603454589844
অর্জুন,0.5332323312759399,0.0,1.53323233127594
মাট,0.5331967771053314,0.0,1.5331967771053314
সুবিধা,0.5330885946750641,0.0,1.533088594675064
ধাপ,0.5431868433952332,0.010101010101010102,1.5330858332942232
অন্ন,0.5330411195755005,0.0,1.5330411195755005
উসখুস,0.533039391040802,0.0,1.533039391040802
আয়ু,0.5330195128917694,0.0,1.5330195128917694
গ্রেট,0.5329921841621399,0.0,1.53299218416214
আগ্রহ,0.5329738259315491,0.0,1.532973825931549
এলাম৷,0.5329223275184631,0.0,1.5329223275184631
দেওয়ায়,0.5329144299030304,0.0,1.5329144299030304
বলেছো,0.5430017709732056,0.010101010101010102,1.5329007608721956
প্রতিদান,0.5328908860683441,0.0,1.5328908860683441
চোরাবা,0.5328908860683441,0.0,1.5328908860683441
ফ্যামি,0.5328778326511383,0.0,1.5328778326511383
লুপ্ত,0.5328424572944641,0.0,1.5328424572944641
পলাতক,0.5328181684017181,0.0,1.5328181684017181
বিলক্ষণ,0.5328017175197601,0.0,1.5328017175197601
পূর্ব,0.5327840447425842,0.0,1.5327840447425842
আলতা,0.5327583253383636,0.0,1.5327583253383636
দূ,0.5327169895172119,0.0,1.532716989517212
ভাগ্যি,0.532707154750824,0.0,1.532707154750824
ওট,0.5326870083808899,0.0,1.53268700838089
ঝাকিয়ে,0.5326849818229675,0.0,1.5326849818229675
আগাম,0.5326467454433441,0.0,1.5326467454433441
ক্ষুদ্র,0.5326394438743591,0.0,1.5326394438743591
চেয়,0.5427282452583313,0.010101010101010102,1.5326272351573214
গোরুর,0.5326217114925385,0.0,1.5326217114925385
শুনি,0.5326012372970581,0.0,1.532601237297058
বেদনায়,0.5325856506824493,0.0,1.5325856506824493
কিন্বা,0.5325821340084076,0.0,1.5325821340084076
কারবার,0.5325700640678406,0.0,1.5325700640678406
মার্চ,0.5325517952442169,0.0,1.532551795244217
এ্যা,0.5325425565242767,0.0,1.5325425565242767
খান,0.5325366258621216,0.0,1.5325366258621216
বলো,0.5325190722942352,0.0,1.5325190722942352
পেই,0.5325116813182831,0.0,1.532511681318283
বেশীক্ষণ,0.5324914157390594,0.0,1.5324914157390594
রাজারা,0.5324583351612091,0.0,1.532458335161209
ডুবিয়ে,0.5425525009632111,0.010101010101010102,1.5324514908622011
সতীন,0.5324476957321167,0.0,1.5324476957321167
সবচেয়ে,0.5324304401874542,0.0,1.5324304401874542
তুলেছিল,0.5324294865131378,0.0,1.5324294865131378
ঝুঁ,0.5324221253395081,0.0,1.532422125339508
বালি,0.5425102710723877,0.010101010101010102,1.5324092609713778
পাঠাতে,0.532271146774292,0.0,1.532271146774292
বানান,0.5322295427322388,0.0,1.5322295427322388
শুনবো,0.5322086215019226,0.0,1.5322086215019226
সুখ,0.5321938395500183,0.0,1.5321938395500183
ঠান্ডা,0.5321803390979767,0.0,1.5321803390979767
ছোটে,0.5321384370326996,0.0,1.5321384370326996
দুচারজন,0.5321320593357086,0.0,1.5321320593357086
টাকাটা,0.5321153700351715,0.0,1.5321153700351715
গৌরবে,0.532095730304718,0.0,1.532095730304718
নিমকহারাম,0.5320751965045929,0.0,1.532075196504593
মতামত,0.5320509970188141,0.0,1.532050997018814
সৌন্দর্য,0.5421004295349121,0.010101010101010102,1.5319994194339022
বিশৃঙ্খলা,0.5319749712944031,0.0,1.531974971294403
দুষ্ট,0.5319721102714539,0.0,1.5319721102714539
সামগ্রী,0.5319094359874725,0.0,1.5319094359874725
বান,0.5420080125331879,0.010101010101010102,1.531907002432178
জনসাধারণ,0.5318774580955505,0.0,1.5318774580955505
কায়েম,0.5318684875965118,0.0,1.5318684875965118
মুখখানি,0.5318545699119568,0.0,1.5318545699119568
বিমানবাহিনীর,0.53181192278862,0.0,1.53181192278862
পাষাণ,0.5317587852478027,0.0,1.5317587852478027
গায়ক,0.5317493379116058,0.0,1.5317493379116058
হারালে,0.5317366719245911,0.0,1.531736671924591
কিশোরী,0.5317153930664062,0.0,1.5317153930664062
লাগলো,0.5317104160785675,0.0,1.5317104160785675
অসাধারণ,0.5316879153251648,0.0,1.5316879153251648
আহা,0.531669944524765,0.0,1.531669944524765
সনে,0.5316053330898285,0.0,1.5316053330898285
প্রচারিত,0.5315878093242645,0.0,1.5315878093242645
নয়া,0.5315647125244141,0.0,1.531564712524414
নাটক,0.5416105091571808,0.010101010101010102,1.5315094990561708
আশেপাশে,0.5314857065677643,0.0,1.5314857065677643
অপেক্ষাকৃত,0.5314722061157227,0.0,1.5314722061157227
ব্যবধানে,0.5314484238624573,0.0,1.5314484238624573
ইস্পাত,0.5314423739910126,0.0,1.5314423739910126
একটুক্ষণ,0.5314390957355499,0.0,1.53143909573555
বীভৎস,0.5314110219478607,0.0,1.5314110219478607
নাওয়া,0.5314065217971802,0.0,1.5314065217971802
থামবে,0.5313748121261597,0.0,1.5313748121261597
টাই,0.5313696265220642,0.0,1.5313696265220642
অসুখ,0.5313532650470734,0.0,1.5313532650470734
সহজে,0.5414393544197083,0.010101010101010102,1.5313383443186983
ছোড়ে,0.5313373506069183,0.0,1.5313373506069183
বাক্সে,0.5313143730163574,0.0,1.5313143730163574
আন্দাজে,0.5313035547733307,0.0,1.5313035547733307
পুড়িয়ে,0.5413114428520203,0.010101010101010102,1.5312104327510103
যাইতে,0.5312051177024841,0.0,1.5312051177024841
দেখিয়া,0.5411850214004517,0.010101010101010102,1.5310840112994417
কাণ্ডকারখানা,0.5310598015785217,0.0,1.5310598015785217
নইলে,0.5310450494289398,0.0,1.5310450494289398
দেখনা,0.5310294330120087,0.0,1.5310294330120087
সারাজীবন,0.5410553216934204,0.010101010101010102,1.5309543115924105
উহা,0.540854275226593,0.010101010101010102,1.530753265125583
বারােজন,0.5307382941246033,0.0,1.5307382941246033
উদ্দীপ্ত,0.5306863188743591,0.0,1.5306863188743591
দুদিনে,0.5306684374809265,0.0,1.5306684374809265
হওয়৷,0.5306662321090698,0.0,1.5306662321090698
উঠেছিল,0.5306479334831238,0.0,1.5306479334831238
নাচা,0.5305381715297699,0.0,1.53053817152977
মুখহাত,0.530507355928421,0.0,1.530507355928421
ছোয়া,0.5305053293704987,0.0,1.5305053293704987
গহনা,0.5304834842681885,0.0,1.5304834842681885
শিল,0.5304605066776276,0.0,1.5304605066776276
থাই,0.5304557085037231,0.0,1.5304557085037231
দেখালে,0.5304497182369232,0.0,1.5304497182369232
ঘটেছিল,0.5304463803768158,0.0,1.5304463803768158
মেজাজ,0.5304453670978546,0.0,1.5304453670978546
ডাঙায়,0.540545791387558,0.010101010101010102,1.530444781286548
দাদ,0.5304234027862549,0.0,1.5304234027862549
রেখেছেন,0.5404798984527588,0.010101010101010102,1.5303788883517488
সিদ্ধান্,0.5303663313388824,0.0,1.5303663313388824
ছটফটে,0.5303610563278198,0.0,1.5303610563278198
অবহেল,0.5303497612476349,0.0,1.5303497612476349
ডাকল,0.5303239226341248,0.0,1.5303239226341248
অকস্মাৎ,0.5302919745445251,0.0,1.5302919745445251
ব্যক্তিগত,0.5302863717079163,0.0,1.5302863717079163
ধান্ধা,0.5302444100379944,0.0,1.5302444100379944
হুজনে,0.5302314162254333,0.0,1.5302314162254333
হাঙ্গামা,0.5301852524280548,0.0,1.5301852524280548
কাঁধে,0.530162125825882,0.0,1.530162125825882
হাহা,0.5301454663276672,0.0,1.5301454663276672
কুউ,0.530121237039566,0.0,1.530121237039566
কৌতুহল,0.5301183760166168,0.0,1.5301183760166168
লাগিয়ে,0.5401781499385834,0.010101010101010102,1.5300771398375734
গাছপ,0.530070424079895,0.0,1.530070424079895
মুত,0.530040442943573,0.0,1.530040442943573
গুলিয়ে,0.5300178825855255,0.0,1.5300178825855255
রাত্তির,0.5299951434135437,0.0,1.5299951434135437
হেঁ,0.5299757421016693,0.0,1.5299757421016693
তফা,0.5298871695995331,0.0,1.529887169599533
সরানো,0.5298432409763336,0.0,1.5298432409763336
সুইমিং,0.529799073934555,0.0,1.529799073934555
চললো,0.5297169983386993,0.0,1.5297169983386993
হুবহু,0.5296041369438171,0.0,1.5296041369438171
কোনদি,0.5295985341072083,0.0,1.5295985341072083
খসে,0.5295673608779907,0.0,1.5295673608779907
রেলের,0.5295173525810242,0.0,1.5295173525810242
পাইক,0.5395924150943756,0.010101010101010102,1.5294914049933657
খাব,0.529490202665329,0.0,1.529490202665329
বিক্ষিপ্ত,0.5294453203678131,0.0,1.529445320367813
পোর্ট,0.5293744802474976,0.0,1.5293744802474976
কন্টোল,0.5293711721897125,0.0,1.5293711721897125
চারি,0.529256671667099,0.0,1.529256671667099
বিচিত্র,0.5292554199695587,0.0,1.5292554199695587
আলাদা,0.5292339622974396,0.0,1.5292339622974396
মারলে,0.529229611158371,0.0,1.529229611158371
ঘিরে,0.5393143594264984,0.010101010101010102,1.5292133493254885
জমির,0.5495488941669464,0.02040816326530612,1.5291407309016403
পিল,0.5291164517402649,0.0,1.529116451740265
বুড়োর,0.5290932953357697,0.0,1.5290932953357697
তীর্থ,0.5290810763835907,0.0,1.5290810763835907
লীগ,0.570729672908783,0.041666666666666664,1.5290630062421164
পরিপা,0.5391592085361481,0.010101010101010102,1.5290581984351381
সম্ভাবনায়,0.5391559302806854,0.010101010101010102,1.5290549201796755
প্রস্তাব,0.5290466845035553,0.0,1.5290466845035553
ঢেক,0.5391325354576111,0.010101010101010102,1.5290315253566011
বোল,0.5290307998657227,0.0,1.5290307998657227
পার্ট,0.5289537906646729,0.0,1.5289537906646729
নহে,0.5390476584434509,0.010101010101010102,1.528946648342441
ক্ষুব্ধ,0.5288808643817902,0.0,1.5288808643817902
বোঝব,0.5288243293762207,0.0,1.5288243293762207
ফেরেনি,0.5287993550300598,0.0,1.5287993550300598
পয়সা,0.5388683676719666,0.010101010101010102,1.5287673575709566
পাঠিয়েছিল,0.528765857219696,0.0,1.528765857219696
দেখেন,0.528750479221344,0.0,1.528750479221344
পুঁথি,0.5287020206451416,0.0,1.5287020206451416
অবস্থান,0.5387564599514008,0.010101010101010102,1.5286554498503908
আঙ্গুল,0.5286477208137512,0.0,1.5286477208137512
ওঠা,0.5286252498626709,0.0,1.528625249862671
বৈঠকখানায়,0.5387029945850372,0.010101010101010102,1.5286019844840273
টাওয়ার,0.5285889506340027,0.0,1.5285889506340027
দামি,0.5285824239253998,0.0,1.5285824239253998
যাত্রায়,0.5285785496234894,0.0,1.5285785496234894
বুঝেছি,0.5285479724407196,0.0,1.5285479724407196
ভীপ,0.5386472642421722,0.010101010101010102,1.5285462541411623
কাঁচুমাচু,0.5285384356975555,0.0,1.5285384356975555
রীতি,0.5284939706325531,0.0,1.528493970632553
সাদা,0.5489004254341125,0.02040816326530612,1.5284922621688064
প্রভা,0.5284493267536163,0.0,1.5284493267536163
ধুয়ে,0.5385238826274872,0.010101010101010102,1.5284228725264772
ধাকা,0.5284059345722198,0.0,1.5284059345722198
সংশোধন,0.5283685922622681,0.0,1.528368592262268
ঘুরলে,0.5283538401126862,0.0,1.5283538401126862
দাড়াতে,0.5283422768115997,0.0,1.5283422768115997
উত্তরপশ্চিম,0.5283181667327881,0.0,1.528318166732788
শবে,0.52830970287323,0.0,1.52830970287323
বিজ্ঞানীর,0.5282551646232605,0.0,1.5282551646232605
রাগে,0.5383451581001282,0.010101010101010102,1.5282441479991182
জানাজানি,0.528175950050354,0.0,1.528175950050354
কলকাতা,0.5281038582324982,0.0,1.5281038582324982
বর্তমানে,0.5280985534191132,0.0,1.5280985534191132
অভিজিৎ,0.528075248003006,0.0,1.528075248003006
চৌহদ্দি,0.5280531048774719,0.0,1.528053104877472
লাগানে,0.5280277729034424,0.0,1.5280277729034424
ভবানীপুরে,0.5280080735683441,0.0,1.5280080735683441
উনিশ,0.5279626548290253,0.0,1.5279626548290253
গড়ায়,0.5279074311256409,0.0,1.5279074311256409
তারিখ,0.5379714667797089,0.010101010101010102,1.527870456678699
শুকিয়ে,0.5278582572937012,0.0,1.5278582572937012
জানাে,0.5278573334217072,0.0,1.5278573334217072
এসেছিল,0.5278555154800415,0.0,1.5278555154800415
বিধি,0.5277594327926636,0.0,1.5277594327926636
মরুক,0.5277494192123413,0.0,1.5277494192123413
ঘুমায়,0.5277290642261505,0.0,1.5277290642261505
তুলনা,0.5276859402656555,0.0,1.5276859402656555
সার্ভ,0.5276767611503601,0.0,1.52767676115036
আগলে,0.5276554226875305,0.0,1.5276554226875305
চূপচাপ,0.5276494026184082,0.0,1.5276494026184082
ভাবন৷,0.5377384722232819,0.010101010101010102,1.527637462122272
স্টেডিয়ামে,0.5275045335292816,0.0,1.5275045335292816
এরমধ্যে,0.5274298787117004,0.0,1.5274298787117004
সহানুভূতি,0.5273935794830322,0.0,1.5273935794830322
বাড়ুয্যে,0.5273917317390442,0.0,1.5273917317390442
আগমন,0.5273863673210144,0.0,1.5273863673210144
পিছন,0.5477806925773621,0.02040816326530612,1.527372529312056
বলিষ্ঠ,0.5273436307907104,0.0,1.5273436307907104
বছরখানেক,0.5273368656635284,0.0,1.5273368656635284
ডায়াল,0.5273282825946808,0.0,1.5273282825946808
ক্ষেত্র,0.52732715010643,0.0,1.52732715010643
থামতে,0.5273254215717316,0.0,1.5273254215717316
আদলে,0.5273187160491943,0.0,1.5273187160491943
চিক,0.5272611975669861,0.0,1.527261197566986
রাস্ত,0.5373410284519196,0.010101010101010102,1.5272400183509096
রাজে,0.5272065997123718,0.0,1.5272065997123718
রোগে,0.5271914005279541,0.0,1.527191400527954
আবাদ,0.5271887183189392,0.0,1.5271887183189392
ঝিম,0.5271806418895721,0.0,1.5271806418895721
কান্নায়,0.5270950794219971,0.0,1.527095079421997
উপ্টে,0.5270214676856995,0.0,1.5270214676856995
সবটুকু,0.527021199464798,0.0,1.527021199464798
গন্ধে,0.5270162224769592,0.0,1.5270162224769592
জমলে,0.5269738435745239,0.0,1.526973843574524
রাজত্ব,0.5370133817195892,0.010101010101010102,1.5269123716185793
তালা,0.5370050072669983,0.010101010101010102,1.5269039971659883
নেমেছি,0.5269016027450562,0.0,1.5269016027450562
উৎস,0.526880532503128,0.0,1.526880532503128
বারো,0.5268778204917908,0.0,1.5268778204917908
ভাগ্নে,0.5268360376358032,0.0,1.5268360376358032
আলা,0.5268149673938751,0.0,1.5268149673938751
ফেরবার,0.5267861485481262,0.0,1.5267861485481262
উপভোগ্য,0.5267634689807892,0.0,1.5267634689807892
মশাল,0.5368320345878601,0.010101010101010102,1.5267310244868502
এইটুকুই,0.5367875695228577,0.010101010101010102,1.5266865594218477
পাপ,0.5266703069210052,0.0,1.5266703069210052
ছড়িয়,0.5266614556312561,0.0,1.526661455631256
হাতছাড়া,0.526644766330719,0.0,1.526644766330719
কুছু,0.5266396701335907,0.0,1.5266396701335907
ফলাফল,0.5469440519809723,0.02040816326530612,1.5265358887156661
ভীম,0.5265029668807983,0.0,1.5265029668807983
বিচলিত,0.526459664106369,0.0,1.526459664106369
বিমানবন্দরে,0.5264331102371216,0.0,1.5264331102371216
তাইতো,0.5263845324516296,0.0,1.5263845324516296
জিজ্ঞাসা,0.5263829827308655,0.0,1.5263829827308655
মধ্যবিত্ত,0.536482185125351,0.010101010101010102,1.526381175024341
সেইখানেই,0.5262896716594696,0.0,1.5262896716594696
উপত্যক,0.5262825191020966,0.0,1.5262825191020966
বিবাহ,0.5262405276298523,0.0,1.5262405276298523
শেয়াল,0.5262389481067657,0.0,1.5262389481067657
চাষীর,0.5262152850627899,0.0,1.52621528506279
কোনোভাবে,0.5262086987495422,0.0,1.5262086987495422
কামরায়,0.5261680781841278,0.0,1.5261680781841278
অর্থহীন,0.5261554718017578,0.0,1.5261554718017578
পকেট,0.5465415716171265,0.02040816326530612,1.5261334083518203
খাওয়৷,0.5261278450489044,0.0,1.5261278450489044
মৃতদেহ,0.5261145532131195,0.0,1.5261145532131195
চলুন,0.5260559618473053,0.0,1.5260559618473053
খাম,0.5260059833526611,0.0,1.5260059833526611
ছিলে,0.5259200036525726,0.0,1.5259200036525726
নিলো৷,0.5258750915527344,0.0,1.5258750915527344
নাচে,0.5359329879283905,0.010101010101010102,1.5258319778273806
হলি,0.5258245170116425,0.0,1.5258245170116425
কানায়,0.5257894694805145,0.0,1.5257894694805145
হুজুর,0.5257469713687897,0.0,1.5257469713687897
ধারণা,0.5257324576377869,0.0,1.5257324576377869
হইলেও,0.5257298052310944,0.0,1.5257298052310944
তুলসীতলায়,0.525664210319519,0.0,1.525664210319519
নিজেক,0.5256625413894653,0.0,1.5256625413894653
হাটে,0.5256214141845703,0.0,1.5256214141845703
কালী,0.5255612730979919,0.0,1.525561273097992
দুলে,0.5255567729473114,0.0,1.5255567729473114
দৌড়ে,0.5255143940448761,0.0,1.525514394044876
আসামী,0.5356003940105438,0.010101010101010102,1.5254993839095339
বেড়াবে,0.5254967212677002,0.0,1.5254967212677002
জওয়ান,0.5254153609275818,0.0,1.5254153609275818
থেয়াল,0.5253683030605316,0.0,1.5253683030605316
কলেরার,0.535468190908432,0.010101010101010102,1.525367180807422
ভেতরক,0.5253450572490692,0.0,1.5253450572490692
কার্পেন্,0.5253360867500305,0.0,1.5253360867500305
ছাড়িয়ে,0.525326132774353,0.0,1.525326132774353
মোড়ল,0.5252653360366821,0.0,1.5252653360366821
অবসরে,0.5252485275268555,0.0,1.5252485275268555
যেয়ো,0.5252318680286407,0.0,1.5252318680286407
মতিগতি,0.5252195596694946,0.0,1.5252195596694946
গর্জনে,0.5251393914222717,0.0,1.5251393914222717
ধান্ধায়,0.5250987708568573,0.0,1.5250987708568573
উঠলে৷,0.5250624716281891,0.0,1.525062471628189
সর্বনেশ,0.5250349938869476,0.0,1.5250349938869476
অপূর্ব,0.5250285863876343,0.0,1.5250285863876343
পীচ,0.525020182132721,0.0,1.525020182132721
নাহি,0.5350565612316132,0.010101010101010102,1.5249555511306032
সর্বনাশ,0.52494877576828,0.0,1.52494877576828
দেশবাসীর,0.5248916149139404,0.0,1.5248916149139404
ছায়া,0.5248843133449554,0.0,1.5248843133449554
দিশেহা,0.5248654186725616,0.0,1.5248654186725616
রাখ৷,0.524826169013977,0.0,1.524826169013977
ধুলো,0.5248233079910278,0.0,1.5248233079910278
বেদনা,0.524822860956192,0.0,1.524822860956192
মনিব,0.5248206257820129,0.0,1.524820625782013
চিনতে,0.5248116254806519,0.0,1.5248116254806519
চরণে,0.5247983336448669,0.0,1.524798333644867
অস্পষ্ট,0.524793416261673,0.0,1.524793416261673
প্রাক্তন,0.5247805118560791,0.0,1.524780511856079
করতে,0.5247533321380615,0.0,1.5247533321380615
ভুলো,0.5247451364994049,0.0,1.524745136499405
দরুণ,0.524743914604187,0.0,1.524743914604187
ঢোক,0.5247251391410828,0.0,1.5247251391410828
কমি,0.5348252654075623,0.010101010101010102,1.5247242553065523
আদরে,0.5247235894203186,0.0,1.5247235894203186
দেহ,0.5348244309425354,0.010101010101010102,1.5247234208415255
ভারি,0.5246525704860687,0.0,1.5246525704860687
লিখছি,0.5246456265449524,0.0,1.5246456265449524
শোনায়,0.5246362686157227,0.0,1.5246362686157227
লাই,0.5246310532093048,0.0,1.5246310532093048
ক্যাচ,0.524625837802887,0.0,1.524625837802887
বলে৷,0.5246213376522064,0.0,1.5246213376522064
চলাফেরার,0.5245858132839203,0.0,1.5245858132839203
মোড়,0.5346760749816895,0.010101010101010102,1.5245750648806795
বুদ্ধি,0.5245589315891266,0.0,1.5245589315891266
হয়রানি,0.5245517492294312,0.0,1.5245517492294312
সাজিয়ে,0.5245117247104645,0.0,1.5245117247104645
দেশপ্রেম,0.5244792997837067,0.0,1.5244792997837067
সূত্র,0.5244700908660889,0.0,1.5244700908660889
এইতো,0.5244456827640533,0.0,1.5244456827640533
উন্মুক্ত,0.5244307816028595,0.0,1.5244307816028595
বেশিদিন,0.5243894755840302,0.0,1.5243894755840302
মোজা,0.5243842601776123,0.0,1.5243842601776123
সমুদ্রতল,0.5243661105632782,0.0,1.5243661105632782
জানলায়,0.5243573784828186,0.0,1.5243573784828186
শিকল,0.5243254601955414,0.0,1.5243254601955414
লাভ,0.5343582630157471,0.010101010101010102,1.5242572529147371
বলছিলে,0.5242358446121216,0.0,1.5242358446121216
চ্যাটার্জির,0.5242276787757874,0.0,1.5242276787757874
গৌরী,0.5343276262283325,0.010101010101010102,1.5242266161273226
সংবাদ,0.5446102917194366,0.02040816326530612,1.5242021284541305
পত্নী,0.5241960287094116,0.0,1.5241960287094116
মনেপ্রাণে,0.5241850316524506,0.0,1.5241850316524506
রসুন,0.52418053150177,0.0,1.52418053150177
গোরিলা,0.5241430699825287,0.0,1.5241430699825287
ঘাম,0.5341977179050446,0.010101010101010102,1.5240967078040346
দেখেনি,0.5240765810012817,0.0,1.5240765810012817
চিহ্ন,0.5341571867465973,0.010101010101010102,1.5240561766455873
লাটে,0.5240420401096344,0.0,1.5240420401096344
তক্ষুনি,0.5240220129489899,0.0,1.5240220129489899
সোফায়,0.5239278078079224,0.0,1.5239278078079224
সুদ,0.5238826274871826,0.0,1.5238826274871826
ছানা,0.5238813161849976,0.0,1.5238813161849976
উত্তরপাড়,0.5238491296768188,0.0,1.5238491296768188
জলচৌকি,0.533938467502594,0.010101010101010102,1.523837457401584
ঘাঁট,0.5238267481327057,0.0,1.5238267481327057
পূর্বে,0.5238127112388611,0.0,1.523812711238861
আত্নীয়স্বজন,0.523750364780426,0.0,1.523750364780426
ব্যাপারটি,0.5237274169921875,0.0,1.5237274169921875
আলস,0.5236938297748566,0.0,1.5236938297748566
জুত,0.5236386358737946,0.0,1.5236386358737946
নিউটন,0.5236377716064453,0.0,1.5236377716064453
কুড়ি,0.5337273180484772,0.010101010101010102,1.5236263079474672
ছোটলোক,0.5236178040504456,0.0,1.5236178040504456
ফিরছিল,0.523611843585968,0.0,1.523611843585968
শাড়ির,0.5336900353431702,0.010101010101010102,1.5235890252421602
অস্থিরতা,0.5235672295093536,0.0,1.5235672295093536
দিচ্,0.5235479772090912,0.0,1.5235479772090912
পাঠশালায়,0.5336324572563171,0.010101010101010102,1.5235314471553072
ভাগিয়ে,0.5235114991664886,0.0,1.5235114991664886
শাহ,0.5234933793544769,0.0,1.523493379354477
হিন্দুস্থান,0.5234683156013489,0.0,1.5234683156013489
মজুর,0.5234466791152954,0.0,1.5234466791152954
স্থানীয়,0.5234020054340363,0.0,1.5234020054340363
পরিশ্রমে,0.5233769118785858,0.0,1.5233769118785858
বিস্ময়কর,0.5334264636039734,0.010101010101010102,1.5233254535029634
আসতাম,0.5233043432235718,0.0,1.5233043432235718
কথাবার্তা,0.5232556164264679,0.0,1.523255616426468
শ্বশুরবাড়ি,0.5232371985912323,0.0,1.5232371985912323
বুঝতে,0.5232315063476562,0.0,1.5232315063476562
পচে,0.5232170522212982,0.0,1.5232170522212982
অনুপস্থিতি,0.5231609344482422,0.0,1.5231609344482422
অযোগ্য,0.5231359601020813,0.0,1.5231359601020813
শতাব্দীর,0.533231794834137,0.010101010101010102,1.523130784733127
জানি৷,0.5332129299640656,0.010101010101010102,1.5231119198630556
ইল,0.5230825245380402,0.0,1.5230825245380402
উদ্দেশ্য,0.5230811238288879,0.0,1.523081123828888
একজায়গায়,0.5230773687362671,0.0,1.523077368736267
ভুগ,0.522948145866394,0.0,1.522948145866394
মাচা,0.5433490574359894,0.02040816326530612,1.5229408941706832
বর্তমান,0.5229237675666809,0.0,1.522923767566681
পরিচ্ছন্ন,0.5229203402996063,0.0,1.5229203402996063
হতাশা,0.5229077935218811,0.0,1.522907793521881
গোছগাছ,0.5229013860225677,0.0,1.5229013860225677
নিয়মমাফিক,0.522878110408783,0.0,1.522878110408783
এপ,0.5329740643501282,0.010101010101010102,1.5228730542491182
অত্যধিক,0.5228704810142517,0.0,1.5228704810142517
আহরণ,0.5228441059589386,0.0,1.5228441059589386
হাওয়৷,0.5228374898433685,0.0,1.5228374898433685
দেখল,0.5329239964485168,0.010101010101010102,1.522822986347507
উল্লাস,0.5227855145931244,0.0,1.5227855145931244
বিক্রির,0.5227854549884796,0.0,1.5227854549884796
দেয়াল,0.5227581560611725,0.0,1.5227581560611725
প্রাচীনকাল,0.5227572917938232,0.0,1.5227572917938232
টাইট,0.522744208574295,0.0,1.522744208574295
ভেজা,0.5227132439613342,0.0,1.5227132439613342
পাত্র,0.5227096974849701,0.0,1.52270969748497
আধম,0.522665411233902,0.0,1.522665411233902
হামল,0.5226602256298065,0.0,1.5226602256298065
উদ্যান,0.52261883020401,0.0,1.52261883020401
শ্বশুরবাড়ির,0.5225963890552521,0.0,1.522596389055252
ঝুলে,0.5225739777088165,0.0,1.5225739777088165
পঞ্চাশ,0.5326718389987946,0.010101010101010102,1.5225708288977846
পরিবর্তন,0.5224859416484833,0.0,1.5224859416484833
আলোচনায়,0.5224082171916962,0.0,1.5224082171916962
মাণ্ডা,0.5223852694034576,0.0,1.5223852694034576
সীমাহীন,0.5223605632781982,0.0,1.5223605632781982
বলেছিলে,0.5223548114299774,0.0,1.5223548114299774
দুধে,0.5222835540771484,0.0,1.5222835540771484
দুঃখ,0.5222828984260559,0.0,1.522282898426056
আমেজ,0.5222767293453217,0.0,1.5222767293453217
ভালোবাসে,0.5222688913345337,0.0,1.5222688913345337
যুগে,0.5323437750339508,0.010101010101010102,1.5222427649329409
আহম,0.5222162902355194,0.0,1.5222162902355194
দিতুম,0.5221272706985474,0.0,1.5221272706985474
পার্টিশন,0.522119402885437,0.0,1.522119402885437
অতীত,0.5322031378746033,0.010101010101010102,1.5221021277735933
স্টেট,0.5220997333526611,0.0,1.5220997333526611
পড়লে,0.5220882594585419,0.0,1.5220882594585419
ইংলিশ,0.5220719575881958,0.0,1.5220719575881958
নিবে,0.5220308005809784,0.0,1.5220308005809784
মারফৎ,0.5220237970352173,0.0,1.5220237970352173
টেবিলে,0.5321090519428253,0.010101010101010102,1.5220080418418154
চাকুরে,0.5219834744930267,0.0,1.5219834744930267
পৌছা,0.5219569504261017,0.0,1.5219569504261017
তারকা,0.5219251215457916,0.0,1.5219251215457916
মাবা,0.521920770406723,0.0,1.521920770406723
মার্কেট,0.5219013690948486,0.0,1.5219013690948486
গোছা,0.5319826006889343,0.010101010101010102,1.5218815905879244
রাস্তাঘাট,0.5218741297721863,0.0,1.5218741297721863
ড্রাগন,0.5218547582626343,0.0,1.5218547582626343
কড়ি,0.5319523513317108,0.010101010101010102,1.5218513412307009
ছুটল,0.5218282639980316,0.0,1.5218282639980316
চেহারা,0.5218199193477631,0.0,1.521819919347763
দেয়ে,0.5218138694763184,0.0,1.5218138694763184
থরে,0.5217704474925995,0.0,1.5217704474925995
স্পষ্টভাবে,0.5217673778533936,0.0,1.5217673778533936
হুট,0.5217622816562653,0.0,1.5217622816562653
প্রতিদিন,0.5318069458007812,0.010101010101010102,1.5217059356997713
হউক,0.5216692686080933,0.0,1.5216692686080933
চেয়ার,0.521640956401825,0.0,1.521640956401825
তাড়,0.52163165807724,0.0,1.52163165807724
রাজি,0.5317248404026031,0.010101010101010102,1.5216238303015932
হতভাগা,0.5216220915317535,0.0,1.5216220915317535
আপনে,0.521502822637558,0.0,1.521502822637558
বেলা,0.5315786898136139,0.010101010101010102,1.521477679712604
অসম,0.5214760303497314,0.0,1.5214760303497314
অমাবস্যা,0.5214460790157318,0.0,1.5214460790157318
আকস্মিক,0.5214244425296783,0.0,1.5214244425296783
বিতরণ,0.5214152634143829,0.0,1.521415263414383
গ্যাস,0.5214020311832428,0.0,1.5214020311832428
অব,0.5213988721370697,0.0,1.5213988721370697
মূল্য,0.5213976502418518,0.0,1.5213976502418518
ললাটে,0.521359771490097,0.0,1.521359771490097
পরদিন,0.5212945342063904,0.0,1.5212945342063904
আক্রমণে,0.52127805352211,0.0,1.52127805352211
চিকিৎসা,0.5416750907897949,0.02040816326530612,1.5212669275244888
মি,0.5313189923763275,0.010101010101010102,1.5212179822753176
জাদ,0.5211911201477051,0.0,1.521191120147705
পরোয়া,0.5211818516254425,0.0,1.5211818516254425
ফাকা,0.5211809575557709,0.0,1.5211809575557709
নোয়,0.5211783349514008,0.0,1.5211783349514008
বটতলায়,0.5211768448352814,0.0,1.5211768448352814
বুড়ো,0.5211712419986725,0.0,1.5211712419986725
গতিপথ,0.5211598873138428,0.0,1.5211598873138428
জননী,0.5211426615715027,0.0,1.5211426615715027
পরিপূর্ণ,0.5211245715618134,0.0,1.5211245715618134
ভারী,0.5211168229579926,0.0,1.5211168229579926
স্বচক্ষে,0.5211102664470673,0.0,1.5211102664470673
খোঁ,0.5211040675640106,0.0,1.5211040675640106
জন্মদিন,0.5210914313793182,0.0,1.5210914313793182
টিপি,0.5210897326469421,0.0,1.5210897326469421
শুনিয়া,0.5210725963115692,0.0,1.5210725963115692
মাথাধ,0.5210613310337067,0.0,1.5210613310337067
চাল,0.5311574041843414,0.010101010101010102,1.5210563940833315
ছুলে,0.5210402309894562,0.0,1.5210402309894562
লাঞ্চ,0.5209780037403107,0.0,1.5209780037403107
উস্কানি,0.5209668576717377,0.0,1.5209668576717377
বেওয়া,0.5209410786628723,0.0,1.5209410786628723
আলাদাভাবে,0.5208773612976074,0.0,1.5208773612976074
ফয়সালা,0.5208236873149872,0.0,1.5208236873149872
কাপ,0.5207703709602356,0.0,1.5207703709602356
গোবর,0.5308462083339691,0.010101010101010102,1.5207451982329592
ছারখার,0.5207299292087555,0.0,1.5207299292087555
আবছায়া,0.5206970870494843,0.0,1.5206970870494843
কিশোরীর,0.5206619203090668,0.0,1.5206619203090668
পলায়ন,0.5206449925899506,0.0,1.5206449925899506
তাকাল,0.520625650882721,0.0,1.520625650882721
বাতিল,0.5205622315406799,0.0,1.52056223154068
অযথা,0.5205174088478088,0.0,1.5205174088478088
রইল,0.5205119550228119,0.0,1.520511955022812
সারারাত,0.5204695165157318,0.0,1.5204695165157318
করুন৷,0.5204561352729797,0.0,1.5204561352729797
লুফে,0.5204363465309143,0.0,1.5204363465309143
যাবি,0.5204209685325623,0.0,1.5204209685325623
বেড়,0.5304618179798126,0.010101010101010102,1.5203608078788027
ছাতা,0.5203519761562347,0.0,1.5203519761562347
পয়ত্রিশ,0.5203319191932678,0.0,1.5203319191932678
বেশী,0.5203072130680084,0.0,1.5203072130680084
তাগাদা,0.5202760994434357,0.0,1.5202760994434357
জঙ্গলে,0.5202732682228088,0.0,1.5202732682228088
অতবড়,0.5202659368515015,0.0,1.5202659368515015
দিইনি,0.520242303609848,0.0,1.520242303609848
বিশ্বাসী,0.5202244818210602,0.0,1.5202244818210602
বিসদৃশ,0.520162433385849,0.0,1.520162433385849
বিশ্রী,0.520161360502243,0.0,1.520161360502243
রাজসভায়,0.520155280828476,0.0,1.520155280828476
প্যাঁচ,0.520127534866333,0.0,1.520127534866333
বলবো,0.5201111733913422,0.0,1.5201111733913422
অধীর,0.5302081406116486,0.010101010101010102,1.5201071305106386
নিয়মে,0.5200763046741486,0.0,1.5200763046741486
চেতনা,0.5200200974941254,0.0,1.5200200974941254
বাগবাজারের,0.520006388425827,0.0,1.520006388425827
বনেদী,0.5200052559375763,0.0,1.5200052559375763
গণনা,0.5199316442012787,0.0,1.5199316442012787
প্রাকৃতিক,0.5199213325977325,0.0,1.5199213325977325
চাইলেই,0.5199163854122162,0.0,1.5199163854122162
বিদ্বান,0.519908219575882,0.0,1.519908219575882
নির্বাচন,0.5198986232280731,0.0,1.5198986232280731
দিনরাত্রি,0.5299937427043915,0.010101010101010102,1.5198927326033815
স্টেশন,0.5198831558227539,0.0,1.519883155822754
যৌবনে,0.5198718905448914,0.0,1.5198718905448914
বসতে,0.5198514759540558,0.0,1.5198514759540558
উদাস,0.5299447178840637,0.010101010101010102,1.5198437077830538
ডোবায়,0.5198307931423187,0.0,1.5198307931423187
পশু,0.5298823714256287,0.010101010101010102,1.5197813613246187
সে৷,0.5197812914848328,0.0,1.5197812914848328
বেদীর,0.5197805464267731,0.0,1.519780546426773
লেলিয়ে,0.5197658538818359,0.0,1.519765853881836
নর্তকী,0.5197107493877411,0.0,1.519710749387741
রাখে,0.5196774303913116,0.0,1.5196774303913116
ইহ,0.5297658443450928,0.010101010101010102,1.5196648342440828
ডিজেল,0.5196436941623688,0.0,1.5196436941623688
ভাববে,0.51964071393013,0.0,1.51964071393013
শত্রুর,0.529731810092926,0.010101010101010102,1.519630799991916
অনুষ্ঠান,0.5195658206939697,0.0,1.5195658206939697
তিনি৷,0.5195545256137848,0.0,1.5195545256137848
শিথিল,0.5195404887199402,0.0,1.5195404887199402
চৈ,0.529596209526062,0.010101010101010102,1.519495199425052
ঘা,0.5504090785980225,0.030927835051546393,1.5194812435464762
চালাক,0.5194652080535889,0.0,1.5194652080535889
দোহা,0.5194482207298279,0.0,1.5194482207298279
এলে৷,0.5194077491760254,0.0,1.5194077491760254
কাটলো,0.5193984508514404,0.0,1.5193984508514404
দৌড়ো,0.5193839967250824,0.0,1.5193839967250824
রক্তাক্ত,0.5193403959274292,0.0,1.5193403959274292
কর্মচারী,0.5294176638126373,0.010101010101010102,1.5193166537116274
জানালে,0.5193051993846893,0.0,1.5193051993846893
বৌদি,0.5192836821079254,0.0,1.5192836821079254
চিরতরে,0.5192621350288391,0.0,1.5192621350288391
বাহন,0.5191850960254669,0.0,1.519185096025467
ছসাত,0.5191621780395508,0.0,1.5191621780395508
আলিঙ্গনাবদ্ধ,0.5191566348075867,0.0,1.5191566348075867
যথাসম্ভব,0.5191401839256287,0.0,1.5191401839256287
অপরূপ,0.5191362500190735,0.0,1.5191362500190735
গ্রামবাসী,0.5291828215122223,0.010101010101010102,1.5190818114112123
আটকাবে,0.5190649032592773,0.0,1.5190649032592773
খুঁ,0.5190356075763702,0.0,1.5190356075763702
দাম,0.5190148055553436,0.0,1.5190148055553436
রান্নাঘর,0.5190043151378632,0.0,1.5190043151378632
নাএ,0.529059886932373,0.010101010101010102,1.518958876831363
ইেসেলের,0.5189165771007538,0.0,1.5189165771007538
চুন,0.518907368183136,0.0,1.518907368183136
বক্তৃতা,0.5188848972320557,0.0,1.5188848972320557
ধন্যবাদ,0.5188365876674652,0.0,1.5188365876674652
রক্তাভ,0.5188286304473877,0.0,1.5188286304473877
হালি,0.5188141167163849,0.0,1.5188141167163849
মরবো,0.518798828125,0.0,1.518798828125
খাওয়াও,0.5187985002994537,0.0,1.5187985002994537
লোকে,0.5187170505523682,0.0,1.5187170505523682
আশীর্বাদ,0.5187152922153473,0.0,1.5187152922153473
খুনী,0.5187056660652161,0.0,1.518705666065216
কাকু,0.5288016200065613,0.010101010101010102,1.5187006099055513
ক্ষীণ,0.5187002122402191,0.0,1.5187002122402191
ত্বে,0.51868537068367,0.0,1.51868537068367
নিশ্বাস,0.5186319351196289,0.0,1.518631935119629
অসুবিধ,0.5186281204223633,0.0,1.5186281204223633
পায়া,0.5186217725276947,0.0,1.5186217725276947
আন্তরিক,0.5186031758785248,0.0,1.5186031758785248
শ্লোগান,0.5185756981372833,0.0,1.5185756981372833
হেলিয়ে,0.5184857845306396,0.0,1.5184857845306396
যেটুকু,0.5388689637184143,0.02040816326530612,1.5184608004531082
তাতে,0.5184505879878998,0.0,1.5184505879878998
পুজোয়,0.5184266567230225,0.0,1.5184266567230225
উৎকট,0.5183690786361694,0.0,1.5183690786361694
সতেজ,0.5183436274528503,0.0,1.5183436274528503
চুপিচুপি,0.5183381140232086,0.0,1.5183381140232086
ঈশ্বরী,0.5183282494544983,0.0,1.5183282494544983
ভীড়,0.5183128416538239,0.0,1.5183128416538239
অনুগ্রহ,0.5182552635669708,0.0,1.5182552635669708
ত্রু,0.518209308385849,0.0,1.518209308385849
বাক,0.5181567668914795,0.0,1.5181567668914795
নিন,0.5181498229503632,0.0,1.5181498229503632
ভালুক,0.5181251168251038,0.0,1.5181251168251038
মেরুদণ্ডের,0.5181130468845367,0.0,1.5181130468845367
সন্তোষ,0.5180584788322449,0.0,1.5180584788322449
নতুনত্ব,0.5180128514766693,0.0,1.5180128514766693
প্রণাম,0.5180039405822754,0.0,1.5180039405822754
পিতা,0.5179952085018158,0.0,1.5179952085018158
কাঁদে,0.5178797245025635,0.0,1.5178797245025635
মাখন,0.5178592503070831,0.0,1.5178592503070831
দোষ,0.5279320776462555,0.010101010101010102,1.5178310675452455
কষে,0.5178089737892151,0.0,1.517808973789215
জানলা,0.5176087915897369,0.0,1.517608791589737
পারে৷,0.5276657342910767,0.010101010101010102,1.5175647241900667
ডেকের,0.5276603400707245,0.010101010101010102,1.5175593299697145
কলোনির,0.5175369381904602,0.0,1.5175369381904602
কিষাণ,0.5175245404243469,0.0,1.517524540424347
হাতছানি,0.5174995064735413,0.0,1.5174995064735413
জেলায়,0.5173799097537994,0.0,1.5173799097537994
সিঁড়ি,0.5172958970069885,0.0,1.5172958970069885
পাটা,0.5172939598560333,0.0,1.5172939598560333
তীব্রভাবে,0.517273485660553,0.0,1.517273485660553
হরে,0.5172699391841888,0.0,1.5172699391841888
সাব্ধানে,0.5172426104545593,0.0,1.5172426104545593
চড়ে,0.5376079976558685,0.02040816326530612,1.5171998343905624
মাদ্রাজ,0.5171807408332825,0.0,1.5171807408332825
কঠিন,0.5171511471271515,0.0,1.5171511471271515
মারো,0.5171330273151398,0.0,1.5171330273151398
বাজা,0.5171322822570801,0.0,1.51713228225708
পড়ি,0.5272024273872375,0.010101010101010102,1.5171014172862276
বান্ধব,0.5170769989490509,0.0,1.517076998949051
রমণীর,0.5271543860435486,0.010101010101010102,1.5170533759425386
উদাসীন,0.517047792673111,0.0,1.517047792673111
সারে,0.5270499587059021,0.010101010101010102,1.5169489486048922
দুলিয়ে,0.516909122467041,0.0,1.516909122467041
চাঞ্চল্য,0.5168940126895905,0.0,1.5168940126895905
আঠারো,0.5168639719486237,0.0,1.5168639719486237
চেহারাখানা,0.5168047249317169,0.0,1.516804724931717
আপনমনে,0.5168008804321289,0.0,1.516800880432129
চোরডাকাত,0.5167841613292694,0.0,1.5167841613292694
পাতলা,0.5167746245861053,0.0,1.5167746245861053
তৃপ্তির,0.5166305303573608,0.0,1.5166305303573608
নিপুণ,0.5165985822677612,0.0,1.5165985822677612
বায়ু,0.5165624916553497,0.0,1.5165624916553497
আপদ,0.5165322721004486,0.0,1.5165322721004486
রাখল,0.5165272057056427,0.0,1.5165272057056427
ফি,0.5165102183818817,0.0,1.5165102183818817
থামায়,0.5164957046508789,0.0,1.516495704650879
ঝাঁপিয়ে,0.5164502859115601,0.0,1.51645028591156
টুয়ে,0.516340047121048,0.0,1.516340047121048
সুপারিশ,0.5163299441337585,0.0,1.5163299441337585
চতুর্দি,0.5163295567035675,0.0,1.5163295567035675
বাড়বে,0.526427149772644,0.010101010101010102,1.516326139671634
বসেছেন,0.5162158310413361,0.0,1.516215831041336
হিন্দুস্তান,0.5161288976669312,0.0,1.5161288976669312
পারছি,0.5160926580429077,0.0,1.5160926580429077
ঠায়,0.5160827934741974,0.0,1.5160827934741974
থু,0.5160618722438812,0.0,1.5160618722438812
যছু,0.5160564482212067,0.0,1.5160564482212067
স্থায়ী,0.516046792268753,0.0,1.516046792268753
ওয়,0.5260947346687317,0.010101010101010102,1.5159937245677217
ঘেউ,0.5159523785114288,0.0,1.5159523785114288
ইচ্ছেয়,0.5159433782100677,0.0,1.5159433782100677
লেক,0.5159423351287842,0.0,1.5159423351287842
পাঠানোর,0.5159262716770172,0.0,1.5159262716770172
পড়বি,0.5159145593643188,0.0,1.5159145593643188
খোয়াবে,0.5159099102020264,0.0,1.5159099102020264
রুদ্ধ,0.5158915519714355,0.0,1.5158915519714355
ধাতু,0.5158095359802246,0.0,1.5158095359802246
নেং,0.5157638788223267,0.0,1.5157638788223267
টাড়িয়ে,0.5157487392425537,0.0,1.5157487392425537
গাঁড়ি,0.5157241225242615,0.0,1.5157241225242615
বিছ,0.525817334651947,0.010101010101010102,1.515716324550937
অন্যভাবে,0.5156964361667633,0.0,1.5156964361667633
সরকার,0.5257481932640076,0.010101010101010102,1.5156471831629976
ম্যারাকট্‌,0.5155653059482574,0.0,1.5155653059482574
একফা,0.5155084133148193,0.0,1.5155084133148193
জোর,0.5154682397842407,0.0,1.5154682397842407
ঢাকনা,0.5154376029968262,0.0,1.5154376029968262
গেলেন৷,0.5154286324977875,0.0,1.5154286324977875
প্রশংসা,0.5153519511222839,0.0,1.515351951122284
পিপ,0.5153484344482422,0.0,1.5153484344482422
পূজা,0.535626083612442,0.02040816326530612,1.5152179203471359
নিতে,0.5152166783809662,0.0,1.5152166783809662
দোয়াত,0.5151538550853729,0.0,1.515153855085373
চোরাবালির,0.515151709318161,0.0,1.515151709318161
কর্ডোবা,0.5151301026344299,0.0,1.51513010263443
প্রিয়নাথ,0.5150642693042755,0.0,1.5150642693042755
সেফ,0.5150448679924011,0.0,1.5150448679924011
পড়ুলো,0.515027642250061,0.0,1.515027642250061
পরাণ,0.5149737000465393,0.0,1.5149737000465393
একচোট,0.5149596631526947,0.0,1.5149596631526947
অতী,0.514942079782486,0.0,1.514942079782486
জিত,0.5149197280406952,0.0,1.5149197280406952
পরিত্যক্ত,0.5149194300174713,0.0,1.5149194300174713
স্লো,0.5149177312850952,0.0,1.5149177312850952
ধ্বনির,0.5149026215076447,0.0,1.5149026215076447
যেই,0.5148197710514069,0.0,1.5148197710514069
ঘোরা,0.5147741734981537,0.0,1.5147741734981537
জড়ানো,0.514769047498703,0.0,1.514769047498703
সাদরে,0.5147466361522675,0.0,1.5147466361522675
আঘাত,0.5147311389446259,0.0,1.5147311389446259
আসুন,0.5146922171115875,0.0,1.5146922171115875
থাকিত,0.5146421194076538,0.0,1.5146421194076538
ভালোবাসি,0.5146252810955048,0.0,1.5146252810955048
বাঁচব,0.5146111249923706,0.0,1.5146111249923706
গর্বে,0.5145833194255829,0.0,1.5145833194255829
কালীমন্দির,0.5145827829837799,0.0,1.51458278298378
বৃদ্ধি,0.5145390927791595,0.0,1.5145390927791595
চলাে,0.5145327150821686,0.0,1.5145327150821686
রাণীর,0.5144917964935303,0.0,1.5144917964935303
ছন্দে,0.514469563961029,0.0,1.514469563961029
অলিগলি,0.5144436061382294,0.0,1.5144436061382294
বাড়ী,0.5144351124763489,0.0,1.5144351124763489
ছুটলে,0.514396607875824,0.0,1.514396607875824
সামল,0.5143854022026062,0.0,1.5143854022026062
গৌড়া,0.5143615901470184,0.0,1.5143615901470184
পায়খানা,0.5143124461174011,0.0,1.5143124461174011
অধম,0.5142901241779327,0.0,1.5142901241779327
হাঁটে,0.514236330986023,0.0,1.514236330986023
বিস্কুট,0.5142282247543335,0.0,1.5142282247543335
ভর্তি,0.5142193138599396,0.0,1.5142193138599396
বাছুর,0.5242336392402649,0.010101010101010102,1.514132629139255
ঝরঝরে,0.5141269266605377,0.0,1.5141269266605377
রূপান্তরিত,0.5241563618183136,0.010101010101010102,1.5140553517173037
বেচারির,0.5140283107757568,0.0,1.5140283107757568
মই,0.5140217542648315,0.0,1.5140217542648315
কও,0.5140155553817749,0.0,1.514015555381775
প্রবীণ,0.5139864683151245,0.0,1.5139864683151245
বাড়িভাড়া,0.513955682516098,0.0,1.513955682516098
বলবি,0.5139451622962952,0.0,1.5139451622962952
পুঁট,0.5139367282390594,0.0,1.5139367282390594
কান্ন,0.5138752460479736,0.0,1.5138752460479736
বিদ্যুৎ,0.5138531923294067,0.0,1.5138531923294067
কালি,0.523946613073349,0.010101010101010102,1.513845602972339
শাশুড়ি,0.5138325989246368,0.0,1.5138325989246368
চড়ি,0.5138081014156342,0.0,1.5138081014156342
সইতে,0.5138050317764282,0.0,1.5138050317764282
হয়নি৷,0.5137619972229004,0.0,1.5137619972229004
ক্যামেরার,0.5237975120544434,0.010101010101010102,1.5136965019534334
সিদ্ধান্ত,0.5237575471401215,0.010101010101010102,1.5136565370391115
খোলা,0.523752897977829,0.010101010101010102,1.513651887876819
নিদিষ্ট,0.5136250257492065,0.0,1.5136250257492065
ডাঃ,0.5135845839977264,0.0,1.5135845839977264
কেরানি,0.5135816633701324,0.0,1.5135816633701324
স্বরূপ,0.5135668814182281,0.0,1.5135668814182281
পুনরাবৃত্তি,0.5135650932788849,0.0,1.5135650932788849
পায়র,0.5135446190834045,0.0,1.5135446190834045
পরিণতি,0.5135360360145569,0.0,1.5135360360145569
স্তরে,0.513517290353775,0.0,1.513517290353775
বইখানি,0.5135101974010468,0.0,1.5135101974010468
দীর্ঘস্থায়ী,0.5134790241718292,0.0,1.5134790241718292
নাড়ু,0.5134539008140564,0.0,1.5134539008140564
খিদে,0.5134530067443848,0.0,1.5134530067443848
চাপলো,0.5134123265743256,0.0,1.5134123265743256
সৈন্য,0.5133843719959259,0.0,1.513384371995926
ভালো৷,0.51336470246315,0.0,1.51336470246315
উড়,0.5233729779720306,0.010101010101010102,1.5132719678710207
এসেছেন৷,0.5132325291633606,0.0,1.5132325291633606
পালা,0.5132268369197845,0.0,1.5132268369197845
ডিঙিয়ে,0.5132169425487518,0.0,1.5132169425487518
কাল্পনিক,0.5132133364677429,0.0,1.513213336467743
থেলা,0.5233047306537628,0.010101010101010102,1.5132037205527529
নও,0.5131853222846985,0.0,1.5131853222846985
লও,0.5131766498088837,0.0,1.5131766498088837
বাথরুমে,0.5232759714126587,0.010101010101010102,1.5131749613116487
হাতুড়ি,0.5131689608097076,0.0,1.5131689608097076
টাদের,0.5131089985370636,0.0,1.5131089985370636
কলিকাতায়,0.5131064355373383,0.0,1.5131064355373383
চলতে,0.5130521655082703,0.0,1.5130521655082703
অরণ্য,0.512990415096283,0.0,1.512990415096283
স্পর্ধা,0.512952595949173,0.0,1.512952595949173
একদা,0.5129397511482239,0.0,1.5129397511482239
ঝিলিক,0.5129162669181824,0.0,1.5129162669181824
ছুনিয়ায়,0.5129088163375854,0.0,1.5129088163375854
ছেলে,0.5129077136516571,0.0,1.512907713651657
ডামবাটন,0.5128811597824097,0.0,1.5128811597824097
ঢুকল,0.5128761827945709,0.0,1.512876182794571
তারিখে,0.5332156717777252,0.02040816326530612,1.512807508512419
মুছ,0.5229034423828125,0.010101010101010102,1.5128024322818026
ইতস্তত,0.5127881765365601,0.0,1.51278817653656
তাড়িয়ে,0.5127405524253845,0.0,1.5127405524253845
ডাক্তারি,0.5127350986003876,0.0,1.5127350986003876
রোগীর,0.5127200484275818,0.0,1.5127200484275818
ভদ্রলোক,0.512601912021637,0.0,1.512601912021637
ফিরি,0.5125854909420013,0.0,1.5125854909420013
প্রসাদ,0.5226789712905884,0.010101010101010102,1.5125779611895784
পড়ো,0.5125461518764496,0.0,1.5125461518764496
গজায়,0.5124754905700684,0.0,1.5124754905700684
মর্মান্তিক,0.5124609470367432,0.0,1.5124609470367432
রাস্তা,0.5124563574790955,0.0,1.5124563574790955
অমৃত,0.512403279542923,0.0,1.512403279542923
ধোয়,0.5123728513717651,0.0,1.5123728513717651
স্বাস্থ্য,0.512357085943222,0.0,1.512357085943222
দুঃখিত,0.5122796595096588,0.0,1.5122796595096588
শখানেক,0.5122717618942261,0.0,1.512271761894226
দুহা,0.5122656226158142,0.0,1.5122656226158142
পেন্সিল,0.5122580230236053,0.0,1.5122580230236053
বসলা,0.5122382640838623,0.0,1.5122382640838623
আন্ধ,0.5122143924236298,0.0,1.5122143924236298
অসহনীয়,0.5121714174747467,0.0,1.5121714174747467
রাত্রির,0.5222609341144562,0.010101010101010102,1.5121599240134462
ফাঁকি,0.5120852589607239,0.0,1.5120852589607239
লাইগ্যা,0.5120654106140137,0.0,1.5120654106140137
আয়না,0.512039303779602,0.0,1.512039303779602
নির্মল,0.5120358467102051,0.0,1.512035846710205
ওলটপালট,0.5120121240615845,0.0,1.5120121240615845
খুলতে,0.5220542848110199,0.010101010101010102,1.51195327471001
গী,0.5119531154632568,0.0,1.5119531154632568
রাতারাতি,0.5119515061378479,0.0,1.511951506137848
ঘরটায়,0.5119307637214661,0.0,1.511930763721466
বিষিয়ে,0.511918693780899,0.0,1.511918693780899
স্টেশনে,0.5220182836055756,0.010101010101010102,1.5119172735045656
কমে,0.5118849277496338,0.0,1.5118849277496338
কলকাতাতে,0.5118629038333893,0.0,1.5118629038333893
স্বামীজীর,0.5118407607078552,0.0,1.5118407607078552
পর্দায়,0.5117821097373962,0.0,1.5117821097373962
আত্মীয়তা,0.5117724537849426,0.0,1.5117724537849426
একটায়,0.5117551684379578,0.0,1.5117551684379578
ত্যাগ,0.5117424726486206,0.0,1.5117424726486206
রোমান,0.5116895735263824,0.0,1.5116895735263824
কংগ্রেসের,0.5116457343101501,0.0,1.5116457343101501
কাগজে,0.5116181373596191,0.0,1.5116181373596191
নেয়ে,0.5115811228752136,0.0,1.5115811228752136
বাড়ে,0.5115510821342468,0.0,1.5115510821342468
সেকথা,0.5115197896957397,0.0,1.5115197896957397
কণ্ঠস্বরে,0.5114716589450836,0.0,1.5114716589450836
নারায়ণ,0.5318711400032043,0.02040816326530612,1.5114629767378982
ঠাদ,0.5114571750164032,0.0,1.5114571750164032
গল্পে,0.5113818645477295,0.0,1.5113818645477295
হ্যা,0.5113759636878967,0.0,1.5113759636878967
অল,0.5214650332927704,0.010101010101010102,1.5113640231917604
পড়ছি,0.5113489925861359,0.0,1.5113489925861359
বিষ,0.5317292511463165,0.02040816326530612,1.5113210878810104
সময়টুকু,0.5112716257572174,0.0,1.5112716257572174
নিরাপদ,0.5112687349319458,0.0,1.5112687349319458
পিতল,0.5213685631752014,0.010101010101010102,1.5112675530741915
কাবা,0.5112171471118927,0.0,1.5112171471118927
হ্যালো,0.511156439781189,0.0,1.511156439781189
দুদ্দাড়,0.5111406445503235,0.0,1.5111406445503235
একাকী,0.5111324787139893,0.0,1.5111324787139893
হেট,0.5110828578472137,0.0,1.5110828578472137
হারে,0.5110805630683899,0.0,1.51108056306839
সিট,0.5110246241092682,0.0,1.5110246241092682
আর্থ,0.5110197365283966,0.0,1.5110197365283966
পড়লো,0.5110004842281342,0.0,1.5110004842281342
বারান্দায়,0.5210937857627869,0.010101010101010102,1.510992775661777
মাসির,0.5109843909740448,0.0,1.5109843909740448
কিছুতে,0.5109701752662659,0.0,1.5109701752662659
শিক্ষক,0.5109696984291077,0.0,1.5109696984291077
তরকারি,0.510955274105072,0.0,1.510955274105072
মোচড়,0.5109436511993408,0.0,1.5109436511993408
গোড়া,0.5210381150245667,0.010101010101010102,1.5109371049235567
বেঁটে,0.5109304785728455,0.0,1.5109304785728455
বাইর,0.5108897089958191,0.0,1.510889708995819
নৌকো,0.5108833312988281,0.0,1.5108833312988281
পেছন,0.5108780264854431,0.0,1.5108780264854431
থুতনি,0.5108543932437897,0.0,1.5108543932437897
স্যার৷,0.5108252167701721,0.0,1.5108252167701721
গেট,0.5108146965503693,0.0,1.5108146965503693
চাইবে,0.5107548534870148,0.0,1.5107548534870148
কথা৷,0.5106549263000488,0.0,1.5106549263000488
সুকুম,0.5106498301029205,0.0,1.5106498301029205
কাকুর,0.5106417834758759,0.0,1.5106417834758759
ভাইপো,0.5105167627334595,0.0,1.5105167627334595
ধাক্কা,0.520592987537384,0.010101010101010102,1.510491977436374
ডেড,0.5104868710041046,0.0,1.5104868710041046
পেলুম,0.5104852020740509,0.0,1.510485202074051
কাটান,0.510484129190445,0.0,1.510484129190445
ছুলিয়ে,0.5104718506336212,0.0,1.5104718506336212
চালিয়ে,0.5104526579380035,0.0,1.5104526579380035
তাহ,0.5104441046714783,0.0,1.5104441046714783
মাসি,0.5103851556777954,0.0,1.5103851556777954
পেপ,0.5103552043437958,0.0,1.5103552043437958
গৌয়ার,0.5103373229503632,0.0,1.5103373229503632
উপে,0.5103289186954498,0.0,1.5103289186954498
ব্লাড,0.510327160358429,0.0,1.510327160358429
খবরাখবর,0.5103097856044769,0.0,1.510309785604477
পরিমাণ,0.5102844536304474,0.0,1.5102844536304474
কেতাব,0.5102509260177612,0.0,1.5102509260177612
অপেক্ষায়,0.5102318823337555,0.0,1.5102318823337555
অভাবনীয়,0.5102250277996063,0.0,1.5102250277996063
সভায়,0.5102087557315826,0.0,1.5102087557315826
দৃষ্টিপাত,0.5102004110813141,0.0,1.510200411081314
মাকড়সা,0.5101974308490753,0.0,1.5101974308490753
কিংব,0.5101820230484009,0.0,1.5101820230484009
কমবে,0.5101658403873444,0.0,1.5101658403873444
মারি,0.5101599097251892,0.0,1.5101599097251892
ক্রোধ,0.5202461183071136,0.010101010101010102,1.5101451082061037
স্থখে,0.5101447403430939,0.0,1.5101447403430939
সদরে,0.5101376473903656,0.0,1.5101376473903656
হাঁট,0.5101093649864197,0.0,1.5101093649864197
নিবৃত্ত,0.5100758969783783,0.0,1.5100758969783783
মায়ে,0.5100274384021759,0.0,1.510027438402176
বাধন,0.5100018382072449,0.0,1.5100018382072449
কোপ,0.5099860429763794,0.0,1.5099860429763794
ব্যথায়,0.5099820196628571,0.0,1.509982019662857
কবিত,0.5303804874420166,0.02040816326530612,1.5099723241767105
পারব,0.509962409734726,0.0,1.509962409734726
বুলিয়ে,0.5099591612815857,0.0,1.5099591612815857
এতদিন,0.5099502205848694,0.0,1.5099502205848694
জালা,0.5099358856678009,0.0,1.509935885667801
বসিয়ে,0.5199983716011047,0.010101010101010102,1.5098973615000948
লাফা,0.5098962485790253,0.0,1.5098962485790253
কিছুদূর,0.5098949670791626,0.0,1.5098949670791626
লেখ,0.5098715722560883,0.0,1.5098715722560883
পাইয়া,0.5098583400249481,0.0,1.5098583400249481
বাণ,0.5097401738166809,0.0,1.509740173816681
মুল,0.509679764509201,0.0,1.509679764509201
বয়সী,0.5096732974052429,0.0,1.509673297405243
গদি,0.5197454392910004,0.010101010101010102,1.5096444291899904
রসাতল,0.5096384584903717,0.0,1.5096384584903717
যেয,0.5096080005168915,0.0,1.5096080005168915
পাবি,0.509585976600647,0.0,1.509585976600647
অফিসে,0.5094664990901947,0.0,1.5094664990901947
সরবরাহ,0.5094176530838013,0.0,1.5094176530838013
বেয়ারা,0.509294867515564,0.0,1.509294867515564
সেক্রেটারি,0.5092427134513855,0.0,1.5092427134513855
মাধ্যম,0.5091558992862701,0.0,1.5091558992862701
কাপড়ে,0.5091018974781036,0.0,1.5091018974781036
ব্যক্তির,0.5090877711772919,0.0,1.5090877711772919
পাষণ্ড,0.5090764760971069,0.0,1.509076476097107
যবে,0.5090548694133759,0.0,1.5090548694133759
মুশকিলে,0.5090544521808624,0.0,1.5090544521808624
বলেকয়ে,0.5090465545654297,0.0,1.5090465545654297
বললএ,0.5090351998806,0.0,1.5090351998806
দলিল,0.5090227723121643,0.0,1.5090227723121643
সমীর,0.5294257998466492,0.02040816326530612,1.509017636581343
ক্ষেতের,0.5090049207210541,0.0,1.509004920721054
তালপ,0.5089858174324036,0.0,1.5089858174324036
ব্যস্তভাবে,0.5190860629081726,0.010101010101010102,1.5089850528071627
উপোস,0.5089744925498962,0.0,1.5089744925498962
হুমড়ি,0.5089477896690369,0.0,1.5089477896690369
ব্যতিব্যস্ত,0.5089293420314789,0.0,1.5089293420314789
দেখুন,0.5089206695556641,0.0,1.508920669555664
ভাঙবে,0.508886843919754,0.0,1.508886843919754
কাড়াকাড়ি,0.508875697851181,0.0,1.508875697851181
অক্লান্ত,0.5088503658771515,0.0,1.5088503658771515
খুঁটিয়ে,0.508840948343277,0.0,1.508840948343277
ভাবলে,0.5088243186473846,0.0,1.5088243186473846
জ্ঞানে,0.5088206231594086,0.0,1.5088206231594086
দেখেছো,0.5088172256946564,0.0,1.5088172256946564
সোম,0.5088148415088654,0.0,1.5088148415088654
সাচ্চা,0.5087872445583344,0.0,1.5087872445583344
ধার্য,0.5087125897407532,0.0,1.5087125897407532
জানোয়,0.5188041627407074,0.010101010101010102,1.5087031526396975
আগত,0.5086849331855774,0.0,1.5086849331855774
জানতাম৷,0.508682519197464,0.0,1.508682519197464
ডানদি,0.5086765587329865,0.0,1.5086765587329865
কোটা,0.5086645185947418,0.0,1.5086645185947418
গলির,0.5187464952468872,0.010101010101010102,1.5086454851458773
থাকে,0.5086427330970764,0.0,1.5086427330970764
ভেবেছেন,0.5086050629615784,0.0,1.5086050629615784
ডান,0.518703818321228,0.010101010101010102,1.508602808220218
কুর্নিশ,0.5085984170436859,0.0,1.508598417043686
বিশিষ্ট,0.508538693189621,0.0,1.508538693189621
জামায়,0.5085327327251434,0.0,1.5085327327251434
সোহাগ,0.508503258228302,0.0,1.508503258228302
অস্থিরভাবে,0.5084392428398132,0.0,1.5084392428398132
উন্নত,0.5084075927734375,0.0,1.5084075927734375
তরুণ,0.5083984732627869,0.0,1.5083984732627869
বাইসন,0.5083897113800049,0.0,1.5083897113800049
দরজায়,0.518474817276001,0.010101010101010102,1.508373807174991
অপদস্থ,0.508372962474823,0.0,1.508372962474823
পথচারী,0.5083531439304352,0.0,1.5083531439304352
ফাদা,0.5082943737506866,0.0,1.5082943737506866
প্রবেশ,0.5082831382751465,0.0,1.5082831382751465
চতুর্দশ,0.5183718502521515,0.010101010101010102,1.5082708401511415
পরশু,0.5082079768180847,0.0,1.5082079768180847
পোক্ত,0.5081873536109924,0.0,1.5081873536109924
গ্রাহ্য,0.5081639885902405,0.0,1.5081639885902405
আদ্দেক,0.5080882906913757,0.0,1.5080882906913757
যেটায়,0.5080772042274475,0.0,1.5080772042274475
সাংবাদিক,0.5080569982528687,0.0,1.5080569982528687
আচরণ,0.5080260634422302,0.0,1.5080260634422302
বাধা,0.508009135723114,0.0,1.508009135723114
গতিবেগ,0.5079854130744934,0.0,1.5079854130744934
অপরাজিত,0.5079757571220398,0.0,1.5079757571220398
হাসিখুশি,0.5079448819160461,0.0,1.5079448819160461
বিপদগ্রস্ত,0.5079169571399689,0.0,1.5079169571399689
বিশেষজ্ঞ,0.5078568458557129,0.0,1.507856845855713
হারু,0.5078302025794983,0.0,1.5078302025794983
ইছুর,0.5179090797901154,0.010101010101010102,1.5078080696891054
হোমিওপ্যাথিক,0.5078055560588837,0.0,1.5078055560588837
লাট,0.5077590346336365,0.0,1.5077590346336365
মরু,0.5076999664306641,0.0,1.507699966430664
আজগুবি,0.5076896250247955,0.0,1.5076896250247955
টেলিস্কোপ,0.507633239030838,0.0,1.507633239030838
চিনচিন,0.5076304376125336,0.0,1.5076304376125336
যাননি,0.507606565952301,0.0,1.507606565952301
পুরে,0.5076029300689697,0.0,1.5076029300689697
মারেন,0.5075925886631012,0.0,1.5075925886631012
তাকাবে,0.5075767040252686,0.0,1.5075767040252686
সময়টায়,0.5075732469558716,0.0,1.5075732469558716
ভানু,0.517666757106781,0.010101010101010102,1.507565747005771
চো,0.5075209140777588,0.0,1.5075209140777588
শূন্যে,0.5074435472488403,0.0,1.5074435472488403
ডুব,0.5074264705181122,0.0,1.5074264705181122
সম্পর্কে,0.5074184536933899,0.0,1.50741845369339
লুট,0.5073977112770081,0.0,1.507397711277008
জিপ,0.5073760747909546,0.0,1.5073760747909546
একবাক্যে,0.5073723495006561,0.0,1.5073723495006561
গেরামে,0.5073471367359161,0.0,1.5073471367359161
বৈরাগ্য,0.5073416829109192,0.0,1.5073416829109192
চলাচল,0.5073190331459045,0.0,1.5073190331459045
মহাকাল,0.5073021650314331,0.0,1.507302165031433
আরামদায়ক,0.5072881579399109,0.0,1.5072881579399109
ধরলো,0.5173758566379547,0.010101010101010102,1.5072748465369448
পাঁ,0.5072434842586517,0.0,1.5072434842586517
নিঃশব্দ,0.5172341167926788,0.010101010101010102,1.507133106691669
ছটে,0.5071285963058472,0.0,1.5071285963058472
কেনো,0.5071235597133636,0.0,1.5071235597133636
সিনেম,0.5071182548999786,0.0,1.5071182548999786
চিনিয়ে,0.5070595741271973,0.0,1.5070595741271973
নাহলে,0.5070262849330902,0.0,1.5070262849330902
গতির,0.5069938004016876,0.0,1.5069938004016876
তেমনি,0.5069003999233246,0.0,1.5069003999233246
কান্,0.506889820098877,0.0,1.506889820098877
প্রতিপক্ষ,0.5068675577640533,0.0,1.5068675577640533
দোর,0.5068438351154327,0.0,1.5068438351154327
বিপ,0.5272221863269806,0.02040816326530612,1.5068140230616744
গোছ,0.5068070888519287,0.0,1.5068070888519287
কোর্ট,0.5068047046661377,0.0,1.5068047046661377
চুম্বন,0.5067461431026459,0.0,1.5067461431026459
কুড়ুল,0.5067203938961029,0.0,1.506720393896103
পরকাল,0.5067069828510284,0.0,1.5067069828510284
মিশন,0.5066511034965515,0.0,1.5066511034965515
খাপছাড়া,0.5066047012805939,0.0,1.5066047012805939
সিদ্ধ,0.5065982937812805,0.0,1.5065982937812805
জন্মদিনে,0.5065911114215851,0.0,1.506591111421585
ছুই,0.5065742433071136,0.0,1.5065742433071136
কিন,0.5065704882144928,0.0,1.5065704882144928
আঁকড়ে,0.5065348148345947,0.0,1.5065348148345947
স্বভাব,0.5166275203227997,0.010101010101010102,1.5065265102217897
পুরাতন,0.5064862072467804,0.0,1.5064862072467804
লাগাবে,0.5064472258090973,0.0,1.5064472258090973
মিটে,0.5064299702644348,0.0,1.5064299702644348
প্রতিনিধি,0.5165136456489563,0.010101010101010102,1.5064126355479464
আচরণে,0.5063864588737488,0.0,1.5063864588737488
বয়েস,0.5063848793506622,0.0,1.5063848793506622
পুরী,0.5063786804676056,0.0,1.5063786804676056
গভীরভাবে,0.5063450634479523,0.0,1.5063450634479523
দোসর,0.5062968134880066,0.0,1.5062968134880066
ম্লান,0.5062856376171112,0.0,1.5062856376171112
পুরনে,0.5062539577484131,0.0,1.506253957748413
ভোরবেল,0.5062028765678406,0.0,1.5062028765678406
চামড়া,0.5061475038528442,0.0,1.5061475038528442
উইলে,0.5061297118663788,0.0,1.5061297118663788
কাপড়,0.5060917735099792,0.0,1.5060917735099792
খোঁজখবর,0.5060461461544037,0.0,1.5060461461544037
স্বাধীনভাবে,0.5060117244720459,0.0,1.506011724472046
মুণ্ড,0.5060110688209534,0.0,1.5060110688209534
জিজ্ঞাস,0.5060006082057953,0.0,1.5060006082057953
ছুটবে,0.5160068869590759,0.010101010101010102,1.505905876858066
লীলা,0.5059022307395935,0.0,1.5059022307395935
স্থাণু,0.5058894753456116,0.0,1.5058894753456116
বয়সে,0.5159351229667664,0.010101010101010102,1.5058341128657564
ফিরলে,0.5058326125144958,0.0,1.5058326125144958
ইচ্ছ,0.5159274637699127,0.010101010101010102,1.5058264536689028
চূড়ায়,0.5058222413063049,0.0,1.505822241306305
আশাকরি,0.5057989060878754,0.0,1.5057989060878754
এঘরে,0.5057971179485321,0.0,1.505797117948532
কয়েকদিনে,0.505783349275589,0.0,1.505783349275589
কিশোর,0.5366987586021423,0.030927835051546393,1.505770923550596
মাঝখানে,0.505696028470993,0.0,1.505696028470993
শূন্যতা,0.5056667625904083,0.0,1.5056667625904083
রহিম,0.5056113004684448,0.0,1.5056113004684448
বিক্রয়,0.5055845975875854,0.0,1.5055845975875854
খেলো,0.5055796802043915,0.0,1.5055796802043915
শার্টটা,0.5055703222751617,0.0,1.5055703222751617
ভাগ্যক্রমে,0.5055426061153412,0.0,1.5055426061153412
ব্যবসায়,0.5054793953895569,0.0,1.5054793953895569
রাগী,0.5054747760295868,0.0,1.5054747760295868
উঠছিল,0.5054666697978973,0.0,1.5054666697978973
পোড়ো,0.5054343044757843,0.0,1.5054343044757843
অদ্ভুত,0.5363413691520691,0.030927835051546393,1.5054135341005228
ফোটা,0.5053590834140778,0.0,1.5053590834140778
সম্প্রদায়,0.5053558647632599,0.0,1.5053558647632599
এখানে৷,0.5053379237651825,0.0,1.5053379237651825
ভালে,0.5154207050800323,0.010101010101010102,1.5053196949790224
কার্য,0.5053005814552307,0.0,1.5053005814552307
কোন্,0.5052317082881927,0.0,1.5052317082881927
আখড়ায়,0.5052132606506348,0.0,1.5052132606506348
নুয়ে,0.5051575005054474,0.0,1.5051575005054474
ঘুঘু,0.505155473947525,0.0,1.505155473947525
হুড়মুড়িয়ে,0.5051263570785522,0.0,1.5051263570785522
গুড়ে,0.5051238238811493,0.0,1.5051238238811493
বিকট,0.5051103830337524,0.0,1.5051103830337524
খোদা,0.5050915479660034,0.0,1.5050915479660034
আছড়ে,0.5151378810405731,0.010101010101010102,1.5050368709395632
পেরিয়ে,0.5049751102924347,0.0,1.5049751102924347
পরীর,0.5049326717853546,0.0,1.5049326717853546
ময়লা,0.5149984657764435,0.010101010101010102,1.5048974556754335
মাতামাতি,0.5048930943012238,0.0,1.5048930943012238
রবিবারে,0.5048631727695465,0.0,1.5048631727695465
বাঙল,0.504836231470108,0.0,1.504836231470108
প্রাপ্য,0.5048336684703827,0.0,1.5048336684703827
গৌরব,0.504819929599762,0.0,1.504819929599762
আটদিন,0.5048126876354218,0.0,1.5048126876354218
খাই,0.5047734677791595,0.0,1.5047734677791595
যতখানি,0.5047509968280792,0.0,1.5047509968280792
প্রত্যেকের,0.5046333968639374,0.0,1.5046333968639374
বলেছিস,0.5046300888061523,0.0,1.5046300888061523
অবদান,0.5046049356460571,0.0,1.5046049356460571
ফুটিয়ে,0.5045932531356812,0.0,1.5045932531356812
পুর্ণ,0.514693558216095,0.010101010101010102,1.504592548115085
শয্যা,0.5045832991600037,0.0,1.5045832991600037
টের,0.5249791741371155,0.02040816326530612,1.5045710108718093
দলপতির,0.5045586824417114,0.0,1.5045586824417114
কদ্দিন,0.5045466423034668,0.0,1.5045466423034668
ঝোল,0.5044953525066376,0.0,1.5044953525066376
ফুরসত,0.5044536590576172,0.0,1.5044536590576172
শুভদিন,0.5044532716274261,0.0,1.5044532716274261
আটদশ,0.5044097602367401,0.0,1.5044097602367401
জ্বেল,0.5043940544128418,0.0,1.5043940544128418
অদ্ভূত,0.5043883621692657,0.0,1.5043883621692657
কপালে,0.5144849717617035,0.010101010101010102,1.5043839616606935
যাওয়াআসা,0.5043751299381256,0.0,1.5043751299381256
কোল,0.5043569207191467,0.0,1.5043569207191467
শ্রেফ,0.5043317079544067,0.0,1.5043317079544067
খোরাক,0.5043308436870575,0.0,1.5043308436870575
যায,0.5042226016521454,0.0,1.5042226016521454
পেয়েছিস,0.5042160451412201,0.0,1.50421604514122
আনতে,0.5041931569576263,0.0,1.5041931569576263
নাড়িয়ে,0.5041721165180206,0.0,1.5041721165180206
অন্যরা,0.504162609577179,0.0,1.504162609577179
মিটি,0.5041536688804626,0.0,1.5041536688804626
যুক্ত,0.5041431188583374,0.0,1.5041431188583374
বরকন্দাজ,0.5142360627651215,0.010101010101010102,1.5041350526641115
কাঁটায়,0.5141565501689911,0.010101010101010102,1.5040555400679811
কথাবার্তায়,0.5039941370487213,0.0,1.5039941370487213
পেয়েছি৷,0.5039843022823334,0.0,1.5039843022823334
দিলি,0.5039615035057068,0.0,1.5039615035057068
খাতিরে,0.5039540529251099,0.0,1.5039540529251099
আনায়,0.503929853439331,0.0,1.503929853439331
কামড়,0.5039089620113373,0.0,1.5039089620113373
প্রত্যেকদিন,0.5038707554340363,0.0,1.5038707554340363
মাগ,0.5038255751132965,0.0,1.5038255751132965
বাহিরে,0.5038219690322876,0.0,1.5038219690322876
গানে,0.5138961672782898,0.010101010101010102,1.5037951571772799
নেপথ্যে,0.5037891864776611,0.0,1.5037891864776611
আবােলতাবােল,0.5037400424480438,0.0,1.5037400424480438
ঘেঁটে,0.5036701261997223,0.0,1.5036701261997223
কয়েকট,0.5036552250385284,0.0,1.5036552250385284
চ্যাংদোলা,0.5036382377147675,0.0,1.5036382377147675
চেহার৷,0.5036101341247559,0.0,1.5036101341247559
হাপ,0.5035951435565948,0.0,1.5035951435565948
এলাকা,0.5035892724990845,0.0,1.5035892724990845
করেননি,0.503560483455658,0.0,1.503560483455658
বাসে,0.5239556133747101,0.02040816326530612,1.503547450109404
মাঝারি,0.5035450160503387,0.0,1.5035450160503387
এগোয়,0.5035252571105957,0.0,1.5035252571105957
কারখানা,0.5035215318202972,0.0,1.5035215318202972
পারাে,0.5034900605678558,0.0,1.5034900605678558
একসময়ে,0.5034521222114563,0.0,1.5034521222114563
জমে,0.5034368336200714,0.0,1.5034368336200714
ভেলা,0.5034246742725372,0.0,1.5034246742725372
ফুটলো,0.5033876001834869,0.0,1.503387600183487
ভায়ে,0.5033461451530457,0.0,1.5033461451530457
বাঙ্গালী,0.5033026039600372,0.0,1.5033026039600372
হকুম,0.503280371427536,0.0,1.503280371427536
পরিসমাপ্তি,0.5032395720481873,0.0,1.5032395720481873
কােমর,0.5031717419624329,0.0,1.5031717419624329
ঠোটে,0.5031334757804871,0.0,1.503133475780487
গঙ্ভীর,0.5031087398529053,0.0,1.5031087398529053
লিখিয়ে,0.5131922960281372,0.010101010101010102,1.5030912859271273
বুদ্ধিমান,0.5131773054599762,0.010101010101010102,1.5030762953589663
স্থযোগ,0.5029981136322021,0.0,1.5029981136322021
ধনদৌলত,0.5029899179935455,0.0,1.5029899179935455
পবিত্র,0.5130692422389984,0.010101010101010102,1.5029682321379885
বলুন,0.513064056634903,0.010101010101010102,1.502963046533893
অবজ্ঞ,0.5028936862945557,0.0,1.5028936862945557
ম্যান,0.5028635263442993,0.0,1.5028635263442993
পিষে,0.5028606355190277,0.0,1.5028606355190277
তড়িঘড়ি,0.5028009712696075,0.0,1.5028009712696075
মৃতি,0.502779632806778,0.0,1.502779632806778
ট্রেনের,0.5027600824832916,0.0,1.5027600824832916
গাঙ্,0.5027494728565216,0.0,1.5027494728565216
বাচিয়,0.502678394317627,0.0,1.502678394317627
শারীরিক,0.5026276409626007,0.0,1.5026276409626007
বৎসরে,0.5026272237300873,0.0,1.5026272237300873
বাড়ায়,0.5026237070560455,0.0,1.5026237070560455
হতাহত,0.5026131570339203,0.0,1.5026131570339203
মামীর,0.5026086568832397,0.0,1.5026086568832397
মেশিন,0.512695848941803,0.010101010101010102,1.502594838840793
প্রত্যেক,0.5025127828121185,0.0,1.5025127828121185
করুন,0.5025085508823395,0.0,1.5025085508823395
লাইন,0.5024800598621368,0.0,1.5024800598621368
ছটি,0.5024622082710266,0.0,1.5024622082710266
দুর্বল,0.5024620592594147,0.0,1.5024620592594147
নাটকীয়,0.5024405717849731,0.0,1.5024405717849731
ব্যান্ড,0.5024225413799286,0.0,1.5024225413799286
লাগিয়েছিল,0.5023850202560425,0.0,1.5023850202560425
পাত্তা,0.5023602545261383,0.0,1.5023602545261383
চাপড়,0.5023476779460907,0.0,1.5023476779460907
হারানো,0.5023150146007538,0.0,1.5023150146007538
জোনাকি,0.5023029744625092,0.0,1.5023029744625092
উপক,0.5022944211959839,0.0,1.5022944211959839
বর্ধমানে,0.502279669046402,0.0,1.502279669046402
ভোলে,0.502258837223053,0.0,1.502258837223053
সুদৃশ্য,0.5022268891334534,0.0,1.5022268891334534
রাবণ,0.5022176206111908,0.0,1.5022176206111908
খুলবে,0.5022109150886536,0.0,1.5022109150886536
ডেকেছিল,0.502206414937973,0.0,1.502206414937973
আকুল,0.502181351184845,0.0,1.502181351184845
ছিবড়ে,0.502166360616684,0.0,1.502166360616684
নারী,0.5225642025470734,0.02040816326530612,1.5021560392817672
টোপ,0.5021267831325531,0.0,1.502126783132553
সৌভাগ্য,0.5021048188209534,0.0,1.5021048188209534
স্বাবলম্বী,0.5021022260189056,0.0,1.5021022260189056
জাত,0.5021018981933594,0.0,1.5021018981933594
মানলে,0.5021015703678131,0.0,1.502101570367813
উদ্দিশ,0.5021011531352997,0.0,1.5021011531352997
চিতা,0.5021009743213654,0.0,1.5021009743213654
জীবনে,0.5020863115787506,0.0,1.5020863115787506
সুড়সুড়ি,0.5020807087421417,0.0,1.5020807087421417
টুনটুনি,0.5020610988140106,0.0,1.5020610988140106
উপদ্র,0.5020449757575989,0.0,1.5020449757575989
জাগো,0.5120978057384491,0.010101010101010102,1.5019967956374392
কেনা,0.501968502998352,0.0,1.501968502998352
রোজ,0.5019383430480957,0.0,1.5019383430480957
ফৌপা,0.5120016634464264,0.010101010101010102,1.5019006533454164
শিহরণ,0.50184166431427,0.0,1.50184166431427
ভেবেচিন্,0.5018318891525269,0.0,1.5018318891525269
শাসনে,0.5018264949321747,0.0,1.5018264949321747
নীলু,0.5018219351768494,0.0,1.5018219351768494
তুলবে,0.5017856359481812,0.0,1.5017856359481812
সাজায়,0.5017656087875366,0.0,1.5017656087875366
কেঁপে,0.5017556250095367,0.0,1.5017556250095367
বাগান,0.511812686920166,0.010101010101010102,1.501711676819156
লোকট,0.5016659498214722,0.0,1.5016659498214722
দীড়,0.501643180847168,0.0,1.501643180847168
হুমকি,0.5016070604324341,0.0,1.501607060432434
কৌশলে,0.501567929983139,0.0,1.501567929983139
বাঁড়ুয্যে,0.5015198886394501,0.0,1.50151988863945
কোনরকমে,0.5014980137348175,0.0,1.5014980137348175
আকশ্মিক,0.5014951825141907,0.0,1.5014951825141907
অমান্য,0.5013677775859833,0.0,1.5013677775859833
কুচি,0.5013526082038879,0.0,1.501352608203888
ধীরেসুস্থে,0.5013523399829865,0.0,1.5013523399829865
পেয়,0.5013478696346283,0.0,1.5013478696346283
ফুরোব,0.5013472437858582,0.0,1.5013472437858582
দেবর,0.5013288259506226,0.0,1.5013288259506226
কতাখানি,0.5013040900230408,0.0,1.5013040900230408
ফাসির,0.5012768507003784,0.0,1.5012768507003784
ভাটা,0.511356770992279,0.010101010101010102,1.501255760891269
প্রাদেশিক,0.5012491643428802,0.0,1.5012491643428802
দীর্ঘকাল,0.5012330412864685,0.0,1.5012330412864685
ঘড়ি,0.5113074779510498,0.010101010101010102,1.5012064678500399
জেবন,0.5011798143386841,0.0,1.501179814338684
চাদের,0.501175731420517,0.0,1.501175731420517
ছাত্রী,0.5112510919570923,0.010101010101010102,1.5011500818560823
সন্দিগ্ধ,0.5011302828788757,0.0,1.5011302828788757
ভোম্বলদাস,0.501119464635849,0.0,1.501119464635849
মহারাজা,0.5011136829853058,0.0,1.5011136829853058
গোয়ালঘর,0.5010975003242493,0.0,1.5010975003242493
অভিজাত,0.5010890960693359,0.0,1.501089096069336
পাঁচশো,0.5010866522789001,0.0,1.5010866522789001
পাণ্,0.5010681450366974,0.0,1.5010681450366974
টেলিভিশন,0.5010543167591095,0.0,1.5010543167591095
রাস্তায়,0.5010484158992767,0.0,1.5010484158992767
আহলাদে,0.5010294616222382,0.0,1.5010294616222382
পাহাড়ী,0.5009771883487701,0.0,1.5009771883487701
সেটাকে,0.5009439885616302,0.0,1.5009439885616302
মরে,0.5009395182132721,0.0,1.500939518213272
গভর্নমেন্ট,0.5009356141090393,0.0,1.5009356141090393
বিপর্যয়,0.500897079706192,0.0,1.500897079706192
অবিশ্বাস্য,0.5008890628814697,0.0,1.5008890628814697
ডুবে,0.5109751224517822,0.010101010101010102,1.5008741123507723
পিসীমা,0.5008185505867004,0.0,1.5008185505867004
সবসময়ে,0.5007412433624268,0.0,1.5007412433624268
মাতিয়ে,0.5006754100322723,0.0,1.5006754100322723
আসছে৷,0.5006682276725769,0.0,1.500668227672577
অকারণ,0.5006610155105591,0.0,1.500661015510559
প্রবলেম,0.5006188154220581,0.0,1.500618815422058
দৃঢ়তা,0.5006103515625,0.0,1.5006103515625
ভিজ,0.5005760490894318,0.0,1.5005760490894318
মােহর,0.5005263984203339,0.0,1.5005263984203339
ঘাড়,0.5209169387817383,0.02040816326530612,1.5005087755164321
আপনের,0.5005075037479401,0.0,1.50050750374794
বেই,0.500502198934555,0.0,1.500502198934555
গেলো,0.5004883110523224,0.0,1.5004883110523224
অবিচ,0.5004574060440063,0.0,1.5004574060440063
বিকাল,0.5004565417766571,0.0,1.500456541776657
ছায়৷,0.5004528760910034,0.0,1.5004528760910034
সামরিক,0.5004111528396606,0.0,1.5004111528396606
নীলাঞ্জন,0.5104916393756866,0.010101010101010102,1.5003906292746767
উৎকণ্ঠ,0.500372976064682,0.0,1.500372976064682
উত্তাল,0.5003098547458649,0.0,1.5003098547458649
বিনীত,0.5003045201301575,0.0,1.5003045201301575
বাটা,0.5002811849117279,0.0,1.500281184911728
শুক,0.5002531707286835,0.0,1.5002531707286835
নীরবতা,0.5103505253791809,0.010101010101010102,1.500249515278171
বেদন,0.5002192556858063,0.0,1.5002192556858063
ফসলে,0.5001944899559021,0.0,1.500194489955902
জিনিল,0.5001738369464874,0.0,1.5001738369464874
বেড়ানো,0.5001465678215027,0.0,1.5001465678215027
পাঠিয়েছি,0.5102406144142151,0.010101010101010102,1.5001396043132051
রানীর,0.5001392662525177,0.0,1.5001392662525177
পৌছেছেন,0.5001273453235626,0.0,1.5001273453235626
গবেষণ,0.5001088678836823,0.0,1.5001088678836823
মের,0.5102063715457916,0.010101010101010102,1.5001053614447817
মহাভারতের,0.5000674724578857,0.0,1.5000674724578857
পাগড়ী,0.5000236332416534,0.0,1.5000236332416534
চাখ,0.5000091791152954,0.0,1.5000091791152954
ফরসা,0.4999973773956299,0.0,1.4999973773956299
ফোর্স,0.49998509883880615,0.0,1.4999850988388062
স্থলে,0.4999619722366333,0.0,1.4999619722366333
গুলে,0.4999088644981384,0.0,1.4999088644981384
ষেন,0.49987471103668213,0.0,1.4998747110366821
চিংক,0.4998677968978882,0.0,1.4998677968978882
নির্ভর,0.4997706413269043,0.0,1.4997706413269043
দুঃখী,0.5097620785236359,0.010101010101010102,1.499661068422626
টিম,0.4996323585510254,0.0,1.4996323585510254
ভাঙাচো,0.5097248256206512,0.010101010101010102,1.4996238155196413
হারামজাদা,0.49960392713546753,0.0,1.4996039271354675
রাখবি,0.4995723366737366,0.0,1.4995723366737366
হাসির,0.4995031952857971,0.0,1.4995031952857971
আসিল,0.4994732737541199,0.0,1.4994732737541199
যোগ্য,0.4994679093360901,0.0,1.49946790933609
দক্ষিণ,0.5198715329170227,0.02040816326530612,1.4994633696517166
কোনোদিন৷,0.49945229291915894,0.0,1.499452292919159
পদক্ষেপ,0.49944281578063965,0.0,1.4994428157806396
ছুইয়ে,0.49925774335861206,0.0,1.499257743358612
ধিন্ক,0.4992259740829468,0.0,1.4992259740829468
ধাবিত,0.49919116497039795,0.0,1.499191164970398
আলিঙ্গন,0.4991573095321655,0.0,1.4991573095321655
ভদ্রমহিল,0.49915391206741333,0.0,1.4991539120674133
ভালবাসত,0.49912363290786743,0.0,1.4991236329078674
ভাঙেনি,0.49911606311798096,0.0,1.499116063117981
ভুরুর,0.49910908937454224,0.0,1.4991090893745422
বিষাক্ত,0.5299977660179138,0.030927835051546393,1.4990699309663675
বাস,0.49903708696365356,0.0,1.4990370869636536
বিকশিত,0.49901050329208374,0.0,1.4990105032920837
দরকার৷,0.49899518489837646,0.0,1.4989951848983765
মাইরি,0.5090939104557037,0.010101010101010102,1.4989929003546938
নামকরণ,0.5090882480144501,0.010101010101010102,1.4989872379134401
লেট,0.5090683400630951,0.010101010101010102,1.4989673299620851
দুঃসংবাদ,0.49894946813583374,0.0,1.4989494681358337
টেকা,0.4988975524902344,0.0,1.4988975524902344
যথার্থ,0.498876690864563,0.0,1.498876690864563
ব্যয়ে,0.498859703540802,0.0,1.498859703540802
অনির্বচনীয়,0.49883919954299927,0.0,1.4988391995429993
সিড়ি,0.5089388489723206,0.010101010101010102,1.4988378388713106
ঘটে,0.4988324046134949,0.0,1.4988324046134949
এরোপ্,0.49875932931900024,0.0,1.4987593293190002
রহিল,0.49873894453048706,0.0,1.498738944530487
বাজে,0.5296369194984436,0.030927835051546393,1.4987090844468973
অসুখে,0.5087816119194031,0.010101010101010102,1.4986806018183931
পুষ,0.4986427426338196,0.0,1.4986427426338196
নাগাল,0.49863916635513306,0.0,1.498639166355133
ভীত,0.49863201379776,0.0,1.49863201379776
রাণী,0.49846333265304565,0.0,1.4984633326530457
মিটিমিটি,0.4984129071235657,0.0,1.4984129071235657
ইন্ডিয়া,0.4984052777290344,0.0,1.4984052777290344
নয়কো,0.49840110540390015,0.0,1.4984011054039001
নাগর,0.49838632345199585,0.0,1.4983863234519958
সুপুরুষ,0.4983782172203064,0.0,1.4983782172203064
শহরে,0.5187592208385468,0.02040816326530612,1.4983510575732406
পাইনি,0.49834614992141724,0.0,1.4983461499214172
জোয়,0.5084445178508759,0.010101010101010102,1.498343507749866
ফেললো৷,0.49823683500289917,0.0,1.4982368350028992
দুরূহ,0.4982348680496216,0.0,1.4982348680496216
করেনি৷,0.49823319911956787,0.0,1.4982331991195679
খাটলে,0.49820929765701294,0.0,1.498209297657013
হিপ,0.4981604218482971,0.0,1.4981604218482971
ছুএকজন,0.49815618991851807,0.0,1.498156189918518
যুদ্ধ,0.5185603201389313,0.02040816326530612,1.4981521568736251
দ্বাদশ,0.5082341432571411,0.010101010101010102,1.4981331331561312
দাগ,0.49811702966690063,0.0,1.4981170296669006
লুকোচুরি,0.4980584383010864,0.0,1.4980584383010864
গড়ে,0.4980354905128479,0.0,1.498035490512848
উচ্চারণে,0.49794989824295044,0.0,1.4979498982429504
বেয়াড়া,0.49790632724761963,0.0,1.4979063272476196
লড়া,0.507991373538971,0.010101010101010102,1.497890363437961
ব্যাপারের,0.49788570404052734,0.0,1.4978857040405273
উৎফুল্ল,0.49787020683288574,0.0,1.4978702068328857
সহরে,0.4978561997413635,0.0,1.4978561997413635
লামনে,0.4978554844856262,0.0,1.4978554844856262
দুখানি,0.4978363513946533,0.0,1.4978363513946533
অজস্র,0.4978189468383789,0.0,1.497818946838379
মুখখানা,0.49780160188674927,0.0,1.4978016018867493
দেখলো,0.5078650414943695,0.010101010101010102,1.4977640313933596
উচ্ছাস,0.5078650414943695,0.010101010101010102,1.4977640313933596
চাষে,0.4977457523345947,0.0,1.4977457523345947
চাদর,0.5078133046627045,0.010101010101010102,1.4977122945616945
কপাট,0.5077986717224121,0.010101010101010102,1.4976976616214022
একমাত্র,0.49760693311691284,0.0,1.4976069331169128
কামর,0.5076807141304016,0.010101010101010102,1.4975797040293917
দেখেছিস,0.49755173921585083,0.0,1.4975517392158508
পরিবেশের,0.49754101037979126,0.0,1.4975410103797913
তা৷,0.5076411366462708,0.010101010101010102,1.4975401265452608
দিল্,0.4975324869155884,0.0,1.4975324869155884
বাপরে,0.4975013732910156,0.0,1.4975013732910156
বাচ্ছা,0.49748069047927856,0.0,1.4974806904792786
চেয়ারে,0.5178838074207306,0.02040816326530612,1.4974756441554244
চার্ট,0.497469425201416,0.0,1.497469425201416
সবচাইতে,0.4974474310874939,0.0,1.497447431087494
বেরুবো,0.49741625785827637,0.0,1.4974162578582764
বোবা,0.49741148948669434,0.0,1.4974114894866943
কোনোরকমে,0.49739551544189453,0.0,1.4973955154418945
বৈশিষ্ট্য,0.4973699450492859,0.0,1.4973699450492859
গাঢ়,0.4973567724227905,0.0,1.4973567724227905
একক,0.49734896421432495,0.0,1.497348964214325
ইঁদুর,0.5074380934238434,0.010101010101010102,1.4973370833228334
সারপ্রাইজ,0.4973321557044983,0.0,1.4973321557044983
অক্ষর,0.4973243474960327,0.0,1.4973243474960327
ওটা,0.4973065257072449,0.0,1.4973065257072449
আমে,0.49730485677719116,0.0,1.4973048567771912
কামে,0.49727392196655273,0.0,1.4972739219665527
ছেলেবেলা,0.4972463846206665,0.0,1.4972463846206665
দেখেছি,0.49722713232040405,0.0,1.497227132320404
ফ্রান্স,0.49721401929855347,0.0,1.4972140192985535
আবির্ভাব,0.49719542264938354,0.0,1.4971954226493835
ভুরি,0.4971345067024231,0.0,1.497134506702423
মুঠোর,0.49712616205215454,0.0,1.4971261620521545
তাঁকিয়ে,0.507225513458252,0.010101010101010102,1.497124503357242
অপবাদ,0.49711596965789795,0.0,1.497115969657898
একঘন্,0.49710333347320557,0.0,1.4971033334732056
দাসীর,0.49710142612457275,0.0,1.4971014261245728
ভিড়,0.4970717430114746,0.0,1.4970717430114746
বোনা,0.49707138538360596,0.0,1.497071385383606
স্বামী,0.5071502029895782,0.010101010101010102,1.4970491928885683
রোদ,0.4969449043273926,0.0,1.4969449043273926
আয়ন,0.49693161249160767,0.0,1.4969316124916077
হাতিয়ে,0.49688172340393066,0.0,1.4968817234039307
ছাট,0.506979912519455,0.010101010101010102,1.496878902418445
গেড়ে,0.5172537565231323,0.02040816326530612,1.4968455932578262
পরিচালক,0.49684375524520874,0.0,1.4968437552452087
শীতে,0.4968419075012207,0.0,1.4968419075012207
জীবনযাত্র,0.4968404173851013,0.0,1.4968404173851013
নানারকমের,0.5069299638271332,0.010101010101010102,1.4968289537261232
পাম্প,0.49670863151550293,0.0,1.496708631515503
পিরান,0.49668896198272705,0.0,1.496688961982727
হেলান,0.5067881047725677,0.010101010101010102,1.4966870946715578
চেয়ারটা,0.4966166019439697,0.0,1.4966166019439697
মিষ্টিমুখ,0.4965856671333313,0.0,1.4965856671333313
ভরিয়ে,0.49654293060302734,0.0,1.4965429306030273
ফিরেছিলো,0.49646419286727905,0.0,1.496464192867279
মেয়েছেলের,0.49640947580337524,0.0,1.4964094758033752
সীত,0.4963665008544922,0.0,1.4963665008544922
ঠ্যাং,0.49630123376846313,0.0,1.4963012337684631
সিংহাসন,0.4963000416755676,0.0,1.4963000416755676
উপুড়,0.5063953399658203,0.010101010101010102,1.4962943298648104
সেলাইয়,0.4962703585624695,0.0,1.4962703585624695
চলে৷,0.49626463651657104,0.0,1.496264636516571
বালির,0.49625611305236816,0.0,1.4962561130523682
ক্ষুধার্ত,0.4962416887283325,0.0,1.4962416887283325
মাগীর,0.4961995482444763,0.0,1.4961995482444763
মারবে,0.5062890648841858,0.010101010101010102,1.4961880547831758
দুর্গন্ধ,0.4961661696434021,0.0,1.496166169643402
ভাঙন,0.49616074562072754,0.0,1.4961607456207275
শ্রদ্ধেয়,0.496147096157074,0.0,1.496147096157074
কার্যকলাপ,0.4961469769477844,0.0,1.4961469769477844
দুচোখ,0.496113121509552,0.0,1.496113121509552
ঢুকতে,0.49605756998062134,0.0,1.4960575699806213
কতদুর,0.49603521823883057,0.0,1.4960352182388306
সত্তা,0.5060545206069946,0.010101010101010102,1.4959535105059847
নিকটস্থ,0.4959426522254944,0.0,1.4959426522254944
নভেম্বর,0.5163454115390778,0.02040816326530612,1.4959372482737716
অধীনে,0.49593597650527954,0.0,1.4959359765052795
রইলো,0.5059814453125,0.010101010101010102,1.49588043521149
বাঃ,0.5059114694595337,0.010101010101010102,1.4958104593585237
কলেজের,0.4957907199859619,0.0,1.495790719985962
চালানোর,0.4957893490791321,0.0,1.495789349079132
অবুঝ,0.5058855414390564,0.010101010101010102,1.4957845313380465
বিশুদ্ধ,0.4957735538482666,0.0,1.4957735538482666
চেনেন,0.49572235345840454,0.0,1.4957223534584045
আপনাকে,0.49571847915649414,0.0,1.4957184791564941
চতুর,0.4957096576690674,0.0,1.4957096576690674
ফিরলো,0.49567538499832153,0.0,1.4956753849983215
নিয়ত,0.4956698417663574,0.0,1.4956698417663574
জীবিকা,0.49563825130462646,0.0,1.4956382513046265
মাছে,0.49558693170547485,0.0,1.4955869317054749
প্রতিষ্ঠান,0.4955419898033142,0.0,1.4955419898033142
কতখানি,0.49553805589675903,0.0,1.495538055896759
ডাক্ত,0.49551987648010254,0.0,1.4955198764801025
ডোব,0.495508074760437,0.0,1.495508074760437
ইংরেজ,0.49549776315689087,0.0,1.4954977631568909
কু,0.49544858932495117,0.0,1.4954485893249512
ব্যাকুল,0.49543535709381104,0.0,1.495435357093811
পিছলে,0.49542558193206787,0.0,1.4954255819320679
ধারাবাহিক,0.4953979253768921,0.0,1.495397925376892
ঢোকা,0.49538087844848633,0.0,1.4953808784484863
শক্তির,0.5054705739021301,0.010101010101010102,1.4953695638011202
ফেলা,0.4953022003173828,0.0,1.4953022003173828
একমুহূর্ত,0.49528151750564575,0.0,1.4952815175056458
পদব্রজে,0.49526458978652954,0.0,1.4952645897865295
নাকমুখ,0.49524223804473877,0.0,1.4952422380447388
রুমালে,0.4952270984649658,0.0,1.4952270984649658
রুটি,0.49522578716278076,0.0,1.4952257871627808
চারবার,0.49520277976989746,0.0,1.4952027797698975
সঙ্গিনী,0.5053030550479889,0.010101010101010102,1.495202044946979
দৃষ্টিশক্তি,0.4951912760734558,0.0,1.4951912760734558
পন্থা,0.49518120288848877,0.0,1.4951812028884888
কলি,0.49517297744750977,0.0,1.4951729774475098
ভূতুড়ে,0.4951632618904114,0.0,1.4951632618904114
সমুদ্রতীরে,0.49516135454177856,0.0,1.4951613545417786
নেয়নি,0.49513453245162964,0.0,1.4951345324516296
আধা,0.4950714707374573,0.0,1.4950714707374573
চৌকি,0.5051627457141876,0.010101010101010102,1.4950617356131777
তাড়নায়,0.49505066871643066,0.0,1.4950506687164307
স্বার্থে,0.5051169097423553,0.010101010101010102,1.4950158996413454
শান্তা,0.49501264095306396,0.0,1.495012640953064
আভি,0.49500012397766113,0.0,1.4950001239776611
তাের,0.4949648976325989,0.0,1.4949648976325989
বেবুন,0.4949195981025696,0.0,1.4949195981025696
হাঁসি,0.494911253452301,0.0,1.494911253452301
পৌছল,0.4948421120643616,0.0,1.4948421120643616
খোচা,0.4948214292526245,0.0,1.4948214292526245
খুঁড়িয়ে,0.4948050379753113,0.0,1.4948050379753113
আর্ত,0.4947988986968994,0.0,1.4947988986968994
দেশান্তরী,0.4947928786277771,0.0,1.494792878627777
উৎসর্গ,0.4947661757469177,0.0,1.4947661757469177
তাকায়,0.4947572946548462,0.0,1.4947572946548462
নিভু,0.49472934007644653,0.0,1.4947293400764465
নিতাম,0.4947242736816406,0.0,1.4947242736816406
বালিক,0.5048111975193024,0.010101010101010102,1.4947101874182924
মাপা,0.4946115016937256,0.0,1.4946115016937256
দাঁড়ালো,0.5046881437301636,0.010101010101010102,1.4945871336291536
ভোজ,0.4945499897003174,0.0,1.4945499897003174
হুইস্কি,0.494529128074646,0.0,1.494529128074646
ভীষণভাবে,0.49451303482055664,0.0,1.4945130348205566
পারিনে,0.49449217319488525,0.0,1.4944921731948853
চুম্বক,0.4944440722465515,0.0,1.4944440722465515
মানানস,0.4943729043006897,0.0,1.4943729043006897
বারান্দা,0.49430328607559204,0.0,1.494303286075592
বেরুনো,0.5043962001800537,0.010101010101010102,1.4942951900790438
উপবাস,0.4942934513092041,0.0,1.494293451309204
পরিয়ে,0.4941973090171814,0.0,1.4941973090171814
বিরতি,0.4941596984863281,0.0,1.4941596984863281
নৌকা,0.494120717048645,0.0,1.494120717048645
তক্তা,0.4940665364265442,0.0,1.4940665364265442
উদ্ঘাটন,0.4940265417098999,0.0,1.4940265417099
ভাড়া,0.49395751953125,0.0,1.49395751953125
ঠেকিয়ে,0.4939550757408142,0.0,1.4939550757408142
সিং,0.493905246257782,0.0,1.493905246257782
দিকি,0.4939004182815552,0.0,1.4939004182815552
তাইই,0.49389612674713135,0.0,1.4938961267471313
রােজগার,0.49388355016708374,0.0,1.4938835501670837
ওপর৷,0.49386680126190186,0.0,1.4938668012619019
দোকান,0.49385976791381836,0.0,1.4938597679138184
কাউকে,0.5039463639259338,0.010101010101010102,1.493845353824924
দেওয়াল,0.493838906288147,0.0,1.493838906288147
অস্বীক,0.49382126331329346,0.0,1.4938212633132935
হেফাজ,0.49374741315841675,0.0,1.4937474131584167
বোলা,0.4937435984611511,0.0,1.4937435984611511
সবদিক,0.4937175512313843,0.0,1.4937175512313843
সাইর,0.4937014579772949,0.0,1.493701457977295
করেছি৷,0.4936964511871338,0.0,1.4936964511871338
চালাকি,0.49360233545303345,0.0,1.4936023354530334
অস্ক,0.4935781955718994,0.0,1.4935781955718994
জ্ঞানী,0.49355095624923706,0.0,1.493550956249237
মেত,0.5036148428916931,0.010101010101010102,1.4935138327906832
রক্ষা,0.4934960603713989,0.0,1.493496060371399
পরিক্ষ,0.4934261441230774,0.0,1.4934261441230774
একপাল,0.49342191219329834,0.0,1.4934219121932983
ৰা,0.4934208393096924,0.0,1.4934208393096924
থানিক,0.4933714270591736,0.0,1.4933714270591736
খেলোয়াড়,0.535018265247345,0.041666666666666664,1.4933515985806785
খুঁত,0.49335068464279175,0.0,1.4933506846427917
সাড়ে,0.5137503445148468,0.02040816326530612,1.4933421812495407
সংগ্রামী,0.493316113948822,0.0,1.493316113948822
নূতন,0.5033572614192963,0.010101010101010102,1.4932562513182863
কফি,0.49322134256362915,0.0,1.4932213425636292
সিনিয়র,0.4931769371032715,0.0,1.4931769371032715
সীমানা,0.493167519569397,0.0,1.493167519569397
দাঁড়াল,0.49316710233688354,0.0,1.4931671023368835
নড়া,0.49311619997024536,0.0,1.4931161999702454
ভক্তিভরে,0.49304378032684326,0.0,1.4930437803268433
উদয়,0.4930248260498047,0.0,1.4930248260498047
রক্তপাত,0.4930132031440735,0.0,1.4930132031440735
সম্পত্তি,0.4929186701774597,0.0,1.4929186701774597
গালাগাল,0.492900550365448,0.0,1.492900550365448
বেমানান,0.4928934574127197,0.0,1.4928934574127197
কোরাস,0.4928872585296631,0.0,1.492887258529663
অন্যতম,0.4928811192512512,0.0,1.4928811192512512
কাটালে,0.49285686016082764,0.0,1.4928568601608276
ফিরিয়া,0.4928291440010071,0.0,1.492829144001007
ক্ষিপ্ত,0.4928280711174011,0.0,1.4928280711174011
বোতাম,0.4927958846092224,0.0,1.4927958846092224
দিয়েছিলে,0.49277979135513306,0.0,1.492779791355133
শহুরে,0.492776095867157,0.0,1.492776095867157
মুকুট,0.49275708198547363,0.0,1.4927570819854736
আউট,0.5236712098121643,0.030927835051546393,1.492743374760618
তাকিয়েছিল,0.4927268624305725,0.0,1.4927268624305725
জুট,0.4927070736885071,0.0,1.492707073688507
ভূমিকা,0.4927041530609131,0.0,1.492704153060913
শিক্ষাদীক্ষা,0.5026968121528625,0.010101010101010102,1.4925958020518526
টেচিয়ে,0.4925718307495117,0.0,1.4925718307495117
প্রস্তুতির,0.4925633668899536,0.0,1.4925633668899536
চিল,0.49255651235580444,0.0,1.4925565123558044
চায়না,0.49250924587249756,0.0,1.4925092458724976
তোর,0.49250704050064087,0.0,1.4925070405006409
পূর্ণিমা,0.4924885630607605,0.0,1.4924885630607605
চিবিয়ে,0.4924553632736206,0.0,1.4924553632736206
পুত্র,0.5025491416454315,0.010101010101010102,1.4924481315444216
পুজোর,0.4924379587173462,0.0,1.4924379587173462
প্রিয়জন,0.4923889636993408,0.0,1.4923889636993408
করছিস,0.4923613667488098,0.0,1.4923613667488098
ঘাটে,0.49227333068847656,0.0,1.4922733306884766
মিললো,0.4922714829444885,0.0,1.4922714829444885
মিলল,0.49225664138793945,0.0,1.4922566413879395
জারি,0.49222618341445923,0.0,1.4922261834144592
দিল্লী,0.4922259449958801,0.0,1.4922259449958801
যথাস্থানে,0.4921764135360718,0.0,1.4921764135360718
এতিহাসিক,0.4921337962150574,0.0,1.4921337962150574
মহাকাশ,0.5022298991680145,0.010101010101010102,1.4921288890670046
তাবুর,0.5125296413898468,0.02040816326530612,1.4921214781245407
বিরক্তি,0.4920912981033325,0.0,1.4920912981033325
চিরুনি,0.49207133054733276,0.0,1.4920713305473328
টুপির,0.49200528860092163,0.0,1.4920052886009216
আছিল,0.4920039772987366,0.0,1.4920039772987366
জিনিষ,0.4919579029083252,0.0,1.4919579029083252
ফেরেন,0.49189478158950806,0.0,1.491894781589508
বালিশ,0.5019713640213013,0.010101010101010102,1.4918703539202913
গয়া,0.4918513894081116,0.0,1.4918513894081116
উদগ্রীব,0.49182063341140747,0.0,1.4918206334114075
সোমব,0.49181103706359863,0.0,1.4918110370635986
বাস্তবিক,0.4917546510696411,0.0,1.4917546510696411
শিখবে,0.49171650409698486,0.0,1.4917165040969849
পাখা,0.4917146563529968,0.0,1.4917146563529968
ডীপ,0.5121223032474518,0.02040816326530612,1.4917141399821456
রওনা,0.501771867275238,0.010101010101010102,1.491670857174228
ভালোবাসত,0.49162328243255615,0.0,1.4916232824325562
থমথমে,0.5017133057117462,0.010101010101010102,1.4916122956107363
জমকালো,0.49160462617874146,0.0,1.4916046261787415
তীর্থস্থান,0.49160462617874146,0.0,1.4916046261787415
শুইয়ে,0.49158573150634766,0.0,1.4915857315063477
দাড়াল,0.49156713485717773,0.0,1.4915671348571777
পাহাড়ে,0.49150121212005615,0.0,1.4915012121200562
খোজাখুজি,0.49149030447006226,0.0,1.4914903044700623
বাজল,0.4914866089820862,0.0,1.4914866089820862
গাদা,0.4914481043815613,0.0,1.4914481043815613
ভুলি,0.49144160747528076,0.0,1.4914416074752808
দেখা৷,0.4914191961288452,0.0,1.4914191961288452
বেরোনো,0.4914156198501587,0.0,1.4914156198501587
ভবিষ্যত,0.4914112091064453,0.0,1.4914112091064453
বললদেখ,0.4913654923439026,0.0,1.4913654923439026
লাজে,0.49135255813598633,0.0,1.4913525581359863
নিশ্চয়ই৷,0.49131500720977783,0.0,1.4913150072097778
গ্লানি,0.49131256341934204,0.0,1.491312563419342
জার্মান,0.49119579792022705,0.0,1.491195797920227
পেক,0.5012961328029633,0.010101010101010102,1.4911951227019533
মরুভূমি,0.511541336774826,0.02040816326530612,1.49113317350952
সাহচর্য,0.49103397130966187,0.0,1.4910339713096619
বেরুলে,0.4910125732421875,0.0,1.4910125732421875
ঘসে,0.4910048246383667,0.0,1.4910048246383667
ডিটেকটিভ,0.4909951090812683,0.0,1.4909951090812683
ঢুকি,0.4909859299659729,0.0,1.490985929965973
নিরস্ত,0.49095606803894043,0.0,1.4909560680389404
তূলে,0.49093133211135864,0.0,1.4909313321113586
কামড়ায়,0.4909070134162903,0.0,1.4909070134162903
একান্ত,0.4908953905105591,0.0,1.490895390510559
পুবদি,0.4908868670463562,0.0,1.4908868670463562
কুণ্ডলী,0.4908521771430969,0.0,1.490852177143097
সিগারেট,0.4908275604248047,0.0,1.4908275604248047
মধ্যেক,0.4908015727996826,0.0,1.4908015727996826
কমার্শিয়াল,0.49078232049942017,0.0,1.4907823204994202
তিমি,0.4907609820365906,0.0,1.4907609820365906
শুওর,0.49075591564178467,0.0,1.4907559156417847
মাগী,0.49073535203933716,0.0,1.4907353520393372
মরেছেন,0.4907342791557312,0.0,1.4907342791557312
মিনিট,0.5216073095798492,0.030927835051546393,1.490679474528303
লবে,0.4905763268470764,0.0,1.4905763268470764
শয্যাশায়ী,0.4905751347541809,0.0,1.490575134754181
রুই,0.49053019285202026,0.0,1.4905301928520203
খায়,0.49051856994628906,0.0,1.490518569946289
সদা,0.49050742387771606,0.0,1.490507423877716
অকল্পনীয়,0.4904959201812744,0.0,1.4904959201812744
নাব,0.5004947781562805,0.010101010101010102,1.4903937680552706
মজে,0.49038970470428467,0.0,1.4903897047042847
ভাবিনি,0.4902891516685486,0.0,1.4902891516685486
ছোটবেলা,0.49028152227401733,0.0,1.4902815222740173
কোলাহল,0.5002864003181458,0.010101010101010102,1.4901853902171358
দেখিয়ে,0.4901834726333618,0.0,1.4901834726333618
বাডি,0.49017828702926636,0.0,1.4901782870292664
করছিলে,0.4901403784751892,0.0,1.4901403784751892
পাঠালে,0.5105414986610413,0.02040816326530612,1.4901333353957351
বিগড়ে,0.4901098608970642,0.0,1.4901098608970642
হামলে,0.49006420373916626,0.0,1.4900642037391663
বলেছি,0.49005991220474243,0.0,1.4900599122047424
আস্তানায়,0.4900220036506653,0.0,1.4900220036506653
এপাশে,0.4899969696998596,0.0,1.4899969696998596
নীলমণি,0.4899919629096985,0.0,1.4899919629096985
সর্বোচ্চ,0.4899906516075134,0.0,1.4899906516075134
গিল,0.4899483323097229,0.0,1.489948332309723
স্পন্দনে,0.4899415373802185,0.0,1.4899415373802185
সাত,0.510328859090805,0.02040816326530612,1.489920695825499
দিল৷,0.48989295959472656,0.0,1.4898929595947266
খাবে,0.4898785948753357,0.0,1.4898785948753357
হননি,0.4897177219390869,0.0,1.489717721939087
অশেষ,0.48971301317214966,0.0,1.4897130131721497
আরএক,0.48970091342926025,0.0,1.4897009134292603
গরু,0.49977409839630127,0.010101010101010102,1.4896730882952913
জানল,0.48966139554977417,0.0,1.4896613955497742
ঠাস,0.48965877294540405,0.0,1.489658772945404
ছিড়ে,0.4997177720069885,0.010101010101010102,1.4896167619059786
ব্যাং,0.489596962928772,0.0,1.489596962928772
কর্মকর্তা,0.4895881414413452,0.0,1.4895881414413452
ডাকবে,0.4895715117454529,0.0,1.4895715117454529
উপড়ে,0.48956888914108276,0.0,1.4895688891410828
ঈষৎ,0.4894234538078308,0.0,1.4894234538078308
নন্দা,0.489396333694458,0.0,1.489396333694458
গড়াগড়ি,0.4893955588340759,0.0,1.489395558834076
বাবাজি,0.4893609285354614,0.0,1.4893609285354614
গেরো,0.4893503189086914,0.0,1.4893503189086914
প্রতিরোধ,0.48931968212127686,0.0,1.4893196821212769
আদব,0.4893109202384949,0.0,1.4893109202384949
দ্যাখ,0.4893065094947815,0.0,1.4893065094947815
অগ্রিম,0.4892839789390564,0.0,1.4892839789390564
প্রতিপত্তি,0.4892733693122864,0.0,1.4892733693122864
হিংস্র,0.4892660975456238,0.0,1.4892660975456238
সারিয়ে,0.4892303943634033,0.0,1.4892303943634033
অসাধ্য,0.4892101287841797,0.0,1.4892101287841797
খোঁজা,0.48914462327957153,0.0,1.4891446232795715
বিনাবাক্যে,0.4890449643135071,0.0,1.489044964313507
অভিযানে,0.4890323877334595,0.0,1.4890323877334595
মুখট,0.4890313744544983,0.0,1.4890313744544983
খাচ্,0.4890183210372925,0.0,1.4890183210372925
সেয়ানা,0.48891502618789673,0.0,1.4889150261878967
তাগিদে,0.49898260831832886,0.010101010101010102,1.488881598217319
ওদ্দিক,0.48883718252182007,0.0,1.48883718252182
ফুলিয়ে,0.49892884492874146,0.010101010101010102,1.4888278348277315
ডেকেছেন,0.48882752656936646,0.0,1.4888275265693665
গামছায়,0.48880040645599365,0.0,1.4888004064559937
যশোর,0.4887855052947998,0.0,1.4887855052947998
পাওনি,0.4886198043823242,0.0,1.4886198043823242
বাজন,0.4886103868484497,0.0,1.4886103868484497
তুলসীপাতা,0.48859280347824097,0.0,1.488592803478241
চামড়,0.4885786771774292,0.0,1.4885786771774292
একাএকা,0.4885684847831726,0.0,1.4885684847831726
জিন্দাবাদ,0.48855310678482056,0.0,1.4885531067848206
রেস্ট,0.48854124546051025,0.0,1.4885412454605103
অবহেলা,0.4885391592979431,0.0,1.4885391592979431
ভাইও,0.4885220527648926,0.0,1.4885220527648926
কামিজ,0.4885016679763794,0.0,1.4885016679763794
ন্যায়রত্ন,0.4884747266769409,0.0,1.488474726676941
নিঝুম,0.4884676933288574,0.0,1.4884676933288574
পড়িল,0.4883914589881897,0.0,1.4883914589881897
অংশ,0.48836690187454224,0.0,1.4883669018745422
সুদূরপ্রসারী,0.4883568286895752,0.0,1.4883568286895752
উরি,0.48832976818084717,0.0,1.4883297681808472
ঘাস,0.48824936151504517,0.0,1.4882493615150452
ভালবাসে,0.4882224202156067,0.0,1.4882224202156067
মেজাজে,0.4881768226623535,0.0,1.4881768226623535
খাওয়াবে,0.4881744980812073,0.0,1.4881744980812073
ক্ষণিক,0.4881662130355835,0.0,1.4881662130355835
মাংস,0.5085683166980743,0.02040816326530612,1.4881601534327682
বুঝতাম,0.48815417289733887,0.0,1.4881541728973389
ধাতুর,0.48814767599105835,0.0,1.4881476759910583
পশ্চিমদি,0.4881327152252197,0.0,1.4881327152252197
সংবাদে,0.4881276488304138,0.0,1.4881276488304138
থামলে,0.4981786012649536,0.010101010101010102,1.4880775911639437
করেন৷,0.4880731701850891,0.0,1.4880731701850891
তারস্বরে,0.48805326223373413,0.0,1.4880532622337341
মাইক,0.4879375100135803,0.0,1.4879375100135803
তোলপাড়,0.48793745040893555,0.0,1.4879374504089355
ধনুক,0.48780691623687744,0.0,1.4878069162368774
স্বামীর,0.48779910802841187,0.0,1.4877991080284119
সূত্রে,0.4877867102622986,0.0,1.4877867102622986
পেড়ে,0.48776406049728394,0.0,1.487764060497284
সমাদর,0.4978293776512146,0.010101010101010102,1.4877283675502047
প্রান্তরে,0.48771876096725464,0.0,1.4877187609672546
শোরগোল,0.487699031829834,0.0,1.487699031829834
ব্যাংক,0.4876835346221924,0.0,1.4876835346221924
খাইতে,0.4876687526702881,0.0,1.487668752670288
দিছ,0.48761457204818726,0.0,1.4876145720481873
ব্যবসা,0.48760706186294556,0.0,1.4876070618629456
ঘটিয়,0.48760557174682617,0.0,1.4876055717468262
স্কোয়,0.48759210109710693,0.0,1.487592101097107
আত্ম,0.4875742793083191,0.0,1.487574279308319
উপেক্ষা,0.48756933212280273,0.0,1.4875693321228027
খাতা,0.5292094945907593,0.041666666666666664,1.4875428279240928
অধিক,0.48753052949905396,0.0,1.487530529499054
ঝাপসা,0.4874992370605469,0.0,1.4874992370605469
গালমন্দ,0.4874894618988037,0.0,1.4874894618988037
বসতি,0.48738324642181396,0.0,1.487383246421814
পাতল,0.48734498023986816,0.0,1.4873449802398682
এরূপ,0.4873100519180298,0.0,1.4873100519180298
জিতলে,0.4872923493385315,0.0,1.4872923493385315
প্রভাত,0.4872868061065674,0.0,1.4872868061065674
চাইলেও,0.48725783824920654,0.0,1.4872578382492065
কর্ডোব,0.487213671207428,0.0,1.487213671207428
দুচক্ষে,0.48715150356292725,0.0,1.4871515035629272
বৈষম্য,0.4871416687965393,0.0,1.4871416687965393
মানু,0.48710840940475464,0.0,1.4871084094047546
জানাশোনা,0.48710405826568604,0.0,1.487104058265686
ফীসি,0.48708152770996094,0.0,1.487081527709961
ছেলেমানুষ,0.48705893754959106,0.0,1.487058937549591
দর্শনার্থী,0.48704057931900024,0.0,1.4870405793190002
অলিম্পিক,0.49713438749313354,0.010101010101010102,1.4870333773921236
আক্রান্ত,0.4869815707206726,0.0,1.4869815707206726
ব্যাগে,0.4869416356086731,0.0,1.486941635608673
পুরান,0.4869201183319092,0.0,1.4869201183319092
টিকটিকি,0.48691171407699585,0.0,1.4869117140769958
স্তূপ,0.48683977127075195,0.0,1.486839771270752
পুলিসে,0.4868391752243042,0.0,1.4868391752243042
তলিয়ে,0.48681652545928955,0.0,1.4868165254592896
টিকিয়ে,0.48679226636886597,0.0,1.486792266368866
ছবির,0.49684250354766846,0.010101010101010102,1.4867414934466585
বিপদ,0.48672598600387573,0.0,1.4867259860038757
রোমাঞ্চ,0.4867222309112549,0.0,1.4867222309112549
গণ্ডগোল,0.486713171005249,0.0,1.486713171005249
অপরাজিতা,0.48670053482055664,0.0,1.4867005348205566
বিশ্লেষণ,0.4967997074127197,0.010101010101010102,1.4866986973117098
বাসাতে,0.4866863489151001,0.0,1.4866863489151
পালিয়,0.48660367727279663,0.0,1.4866036772727966
সারি,0.4865778088569641,0.0,1.4865778088569641
ফেরত,0.4966591000556946,0.010101010101010102,1.4865580899546846
আবরণ,0.486499547958374,0.0,1.486499547958374
প্রজাপতি,0.486497163772583,0.0,1.486497163772583
থোলা,0.48648929595947266,0.0,1.4864892959594727
কোকিল,0.48642200231552124,0.0,1.4864220023155212
বিদীর্ণ,0.48635637760162354,0.0,1.4863563776016235
ভারতীয়,0.48635101318359375,0.0,1.4863510131835938
থেকো,0.48634058237075806,0.0,1.486340582370758
মুহুর্ত,0.49643474817276,0.010101010101010102,1.48633373807175
পরশুরাম,0.48629266023635864,0.0,1.4862926602363586
ছিন্ন,0.4862675666809082,0.0,1.4862675666809082
সজ্জিত,0.4861794114112854,0.0,1.4861794114112854
হারান,0.486161470413208,0.0,1.486161470413208
সেদিক,0.486152708530426,0.0,1.486152708530426
ভিজে,0.5064805746078491,0.02040816326530612,1.486072411342543
ঠাকুরদা,0.48606395721435547,0.0,1.4860639572143555
তামাক,0.4860439896583557,0.0,1.4860439896583557
বরবাদ,0.48603326082229614,0.0,1.4860332608222961
সশব্দে,0.49613046646118164,0.010101010101010102,1.4860294563601717
কোলে,0.4859989881515503,0.0,1.4859989881515503
নাক,0.4859321713447571,0.0,1.485932171344757
লঙ্দেশ,0.4859241843223572,0.0,1.4859241843223572
কমপক্ষে,0.48589324951171875,0.0,1.4858932495117188
আগবাড়িয়ে,0.4858401417732239,0.0,1.4858401417732239
উঁকি,0.4858298897743225,0.0,1.4858298897743225
জানিনা,0.4857855439186096,0.0,1.4857855439186096
রেখেছিলো,0.4857797622680664,0.0,1.4857797622680664
মানসিক,0.4958499073982239,0.010101010101010102,1.485748897297214
অক্সিজ,0.4957960247993469,0.010101010101010102,1.485695014698337
দুর্বলত,0.48559993505477905,0.0,1.485599935054779
আঃ,0.48559480905532837,0.0,1.4855948090553284
পুষি,0.48556745052337646,0.0,1.4855674505233765
জটলা,0.4956251382827759,0.010101010101010102,1.485524128181766
নায়,0.4854755401611328,0.0,1.4854755401611328
পত্রপত্রিকা,0.48547130823135376,0.0,1.4854713082313538
সমিতির,0.48546189069747925,0.0,1.4854618906974792
বর্ধমান,0.4854501485824585,0.0,1.4854501485824585
মনোরম,0.48541736602783203,0.0,1.485417366027832
বিধে,0.48538631200790405,0.0,1.485386312007904
হোচট,0.48528504371643066,0.0,1.4852850437164307
বাবা৷,0.48527413606643677,0.0,1.4852741360664368
থির,0.4852489233016968,0.0,1.4852489233016968
অদূরে,0.48523592948913574,0.0,1.4852359294891357
মডেল,0.48520177602767944,0.0,1.4852017760276794
দাবা,0.48519283533096313,0.0,1.4851928353309631
উন্মুখ,0.4851781725883484,0.0,1.4851781725883484
বিস্তীর্ণ,0.48512041568756104,0.0,1.485120415687561
ইংরেজি,0.49511152505874634,0.010101010101010102,1.4850105149577364
মাপে,0.48494917154312134,0.0,1.4849491715431213
ভালব,0.48485904932022095,0.0,1.484859049320221
টিপে,0.5157172083854675,0.030927835051546393,1.4847893733339212
পায়নি,0.4847704768180847,0.0,1.4847704768180847
ইয়ত্তা,0.48473405838012695,0.0,1.484734058380127
আগ্রহী,0.4847325086593628,0.0,1.4847325086593628
পালিয়েছিল,0.48470157384872437,0.0,1.4847015738487244
কালির,0.4846992492675781,0.0,1.4846992492675781
হাঁস,0.4846506714820862,0.0,1.4846506714820862
কলকারখানা,0.4846411347389221,0.0,1.4846411347389221
আইনে,0.48463475704193115,0.0,1.4846347570419312
কার্যকরী,0.484591007232666,0.0,1.484591007232666
গগনে,0.4845517873764038,0.0,1.4845517873764038
লেই,0.48447108268737793,0.0,1.484471082687378
পুস্তক,0.4844557046890259,0.0,1.4844557046890259
যেটি,0.4844384789466858,0.0,1.4844384789466858
চড়লে,0.48443400859832764,0.0,1.4844340085983276
ভারতবাসীর,0.4843665361404419,0.0,1.484366536140442
সাক্ষা,0.484344482421875,0.0,1.484344482421875
শেলীর,0.48433923721313477,0.0,1.4843392372131348
মহামারী,0.4843069911003113,0.0,1.4843069911003113
কীসব,0.48429638147354126,0.0,1.4842963814735413
করাবে,0.48427659273147583,0.0,1.4842765927314758
উদাত্ত,0.4842740297317505,0.0,1.4842740297317505
উপদেষ্,0.4842720031738281,0.0,1.4842720031738281
টাপ,0.48427075147628784,0.0,1.4842707514762878
রেলওয়,0.48425376415252686,0.0,1.4842537641525269
খুকী,0.4841741919517517,0.0,1.4841741919517517
মিঠে,0.48415905237197876,0.0,1.4841590523719788
আখি,0.48415249586105347,0.0,1.4841524958610535
স্বাস্থ্যবতী,0.48408716917037964,0.0,1.4840871691703796
মুহ,0.4840295910835266,0.0,1.4840295910835266
কাহিনী,0.4840124845504761,0.0,1.484012484550476
বামে,0.4839869737625122,0.0,1.4839869737625122
কসাইয়,0.48395323753356934,0.0,1.4839532375335693
আসিত,0.48394203186035156,0.0,1.4839420318603516
শ্রদ্ধা,0.48393768072128296,0.0,1.483937680721283
ধরিয়ে,0.48393499851226807,0.0,1.483934998512268
শিহরিত,0.4839284420013428,0.0,1.4839284420013428
বিলিয়ে,0.48389101028442383,0.0,1.4838910102844238
দোব,0.48383980989456177,0.0,1.4838398098945618
আটটায়,0.4838287830352783,0.0,1.4838287830352783
শীত,0.49392586946487427,0.010101010101010102,1.4838248593638643
আলোর,0.4939225912094116,0.010101010101010102,1.4838215811084017
কোনখানে,0.49391627311706543,0.010101010101010102,1.4838152630160555
অপ্রস্তুত,0.4838070273399353,0.0,1.4838070273399353
বেয়ে,0.4837857484817505,0.0,1.4837857484817505
বন্দুক,0.4938085079193115,0.010101010101010102,1.4837074978183016
মুক্তির,0.4837072491645813,0.0,1.4837072491645813
ফিসফিসিয়ে,0.4836602210998535,0.0,1.4836602210998535
মোহন,0.4836467504501343,0.0,1.4836467504501343
ভেঙেচুরে,0.48362553119659424,0.0,1.4836255311965942
গেছো,0.48362505435943604,0.0,1.483625054359436
আফসােসের,0.4835665822029114,0.0,1.4835665822029114
চুরম,0.4835650324821472,0.0,1.4835650324821472
মিথ্য,0.48351675271987915,0.0,1.4835167527198792
বাসস্থান,0.483418345451355,0.0,1.483418345451355
গচ্ছিত,0.4833863377571106,0.0,1.4833863377571106
ক্যাবল,0.48336708545684814,0.0,1.4833670854568481
শালিক,0.49346625804901123,0.010101010101010102,1.4833652479480013
নিঞ্জ,0.48335546255111694,0.0,1.483355462551117
আইজ,0.5037376284599304,0.02040816326530612,1.4833294651946243
এদেশের,0.4833088517189026,0.0,1.4833088517189026
বেড়ায়,0.4934024214744568,0.010101010101010102,1.4833014113734468
সমাপ্তি,0.4832826256752014,0.0,1.4832826256752014
বোব,0.4832562804222107,0.0,1.4832562804222107
ডাকেনি,0.4832531213760376,0.0,1.4832531213760376
সপাং,0.48323529958724976,0.0,1.4832352995872498
নামায়,0.48313236236572266,0.0,1.4831323623657227
ইঞ্জিনিয়,0.5035156607627869,0.02040816326530612,1.4831074974974807
চামচ,0.4830952286720276,0.0,1.4830952286720276
হারমোনিয়াম,0.4830922484397888,0.0,1.4830922484397888
গান৷,0.48308563232421875,0.0,1.4830856323242188
ধসে,0.48306506872177124,0.0,1.4830650687217712
যাক্‌,0.493141770362854,0.010101010101010102,1.483040760261844
অনুসন্ধান,0.5356720089912415,0.05263157894736842,1.483040430043873
কাঁধ,0.48303818702697754,0.0,1.4830381870269775
খাতায়,0.48303210735321045,0.0,1.4830321073532104
প্লেট,0.4829556941986084,0.0,1.4829556941986084
ঠেকাতে,0.48295557498931885,0.0,1.4829555749893188
মেডিক্যাল,0.48293596506118774,0.0,1.4829359650611877
শোষণ,0.48292720317840576,0.0,1.4829272031784058
লুটেপুটে,0.48291319608688354,0.0,1.4829131960868835
ঠোক,0.4829091429710388,0.0,1.4829091429710388
টিটি,0.4929916262626648,0.010101010101010102,1.4828906161616549
তার্,0.4828184247016907,0.0,1.4828184247016907
আনন্দ,0.4828030467033386,0.0,1.4828030467033386
অটুট,0.4827890396118164,0.0,1.4827890396118164
অর্ধ,0.48278748989105225,0.0,1.4827874898910522
গর্জে,0.48265981674194336,0.0,1.4826598167419434
চায,0.4826467037200928,0.0,1.4826467037200928
থ্রি,0.4826449155807495,0.0,1.4826449155807495
ছুল,0.4825599193572998,0.0,1.4825599193572998
নাম্ব,0.48255836963653564,0.0,1.4825583696365356
প্রাসা,0.48255664110183716,0.0,1.4825566411018372
একসঙ্গে,0.482549786567688,0.0,1.482549786567688
পুষিয়ে,0.48250526189804077,0.0,1.4825052618980408
কাব্য,0.4824908375740051,0.0,1.4824908375740051
মৃত্যুর,0.48241883516311646,0.0,1.4824188351631165
ঘুরপাক,0.5028073191642761,0.02040816326530612,1.48239915589897
খ্যাতি,0.48230886459350586,0.0,1.4823088645935059
ঘুমোলে,0.48222869634628296,0.0,1.482228696346283
সেকাল,0.5026041269302368,0.02040816326530612,1.4821959636649307
পলায়,0.4821886420249939,0.0,1.482188642024994
বিহ,0.4820881485939026,0.0,1.4820881485939026
খানি,0.4820858836174011,0.0,1.4820858836174011
রূপ,0.4820677638053894,0.0,1.4820677638053894
চটিয়ে,0.48199647665023804,0.0,1.481996476650238
গা,0.5024021863937378,0.02040816326530612,1.4819940231284316
অভিমত,0.49209171533584595,0.010101010101010102,1.481990705234836
উড়ে,0.4920571446418762,0.010101010101010102,1.4819561345408663
তুল্য,0.4819179177284241,0.0,1.481917917728424
সারবে,0.4818940758705139,0.0,1.481894075870514
ইজারা,0.4818804860115051,0.0,1.4818804860115051
প্রকোপ,0.49193769693374634,0.010101010101010102,1.4818366868327364
আগে৷,0.4817517399787903,0.0,1.4817517399787903
ছিঃ,0.49184560775756836,0.010101010101010102,1.4817445976565584
লাইফ,0.4817335605621338,0.0,1.4817335605621338
পড়েছিল,0.481698215007782,0.0,1.481698215007782
এখনে৷,0.48168641328811646,0.0,1.4816864132881165
হৈহৈ,0.4816780686378479,0.0,1.481678068637848
বিদঘুটে,0.4816691279411316,0.0,1.4816691279411316
পুরস্কার,0.4816043972969055,0.0,1.4816043972969055
দেখেননি,0.4816027879714966,0.0,1.4816027879714966
গ্লাস,0.49162375926971436,0.010101010101010102,1.4815227491687044
আলস্য,0.48151910305023193,0.0,1.481519103050232
করিনে,0.4815080165863037,0.0,1.4815080165863037
পদার্পণ,0.48140931129455566,0.0,1.4814093112945557
নালা,0.4914940595626831,0.010101010101010102,1.4813930494616732
উপযোগী,0.48137593269348145,0.0,1.4813759326934814
বড়বাবুর,0.48129016160964966,0.0,1.4812901616096497
গোপালপুরে,0.48127490282058716,0.0,1.4812749028205872
মনুষ্যত্ব,0.48126107454299927,0.0,1.4812610745429993
তিক্ততা,0.4812529683113098,0.0,1.4812529683113098
সেন্ট,0.4812086224555969,0.0,1.481208622455597
মাঠে,0.481179416179657,0.0,1.481179416179657
পোড়ানো,0.48114925622940063,0.0,1.4811492562294006
নৌকোয়,0.4811193346977234,0.0,1.4811193346977234
শিল্প,0.4811163544654846,0.0,1.4811163544654846
ষদি,0.48107242584228516,0.0,1.4810724258422852
ডানদিক,0.4810652732849121,0.0,1.481065273284912
আসবে৷,0.48102807998657227,0.0,1.4810280799865723
গোয়াল,0.48100465536117554,0.0,1.4810046553611755
নারীর,0.4810033440589905,0.0,1.4810033440589905
সাজানো,0.4809972643852234,0.0,1.4809972643852234
কষা,0.4809952974319458,0.0,1.4809952974319458
পাগলী,0.4809728264808655,0.0,1.4809728264808655
সখী,0.4809721112251282,0.0,1.4809721112251282
আত্মগোপন,0.48096656799316406,0.0,1.480966567993164
প্যাটফর্মে,0.48092859983444214,0.0,1.4809285998344421
খাইয়া,0.4808589816093445,0.0,1.4808589816093445
অভুক্ত,0.4808204770088196,0.0,1.4808204770088196
টিটকিরি,0.480806827545166,0.0,1.480806827545166
চাষ,0.4908723831176758,0.010101010101010102,1.4807713730166658
লেখো,0.4807429313659668,0.0,1.4807429313659668
সহকারে,0.48071932792663574,0.0,1.4807193279266357
ভিত,0.48067355155944824,0.0,1.4806735515594482
ডিম,0.5010459423065186,0.02040816326530612,1.4806377790412124
উল্লেখ,0.4806281328201294,0.0,1.4806281328201294
উদ্দীপনা,0.48061203956604004,0.0,1.48061203956604
অনুষ্ঠিত,0.48060834407806396,0.0,1.480608344078064
গুহায়,0.4905927777290344,0.010101010101010102,1.4804917676280245
উদ্যোগী,0.48049092292785645,0.0,1.4804909229278564
পঙ্গু,0.48040467500686646,0.0,1.4804046750068665
পতিত,0.4803963303565979,0.0,1.480396330356598
উপাদান,0.4803376793861389,0.0,1.480337679386139
ঘোষণায়,0.48033279180526733,0.0,1.4803327918052673
রাধাকৃষ্ণ,0.48029476404190063,0.0,1.4802947640419006
দিনে,0.4903271794319153,0.010101010101010102,1.4802261693309053
টিলে,0.48022520542144775,0.0,1.4802252054214478
শুয়েছি,0.4801939129829407,0.0,1.4801939129829407
হাতট,0.49029165506362915,0.010101010101010102,1.4801906449626192
সিংহাসনে,0.48018378019332886,0.0,1.4801837801933289
শুনেছিস,0.4801722764968872,0.0,1.4801722764968872
উঠলো৷,0.4902580976486206,0.010101010101010102,1.4801570875476107
শালী,0.4801006317138672,0.0,1.4801006317138672
বিচক্ষণ,0.48004311323165894,0.0,1.480043113231659
ভেতর,0.47997820377349854,0.0,1.4799782037734985
লুটে,0.4799625873565674,0.0,1.4799625873565674
ফাস্ট,0.4799414277076721,0.0,1.4799414277076721
পেটি,0.47993576526641846,0.0,1.4799357652664185
হয়েছেন৷,0.47988808155059814,0.0,1.4798880815505981
জাহাজে,0.5108116865158081,0.030927835051546393,1.4798838514642618
ধরাশায়ী,0.47986942529678345,0.0,1.4798694252967834
রুল,0.4798511862754822,0.0,1.4798511862754822
আমিনা,0.4798455834388733,0.0,1.4798455834388733
খোজা,0.4798135757446289,0.0,1.479813575744629
হাজ,0.47979533672332764,0.0,1.4797953367233276
ভাজে,0.4797701835632324,0.0,1.4797701835632324
ভরতি,0.4797700047492981,0.0,1.479770004749298
বাঁশি,0.4796783924102783,0.0,1.4796783924102783
লীল,0.4796099066734314,0.0,1.4796099066734314
পশুপাখি,0.48969531059265137,0.010101010101010102,1.4795943004916414
পাঠ,0.47959333658218384,0.0,1.4795933365821838
আশ্চর্য,0.47957509756088257,0.0,1.4795750975608826
বৈঠকখানা,0.4795498847961426,0.0,1.4795498847961426
ষোড়শ,0.4794921278953552,0.0,1.4794921278953552
প্রা,0.4895896315574646,0.010101010101010102,1.4794886214564547
বিচার,0.47948217391967773,0.0,1.4794821739196777
মাশুল,0.4794765114784241,0.0,1.479476511478424
দাবানল,0.479461133480072,0.0,1.479461133480072
সন্দেহ,0.48948824405670166,0.010101010101010102,1.4793872339556917
চেঁচামেচি,0.4793812036514282,0.0,1.4793812036514282
বির,0.47937285900115967,0.0,1.4793728590011597
মুখভঙ্গি,0.4793094992637634,0.0,1.4793094992637634
গেছেন,0.47930240631103516,0.0,1.4793024063110352
করিব,0.5209687650203705,0.041666666666666664,1.479302098353704
প্রদক্ষিণ,0.4791979193687439,0.0,1.479197919368744
দুচারদিন,0.4791918396949768,0.0,1.4791918396949768
বানিয়েছি,0.4791916012763977,0.0,1.4791916012763977
জেদী,0.4791654348373413,0.0,1.4791654348373413
ছিট,0.47916167974472046,0.0,1.4791616797447205
আনি,0.4791596531867981,0.0,1.479159653186798
যাবো৷,0.48923957347869873,0.010101010101010102,1.4791385633776888
জনাব,0.47913825511932373,0.0,1.4791382551193237
একইভাবে,0.4791017174720764,0.0,1.4791017174720764
খুনে,0.4790906310081482,0.0,1.4790906310081482
আকর্ষণীয়,0.4790869355201721,0.0,1.4790869355201721
জীর্ণ,0.4790865182876587,0.0,1.4790865182876587
করুণভাবে,0.479072630405426,0.0,1.479072630405426
ধুলোর,0.47906315326690674,0.0,1.4790631532669067
দেশবিদেশ,0.47905075550079346,0.0,1.4790507555007935
খাঁজ,0.47897034883499146,0.0,1.4789703488349915
সাফল্য,0.4789316654205322,0.0,1.4789316654205322
নতূন,0.47892695665359497,0.0,1.478926956653595
সম্মুখ,0.47892045974731445,0.0,1.4789204597473145
মেন,0.4788159728050232,0.0,1.4788159728050232
গুণ্ডা,0.47879958152770996,0.0,1.47879958152771
দ্দি,0.4787888526916504,0.0,1.4787888526916504
সেটুকু,0.47875577211380005,0.0,1.4787557721138
বেড়া,0.48884648084640503,0.010101010101010102,1.478745470745395
দুদি,0.48881757259368896,0.010101010101010102,1.478716562492679
তাছাড়৷,0.4887996315956116,0.010101010101010102,1.4786986214946016
সিক্স,0.47869443893432617,0.0,1.4786944389343262
পুত্রশোক,0.4786794185638428,0.0,1.4786794185638428
ফিল্ম,0.47865939140319824,0.0,1.4786593914031982
বিক্ষোভ,0.478603720664978,0.0,1.478603720664978
কওয়া,0.47859740257263184,0.0,1.4785974025726318
ভক্তির,0.47858506441116333,0.0,1.4785850644111633
আলাপে,0.4785011410713196,0.0,1.4785011410713196
সূচনা,0.47848981618881226,0.0,1.4784898161888123
ওহ,0.4784764051437378,0.0,1.4784764051437378
সহকারী,0.4784611463546753,0.0,1.4784611463546753
মর্মাহত,0.47842949628829956,0.0,1.4784294962882996
আধটু,0.47839272022247314,0.0,1.4783927202224731
রেখায়,0.4783669710159302,0.0,1.4783669710159302
ম্যানেজার,0.47836238145828247,0.0,1.4783623814582825
অকাট্য,0.4783613681793213,0.0,1.4783613681793213
পড়েছি৷,0.4783589839935303,0.0,1.4783589839935303
আগাছা,0.47830432653427124,0.0,1.4783043265342712
নাশুধু,0.47822827100753784,0.0,1.4782282710075378
চিন্তাধা,0.4882946014404297,0.010101010101010102,1.4781935913394197
সুন্দরভাবে,0.47818857431411743,0.0,1.4781885743141174
আলসে,0.47816580533981323,0.0,1.4781658053398132
শুন্য,0.4781569242477417,0.0,1.4781569242477417
হাসবে,0.4882516860961914,0.010101010101010102,1.4781506759951815
দিয়েছিল,0.4781494736671448,0.0,1.4781494736671448
ছোট্র,0.47814399003982544,0.0,1.4781439900398254
নামব,0.4780927896499634,0.0,1.4780927896499634
লঙ্কা,0.47808676958084106,0.0,1.478086769580841
একভাবে,0.47804927825927734,0.0,1.4780492782592773
প্রচেষ্,0.47804421186447144,0.0,1.4780442118644714
দীঘি,0.4780040979385376,0.0,1.4780040979385376
নিরালা,0.47798043489456177,0.0,1.4779804348945618
বিরাট,0.4880502223968506,0.010101010101010102,1.4779492122958406
ছেয়ে,0.47790735960006714,0.0,1.4779073596000671
চন্দনা,0.47788846492767334,0.0,1.4778884649276733
ছায়ামূর্তি,0.4778794050216675,0.0,1.4778794050216675
উদ্ধৃত,0.4778106212615967,0.0,1.4778106212615967
প্রচলিত,0.47773122787475586,0.0,1.4777312278747559
আল্লা,0.4776798486709595,0.0,1.4776798486709595
হালো,0.47765588760375977,0.0,1.4776558876037598
আজীবন,0.477644145488739,0.0,1.477644145488739
জিলিপি,0.4775989055633545,0.0,1.4775989055633545
বড়দা,0.4775902032852173,0.0,1.4775902032852173
ছোটবেল,0.48767632246017456,0.010101010101010102,1.4775753123591646
তেরো,0.477519154548645,0.0,1.477519154548645
ইংলগ্ড,0.47751009464263916,0.0,1.4775100946426392
মহান,0.4773949980735779,0.0,1.4773949980735779
চড়ায়,0.477372944355011,0.0,1.477372944355011
ফাঁকা,0.4773293137550354,0.0,1.4773293137550354
দাঁড়ানো,0.4773191809654236,0.0,1.4773191809654236
অহরহ,0.4773179292678833,0.0,1.4773179292678833
অন্যমনস্ক,0.4773135781288147,0.0,1.4773135781288147
বোঝাবে,0.47727614641189575,0.0,1.4772761464118958
শুয়োর,0.4772759675979614,0.0,1.4772759675979614
জাগে,0.47727489471435547,0.0,1.4772748947143555
জ্বলে,0.49766069650650024,0.02040816326530612,1.477252533241194
ধপাধপ,0.4770801067352295,0.0,1.4770801067352295
পুষে,0.4770800471305847,0.0,1.4770800471305847
মুহূর্ত,0.47707509994506836,0.0,1.4770750999450684
আখ,0.4770650267601013,0.0,1.4770650267601013
কাঠ,0.48712390661239624,0.010101010101010102,1.4770228965113863
দেবো৷,0.47697293758392334,0.0,1.4769729375839233
পরিচিত,0.4769625663757324,0.0,1.4769625663757324
ফেন,0.4769552946090698,0.0,1.4769552946090698
রােদের,0.47691255807876587,0.0,1.4769125580787659
কর্মচারীর,0.4768768548965454,0.0,1.4768768548965454
বদনে,0.47687405347824097,0.0,1.476874053478241
শীর্ণকায়,0.4869326949119568,0.010101010101010102,1.4768316848109468
মহাপাপ,0.47679632902145386,0.0,1.4767963290214539
পরলে,0.47678446769714355,0.0,1.4767844676971436
খালি,0.4868507981300354,0.010101010101010102,1.4767497880290255
পারতাম৷,0.4767324924468994,0.0,1.4767324924468994
ভতি,0.4767228960990906,0.0,1.4767228960990906
হেডলাইট,0.47669708728790283,0.0,1.4766970872879028
চাইই,0.48677170276641846,0.010101010101010102,1.4766706926654085
হট্টগোল,0.47666966915130615,0.0,1.4766696691513062
বিকেল,0.4766445755958557,0.0,1.4766445755958557
বুট,0.4766414165496826,0.0,1.4766414165496826
আয়তনে,0.47661155462265015,0.0,1.4766115546226501
বাড়,0.5075187087059021,0.030927835051546393,1.4765908736543558
উদ্রেক,0.486690878868103,0.010101010101010102,1.476589868767093
কাটল,0.4765804409980774,0.0,1.4765804409980774
সেকথ,0.4765334725379944,0.0,1.4765334725379944
বলিব,0.47649985551834106,0.0,1.476499855518341
পরী,0.4764751195907593,0.0,1.4764751195907593
প্রতিশোধ,0.4764676094055176,0.0,1.4764676094055176
ছড়ি,0.4764590263366699,0.0,1.47645902633667
ড্রাইভ,0.48654288053512573,0.010101010101010102,1.4764418704341158
বুড়ে,0.4763646721839905,0.0,1.4763646721839905
তাইতে,0.4763457775115967,0.0,1.4763457775115967
দয়ায়,0.476341187953949,0.0,1.476341187953949
শোধ,0.4864276051521301,0.010101010101010102,1.4763265950511202
পৃথিবী,0.4864116311073303,0.010101010101010102,1.4763106210063204
ধান্ধ,0.4762999415397644,0.0,1.4762999415397644
কাটায়,0.47626370191574097,0.0,1.476263701915741
ধাওয়া,0.47623908519744873,0.0,1.4762390851974487
নিষ্ঠুরত,0.47622543573379517,0.0,1.4762254357337952
অল্প,0.4762207865715027,0.0,1.4762207865715027
অন্,0.47619712352752686,0.0,1.4761971235275269
কোর,0.4760757088661194,0.0,1.4760757088661194
গবেষণা,0.4861622452735901,0.010101010101010102,1.4760612351725801
সিভিল,0.4759786128997803,0.0,1.4759786128997803
চাইনা,0.4759749174118042,0.0,1.4759749174118042
আশাভঙ্গ,0.4759387969970703,0.0,1.4759387969970703
বকুনি,0.4759301543235779,0.0,1.4759301543235779
স্বেচ্ছায়,0.4759199619293213,0.0,1.4759199619293213
চিকিৎস,0.47591859102249146,0.0,1.4759185910224915
ফ্রি,0.4758349657058716,0.0,1.4758349657058716
অপ্রত্যাশিত,0.47580409049987793,0.0,1.475804090499878
পাখির,0.49616384506225586,0.02040816326530612,1.4757556817969497
চালিত,0.4757261276245117,0.0,1.4757261276245117
ধর্মীয়,0.47571325302124023,0.0,1.4757132530212402
আলোকিত,0.4756917357444763,0.0,1.4756917357444763
করিবে,0.48577654361724854,0.010101010101010102,1.4756755335162386
আসিবে,0.475669264793396,0.0,1.475669264793396
ওটাও,0.4756406545639038,0.0,1.4756406545639038
শীল,0.4756329655647278,0.0,1.4756329655647278
আবেগের,0.4756197929382324,0.0,1.4756197929382324
অপছন্দ,0.4756133556365967,0.0,1.4756133556365967
মুছিয়ে,0.4756101369857788,0.0,1.4756101369857788
শুঁ,0.47560691833496094,0.0,1.475606918334961
বয়েসী,0.47556573152542114,0.0,1.4755657315254211
প্রয়াসে,0.4754897356033325,0.0,1.4754897356033325
ধাম,0.4855883717536926,0.010101010101010102,1.4754873616526827
করণীয়,0.4754805564880371,0.0,1.475480556488037
ভাগা,0.4754680395126343,0.0,1.4754680395126343
দাউ,0.4754345417022705,0.0,1.4754345417022705
লই,0.47542858123779297,0.0,1.475428581237793
ঝামেল,0.47536492347717285,0.0,1.4753649234771729
গোল,0.47529906034469604,0.0,1.475299060344696
আবহাওয়া,0.4752938151359558,0.0,1.4752938151359558
খাওয়া,0.4956812858581543,0.02040816326530612,1.4752731225928482
চেষ্ট৷,0.47525644302368164,0.0,1.4752564430236816
নেকড়ে,0.47524493932724,0.0,1.47524493932724
ক্ষুধা,0.47518396377563477,0.0,1.4751839637756348
ফাটল,0.4751795530319214,0.0,1.4751795530319214
রবীন্দ্র,0.4852755665779114,0.010101010101010102,1.4751745564769014
অনুপম,0.47517114877700806,0.0,1.475171148777008
একী,0.47513318061828613,0.0,1.4751331806182861
মাছির,0.4751165509223938,0.0,1.4751165509223938
ওমর,0.4750789403915405,0.0,1.4750789403915405
গম্ভীর,0.47503405809402466,0.0,1.4750340580940247
সীমান্ত,0.47498661279678345,0.0,1.4749866127967834
চাপা,0.47498244047164917,0.0,1.4749824404716492
মহাকাশচারী,0.4748843312263489,0.0,1.4748843312263489
পেগ,0.474881649017334,0.0,1.474881649017334
ফালি,0.47487759590148926,0.0,1.4748775959014893
মেজো,0.4849731922149658,0.010101010101010102,1.4748721821139559
হাঁকিয়ে,0.47486448287963867,0.0,1.4748644828796387
বাতাসে,0.48491859436035156,0.010101010101010102,1.4748175842593416
গাই,0.48490041494369507,0.010101010101010102,1.4747994048426851
ইউনিয়ন,0.5057154893875122,0.030927835051546393,1.474787654335966
শ্বেত,0.47478044033050537,0.0,1.4747804403305054
লীড,0.4747695326805115,0.0,1.4747695326805115
বেঁড়ে,0.4747488498687744,0.0,1.4747488498687744
প্রতিষ্ঠ,0.4747128486633301,0.0,1.47471284866333
ঝাঁকুনি,0.47468477487564087,0.0,1.4746847748756409
আপত্তির,0.47466933727264404,0.0,1.474669337272644
বিচ্ছেদ,0.4746568202972412,0.0,1.4746568202972412
মূর্তির,0.47464799880981445,0.0,1.4746479988098145
মুখমণ্ডলে,0.4847475290298462,0.010101010101010102,1.4746465189288362
ওকি,0.4746345281600952,0.0,1.4746345281600952
সরায়,0.4746288061141968,0.0,1.4746288061141968
বানাব,0.4745832085609436,0.0,1.4745832085609436
মাড়িয়ে,0.47454214096069336,0.0,1.4745421409606934
পনের,0.47444427013397217,0.0,1.4744442701339722
লিখছ,0.47443294525146484,0.0,1.4744329452514648
অফিস,0.4743953347206116,0.0,1.4743953347206116
আধো,0.47439175844192505,0.0,1.474391758441925
ফালতু,0.47437721490859985,0.0,1.4743772149085999
সীমান্,0.4743712544441223,0.0,1.4743712544441223
আপনারা,0.4743040204048157,0.0,1.4743040204048157
মাছট,0.4742637276649475,0.0,1.4742637276649475
দুয়,0.4843204617500305,0.010101010101010102,1.4742194516490206
ধারালো,0.4741674065589905,0.0,1.4741674065589905
চেহারাতে,0.47415727376937866,0.0,1.4741572737693787
গাঁ,0.4741255044937134,0.0,1.4741255044937134
ল্যাজে,0.47404277324676514,0.0,1.4740427732467651
সাই,0.474032998085022,0.0,1.474032998085022
মাষ,0.4740152359008789,0.0,1.474015235900879
ওঠো,0.4841151237487793,0.010101010101010102,1.4740141136477694
বাগিয়ে,0.47400224208831787,0.0,1.4740022420883179
পীড়ন,0.4739954471588135,0.0,1.4739954471588135
হাড়গোড়,0.48406511545181274,0.010101010101010102,1.4739641053508028
মেসের,0.47391247749328613,0.0,1.4739124774932861
ঘরে৷,0.47390198707580566,0.0,1.4739019870758057
নির্দোষ,0.47389352321624756,0.0,1.4738935232162476
বন্ধুত্ব,0.47389131784439087,0.0,1.4738913178443909
গ্রীন,0.47388893365859985,0.0,1.4738889336585999
রোমাঞ্চিত,0.47388511896133423,0.0,1.4738851189613342
আকড়ে,0.47388148307800293,0.0,1.473881483078003
অবিশ্রাম,0.47386664152145386,0.0,1.4738666415214539
ম্যাট,0.4738657474517822,0.0,1.4738657474517822
চুমো,0.4738648533821106,0.0,1.4738648533821106
সমাজ,0.4738340377807617,0.0,1.4738340377807617
অনুভব,0.4838424324989319,0.010101010101010102,1.473741422397922
লাগব,0.47370707988739014,0.0,1.4737070798873901
পাওয়ায়,0.47368884086608887,0.0,1.4736888408660889
জবাবদিহি,0.4735564589500427,0.0,1.4735564589500427
চলেছি,0.4735441207885742,0.0,1.4735441207885742
করালে,0.47344970703125,0.0,1.47344970703125
কোমর,0.47341781854629517,0.0,1.4734178185462952
চুটিয়ে,0.4835135340690613,0.010101010101010102,1.4734125239680513
অশিক্ষিত,0.4733642339706421,0.0,1.473364233970642
খুঁটিনাটি,0.4733327031135559,0.0,1.473332703113556
লুকাইয়া,0.4733280539512634,0.0,1.4733280539512634
গেয়ে,0.4834057092666626,0.010101010101010102,1.4733046991656527
ভেড়া,0.47323864698410034,0.0,1.4732386469841003
ভ্রাতা,0.4732372760772705,0.0,1.4732372760772705
ফ্যাসাদে,0.4732236862182617,0.0,1.4732236862182617
গুঞ্জন,0.4732205271720886,0.0,1.4732205271720886
জুড়ি,0.47317999601364136,0.0,1.4731799960136414
বুঝেছিল,0.47316133975982666,0.0,1.4731613397598267
বিস্ময়ে,0.47313040494918823,0.0,1.4731304049491882
সজ্ঞানে,0.473084032535553,0.0,1.473084032535553
কচু,0.47305887937545776,0.0,1.4730588793754578
নামী,0.4730364680290222,0.0,1.4730364680290222
সর্বশক্তি,0.47298628091812134,0.0,1.4729862809181213
পুঁথির,0.47297513484954834,0.0,1.4729751348495483
পাঠানে,0.4830567240715027,0.010101010101010102,1.4729557139704927
নিশীথে,0.47280389070510864,0.0,1.4728038907051086
জ্যেষ্ঠ,0.4727923274040222,0.0,1.4727923274040222
দিশাহা,0.4727623462677002,0.0,1.4727623462677002
নামিয়ে,0.47276002168655396,0.0,1.472760021686554
এবছর,0.49315744638442993,0.02040816326530612,1.4727492831191238
সামমে,0.47267961502075195,0.0,1.472679615020752
পোষণ,0.47266310453414917,0.0,1.4726631045341492
তুলতে,0.4726046919822693,0.0,1.4726046919822693
করাত,0.47256749868392944,0.0,1.4725674986839294
পড়িয়ে,0.47256654500961304,0.0,1.472566545009613
মৃত্যুদণ্ড,0.47251754999160767,0.0,1.4725175499916077
জলপান,0.47245025634765625,0.0,1.4724502563476562
পুরনে৷,0.47242605686187744,0.0,1.4724260568618774
ফিরেছেন,0.47242283821105957,0.0,1.4724228382110596
জুলা,0.5033234655857086,0.030927835051546393,1.4723956305341623
মিউ,0.4722887873649597,0.0,1.4722887873649597
ট্রেণ,0.4722179174423218,0.0,1.4722179174423218
বেয়াদব,0.4822930693626404,0.010101010101010102,1.4721920592616304
মুখ্যু,0.47214967012405396,0.0,1.472149670124054
নিরুদ্দিষ্ট,0.4721182584762573,0.0,1.4721182584762573
শোনালে,0.472051203250885,0.0,1.472051203250885
উর,0.4720476269721985,0.0,1.4720476269721985
যুগ,0.48214632272720337,0.010101010101010102,1.4720453126261934
চৌধুরী,0.49241769313812256,0.02040816326530612,1.4720095298728164
ব্যাঙ,0.47194600105285645,0.0,1.4719460010528564
রান্নাঘরে,0.4719173312187195,0.0,1.4719173312187195
পাতালে,0.47189807891845703,0.0,1.471898078918457
বী,0.4718371033668518,0.0,1.4718371033668518
দেরি,0.4718286991119385,0.0,1.4718286991119385
সৌভাগ্যবান,0.47181230783462524,0.0,1.4718123078346252
অতিথির,0.47180378437042236,0.0,1.4718037843704224
ভাস,0.47173184156417847,0.0,1.4717318415641785
ট্যাক্সি,0.4717295169830322,0.0,1.4717295169830322
টুন,0.4717094302177429,0.0,1.471709430217743
দেওর,0.47170937061309814,0.0,1.4717093706130981
রাও,0.48177921772003174,0.010101010101010102,1.4716782076190218
পোহা,0.4716721177101135,0.0,1.4716721177101135
বেসামরিক,0.4716492295265198,0.0,1.4716492295265198
নাস্তিক,0.4716377854347229,0.0,1.471637785434723
গজিয়ে,0.4716212749481201,0.0,1.4716212749481201
গ্রাহা,0.47154700756073,0.0,1.47154700756073
বাড়িয়ে,0.47153323888778687,0.0,1.4715332388877869
নিয়ে৷,0.4715282917022705,0.0,1.4715282917022705
উপলব্ধি,0.4918835163116455,0.02040816326530612,1.4714753530463394
সংবাদপত্র,0.4714317321777344,0.0,1.4714317321777344
সামর্থ্য,0.4714277982711792,0.0,1.4714277982711792
সুবিচ,0.4714067578315735,0.0,1.4714067578315735
দিচ্ছি৷,0.47137951850891113,0.0,1.4713795185089111
আছাড়,0.4713137149810791,0.0,1.471313714981079
ফিরছ,0.4713099002838135,0.0,1.4713099002838135
সুইচ,0.47130537033081055,0.0,1.4713053703308105
আট,0.4713006019592285,0.0,1.4713006019592285
নারে,0.4712796211242676,0.0,1.4712796211242676
দ্বি,0.4712359309196472,0.0,1.4712359309196472
তল্লাটে,0.4711352586746216,0.0,1.4711352586746216
বসিয়,0.47112345695495605,0.0,1.471123456954956
পারমিট,0.4711172580718994,0.0,1.4711172580718994
মগজে,0.47110551595687866,0.0,1.4711055159568787
মধ্যবর্তী,0.47109925746917725,0.0,1.4710992574691772
মোঃ,0.4710380434989929,0.0,1.471038043498993
কুম,0.5019645690917969,0.030927835051546393,1.4710367340402506
রসে,0.4709555506706238,0.0,1.4709555506706238
লিব,0.4709450602531433,0.0,1.4709450602531433
নিচ্ছি,0.47091156244277954,0.0,1.4709115624427795
কাকুতি,0.47090601921081543,0.0,1.4709060192108154
নাঐ,0.4708617925643921,0.0,1.470861792564392
হিন্দী,0.47086095809936523,0.0,1.4708609580993652
অনেকট,0.47081899642944336,0.0,1.4708189964294434
প্রয়াস,0.4707745313644409,0.0,1.470774531364441
ঠোকাঠুকি,0.4707713723182678,0.0,1.4707713723182678
খুচরো,0.4707565903663635,0.0,1.4707565903663635
যধ্যে,0.4707232713699341,0.0,1.470723271369934
চাড়া,0.47067296504974365,0.0,1.4706729650497437
বেলের,0.4706011414527893,0.0,1.4706011414527893
হিটলার,0.48065829277038574,0.010101010101010102,1.4705572826693758
জ্ঞান,0.4705522060394287,0.0,1.4705522060394287
দেখছিল,0.4705386161804199,0.0,1.47053861618042
বিকাশ,0.48061007261276245,0.010101010101010102,1.4705090625117525
থাওয়া,0.4705043435096741,0.0,1.470504343509674
মিলির,0.4704700708389282,0.0,1.4704700708389282
কথনো,0.47040611505508423,0.0,1.4704061150550842
গাইতে,0.49078118801116943,0.02040816326530612,1.4703730247458633
নাগ,0.4703545570373535,0.0,1.4703545570373535
ওঃ,0.47033464908599854,0.0,1.4703346490859985
গৌফে,0.47032779455184937,0.0,1.4703277945518494
অজ্ঞ,0.47031503915786743,0.0,1.4703150391578674
ভঙ্গী,0.47026753425598145,0.0,1.4702675342559814
দক্ষিণে,0.4803500175476074,0.010101010101010102,1.4702490074465975
ঘায়ে,0.47024768590927124,0.0,1.4702476859092712
ঝামেলায়,0.4803187847137451,0.010101010101010102,1.4702177746127352
গুনি,0.4702150225639343,0.0,1.4702150225639343
বউঝি,0.47019654512405396,0.0,1.470196545124054
মরুভূমির,0.48029541969299316,0.010101010101010102,1.4701944095919832
শেব,0.4701850414276123,0.0,1.4701850414276123
যন্ত্রণায়,0.4801979660987854,0.010101010101010102,1.4700969559977755
সারাদিন,0.4700751304626465,0.0,1.4700751304626465
দিনলিপি,0.4700578451156616,0.0,1.4700578451156616
বালিয়াড়ি,0.4700378179550171,0.0,1.470037817955017
রাক্ষুসে,0.4700266122817993,0.0,1.4700266122817993
ফুসে,0.47001171112060547,0.0,1.4700117111206055
দৈনন্দিন,0.4699515700340271,0.0,1.469951570034027
একশো,0.4800293445587158,0.010101010101010102,1.4699283344577059
শাস্ত্র,0.4698755145072937,0.0,1.4698755145072937
ৰু,0.46984362602233887,0.0,1.4698436260223389
প্রাণীর,0.469826340675354,0.0,1.469826340675354
লম্বা,0.46981674432754517,0.0,1.4698167443275452
হোক৷,0.4697948694229126,0.0,1.4697948694229126
কনু,0.4697567820549011,0.0,1.4697567820549011
খরিদ,0.46973365545272827,0.0,1.4697336554527283
জমিদ,0.49010729789733887,0.02040816326530612,1.4696991346320327
উঠেছে৷,0.47977930307388306,0.010101010101010102,1.4696782929728731
বিড়াল,0.4696715474128723,0.0,1.4696715474128723
গ্রামে,0.47973430156707764,0.010101010101010102,1.4696332914660677
লোভনীয়,0.4797247052192688,0.010101010101010102,1.4696236951182589
সিগারেটটা,0.46960651874542236,0.0,1.4696065187454224
ভেলায়,0.46959686279296875,0.0,1.4695968627929688
আঙ্ল,0.46959465742111206,0.0,1.469594657421112
অপহরণ,0.46954894065856934,0.0,1.4695489406585693
নেড়ে,0.4899500608444214,0.02040816326530612,1.4695418975791152
পৈতৃক,0.4695412516593933,0.0,1.4695412516593933
উঠুন,0.46944111585617065,0.0,1.4694411158561707
াদের,0.4694187641143799,0.0,1.4694187641143799
মেম্বার,0.46940547227859497,0.0,1.469405472278595
সামন,0.46939021348953247,0.0,1.4693902134895325
জিজ্ঞাসাবাদ,0.4693688750267029,0.0,1.4693688750267029
টুপি,0.4897688031196594,0.02040816326530612,1.4693606398543533
গু,0.5002867579460144,0.030927835051546393,1.4693589228944681
মোরে,0.46931779384613037,0.0,1.4693177938461304
বাউল,0.46924644708633423,0.0,1.4692464470863342
ফ্যান,0.4692310690879822,0.0,1.4692310690879822
ঠাণ্ডায়,0.4691312909126282,0.0,1.4691312909126282
শিয়ে,0.4691300392150879,0.0,1.469130039215088
বেতের,0.46912556886672974,0.0,1.4691255688667297
খেয়েদেয়ে,0.46909767389297485,0.0,1.4690976738929749
লাগেনি,0.4690675735473633,0.0,1.4690675735473633
বিশ্ময়,0.4690665602684021,0.0,1.469066560268402
পেয়া,0.4790598750114441,0.010101010101010102,1.4689588649104341
ফ্যালফ্যাল,0.46894413232803345,0.0,1.4689441323280334
হাবভাব,0.46893978118896484,0.0,1.4689397811889648
দে,0.4790343642234802,0.010101010101010102,1.4689333541224703
উঠছি,0.46892428398132324,0.0,1.4689242839813232
গেলি,0.46891337633132935,0.0,1.4689133763313293
ব্যক্তি,0.478973388671875,0.010101010101010102,1.468872378570865
ছবিসহ,0.46886366605758667,0.0,1.4688636660575867
আত্মীয়স্বজন,0.4688618779182434,0.0,1.4688618779182434
ইশ,0.46884244680404663,0.0,1.4688424468040466
প্রতীক,0.4688277840614319,0.0,1.4688277840614319
গুছিয়ে,0.468818724155426,0.0,1.468818724155426
খাওয়ান,0.4688150882720947,0.0,1.4688150882720947
করিয়াছি,0.4687991142272949,0.0,1.468799114227295
মানত,0.46874040365219116,0.0,1.4687404036521912
ক্যাপ্টেনের,0.4687178134918213,0.0,1.4687178134918213
প্রাসাদে,0.46870845556259155,0.0,1.4687084555625916
অধিষ্ঠিত,0.46870267391204834,0.0,1.4687026739120483
নিধন,0.46864086389541626,0.0,1.4686408638954163
স্বভাবে,0.4686307907104492,0.0,1.4686307907104492
ছেড়েছেন,0.4686182141304016,0.0,1.4686182141304016
দিয়ে৷,0.46860969066619873,0.0,1.4686096906661987
চেহারায়,0.4686063528060913,0.0,1.4686063528060913
পিঠ,0.47867274284362793,0.010101010101010102,1.468571732742618
ভ্রক্ষেপ,0.46851837635040283,0.0,1.4685183763504028
অন্ধকারে,0.4786027669906616,0.010101010101010102,1.4685017568896517
বাচি,0.46845126152038574,0.0,1.4684512615203857
চুড়ি,0.4684225916862488,0.0,1.4684225916862488
অভিমান,0.4682784676551819,0.0,1.4682784676551819
বসুর,0.4681686758995056,0.0,1.4681686758995056
লিখেছেন,0.468159019947052,0.0,1.468159019947052
ব্যাট,0.4990728497505188,0.030927835051546393,1.4681450146989725
ক্ষে,0.4782291650772095,0.010101010101010102,1.4681281549761995
মেয়েক,0.4681112766265869,0.0,1.468111276626587
নাঁ,0.46810221672058105,0.0,1.468102216720581
কইরা,0.48849326372146606,0.02040816326530612,1.46808510045616
গোল্লায়,0.4680548310279846,0.0,1.4680548310279846
পাখনা,0.46804988384246826,0.0,1.4680498838424683
হইব,0.47812575101852417,0.010101010101010102,1.4680247409175142
রোমাঞ্চকর,0.46801072359085083,0.0,1.4680107235908508
স্ৃতরাং,0.4679683446884155,0.0,1.4679683446884155
খেয়েছি,0.4679408073425293,0.0,1.4679408073425293
সূর,0.46792685985565186,0.0,1.4679268598556519
কামিনী,0.46792465448379517,0.0,1.4679246544837952
নিবাস,0.46790337562561035,0.0,1.4679033756256104
ভালোবাসা,0.4678954482078552,0.0,1.4678954482078552
তদারক,0.4678429365158081,0.0,1.467842936515808
পাঁচদিন,0.4677903652191162,0.0,1.4677903652191162
শনিব,0.46779000759124756,0.0,1.4677900075912476
হারিয়,0.4881429672241211,0.02040816326530612,1.467734803958815
গাভী,0.46770668029785156,0.0,1.4677066802978516
চিহ্নমাত্র,0.4676951766014099,0.0,1.46769517660141
প্রীতি,0.46768659353256226,0.0,1.4676865935325623
কুকুর,0.47775769233703613,0.010101010101010102,1.4676566822360262
শ্রাদ্ধ,0.46763062477111816,0.0,1.4676306247711182
ক্যা,0.46762359142303467,0.0,1.4676235914230347
আওয়াজও,0.4675881266593933,0.0,1.4675881266593933
তিরস্ক,0.46755146980285645,0.0,1.4675514698028564
তরিতরকারি,0.4675060510635376,0.0,1.4675060510635376
একটান৷,0.4674890637397766,0.0,1.4674890637397766
লেকচ,0.4674330949783325,0.0,1.4674330949783325
পড়শী,0.46731966733932495,0.0,1.467319667339325
ডাকব,0.4673169255256653,0.0,1.4673169255256653
নির্বিশেষ,0.477375864982605,0.010101010101010102,1.467274854881595
যাছ,0.47736650705337524,0.010101010101010102,1.4672654969523653
নিশি,0.46723121404647827,0.0,1.4672312140464783
ঠ্যাঙ,0.4672301411628723,0.0,1.4672301411628723
গানবাজন,0.4672086238861084,0.0,1.4672086238861084
নিবি,0.46717578172683716,0.0,1.4671757817268372
বাস্তবে,0.46716588735580444,0.0,1.4671658873558044
বাণী,0.4671471118927002,0.0,1.4671471118927002
ঘোমটায়,0.46713143587112427,0.0,1.4671314358711243
ভাদ্র,0.46711820363998413,0.0,1.4671182036399841
পালাবে,0.4671095609664917,0.0,1.4671095609664917
আক,0.4771694540977478,0.010101010101010102,1.4670684439967379
মাঘ,0.4670385718345642,0.0,1.4670385718345642
করতে৷,0.46703511476516724,0.0,1.4670351147651672
চুমুক,0.4978588819503784,0.030927835051546393,1.4669310468988321
গুজবে,0.46691256761550903,0.0,1.466912567615509
কৌতুক,0.49783653020858765,0.030927835051546393,1.4669086951570414
টেঁচিয়ে,0.46686917543411255,0.0,1.4668691754341125
দেবা,0.4668152332305908,0.0,1.4668152332305908
ডাব,0.4667677879333496,0.0,1.4667677879333496
কষ্ঠস্বরে,0.466757595539093,0.0,1.466757595539093
শিশি,0.4667535424232483,0.0,1.4667535424232483
অন্ধকার,0.466721773147583,0.0,1.466721773147583
দেখিলে,0.46664202213287354,0.0,1.4666420221328735
অভিমুখে,0.46659547090530396,0.0,1.466595470905304
সেথায়,0.46655750274658203,0.0,1.466557502746582
ডাকটিকিট,0.48684805631637573,0.02040816326530612,1.4664398930510696
পাঁচ,0.46639788150787354,0.0,1.4663978815078735
পালক,0.4764940142631531,0.010101010101010102,1.4663930041621431
উপায়,0.46638786792755127,0.0,1.4663878679275513
অপেক্ষা,0.4663529396057129,0.0,1.466352939605713
জেলে,0.4663255214691162,0.0,1.4663255214691162
ধারাল,0.46630561351776123,0.0,1.4663056135177612
ওদেরও,0.46627670526504517,0.0,1.4662767052650452
নাস্তানাবুদ,0.46625494956970215,0.0,1.4662549495697021
পিরিয়ড,0.46622973680496216,0.0,1.4662297368049622
পৃথিবীর,0.4763203263282776,0.010101010101010102,1.4662193162272676
খিলখিল,0.4661996364593506,0.0,1.4661996364593506
তানা,0.46618545055389404,0.0,1.466185450553894
দুরে,0.4661470055580139,0.0,1.466147005558014
ট্যা,0.46614646911621094,0.0,1.466146469116211
গণেশ,0.4661443829536438,0.0,1.4661443829536438
শিং,0.466117262840271,0.0,1.466117262840271
অস্পষ্টভাবে,0.4661029577255249,0.0,1.466102957725525
উজ্জ্বল,0.4660354256629944,0.0,1.4660354256629944
কিরে,0.4660033583641052,0.0,1.4660033583641052
রবে,0.4659925699234009,0.0,1.4659925699234009
পিসেমশা,0.46597594022750854,0.0,1.4659759402275085
কৌতূহলে,0.46596330404281616,0.0,1.4659633040428162
দূরবীন,0.46591299772262573,0.0,1.4659129977226257
হালুয়া,0.4659077525138855,0.0,1.4659077525138855
নেহরু,0.4659011960029602,0.0,1.4659011960029602
খুন৷,0.46587908267974854,0.0,1.4658790826797485
রোগ,0.48626577854156494,0.02040816326530612,1.4658576152762588
ব্রহ্মময়ী,0.4658387303352356,0.0,1.4658387303352356
অথ,0.46583080291748047,0.0,1.4658308029174805
লাফালাফি,0.47590672969818115,0.010101010101010102,1.4658057195971712
সংকীর্ণ,0.4658017158508301,0.0,1.46580171585083
প্রতোক,0.4657934308052063,0.0,1.4657934308052063
আসুন৷,0.4657914638519287,0.0,1.4657914638519287
উঠেপড়ে,0.465765118598938,0.0,1.465765118598938
আশ্রয়,0.46568840742111206,0.0,1.465688407421112
হাসলে,0.4656832218170166,0.0,1.4656832218170166
ওস্তা,0.46566492319107056,0.0,1.4656649231910706
বীধ,0.46563345193862915,0.0,1.4656334519386292
প্রদীপ,0.49655723571777344,0.030927835051546393,1.4656294006662272
কঙ্কাল,0.46559298038482666,0.0,1.4655929803848267
শুনো,0.4655916690826416,0.0,1.4655916690826416
লেখাপড়া,0.4859413504600525,0.02040816326530612,1.4655331871947463
উচিয়ে,0.46551287174224854,0.0,1.4655128717422485
সম্ভাবনা,0.46546095609664917,0.0,1.4654609560966492
উত্তেজিতভাবে,0.47544318437576294,0.010101010101010102,1.465342174274753
পড়ুয়া,0.4653383493423462,0.0,1.4653383493423462
ডাকিনী,0.4653043746948242,0.0,1.4653043746948242
প্রতিষ্ঠা,0.4652765393257141,0.0,1.4652765393257141
থাবা,0.465248703956604,0.0,1.465248703956604
গাঁছ,0.46523040533065796,0.0,1.465230405330658
মেয়েট,0.4652246832847595,0.0,1.4652246832847595
মৌলিক,0.46522319316864014,0.0,1.4652231931686401
আলমারির,0.46520739793777466,0.0,1.4652073979377747
ছোটাছু,0.46517837047576904,0.0,1.465178370475769
কানাকানি,0.46515828371047974,0.0,1.4651582837104797
ভোররা,0.46514981985092163,0.0,1.4651498198509216
সেজেগুজে,0.4651358127593994,0.0,1.4651358127593994
খেলিয়ে,0.465093731880188,0.0,1.465093731880188
হুহু,0.4650413990020752,0.0,1.4650413990020752
দয়া,0.465023934841156,0.0,1.465023934841156
তাচ্ছিল্য,0.46501433849334717,0.0,1.4650143384933472
প্যাকেট,0.4853525757789612,0.02040816326530612,1.464944412513655
অন্যদিক,0.46493643522262573,0.0,1.4649364352226257
আসবি,0.46493399143218994,0.0,1.46493399143219
দাল,0.4648958444595337,0.0,1.4648958444595337
কালিমা,0.46486788988113403,0.0,1.464867889881134
গুমোট,0.4647602438926697,0.0,1.4647602438926697
ভগবান,0.464719295501709,0.0,1.464719295501709
চৌকস,0.46471327543258667,0.0,1.4647132754325867
হিন্দুর,0.4646981358528137,0.0,1.4646981358528137
স্নান,0.46469545364379883,0.0,1.4646954536437988
কুপিত,0.46468597650527954,0.0,1.4646859765052795
মাসা,0.46468520164489746,0.0,1.4646852016448975
অফ,0.4747607111930847,0.010101010101010102,1.4646597010920748
তরবারি,0.46462762355804443,0.0,1.4646276235580444
প্রক্রিয়া,0.4645457863807678,0.0,1.4645457863807678
টাওয়,0.4645323157310486,0.0,1.4645323157310486
নিত্য,0.46451467275619507,0.0,1.464514672756195
হবো,0.4645138382911682,0.0,1.4645138382911682
পরিচারক,0.4644966721534729,0.0,1.464496672153473
উটকা,0.4644113779067993,0.0,1.4644113779067993
উল্লাসে,0.46441131830215454,0.0,1.4644113183021545
পুরোদমে,0.4643852710723877,0.0,1.4643852710723877
শোনেনি,0.46435290575027466,0.0,1.4643529057502747
বিজ্ঞাপন,0.4643172025680542,0.0,1.4643172025680542
দোষী,0.4643102288246155,0.0,1.4643102288246155
জমিজম,0.46429091691970825,0.0,1.4642909169197083
উদ্বেগের,0.46426957845687866,0.0,1.4642695784568787
ডিয়,0.4642375111579895,0.0,1.4642375111579895
প্রকাশ,0.4642246961593628,0.0,1.4642246961593628
পরিষ,0.4642137289047241,0.0,1.4642137289047241
শক্তি,0.4641965627670288,0.0,1.4641965627670288
গাছট,0.46419572830200195,0.0,1.464195728302002
জিগগেস,0.46415889263153076,0.0,1.4641588926315308
ছাওয়াল,0.4641563892364502,0.0,1.4641563892364502
অল্পে,0.46414273977279663,0.0,1.4641427397727966
দেশবিদেশের,0.46407240629196167,0.0,1.4640724062919617
অ্যান্ড,0.46406394243240356,0.0,1.4640639424324036
বইপত্র,0.46404653787612915,0.0,1.4640465378761292
ঝোলানো,0.46403831243515015,0.0,1.4640383124351501
ভালবাস,0.4638903737068176,0.0,1.4638903737068176
পেটায়,0.4739519953727722,0.010101010101010102,1.4638509852717623
কেবল,0.4638240337371826,0.0,1.4638240337371826
আমন্ত্রণ,0.4638110399246216,0.0,1.4638110399246216
বৈশাখ,0.4947330355644226,0.030927835051546393,1.4638052005128763
খুটি,0.46380311250686646,0.0,1.4638031125068665
ইয়া,0.46379613876342773,0.0,1.4637961387634277
বেঁচ,0.4636763334274292,0.0,1.4636763334274292
লাগুক,0.46366721391677856,0.0,1.4636672139167786
প্রশ্বাস,0.4636046290397644,0.0,1.4636046290397644
ভবে,0.4636010527610779,0.0,1.4636010527610779
শেষাশেষি,0.46359241008758545,0.0,1.4635924100875854
কঠিনে,0.4635809659957886,0.0,1.4635809659957886
পত্রিকা,0.48398399353027344,0.02040816326530612,1.4635758302649673
পুকুর,0.4839821457862854,0.02040816326530612,1.4635739825209793
প্রবীর,0.49450135231018066,0.030927835051546393,1.4635735172586344
নুন্দর,0.4635502099990845,0.0,1.4635502099990845
ব্যবধান,0.4635413885116577,0.0,1.4635413885116577
প্যারেড,0.4635275602340698,0.0,1.4635275602340698
লোমশ,0.46352386474609375,0.0,1.4635238647460938
বামুন,0.47362327575683594,0.010101010101010102,1.463522265655826
হিংসে,0.4635167717933655,0.0,1.4635167717933655
চৌচির,0.4635077714920044,0.0,1.4635077714920044
দী,0.4634881615638733,0.0,1.4634881615638733
সূর্য,0.4735785126686096,0.010101010101010102,1.4634775025675997
দুর্দশ,0.4634437561035156,0.0,1.4634437561035156
উপায়ান্তর,0.46343088150024414,0.0,1.4634308815002441
প্রবাহ,0.4633997082710266,0.0,1.4633997082710266
উন্মাদনায়,0.4633934497833252,0.0,1.4633934497833252
প্রদেশের,0.4633353352546692,0.0,1.4633353352546692
নিঃশেষ,0.46332353353500366,0.0,1.4633235335350037
সমিতি,0.4734152555465698,0.010101010101010102,1.4633142454455599
শীগগির,0.4632992744445801,0.0,1.46329927444458
বিজ্ঞপ্তি,0.4631800651550293,0.0,1.4631800651550293
বিতৃষ্ণা,0.46312201023101807,0.0,1.463122010231018
ভেল,0.4631199836730957,0.0,1.4631199836730957
গুঁড়ো,0.4631080627441406,0.0,1.4631080627441406
শোল,0.4631037712097168,0.0,1.4631037712097168
ছিনিয়ে,0.4630870223045349,0.0,1.463087022304535
মুল্যবান,0.4731045365333557,0.010101010101010102,1.4630035264323458
ঘুরছিল,0.46293193101882935,0.0,1.4629319310188293
মুতদেহ,0.4628583788871765,0.0,1.4628583788871765
থলি,0.4729553461074829,0.010101010101010102,1.462854336006473
বাপমায়,0.46280795335769653,0.0,1.4628079533576965
ধরেছি,0.4627530574798584,0.0,1.4627530574798584
কায়দ,0.47283935546875,0.010101010101010102,1.46273834536774
গ্রীষ্ম,0.4627208113670349,0.0,1.462720811367035
পুথির,0.4627147316932678,0.0,1.4627147316932678
বিপরীতমুখী,0.46271008253097534,0.0,1.4627100825309753
ক্ষণকাল,0.4727666974067688,0.010101010101010102,1.4626656873057589
ট্যাক্স,0.46262550354003906,0.0,1.462625503540039
এরকমভাবে,0.4626244306564331,0.0,1.462624430656433
জানালা,0.46259379386901855,0.0,1.4625937938690186
আয়োজনে,0.46254873275756836,0.0,1.4625487327575684
সন্তোষজনক,0.4625445604324341,0.0,1.462544560432434
ছিটকিনি,0.46254199743270874,0.0,1.4625419974327087
অর্থ,0.4726058840751648,0.010101010101010102,1.4625048739741549
জু,0.4624598026275635,0.0,1.4624598026275635
হাল্কা,0.46245795488357544,0.0,1.4624579548835754
চোখা,0.46239572763442993,0.0,1.46239572763443
খেল৷,0.46231865882873535,0.0,1.4623186588287354
আপি,0.4622708559036255,0.0,1.4622708559036255
রাজস্থান,0.4622485041618347,0.0,1.4622485041618347
এককণা,0.46222370862960815,0.0,1.4622237086296082
পরিণামে,0.4621921181678772,0.0,1.4621921181678772
খাঁর,0.4621770977973938,0.0,1.4621770977973938
সাহিত্যিক,0.4621543884277344,0.0,1.4621543884277344
নিক,0.46213072538375854,0.0,1.4621307253837585
কপি,0.5037405490875244,0.041666666666666664,1.462073882420858
চেহারা৷,0.46207183599472046,0.0,1.4620718359947205
দুর্ঘটন,0.46206802129745483,0.0,1.4620680212974548
বিভীষণ,0.46202707290649414,0.0,1.4620270729064941
তাপে,0.46199220418930054,0.0,1.4619922041893005
প্ররোচনায়,0.461982786655426,0.0,1.461982786655426
গোলগাল,0.46197956800460815,0.0,1.4619795680046082
মান্ষ,0.46197593212127686,0.0,1.4619759321212769
হামেশা,0.46196746826171875,0.0,1.4619674682617188
ছুএক,0.46193212270736694,0.0,1.461932122707367
ভীরু,0.46192240715026855,0.0,1.4619224071502686
ছাগলে,0.46187251806259155,0.0,1.4618725180625916
শুনেছিল,0.46181297302246094,0.0,1.461812973022461
অনুরোধে,0.4718855619430542,0.010101010101010102,1.4617845518420443
আলে৷,0.4617779850959778,0.0,1.4617779850959778
একছড়া,0.4617258906364441,0.0,1.461725890636444
আঠ,0.4616246819496155,0.0,1.4616246819496155
নিটোল,0.4616202712059021,0.0,1.461620271205902
ভেঙেছিল,0.4615994691848755,0.0,1.4615994691848755
পড়েছি,0.46159303188323975,0.0,1.4615930318832397
বাদলা,0.46158117055892944,0.0,1.4615811705589294
স্বাক্ষর,0.46157020330429077,0.0,1.4615702033042908
বেড়াচ্,0.4615536332130432,0.0,1.4615536332130432
বিলাত,0.4615388512611389,0.0,1.461538851261139
পদার্থ,0.47163015604019165,0.010101010101010102,1.4615291459391817
পাঠিকা,0.46152859926223755,0.0,1.4615285992622375
দুপাশ,0.4615219235420227,0.0,1.4615219235420227
উপকরণ,0.46151870489120483,0.0,1.4615187048912048
কালে৷,0.461489200592041,0.0,1.461489200592041
উৎকৃষ্ট,0.46146297454833984,0.0,1.4614629745483398
ধুধু,0.4715627431869507,0.010101010101010102,1.4614617330859407
দৈনিক,0.46136921644210815,0.0,1.4613692164421082
মুচকি,0.46119368076324463,0.0,1.4611936807632446
বাঁধিয়ে,0.46116089820861816,0.0,1.4611608982086182
টার,0.46115702390670776,0.0,1.4611570239067078
বর্ষাকালে,0.4712563157081604,0.010101010101010102,1.4611553056071505
পাপা,0.46113675832748413,0.0,1.4611367583274841
রান্নাঘথর,0.4611353278160095,0.0,1.4611353278160095
সেথানে,0.47123515605926514,0.010101010101010102,1.4611341459582552
দয়ালু,0.4712302088737488,0.010101010101010102,1.4611291987727388
খুলির,0.4611271619796753,0.0,1.4611271619796753
সিনেমায়,0.47120749950408936,0.010101010101010102,1.4611064894030794
আদমি,0.4610384702682495,0.0,1.4610384702682495
নিষ্ঠুর,0.4610138535499573,0.0,1.4610138535499573
খেজুর,0.471096396446228,0.010101010101010102,1.460995386345218
চালডাল,0.46097612380981445,0.0,1.4609761238098145
ভয়ার্ত,0.46097302436828613,0.0,1.4609730243682861
অমৃতি,0.46092838048934937,0.0,1.4609283804893494
মামলা,0.4609087109565735,0.0,1.4609087109565735
গোড়,0.46081727743148804,0.0,1.460817277431488
টুকটুক,0.46076899766921997,0.0,1.46076899766922
যুব,0.46073204278945923,0.0,1.4607320427894592
ফেরানো,0.4607260227203369,0.0,1.460726022720337
পশ্চিমবঙ্গ,0.460690975189209,0.0,1.460690975189209
করেছিলেন৷,0.4606890082359314,0.0,1.4606890082359314
পৌছানো,0.46068859100341797,0.0,1.460688591003418
হলদে,0.47078871726989746,0.010101010101010102,1.4606877071688875
মিলবে,0.4606804847717285,0.0,1.4606804847717285
ভাষ্য,0.4606577754020691,0.0,1.460657775402069
নিপাত,0.46062690019607544,0.0,1.4606269001960754
চাটি,0.46059316396713257,0.0,1.4605931639671326
অনেকভাবে,0.46058154106140137,0.0,1.4605815410614014
ধ্যানে,0.46057647466659546,0.0,1.4605764746665955
পেট,0.47067397832870483,0.010101010101010102,1.460572968227695
শে,0.46048682928085327,0.0,1.4604868292808533
রেখেছে৷,0.4604758024215698,0.0,1.4604758024215698
অগোচরে,0.46046435832977295,0.0,1.460464358329773
জানোয়ার,0.4604562520980835,0.0,1.4604562520980835
পলিটিক্স,0.4604373574256897,0.0,1.4604373574256897
ছুটোর,0.46043330430984497,0.0,1.460433304309845
পালাল,0.46042823791503906,0.0,1.460428237915039
রইলুম,0.4603721499443054,0.0,1.4603721499443054
কাহিল,0.4603145718574524,0.0,1.4603145718574524
ওম,0.46030622720718384,0.0,1.4603062272071838
দুপা,0.46028703451156616,0.0,1.4602870345115662
সতীর্থ,0.4602696895599365,0.0,1.4602696895599365
একঘেয়ে,0.46026837825775146,0.0,1.4602683782577515
কদাচিৎ,0.46025848388671875,0.0,1.4602584838867188
প্লাস্টিক,0.4602239727973938,0.0,1.4602239727973938
খাও,0.4602150321006775,0.0,1.4602150321006775
শ্রুতিধর,0.46018266677856445,0.0,1.4601826667785645
শিকড়,0.4601662755012512,0.0,1.4601662755012512
অগোছালো,0.4601361155509949,0.0,1.4601361155509949
খুড়,0.46013450622558594,0.0,1.460134506225586
জীবনীশক্তি,0.46012598276138306,0.0,1.460125982761383
গুষ্,0.4601176381111145,0.0,1.4601176381111145
উট,0.4805254340171814,0.02040816326530612,1.4601172707518753
নিষ্ঠ,0.46010512113571167,0.0,1.4601051211357117
বাধব,0.4600808620452881,0.0,1.460080862045288
কদমে,0.46005749702453613,0.0,1.4600574970245361
নবী,0.46003401279449463,0.0,1.4600340127944946
ভারতবর্ষ,0.46001267433166504,0.0,1.460012674331665
নৈশ,0.4599677324295044,0.0,1.4599677324295044
ঢাল,0.4803575277328491,0.02040816326530612,1.459949364467543
অজ্ঞাত,0.45987147092819214,0.0,1.4598714709281921
যুবতী,0.45984452962875366,0.0,1.4598445296287537
অন্তান্ত,0.45979493856430054,0.0,1.4597949385643005
ক্ষতবিক্ষত,0.45978957414627075,0.0,1.4597895741462708
বাড়ুয্য,0.46987056732177734,0.010101010101010102,1.4597695572207674
আতঙ্ক,0.45975375175476074,0.0,1.4597537517547607
হানে,0.45966535806655884,0.0,1.4596653580665588
ধাট,0.4596484303474426,0.0,1.4596484303474426
চোরে,0.45964622497558594,0.0,1.459646224975586
খারিজ,0.45963573455810547,0.0,1.4596357345581055
অভ্যন্তরে,0.45963162183761597,0.0,1.459631621837616
নিঃশবে,0.4596248269081116,0.0,1.4596248269081116
শরীরে,0.45961761474609375,0.0,1.4596176147460938
র্যাঙ্ক,0.45960885286331177,0.0,1.4596088528633118
স্বাদ,0.4595794677734375,0.0,1.4595794677734375
আশ্বস্ত,0.4595685601234436,0.0,1.4595685601234436
ভিক্টোরিয়া,0.45956218242645264,0.0,1.4595621824264526
উঠোন,0.45952486991882324,0.0,1.4595248699188232
গোয়ালে,0.4595060348510742,0.0,1.4595060348510742
অপরাহে,0.4595005512237549,0.0,1.4595005512237549
গাড়ির,0.46958261728286743,0.010101010101010102,1.4594816071818575
পুত,0.459269642829895,0.0,1.459269642829895
টিয়ে,0.4592685103416443,0.0,1.4592685103416443
গাড়িতে,0.45925837755203247,0.0,1.4592583775520325
করলো৷,0.4592559337615967,0.0,1.4592559337615967
দুজনে,0.4591819643974304,0.0,1.4591819643974304
অপবিত্র,0.4591493010520935,0.0,1.4591493010520935
বারাে,0.4795534610748291,0.02040816326530612,1.459145297809523
বারান্দার,0.46923476457595825,0.010101010101010102,1.4591337544749483
অমর,0.45913082361221313,0.0,1.4591308236122131
শুনুন,0.4590882658958435,0.0,1.4590882658958435
গোলক,0.5007125735282898,0.041666666666666664,1.4590459068616233
রসগোল্ল,0.4590145945549011,0.0,1.4590145945549011
উনুন,0.45889127254486084,0.0,1.4588912725448608
ল্যাখাপড়া,0.4588688015937805,0.0,1.4588688015937805
অরুচি,0.458782434463501,0.0,1.458782434463501
কেই,0.45874714851379395,0.0,1.458747148513794
আত্নীয়বন্ধু,0.45873016119003296,0.0,1.458730161190033
শক্তিমান,0.4587075710296631,0.0,1.458707571029663
দুদু,0.4688049554824829,0.010101010101010102,1.458703945381473
ক্রীড়া,0.45869314670562744,0.0,1.4586931467056274
আসামে,0.45868033170700073,0.0,1.4586803317070007
ডাকিয়ে,0.4586353302001953,0.0,1.4586353302001953
ইশারাতেই,0.45860618352890015,0.0,1.4586061835289001
দশেকের,0.4585801362991333,0.0,1.4585801362991333
গো,0.45857948064804077,0.0,1.4585794806480408
চারিধার,0.45855486392974854,0.0,1.4585548639297485
বেড়াব,0.45855414867401123,0.0,1.4585541486740112
দুপাশে,0.45852649211883545,0.0,1.4585264921188354
নাম৷,0.45843613147735596,0.0,1.458436131477356
ফুড়ে,0.4584123492240906,0.0,1.4584123492240906
একর,0.45841139554977417,0.0,1.4584113955497742
মিহি,0.45838648080825806,0.0,1.458386480808258
চাপল,0.4583790898323059,0.0,1.458379089832306
ফ্যাশান,0.4583733081817627,0.0,1.4583733081817627
আশীবাদ,0.45836973190307617,0.0,1.4583697319030762
লোহ,0.4684330224990845,0.010101010101010102,1.4583320123980745
পল্লী,0.45832300186157227,0.0,1.4583230018615723
বিদেশের,0.4684239625930786,0.010101010101010102,1.4583229524920687
বলেছেন৷,0.4582732319831848,0.0,1.4582732319831848
সাজগোজ,0.45825690031051636,0.0,1.4582569003105164
আন্তানা,0.45825672149658203,0.0,1.458256721496582
ঘুমোচ্ছ,0.45824557542800903,0.0,1.458245575428009
বাছাধন,0.4582270383834839,0.0,1.4582270383834839
ভদ্রভাবে,0.45818620920181274,0.0,1.4581862092018127
চাড়,0.4581836462020874,0.0,1.4581836462020874
হাতড়ে,0.46817946434020996,0.010101010101010102,1.4580784542392
সভাসমিতি,0.45805710554122925,0.0,1.4580571055412292
শিকারে,0.4580433964729309,0.0,1.458043396472931
গুপ্তচর,0.45797693729400635,0.0,1.4579769372940063
পারায়,0.45796990394592285,0.0,1.4579699039459229
স্নেহ,0.45796459913253784,0.0,1.4579645991325378
পিঠে,0.4579586386680603,0.0,1.4579586386680603
তুলেছেন,0.4680546522140503,0.010101010101010102,1.4579536421130403
কৃতজ্ঞতা,0.4579232335090637,0.0,1.4579232335090637
প্যালেস্টাইন,0.45790761709213257,0.0,1.4579076170921326
কলরবে,0.45790594816207886,0.0,1.4579059481620789
ইতর,0.4578801989555359,0.0,1.4578801989555359
অবরুদ্ধ,0.4578561782836914,0.0,1.4578561782836914
ষা,0.45781683921813965,0.0,1.4578168392181396
অনুনয়,0.45779770612716675,0.0,1.4577977061271667
রাজনীতি,0.46788495779037476,0.010101010101010102,1.4577839476893648
ন্যাশনাল,0.4576963782310486,0.0,1.4576963782310486
বকা,0.45767688751220703,0.0,1.457676887512207
থালা,0.467743456363678,0.010101010101010102,1.457642446262668
ঠাকুরপো,0.45759284496307373,0.0,1.4575928449630737
মুক্,0.4575788378715515,0.0,1.4575788378715515
শুনছ,0.4575580954551697,0.0,1.4575580954551697
মামাবাড়ি,0.4575498700141907,0.0,1.4575498700141907
পিঁপড়ে,0.4574376344680786,0.0,1.4574376344680786
টুকরে,0.4573972821235657,0.0,1.4573972821235657
অগাধ,0.4573436975479126,0.0,1.4573436975479126
ছোকরা,0.45729976892471313,0.0,1.4572997689247131
সেজন্যে,0.4673985242843628,0.010101010101010102,1.4572975141833528
পড়িত,0.4572591185569763,0.0,1.4572591185569763
মাখিয়ে,0.45725351572036743,0.0,1.4572535157203674
মাত্,0.45722508430480957,0.0,1.4572250843048096
এগোতে,0.45718443393707275,0.0,1.4571844339370728
ফ্রেম,0.4571611285209656,0.0,1.4571611285209656
জানােয়ার,0.4570773243904114,0.0,1.4570773243904114
অচৈতন্য,0.45704859495162964,0.0,1.4570485949516296
ফুটি,0.45704615116119385,0.0,1.4570461511611938
রহি,0.4570239782333374,0.0,1.4570239782333374
দুম,0.45701897144317627,0.0,1.4570189714431763
জনসাধারণের,0.45701682567596436,0.0,1.4570168256759644
পাচ্ছে৷,0.45696717500686646,0.0,1.4569671750068665
দেখানে,0.456942617893219,0.0,1.456942617893219
খাজন,0.4568599462509155,0.0,1.4568599462509155
পথঘাট,0.45683562755584717,0.0,1.4568356275558472
বিংশ,0.45683181285858154,0.0,1.4568318128585815
দেবদেবীর,0.45683151483535767,0.0,1.4568315148353577
রঙবেরঙের,0.4568231701850891,0.0,1.4568231701850891
লেজ,0.46687257289886475,0.010101010101010102,1.4567715627978548
ঠেঁচিয়ে,0.456764817237854,0.0,1.456764817237854
ঢেউয়ে,0.45672231912612915,0.0,1.4567223191261292
বিদ্রুপ,0.45669764280319214,0.0,1.4566976428031921
রুমাল,0.4770570993423462,0.02040816326530612,1.45664893607704
দেখুক,0.4566362500190735,0.0,1.4566362500190735
হিস্‌,0.4566088318824768,0.0,1.4566088318824768
টাঙানো,0.4565396308898926,0.0,1.4565396308898926
ভাগনে,0.4565374255180359,0.0,1.4565374255180359
নির্লজ্জ,0.46661728620529175,0.010101010101010102,1.4565162761042818
সাহায্য,0.45651423931121826,0.0,1.4565142393112183
মাক,0.45651185512542725,0.0,1.4565118551254272
কাটব,0.4564030170440674,0.0,1.4564030170440674
নির্বাচিত,0.4564008116722107,0.0,1.4564008116722107
বিষে,0.4563775062561035,0.0,1.4563775062561035
আলাল,0.45637500286102295,0.0,1.456375002861023
খেয়ালে,0.45628535747528076,0.0,1.4562853574752808
সম্বন্ধে,0.45626670122146606,0.0,1.456266701221466
বেশির,0.47664308547973633,0.02040816326530612,1.4562349222144302
সাবালক,0.45621323585510254,0.0,1.4562132358551025
ভারতবর্ষে,0.4561915993690491,0.0,1.456191599369049
মেয়ে৷,0.45615214109420776,0.0,1.4561521410942078
ডোর,0.4561429023742676,0.0,1.4561429023742676
পাখী,0.45610713958740234,0.0,1.4561071395874023
গোবেচা,0.45610082149505615,0.0,1.4561008214950562
রক্তারক্তি,0.4560948610305786,0.0,1.4560948610305786
নির্বিচারে,0.45609283447265625,0.0,1.4560928344726562
কিনে,0.48701268434524536,0.030927835051546393,1.456084849293699
একশোব,0.4560660123825073,0.0,1.4560660123825073
মারধোর,0.45603489875793457,0.0,1.4560348987579346
মশা,0.4560319781303406,0.0,1.4560319781303406
যাপন,0.4764201045036316,0.02040816326530612,1.4560119412383254
পক্ষীরাজ,0.4560050368309021,0.0,1.456005036830902
অনুষ্ঠানে,0.45599526166915894,0.0,1.455995261669159
কুড়ো,0.45598381757736206,0.0,1.455983817577362
তৃমি,0.4559836983680725,0.0,1.4559836983680725
প্রবাহিত,0.45596927404403687,0.0,1.4559692740440369
লাগে৷,0.4559602737426758,0.0,1.4559602737426758
লুক,0.45593196153640747,0.0,1.4559319615364075
হিসেবের,0.4558400511741638,0.0,1.4558400511741638
নিস্তেজ,0.4658913016319275,0.010101010101010102,1.4557902915309175
ফুটো,0.45577001571655273,0.0,1.4557700157165527
নখদর্পণে,0.4557648301124573,0.0,1.4557648301124573
ছেড়া,0.4557546377182007,0.0,1.4557546377182007
অঙ্গন,0.45571368932724,0.0,1.45571368932724
জাল,0.4657456874847412,0.010101010101010102,1.4556446773837313
বিষণ্ন,0.4556102752685547,0.0,1.4556102752685547
বিশেষভাবে,0.45556432008743286,0.0,1.4555643200874329
প্রমাদ,0.46564382314682007,0.010101010101010102,1.4555428130458101
নির্থাৎ,0.4555283188819885,0.0,1.4555283188819885
গড়গড়া,0.4554765820503235,0.0,1.4554765820503235
করবেন৷,0.45540767908096313,0.0,1.4554076790809631
বিশেষতঃ,0.4553769826889038,0.0,1.4553769826889038
রূপে,0.45536160469055176,0.0,1.4553616046905518
উপস্থিত,0.4553607702255249,0.0,1.455360770225525
আকার,0.45535337924957275,0.0,1.4553533792495728
বিদ্রোহী,0.45532864332199097,0.0,1.455328643321991
ছাড়ি,0.455316424369812,0.0,1.455316424369812
কুড়ির,0.45531022548675537,0.0,1.4553102254867554
কবলে,0.4553041458129883,0.0,1.4553041458129883
উচ্ছসিত,0.4552309513092041,0.0,1.455230951309204
মানুষকে,0.4551987051963806,0.0,1.4551987051963806
কথাক,0.4551670551300049,0.0,1.4551670551300049
আটঘাট,0.45516103506088257,0.0,1.4551610350608826
দেখবি,0.45513808727264404,0.0,1.455138087272644
সাক্ষাত,0.45513617992401123,0.0,1.4551361799240112
এইরূপ,0.45508265495300293,0.0,1.455082654953003
আঁক,0.4651825428009033,0.010101010101010102,1.4550815326998934
ভাবুক,0.4550681710243225,0.0,1.4550681710243225
ডালপালা,0.4550008773803711,0.0,1.455000877380371
খেয়া,0.4549409747123718,0.0,1.4549409747123718
উজাড়,0.4549213647842407,0.0,1.4549213647842407
ছুঁড়ে,0.45487189292907715,0.0,1.4548718929290771
ভালোয়,0.4548441171646118,0.0,1.4548441171646118
ছোটলাট,0.45482540130615234,0.0,1.4548254013061523
দিকে৷,0.48570317029953003,0.030927835051546393,1.4547753352479837
সত্যি৷,0.4547045826911926,0.0,1.4547045826911926
অভিধান,0.4546623229980469,0.0,1.4546623229980469
পত্রিক,0.4647526144981384,0.010101010101010102,1.4546516043971285
ল্যাম্প,0.4546501636505127,0.0,1.4546501636505127
নির্বোধ,0.45463627576828003,0.0,1.45463627576828
শাস্তর,0.4545856714248657,0.0,1.4545856714248657
আফ্রিক,0.47498852014541626,0.02040816326530612,1.4545803568801101
উদাহরণ,0.4545418620109558,0.0,1.4545418620109558
যাহোক,0.454531192779541,0.0,1.454531192779541
মুখে৷,0.45450377464294434,0.0,1.4545037746429443
অজান,0.4545016288757324,0.0,1.4545016288757324
কমিশন,0.4544941186904907,0.0,1.4544941186904907
সর্দি,0.45448118448257446,0.0,1.4544811844825745
পরি,0.45448118448257446,0.0,1.4544811844825745
ঠাল,0.4645649194717407,0.010101010101010102,1.4544639093707308
কৈ,0.4544617533683777,0.0,1.4544617533683777
সুড়ঙ্গ,0.4544615149497986,0.0,1.4544615149497986
মিশ্রণ,0.45444464683532715,0.0,1.4544446468353271
বর্ষা,0.4544258713722229,0.0,1.454425871372223
দিশেহ,0.4645193815231323,0.010101010101010102,1.4544183714221224
অবাক্‌,0.45440566539764404,0.0,1.454405665397644
রাজকন্য,0.45437800884246826,0.0,1.4543780088424683
সমবয়সী,0.4543581008911133,0.0,1.4543581008911133
শেখাবে,0.45435410737991333,0.0,1.4543541073799133
ভাবত,0.454346239566803,0.0,1.454346239566803
ছড়ায়,0.45432132482528687,0.0,1.4543213248252869
বিল্‌,0.45428335666656494,0.0,1.454283356666565
কোনোদি,0.45427781343460083,0.0,1.4542778134346008
গায়,0.4541845917701721,0.0,1.4541845917701721
বিবেকের,0.454153835773468,0.0,1.454153835773468
কভু,0.46425193548202515,0.010101010101010102,1.4541509253810152
কাঁট,0.4541224241256714,0.0,1.4541224241256714
সরোবর,0.45409882068634033,0.0,1.4540988206863403
থনে,0.4540979862213135,0.0,1.4540979862213135
কারখ,0.4540489912033081,0.0,1.454048991203308
এঞ্জিন,0.4540436863899231,0.0,1.454043686389923
সম্ভাবন৷,0.4540388584136963,0.0,1.4540388584136963
অস্তিত্ব,0.4641203284263611,0.010101010101010102,1.4540193183253511
হুজুগ,0.45398104190826416,0.0,1.4539810419082642
রোধ,0.45397692918777466,0.0,1.4539769291877747
বিচি,0.4539484977722168,0.0,1.4539484977722168
জানিয়েছি,0.45392483472824097,0.0,1.453924834728241
ঢুকলো৷,0.4538921117782593,0.0,1.4538921117782593
মণ্ডলীর,0.4538837671279907,0.0,1.4538837671279907
যেদি,0.4538806080818176,0.0,1.4538806080818176
নাইলন,0.4538632035255432,0.0,1.4538632035255432
কলকাতায়,0.4538601040840149,0.0,1.453860104084015
পরিবার,0.4639386534690857,0.010101010101010102,1.4538376433680757
অনুরাগী,0.45383185148239136,0.0,1.4538318514823914
আঙল,0.45381712913513184,0.0,1.4538171291351318
গণ্যমান্য,0.4537675976753235,0.0,1.4537675976753235
সাতেক,0.4537566304206848,0.0,1.4537566304206848
হাড়ির,0.4536603093147278,0.0,1.4536603093147278
দেখিয়েছেন,0.45364969968795776,0.0,1.4536496996879578
তলােয়,0.4536193013191223,0.0,1.4536193013191223
বাঁশ,0.46367716789245605,0.010101010101010102,1.453576157791446
ধরাধরি,0.45351696014404297,0.0,1.453516960144043
বাছবিচ,0.45348626375198364,0.0,1.4534862637519836
কুসুম,0.4534264802932739,0.0,1.453426480293274
দোজ,0.45342308282852173,0.0,1.4534230828285217
মাস্,0.47382521629333496,0.02040816326530612,1.4534170530280288
সোজ,0.45340317487716675,0.0,1.4534031748771667
তৃতীয়,0.4950556755065918,0.041666666666666664,1.4533890088399253
ইউনিফর্ম,0.4533524513244629,0.0,1.453352451324463
তাকা,0.4737468361854553,0.02040816326530612,1.4533386729201492
বিভোর,0.45333707332611084,0.0,1.4533370733261108
শেকল,0.4533352255821228,0.0,1.4533352255821228
উহ,0.47373807430267334,0.02040816326530612,1.4533299110373672
নেমেছেন,0.45327287912368774,0.0,1.4532728791236877
সাগ্রহে,0.453268826007843,0.0,1.453268826007843
প্রকাশিত,0.4532044529914856,0.0,1.4532044529914856
দোরগোড়ায়,0.4531714916229248,0.0,1.4531714916229248
বিভক্ত,0.4531167149543762,0.0,1.4531167149543762
ক্রমে,0.4530767798423767,0.0,1.4530767798423767
ধাক্কায়,0.4530699849128723,0.0,1.4530699849128723
নিভিয়ে,0.45303165912628174,0.0,1.4530316591262817
চন্দ্রশেখর,0.45299631357192993,0.0,1.45299631357193
নেকড়,0.45295655727386475,0.0,1.4529565572738647
দয়ামায়া,0.4529374837875366,0.0,1.4529374837875366
রামকৃষ্ণ,0.45286500453948975,0.0,1.4528650045394897
প্রভাবে,0.4528561234474182,0.0,1.4528561234474182
আগায়,0.46292591094970703,0.010101010101010102,1.452824900848697
চারু,0.4528197646141052,0.0,1.4528197646141052
লাগছিল,0.4528045058250427,0.0,1.4528045058250427
কাঁপ,0.45271730422973633,0.0,1.4527173042297363
নিমিত্ত,0.452689528465271,0.0,1.452689528465271
কাদায়,0.4627165198326111,0.010101010101010102,1.4526155097316011
ক্রিকেটের,0.45260125398635864,0.0,1.4526012539863586
ডগা,0.4525987505912781,0.0,1.452598750591278
লাঘব,0.4525933265686035,0.0,1.4525933265686035
শুভ্র,0.4729810357093811,0.02040816326530612,1.452572872444075
গোঙানি,0.46267300844192505,0.010101010101010102,1.452571998340915
হতাশায়,0.45256996154785156,0.0,1.4525699615478516
গাচ,0.4525635242462158,0.0,1.4525635242462158
নাচ,0.45256203413009644,0.0,1.4525620341300964
বলি৷,0.4525521397590637,0.0,1.4525521397590637
কারে৷,0.45254653692245483,0.0,1.4525465369224548
পাঠিয়েছেন,0.4525459408760071,0.0,1.452545940876007
দড়ি,0.46263766288757324,0.010101010101010102,1.4525366527865633
বিন্দুবিসর্গ,0.46258819103240967,0.010101010101010102,1.4524871809313997
রানা,0.45244866609573364,0.0,1.4524486660957336
পৌরুষ,0.45244306325912476,0.0,1.4524430632591248
বিজ্ঞানী,0.452426016330719,0.0,1.452426016330719
দর্শনে,0.4524235725402832,0.0,1.4524235725402832
নড়লে,0.45240533351898193,0.0,1.452405333518982
তীরে,0.4624772071838379,0.010101010101010102,1.452376197082828
প্রত্যাবর্তন,0.4523735046386719,0.0,1.4523735046386719
শত্রুপক্ষ,0.452287495136261,0.0,1.452287495136261
কেদারায়,0.45225006341934204,0.0,1.452250063419342
ফিরিস্তি,0.452242910861969,0.0,1.452242910861969
মাইনে,0.45223861932754517,0.0,1.4522386193275452
পেনসিল,0.46233415603637695,0.010101010101010102,1.452233145935367
একবিন্দু,0.46228039264678955,0.010101010101010102,1.4521793825457796
ফরেস্ট,0.4521496891975403,0.0,1.4521496891975403
আশ্বাসে,0.45208537578582764,0.0,1.4520853757858276
শোভ,0.45205366611480713,0.0,1.4520536661148071
চাইনি,0.45202529430389404,0.0,1.452025294303894
চিত্,0.4829292893409729,0.030927835051546393,1.4520014542894266
হয়েছিস,0.4519916772842407,0.0,1.4519916772842407
দোলে,0.46209120750427246,0.010101010101010102,1.4519901974032625
সাপ্তাহিক,0.4519588351249695,0.0,1.4519588351249695
বিরুদ্ধে,0.4620260000228882,0.010101010101010102,1.4519249899218782
শূন্যত,0.4518502354621887,0.0,1.4518502354621887
বানর,0.4518176317214966,0.0,1.4518176317214966
বিস্ফোরণ,0.4518165588378906,0.0,1.4518165588378906
সাহায্যে,0.4827287793159485,0.030927835051546393,1.4518009442644022
লক্ষা,0.45178794860839844,0.0,1.4517879486083984
ফেরা,0.4618675708770752,0.010101010101010102,1.4517665607760653
ইংরাজীতে,0.4516802430152893,0.0,1.4516802430152893
জেলখানায়,0.4617612361907959,0.010101010101010102,1.451660226089786
পৌছিয়ে,0.4516146183013916,0.0,1.4516146183013916
ডাল,0.48253875970840454,0.030927835051546393,1.4516109246568583
আড়,0.4514821767807007,0.0,1.4514821767807007
কেবিন,0.45146143436431885,0.0,1.4514614343643188
মইধ্যে,0.46147412061691284,0.010101010101010102,1.451373110515903
মোহে,0.4513700008392334,0.0,1.4513700008392334
সামাল,0.4512614607810974,0.0,1.4512614607810974
গামছা,0.4512448310852051,0.0,1.451244831085205
চায়ে,0.4512161612510681,0.0,1.4512161612510681
পুরুষে,0.4512074589729309,0.0,1.451207458972931
পড়া,0.45120668411254883,0.0,1.4512066841125488
অটল,0.45119917392730713,0.0,1.4511991739273071
বিঘা,0.46128368377685547,0.010101010101010102,1.4511826736758455
পুপুর,0.45117896795272827,0.0,1.4511789679527283
কাঠখড়,0.45114457607269287,0.0,1.4511445760726929
দিদিম,0.45111000537872314,0.0,1.4511100053787231
ফেরার,0.4715036153793335,0.02040816326530612,1.4510954521140274
ব্রাহ্মধর্ম,0.45109283924102783,0.0,1.4510928392410278
কিনেছেন,0.4510682225227356,0.0,1.4510682225227356
চাকুরি,0.4510493874549866,0.0,1.4510493874549866
গলিটা,0.45100730657577515,0.0,1.4510073065757751
পাঞ্জাবী,0.45097869634628296,0.0,1.450978696346283
কোমরবন্ধ,0.4509597420692444,0.0,1.4509597420692444
নেতিয়ে,0.4509592056274414,0.0,1.4509592056274414
শীর্ণ,0.4509419798851013,0.0,1.4509419798851013
আয়া,0.45090991258621216,0.0,1.4509099125862122
দিয়েছি৷,0.45090872049331665,0.0,1.4509087204933167
ধুমধাম,0.4508712887763977,0.0,1.4508712887763977
স্বরে,0.4609405994415283,0.010101010101010102,1.4508395893405184
প্রার্থী,0.4508135914802551,0.0,1.4508135914802551
আইল,0.45081305503845215,0.0,1.4508130550384521
আগ,0.45078885555267334,0.0,1.4507888555526733
পাখ,0.450758695602417,0.0,1.450758695602417
প্রাঙ্গণে,0.45073413848876953,0.0,1.4507341384887695
রামু,0.4507119655609131,0.0,1.450711965560913
রােদ,0.46078604459762573,0.010101010101010102,1.4506850344966158
আঁকা,0.45068466663360596,0.0,1.450684666633606
খাবে৷,0.45064592361450195,0.0,1.450645923614502
আপেল,0.4506271481513977,0.0,1.4506271481513977
সন্ধ্যাবেল,0.4505274295806885,0.0,1.4505274295806885
নিম,0.4505162835121155,0.0,1.4505162835121155
বোধ,0.4504907727241516,0.0,1.4504907727241516
জানােয়,0.4504101872444153,0.0,1.4504101872444153
পেছনে,0.45040208101272583,0.0,1.4504020810127258
ফুক,0.4503917098045349,0.0,1.450391709804535
জাপান,0.4503830671310425,0.0,1.4503830671310425
সেনাবাহিনী,0.45038270950317383,0.0,1.4503827095031738
জিনিসে,0.46042394638061523,0.010101010101010102,1.4503229362796053
তাড়াতাড়ি,0.45031583309173584,0.0,1.4503158330917358
নিশ্চল,0.45030421018600464,0.0,1.4503042101860046
পুরীর,0.450278103351593,0.0,1.450278103351593
চিত্রকর,0.4502753019332886,0.0,1.4502753019332886
ছড়াছড়ি,0.4502515196800232,0.0,1.4502515196800232
ফিরব,0.4502331614494324,0.0,1.4502331614494324
পৌছলে,0.4500407576560974,0.0,1.4500407576560974
দম্পতির,0.45000678300857544,0.0,1.4500067830085754
হাতুড়ির,0.45000338554382324,0.0,1.4500033855438232
শ্রাবণ,0.48090845346450806,0.030927835051546393,1.4499806184129618
প্রতীক্ষ,0.44995397329330444,0.0,1.4499539732933044
সম্মিলিত,0.4499499797821045,0.0,1.4499499797821045
থাকছ,0.44994688034057617,0.0,1.4499468803405762
সিক,0.4600309133529663,0.010101010101010102,1.4499299032519564
চারধারে,0.4498555660247803,0.0,1.4498555660247803
আছিস,0.44984620809555054,0.0,1.4498462080955505
ওড়াতে,0.4599379897117615,0.010101010101010102,1.4498369796107515
ধূসর,0.44981932640075684,0.0,1.4498193264007568
ভাঙ্গে,0.4497862458229065,0.0,1.4497862458229065
তালগাছ,0.44977492094039917,0.0,1.4497749209403992
সোরগোল,0.44976019859313965,0.0,1.4497601985931396
কালীর,0.45982521772384644,0.010101010101010102,1.4497242076228365
অনুমতি,0.44971615076065063,0.0,1.4497161507606506
চাহিদ,0.4497120976448059,0.0,1.449712097644806
বাটি,0.4598127007484436,0.010101010101010102,1.4497116906474337
হাঙ্জ,0.44969087839126587,0.0,1.4496908783912659
ঝোপঝাড়,0.44963109493255615,0.0,1.4496310949325562
কিনারায়,0.44960862398147583,0.0,1.4496086239814758
স্বস্তির,0.4495730996131897,0.0,1.4495730996131897
নেব,0.4596230387687683,0.010101010101010102,1.4495220286677584
তাইলে,0.449462890625,0.0,1.449462890625
উচু,0.4697953462600708,0.02040816326530612,1.4493871829947647
করিয়েছেন,0.44936907291412354,0.0,1.4493690729141235
ফির,0.449332594871521,0.0,1.449332594871521
অবয়ব,0.4492909908294678,0.0,1.4492909908294678
খিল,0.44927746057510376,0.0,1.4492774605751038
বাচলে,0.4492769241333008,0.0,1.4492769241333008
ছুহাত,0.4492107629776001,0.0,1.4492107629776
দলপতি,0.4492086172103882,0.0,1.4492086172103882
ফুটফুটে,0.4492029547691345,0.0,1.4492029547691345
পিস্তল,0.44916290044784546,0.0,1.4491629004478455
বিশ্বাসযোগ্য,0.46955376863479614,0.02040816326530612,1.44914560536949
বেড়ালে,0.4490492343902588,0.0,1.4490492343902588
ক্লান্ত,0.4692841172218323,0.02040816326530612,1.4488759539565261
লঙ্মীকান্ত,0.4488310217857361,0.0,1.448831021785736
চালিয়,0.4487450122833252,0.0,1.4487450122833252
সার্থক,0.44863516092300415,0.0,1.4486351609230042
কী৷,0.44861847162246704,0.0,1.448618471622467
বীরপুরুষ,0.4486147165298462,0.0,1.4486147165298462
আমেরিকায়,0.4689677953720093,0.02040816326530612,1.4485596321067031
টফি,0.44854283332824707,0.0,1.448542833328247
স্টিম,0.44852209091186523,0.0,1.4485220909118652
মাউথ,0.4485124349594116,0.0,1.4485124349594116
ভো,0.44849926233291626,0.0,1.4484992623329163
গেড়,0.44847869873046875,0.0,1.4484786987304688
আঙ্গুলে,0.4484410881996155,0.0,1.4484410881996155
কাটিয়া,0.44841277599334717,0.0,1.4484127759933472
সবুজ,0.47931599617004395,0.030927835051546393,1.4483881611184977
হি,0.49000781774520874,0.041666666666666664,1.4483411510785422
ঝোপ,0.44832730293273926,0.0,1.4483273029327393
বাঁচবে,0.4483007788658142,0.0,1.4483007788658142
মাজী,0.44829535484313965,0.0,1.4482953548431396
ঝিঝি,0.44827646017074585,0.0,1.4482764601707458
অন্তর্গত,0.44822001457214355,0.0,1.4482200145721436
পারেননি,0.44818252325057983,0.0,1.4481825232505798
রোদের,0.44816720485687256,0.0,1.4481672048568726
কার্ল,0.4481353163719177,0.0,1.4481353163719177
রাজধানী,0.4480622410774231,0.0,1.448062241077423
পাঠে,0.44804197549819946,0.0,1.4480419754981995
শিখব,0.4480382800102234,0.0,1.4480382800102234
বলিয়া,0.4479833245277405,0.0,1.4479833245277405
রেঁধে,0.44794976711273193,0.0,1.447949767112732
দীপক,0.4478565454483032,0.0,1.4478565454483032
কম্পিত,0.4579404592514038,0.010101010101010102,1.4478394491503939
শবরীর,0.4478381872177124,0.0,1.4478381872177124
বলিনি,0.4478358030319214,0.0,1.4478358030319214
রুখে,0.44780516624450684,0.0,1.4478051662445068
কাচ,0.457855761051178,0.010101010101010102,1.447754750950168
কূট,0.44774526357650757,0.0,1.4477452635765076
বলুনঃ,0.4477192163467407,0.0,1.4477192163467407
ধূলায়,0.4477088451385498,0.0,1.4477088451385498
উৎসবে,0.4476848840713501,0.0,1.44768488407135
সওয়াল,0.4476763606071472,0.0,1.4476763606071472
খাচ্ছি,0.44764721393585205,0.0,1.447647213935852
গুচ্,0.4476280212402344,0.0,1.4476280212402344
কলিটি,0.4475841522216797,0.0,1.4475841522216797
কোনট,0.4475659132003784,0.0,1.4475659132003784
আজে,0.4576541781425476,0.010101010101010102,1.4475531680415377
পুলিশে,0.4475444555282593,0.0,1.4475444555282593
রাত্তিরবেলা,0.4474860429763794,0.0,1.4474860429763794
ভূমি,0.4474338889122009,0.0,1.447433888912201
ডিরেক্টর,0.4473941922187805,0.0,1.4473941922187805
সোন,0.44738513231277466,0.0,1.4473851323127747
বগি,0.44738465547561646,0.0,1.4473846554756165
লাগছে৷,0.44737184047698975,0.0,1.4473718404769897
বললেনআমার,0.44734907150268555,0.0,1.4473490715026855
বাঁচানো,0.4473400115966797,0.0,1.4473400115966797
কার্বন,0.447326123714447,0.0,1.447326123714447
ঠেঙিয়ে,0.4472659230232239,0.0,1.4472659230232239
অঝোরে,0.44726473093032837,0.0,1.4472647309303284
ডাকাতি,0.44726258516311646,0.0,1.4472625851631165
ফিক,0.4472450613975525,0.0,1.4472450613975525
নে,0.45728379487991333,0.010101010101010102,1.4471827847789034
টেবিল,0.45726650953292847,0.010101010101010102,1.4471654994319185
সরি,0.4471585750579834,0.0,1.4471585750579834
কেক,0.4471427798271179,0.0,1.447142779827118
বাচবে,0.44712626934051514,0.0,1.4471262693405151
নেভানো,0.4470921754837036,0.0,1.4470921754837036
জমিদারির,0.44706231355667114,0.0,1.4470623135566711
ধাঁধ,0.45715296268463135,0.010101010101010102,1.4470519525836214
বাংল,0.4571513533592224,0.010101010101010102,1.4470503432582125
কাটিয়ে,0.4469783902168274,0.0,1.4469783902168274
ছোটা,0.45707887411117554,0.010101010101010102,1.4469778640101656
পয়েন্টে,0.446898877620697,0.0,1.446898877620697
কীচ,0.4468916058540344,0.0,1.4468916058540344
শুধো,0.4468674063682556,0.0,1.4468674063682556
ধড়াস,0.44686436653137207,0.0,1.446864366531372
আসরে,0.46725159883499146,0.02040816326530612,1.4468434355696853
চৌকির,0.4468303322792053,0.0,1.4468303322792053
ইনিই,0.44680774211883545,0.0,1.4468077421188354
বড়দিন,0.44680070877075195,0.0,1.446800708770752
পাচেক,0.45679527521133423,0.010101010101010102,1.4466942651103243
তীব্রতা,0.4466877579689026,0.0,1.4466877579689026
কার্ডে,0.4466046094894409,0.0,1.446604609489441
নম্বরে,0.4465855360031128,0.0,1.4465855360031128
হাটখোলায়,0.4465565085411072,0.0,1.4465565085411072
আতঙ্,0.446525514125824,0.0,1.446525514125824
হাটেবাজারে,0.44649386405944824,0.0,1.4464938640594482
নিবিক,0.4464337229728699,0.0,1.4464337229728699
কাঁদো,0.44641220569610596,0.0,1.446412205696106
বাইনোকুল,0.45647770166397095,0.010101010101010102,1.446376691562961
বাহিনীর,0.4463552236557007,0.0,1.4463552236557007
কাপি,0.44623422622680664,0.0,1.4462342262268066
কাদে,0.4563344717025757,0.010101010101010102,1.4462334616015657
আঁচড়ে,0.4460875391960144,0.0,1.4460875391960144
তাপ,0.44608408212661743,0.0,1.4460840821266174
ভিতরট,0.44606369733810425,0.0,1.4460636973381042
টিলা,0.4561620354652405,0.010101010101010102,1.4460610253642305
চারিধারে,0.4561532735824585,0.010101010101010102,1.4460522634814486
বোস,0.44604814052581787,0.0,1.4460481405258179
হাতখানা,0.44603997468948364,0.0,1.4460399746894836
চারেকের,0.4460234045982361,0.0,1.446023404598236
আত্মহত্য,0.4460213780403137,0.0,1.4460213780403137
গলিয়ে,0.4460147023200989,0.0,1.4460147023200989
রেখা,0.4459589719772339,0.0,1.4459589719772339
আততায়ী,0.44594812393188477,0.0,1.4459481239318848
বিলেতের,0.44591373205184937,0.0,1.4459137320518494
গদির,0.44588881731033325,0.0,1.4458888173103333
অতল,0.45595312118530273,0.010101010101010102,1.4458521110842928
পাগলাটে,0.44583362340927124,0.0,1.4458336234092712
কেন্দ্র,0.44581139087677,0.0,1.44581139087677
টেনশন,0.4457777738571167,0.0,1.4457777738571167
লুটিয়ে,0.45586657524108887,0.010101010101010102,1.445765565140079
পিসির,0.4456821084022522,0.0,1.4456821084022522
খুঁজে,0.45574951171875,0.010101010101010102,1.44564850161774
গুচ্ছ,0.4456389546394348,0.0,1.4456389546394348
ঘনিয়ে,0.44556933641433716,0.0,1.4455693364143372
অনুযোগ,0.4455631971359253,0.0,1.4455631971359253
বায়ে,0.45562416315078735,0.010101010101010102,1.4455231530497774
চিকিৎসায়,0.44547605514526367,0.0,1.4454760551452637
স্বাদে,0.44547295570373535,0.0,1.4454729557037354
হাসব,0.4454382061958313,0.0,1.4454382061958313
দলে,0.44542187452316284,0.0,1.4454218745231628
পরীক্ষায়,0.4555143713951111,0.010101010101010102,1.4454133612941011
হেসেছি,0.4453039765357971,0.0,1.4453039765357971
ঘ্রাণ,0.4452974200248718,0.0,1.4452974200248718
মাঝ,0.45537006855010986,0.010101010101010102,1.4452690584491
মেয়,0.4452410936355591,0.0,1.445241093635559
রান,0.5089523792266846,0.06382978723404255,1.445122591992642
গ্রামেগঞ্জে,0.4450792670249939,0.0,1.445079267024994
পোকা,0.455098032951355,0.010101010101010102,1.444997022850345
ইনস্টিটিউটে,0.44498395919799805,0.0,1.444983959197998
নিচ্ছিল,0.4449712634086609,0.0,1.4449712634086609
ছুষ্ট,0.4449371099472046,0.0,1.4449371099472046
অনুপস্থিত,0.4449121952056885,0.0,1.4449121952056885
ফরোয়ার্ড,0.4448808431625366,0.0,1.4448808431625366
বাচালতা,0.44484943151474,0.0,1.44484943151474
খাওয়ানোর,0.44484007358551025,0.0,1.4448400735855103
একজনকে,0.44483011960983276,0.0,1.4448301196098328
তেপাস্তর,0.4447591304779053,0.0,1.4447591304779053
ভণ্ডুল,0.44475603103637695,0.0,1.444756031036377
যুক্তির,0.44473010301589966,0.0,1.4447301030158997
দশটায়,0.46508264541625977,0.02040816326530612,1.4446744821509536
ইছর,0.44466543197631836,0.0,1.4446654319763184
করিয়৷,0.44466131925582886,0.0,1.4446613192558289
টলটলে,0.4446154236793518,0.0,1.4446154236793518
ততটুকু,0.444560170173645,0.0,1.444560170173645
যন্ত্রপাতি,0.44449424743652344,0.0,1.4444942474365234
পাশবালিশ,0.45458221435546875,0.010101010101010102,1.4444812042544588
একজোড়া,0.4444531798362732,0.0,1.4444531798362732
ডাঙ্গ,0.44444572925567627,0.0,1.4444457292556763
পদবী,0.44441306591033936,0.0,1.4444130659103394
রচনায়,0.4443742632865906,0.0,1.4443742632865906
গেলুম,0.4443507194519043,0.0,1.4443507194519043
কল্পনাতে,0.44434887170791626,0.0,1.4443488717079163
বাবদ,0.44431018829345703,0.0,1.444310188293457
নিও,0.4543831944465637,0.010101010101010102,1.4442821843455538
প্রতিপালন,0.44427716732025146,0.0,1.4442771673202515
পাবো,0.444266676902771,0.0,1.444266676902771
বিবৃতি,0.444247841835022,0.0,1.444247841835022
প্রতিকার,0.4442363381385803,0.0,1.4442363381385803
সমৃদ্ধির,0.4442358613014221,0.0,1.4442358613014221
গুহা,0.4646110534667969,0.02040816326530612,1.4442028902014907
গোলাপি,0.44415634870529175,0.0,1.4441563487052917
চীফ,0.44413018226623535,0.0,1.4441301822662354
হিচড়ে,0.44411230087280273,0.0,1.4441123008728027
সরিয়ে,0.44409382343292236,0.0,1.4440938234329224
লাইব্রেরি,0.44405949115753174,0.0,1.4440594911575317
বৃত্তি,0.4440346956253052,0.0,1.4440346956253052
কান্তিক,0.44400131702423096,0.0,1.444001317024231
তামাশা,0.44399136304855347,0.0,1.4439913630485535
খাওয়ায়,0.443980872631073,0.0,1.443980872631073
সমুদ্রগর্ভে,0.44397562742233276,0.0,1.4439756274223328
গাছপাল,0.4439515471458435,0.0,1.4439515471458435
খুকি,0.4439477324485779,0.0,1.4439477324485779
জুতোর,0.4439321756362915,0.0,1.4439321756362915
ভাসছিল,0.4439259171485901,0.0,1.44392591714859
মঞ্জিল,0.4439123868942261,0.0,1.443912386894226
খাল,0.45399540662765503,0.010101010101010102,1.443894396526645
ঘুরি,0.44384461641311646,0.0,1.4438446164131165
ক্যানারি,0.4539313316345215,0.010101010101010102,1.4438303215335115
কল্পনায়,0.4438213109970093,0.0,1.4438213109970093
দাদা,0.4437897205352783,0.0,1.4437897205352783
চাইছিল,0.4437633156776428,0.0,1.4437633156776428
ছটোর,0.4436963200569153,0.0,1.4436963200569153
বেঘোরে,0.4436953067779541,0.0,1.443695306777954
গাইয়ে,0.44367045164108276,0.0,1.4436704516410828
নিশাচর,0.4436511993408203,0.0,1.4436511993408203
প্রার্থনায়,0.44364237785339355,0.0,1.4436423778533936
অসহযোগ,0.4536994695663452,0.010101010101010102,1.4435984594653353
রওন৷,0.44356483221054077,0.0,1.4435648322105408
অসামান্য,0.4435642957687378,0.0,1.4435642957687378
রকমভাবে,0.4435245394706726,0.0,1.4435245394706726
বেড,0.4434927701950073,0.0,1.4434927701950073
মাথাট,0.4434763193130493,0.0,1.4434763193130493
লাজুক,0.4434661865234375,0.0,1.4434661865234375
মুচড়ে,0.45356422662734985,0.010101010101010102,1.44346321652634
পাওনা,0.443453311920166,0.0,1.443453311920166
চারশো,0.4434501528739929,0.0,1.443450152873993
পড়াশুনা,0.44340652227401733,0.0,1.4434065222740173
পেন্নাম,0.44340091943740845,0.0,1.4434009194374084
চৌকাঠে,0.4432544708251953,0.0,1.4432544708251953
বিরক্তিকর,0.44323045015335083,0.0,1.4432304501533508
দাড়িগৌফ,0.4432150721549988,0.0,1.4432150721549988
ব্যাধি,0.4533117413520813,0.010101010101010102,1.4432107312510714
কাশির,0.443206787109375,0.0,1.443206787109375
আসি,0.4431037902832031,0.0,1.4431037902832031
তুলত,0.44307124614715576,0.0,1.4430712461471558
চোঙা,0.4430668354034424,0.0,1.4430668354034424
ছাপাখানায়,0.45315468311309814,0.010101010101010102,1.4430536730120882
ছাপা,0.45314162969589233,0.010101010101010102,1.4430406195948824
অস্বস্তিকর,0.45309603214263916,0.010101010101010102,1.4429950220416292
টাটকা,0.4530842900276184,0.010101010101010102,1.4429832799266085
মারতে,0.4429236650466919,0.0,1.442923665046692
গ্ভাখ,0.4428853988647461,0.0,1.442885398864746
শাস্তির,0.44287097454071045,0.0,1.4428709745407104
সব্বোনাশ,0.44286662340164185,0.0,1.4428666234016418
টাইগ,0.44286423921585083,0.0,1.4428642392158508
নিরাপত্তা,0.4428408741950989,0.0,1.4428408741950989
কানপুরে,0.44283920526504517,0.0,1.4428392052650452
শাসিয়ে,0.4426742196083069,0.0,1.4426742196083069
বাবাঃ,0.4426616430282593,0.0,1.4426616430282593
ফুরুৎ,0.4426059126853943,0.0,1.4426059126853943
গঞ্জে,0.44254791736602783,0.0,1.4425479173660278
ওপরক,0.44253021478652954,0.0,1.4425302147865295
রসাতলে,0.44250714778900146,0.0,1.4425071477890015
খাজনা,0.4424743056297302,0.0,1.4424743056297302
বিস্তর,0.44244885444641113,0.0,1.4424488544464111
শেখেনি,0.44236600399017334,0.0,1.4423660039901733
পশ্চিমী,0.4523559808731079,0.010101010101010102,1.442254970772098
মেঘ,0.4626568555831909,0.02040816326530612,1.4422486923178848
পোষা,0.442202091217041,0.0,1.442202091217041
চামড়ায়,0.4421975016593933,0.0,1.4421975016593933
কবিতায়,0.4421692490577698,0.0,1.4421692490577698
আসি৷,0.45226502418518066,0.010101010101010102,1.4421640140841707
গণিত,0.4421110153198242,0.0,1.4421110153198242
কয়েকজন,0.44207316637039185,0.0,1.4420731663703918
হয়েছো,0.44199371337890625,0.0,1.4419937133789062
বিষয়ে,0.4520342946052551,0.010101010101010102,1.4419332845042452
ঠাণ্ড,0.4419206976890564,0.0,1.4419206976890564
সমসাময়িক,0.44188350439071655,0.0,1.4418835043907166
অমনি,0.4519781470298767,0.010101010101010102,1.4418771369288668
শ্যাম,0.4418427348136902,0.0,1.4418427348136902
মন্তব্যে,0.44180828332901,0.0,1.44180828332901
পাবে,0.45187926292419434,0.010101010101010102,1.4417782528231844
প্যাকিং,0.4417603611946106,0.0,1.4417603611946106
দিলো৷,0.44174355268478394,0.0,1.441743552684784
সংগীত,0.4417240619659424,0.0,1.4417240619659424
ইংরাজিতে,0.451793909072876,0.010101010101010102,1.441692898971866
পৌছতে,0.4416213631629944,0.0,1.4416213631629944
ভালোর,0.4415813684463501,0.0,1.44158136844635
আইনকানুন,0.44152987003326416,0.0,1.4415298700332642
খুললো,0.44151413440704346,0.0,1.4415141344070435
প্রেরণ,0.4414554238319397,0.0,1.4414554238319397
কেঁদেকেটে,0.4414539933204651,0.0,1.441453993320465
গ্রামাঞ্চলে,0.44144219160079956,0.0,1.4414421916007996
মুসলমান,0.4515199661254883,0.010101010101010102,1.4414189560244783
মাঝরাত্রে,0.44137513637542725,0.0,1.4413751363754272
পাড়,0.4514559507369995,0.010101010101010102,1.4413549406359896
মজুত,0.4413328766822815,0.0,1.4413328766822815
প্ল্যান,0.4413185715675354,0.0,1.4413185715675354
শ্যামল,0.44126397371292114,0.0,1.4412639737129211
চালাচা,0.44121962785720825,0.0,1.4412196278572083
বসাক,0.441161572933197,0.0,1.441161572933197
খুঁড়ে,0.4411437511444092,0.0,1.4411437511444092
ভেতরে,0.4410562515258789,0.0,1.441056251525879
সতীত্ব,0.4410223364830017,0.0,1.4410223364830017
থাম,0.44101691246032715,0.0,1.4410169124603271
প্রহরে,0.4409934878349304,0.0,1.4409934878349304
কামড়ে,0.44097447395324707,0.0,1.440974473953247
মর্মে,0.44095462560653687,0.0,1.4409546256065369
শার,0.44093096256256104,0.0,1.440930962562561
পশ্চিমা,0.44089365005493164,0.0,1.4408936500549316
মুড়িয়ে,0.44087427854537964,0.0,1.4408742785453796
ভাঙিয়ে,0.44086307287216187,0.0,1.4408630728721619
এসেছিস,0.44079679250717163,0.0,1.4407967925071716
শিখর,0.4407147765159607,0.0,1.4407147765159607
ব্যবস্থায়,0.44070446491241455,0.0,1.4407044649124146
বিপিন,0.44067567586898804,0.0,1.440675675868988
আমোদ,0.44056183099746704,0.0,1.440561830997467
এঞ্জেল,0.44054079055786133,0.0,1.4405407905578613
দুফুট,0.4405311942100525,0.0,1.4405311942100525
এলো৷,0.45052725076675415,0.010101010101010102,1.4404262406657442
সেবাদাসী,0.44039952754974365,0.0,1.4403995275497437
মোহ,0.440357506275177,0.0,1.440357506275177
লিচু,0.440329909324646,0.0,1.440329909324646
জাকিয়ে,0.440324068069458,0.0,1.440324068069458
অন্দর,0.45037877559661865,0.010101010101010102,1.4402777654956087
বোঝাল,0.44025880098342896,0.0,1.440258800983429
গিরির,0.4402075409889221,0.0,1.4402075409889221
আসছি৷,0.4402039051055908,0.0,1.4402039051055908
লোকের৷,0.44019705057144165,0.0,1.4401970505714417
যীর,0.44016319513320923,0.0,1.4401631951332092
শিকারীর,0.44013041257858276,0.0,1.4401304125785828
পুরুষমানুষ,0.4400804042816162,0.0,1.4400804042816162
রাণীম,0.44005143642425537,0.0,1.4400514364242554
গুরুর,0.45010584592819214,0.010101010101010102,1.4400048358271822
আকাশে,0.4603756070137024,0.02040816326530612,1.4399674437483962
ছুটো৷,0.4398617148399353,0.0,1.4398617148399353
অল্পবয়সী,0.4398471713066101,0.0,1.43984717130661
অত,0.43984371423721313,0.0,1.4398437142372131
সফরে,0.4499431252479553,0.010101010101010102,1.4398421151469454
টিপটিপ,0.4601786732673645,0.02040816326530612,1.4397705100020584
অসময়,0.43972015380859375,0.0,1.4397201538085938
ভালোবেস,0.4397057890892029,0.0,1.4397057890892029
প্রত্যাশায়,0.43963193893432617,0.0,1.4396319389343262
বীধা,0.43956679105758667,0.0,1.4395667910575867
ভূল,0.4599512219429016,0.02040816326530612,1.4395430586775955
নারকেল,0.4394831657409668,0.0,1.4394831657409668
হাউমাউ,0.43946391344070435,0.0,1.4394639134407043
ফুটে,0.4394484758377075,0.0,1.4394484758377075
উইপোক,0.4394382834434509,0.0,1.439438283443451
হেলায়,0.43938517570495605,0.0,1.439385175704956
পূর্ণিম,0.43933677673339844,0.0,1.4393367767333984
বৈঠ,0.43933290243148804,0.0,1.439332902431488
আড়চোখে,0.43930429220199585,0.0,1.4393042922019958
শাড়ি,0.4702306389808655,0.030927835051546393,1.4393028039293192
জিব,0.43925899267196655,0.0,1.4392589926719666
অধিকারীর,0.439241886138916,0.0,1.439241886138916
প্রভাকর,0.4493246078491211,0.010101010101010102,1.4392235977481111
বদ্ধু,0.4390946626663208,0.0,1.4390946626663208
ঘুরেফিরে,0.4390713572502136,0.0,1.4390713572502136
খাটিয়া,0.43899935483932495,0.0,1.438999354839325
স্থরে,0.4593721032142639,0.02040816326530612,1.4389639399489578
সাবলীল,0.4389592409133911,0.0,1.4389592409133911
মু,0.4389570951461792,0.0,1.4389570951461792
বন্যায়,0.43895047903060913,0.0,1.4389504790306091
বেলুন,0.4490389823913574,0.010101010101010102,1.4389379722903475
চারে,0.4389198422431946,0.0,1.4389198422431946
অবিশ্তি,0.43891310691833496,0.0,1.438913106918335
গুত,0.438912570476532,0.0,1.438912570476532
বেশীর,0.43885689973831177,0.0,1.4388568997383118
শিখা,0.4388192892074585,0.0,1.4388192892074585
হাততা,0.4388050436973572,0.0,1.4388050436973572
এথেন্স,0.43876218795776367,0.0,1.4387621879577637
ঠিকরে,0.4387596845626831,0.0,1.438759684562683
ইনিয়ে,0.4488515257835388,0.010101010101010102,1.4387505156825289
দুশো,0.43873924016952515,0.0,1.4387392401695251
আঁচে,0.43872755765914917,0.0,1.4387275576591492
চোথ,0.44880354404449463,0.010101010101010102,1.4387025339434847
উথলে,0.438697874546051,0.0,1.438697874546051
বাধল,0.43865877389907837,0.0,1.4386587738990784
ধ্বংসাবশেষ,0.45904213190078735,0.02040816326530612,1.4386339686354812
ম্যাপে,0.43861067295074463,0.0,1.4386106729507446
হেরি,0.43856626749038696,0.0,1.438566267490387
বসাল,0.43855828046798706,0.0,1.438558280467987
নিঃসঙ্গ,0.4385245442390442,0.0,1.4385245442390442
উচ্চস্বরে,0.438507616519928,0.0,1.438507616519928
লিখছিল,0.43834465742111206,0.0,1.438344657421112
ছেঁড়া,0.4383035898208618,0.0,1.4383035898208618
সূর্যোদয়,0.4382820129394531,0.0,1.4382820129394531
বেচারা,0.43828046321868896,0.0,1.438280463218689
ছাওয়া,0.4382689595222473,0.0,1.4382689595222473
হটা,0.4382127523422241,0.0,1.4382127523422241
ঝড়ে,0.45851045846939087,0.02040816326530612,1.4381022952040847
আমুদে,0.4380583167076111,0.0,1.438058316707611
ক্লার্ক,0.4481433033943176,0.010101010101010102,1.4380422932933077
যাও,0.4481155276298523,0.010101010101010102,1.4380145175288424
নির্ধাৎ,0.4379933476448059,0.0,1.437993347644806
উচ্ছল,0.4379258155822754,0.0,1.4379258155822754
অগ্রগতি,0.44801419973373413,0.010101010101010102,1.4379131896327242
পৌছব,0.4378960132598877,0.0,1.4378960132598877
স্বিধ,0.43789082765579224,0.0,1.4378908276557922
দেখিচি,0.43786782026290894,0.0,1.437867820262909
বানাল,0.43786484003067017,0.0,1.4378648400306702
মুখমণ্ডল,0.4378621578216553,0.0,1.4378621578216553
চৈত্র,0.4795287251472473,0.041666666666666664,1.4378620584805808
অন্ধক,0.46872830390930176,0.030927835051546393,1.4378004688577555
শঙ্কু,0.4582054615020752,0.02040816326530612,1.437797298236769
বিকৃত,0.437744140625,0.0,1.437744140625
চীনা,0.4377095103263855,0.0,1.4377095103263855
মুষড়ে,0.4376734495162964,0.0,1.4376734495162964
মাখ,0.4376571774482727,0.0,1.4376571774482727
বেমালুম,0.43765419721603394,0.0,1.437654197216034
মিটা,0.4477551579475403,0.010101010101010102,1.4376541478465303
পশলা,0.43759685754776,0.0,1.43759685754776
উপসর্গ,0.4375750422477722,0.0,1.4375750422477722
ভুলিয়া,0.4375070333480835,0.0,1.4375070333480835
খানেকের,0.4375031590461731,0.0,1.437503159046173
অধ্যক্ষ,0.4374745488166809,0.0,1.437474548816681
বিজ্ঞান,0.468345046043396,0.030927835051546393,1.4374172109918497
জোনাকির,0.4374130368232727,0.0,1.4374130368232727
নীরস,0.437383234500885,0.0,1.437383234500885
জাগল,0.4373801350593567,0.0,1.4373801350593567
অপলক,0.43736642599105835,0.0,1.4373664259910583
পারিবে,0.4373636245727539,0.0,1.437363624572754
আরবি,0.4373077154159546,0.0,1.4373077154159546
খিড়কির,0.4473921060562134,0.010101010101010102,1.4372910959552034
ফ্যাকাশে,0.4372881054878235,0.0,1.4372881054878235
চেয়েছেন,0.4372780919075012,0.0,1.4372780919075012
ডিন,0.44734448194503784,0.010101010101010102,1.437243471844028
বিচরণ,0.4371802806854248,0.0,1.4371802806854248
কিনবে,0.43716734647750854,0.0,1.4371673464775085
আধু,0.4371412992477417,0.0,1.4371412992477417
জেত,0.46799927949905396,0.030927835051546393,1.4370714444475077
পরিজন,0.43706637620925903,0.0,1.437066376209259
অগণিত,0.43705135583877563,0.0,1.4370513558387756
গছিয়ে,0.4369838237762451,0.0,1.4369838237762451
অহেতুক,0.43693244457244873,0.0,1.4369324445724487
ঝালাপালা,0.44689565896987915,0.010101010101010102,1.4367946488688692
নামছ,0.43678104877471924,0.0,1.4367810487747192
বাঝ,0.43677234649658203,0.0,1.436772346496582
শেষটায়,0.43675684928894043,0.0,1.4367568492889404
হিন্দুধর্ম,0.44682592153549194,0.010101010101010102,1.436724911434482
রান্নাঘথরে,0.4367145299911499,0.0,1.43671452999115
ছুধ,0.4366787075996399,0.0,1.43667870759964
মেরেছিল,0.43662893772125244,0.0,1.4366289377212524
গাথ,0.43656325340270996,0.0,1.43656325340271
ছুম,0.4466632008552551,0.010101010101010102,1.4365621907542452
দণ্ডমুণ্ড,0.4365609884262085,0.0,1.4365609884262085
মশাইকে,0.4365376830101013,0.0,1.4365376830101013
গুঁড়িয়ে,0.4364774823188782,0.0,1.4364774823188782
চতুর্থ,0.5002997517585754,0.06382978723404255,1.436469964524533
ফুলকি,0.4364646077156067,0.0,1.4364646077156067
ফৌস,0.4364585280418396,0.0,1.4364585280418396
অবিশ্,0.4364522099494934,0.0,1.4364522099494934
গাজন,0.4364175796508789,0.0,1.436417579650879
অপরিসীম,0.4363807439804077,0.0,1.4363807439804077
নিষ্ঠা,0.43637722730636597,0.0,1.436377227306366
শোনাবে,0.43633848428726196,0.0,1.436338484287262
হরির,0.4363083243370056,0.0,1.4363083243370056
একতল,0.43629515171051025,0.0,1.4362951517105103
রাজত্বে,0.4362841844558716,0.0,1.4362841844558716
হিন্দুস্থানি,0.43628042936325073,0.0,1.4362804293632507
ঘের,0.4463353157043457,0.010101010101010102,1.4362343056033358
রেলপথ,0.43623173236846924,0.0,1.4362317323684692
টুকিটাকি,0.4362095594406128,0.0,1.4362095594406128
হটিয়ে,0.43619585037231445,0.0,1.4361958503723145
ঘায়,0.4361957311630249,0.0,1.436195731163025
ঝাঁক,0.4565522074699402,0.02040816326530612,1.436144044204634
হেসেছিল,0.4361342787742615,0.0,1.4361342787742615
বাহারি,0.436037540435791,0.0,1.436037540435791
অক্ষমতা,0.43598687648773193,0.0,1.435986876487732
রাতছুপুরে,0.43595558404922485,0.0,1.4359555840492249
ছেলেমানুষের,0.4359405040740967,0.0,1.4359405040740967
স্বার্থ,0.43590301275253296,0.0,1.435903012752533
ছাড়ো,0.4358590245246887,0.0,1.4358590245246887
গারদে,0.435854434967041,0.0,1.435854434967041
বুকট,0.43582457304000854,0.0,1.4358245730400085
মদি,0.43582338094711304,0.0,1.435823380947113
চীৎক,0.4459194540977478,0.010101010101010102,1.4358184439967379
রই,0.44582951068878174,0.010101010101010102,1.4357285005877718
মেঘের,0.43570923805236816,0.0,1.4357092380523682
থি,0.4356966018676758,0.0,1.4356966018676758
মনঃসংযোগ,0.4356926679611206,0.0,1.4356926679611206
চটা,0.4356735944747925,0.0,1.4356735944747925
ইউনিভার্সিটি,0.43561094999313354,0.0,1.4356109499931335
অঢেল,0.4355783462524414,0.0,1.4355783462524414
চোখমুখ,0.4355620741844177,0.0,1.4355620741844177
আনিয়া,0.4355490207672119,0.0,1.435549020767212
গিয়ে৷,0.4355478286743164,0.0,1.4355478286743164
দ্যাথ,0.4355134963989258,0.0,1.4355134963989258
ধার,0.4455875754356384,0.010101010101010102,1.4354865653346285
অয়েল,0.44555068016052246,0.010101010101010102,1.4354496700595125
কবিত্ব,0.4454806447029114,0.010101010101010102,1.4353796346019014
মাদল,0.4353758692741394,0.0,1.4353758692741394
জাতিসংঘ,0.44540590047836304,0.010101010101010102,1.435304890377353
বৈঠকখ,0.4352940320968628,0.0,1.4352940320968628
মারলো,0.435285747051239,0.0,1.435285747051239
বেড়িয়,0.43527936935424805,0.0,1.435279369354248
সীমায়,0.4352603554725647,0.0,1.4352603554725647
পড়িনি,0.4352560043334961,0.0,1.435256004333496
চকিত,0.43521052598953247,0.0,1.4352105259895325
গোটানো,0.4351935386657715,0.0,1.4351935386657715
বোকামি,0.4351928234100342,0.0,1.4351928234100342
নাচবে,0.435192346572876,0.0,1.435192346572876
মিত,0.4351808428764343,0.0,1.4351808428764343
ছিমছাম,0.4351600408554077,0.0,1.4351600408554077
বিবেচন,0.43515485525131226,0.0,1.4351548552513123
থাক৷,0.44524216651916504,0.010101010101010102,1.435141156418155
নামানো,0.4351203441619873,0.0,1.4351203441619873
ছই,0.43511003255844116,0.0,1.4351100325584412
অঘটন,0.43510377407073975,0.0,1.4351037740707397
আন্দোলনে,0.43499404191970825,0.0,1.4349940419197083
মাসিমা,0.434972882270813,0.0,1.434972882270813
গুলোর,0.43496769666671753,0.0,1.4349676966667175
পড়েছো,0.43494629859924316,0.0,1.4349462985992432
বেঞ্চি,0.4348904490470886,0.0,1.4348904490470886
জালিয়ে,0.43480384349823,0.0,1.43480384349823
অবস্থায়,0.4347460865974426,0.0,1.4347460865974426
কুয়াশায়,0.4347432255744934,0.0,1.4347432255744934
বাহু,0.4347425103187561,0.0,1.434742510318756
ফ্যাট,0.4346916079521179,0.0,1.434691607952118
টুকরে৷,0.4346863627433777,0.0,1.4346863627433777
কোনোরূপ,0.43467432260513306,0.0,1.434674322605133
অপ্রিয়,0.43467384576797485,0.0,1.4346738457679749
খোপ,0.4346698522567749,0.0,1.434669852256775
উপনিবেশের,0.43466615676879883,0.0,1.4346661567687988
রােজগ,0.43466365337371826,0.0,1.4346636533737183
লিখলে,0.4447419047355652,0.010101010101010102,1.4346408946345552
গর্বিত,0.44474154710769653,0.010101010101010102,1.4346405370066866
ঘোড়দৌড়,0.4346187114715576,0.0,1.4346187114715576
মোর,0.44456857442855835,0.010101010101010102,1.4344675643275484
আকুতি,0.4344342350959778,0.0,1.4344342350959778
পাচ্ছিল,0.43443387746810913,0.0,1.4344338774681091
আতর,0.43439483642578125,0.0,1.4343948364257812
গতরে,0.43428629636764526,0.0,1.4342862963676453
ন্যায়,0.4342588186264038,0.0,1.4342588186264038
বিজ,0.4342392086982727,0.0,1.4342392086982727
চমকা,0.4342290759086609,0.0,1.4342290759086609
ঝুপ,0.4342210292816162,0.0,1.4342210292816162
গুঁড়ি,0.4342166781425476,0.0,1.4342166781425476
পথটুকু,0.43413370847702026,0.0,1.4341337084770203
ভাবখানা,0.43410515785217285,0.0,1.4341051578521729
খুঁজছি,0.4339882731437683,0.0,1.4339882731437683
শ্ৰেণীর,0.4339648485183716,0.0,1.4339648485183716
গৌফ,0.4339010715484619,0.0,1.433901071548462
বেরুলো,0.4338610768318176,0.0,1.4338610768318176
দ্বিতীয়,0.44387102127075195,0.010101010101010102,1.433770011169742
মিনমিন,0.4337320327758789,0.0,1.433732032775879
অসুস্থত,0.4336085915565491,0.0,1.433608591556549
পয়সাকড়ি,0.43360602855682373,0.0,1.4336060285568237
থায়,0.43358635902404785,0.0,1.4335863590240479
জবাফুল,0.4334602952003479,0.0,1.433460295200348
ফেরৎ,0.43341994285583496,0.0,1.433419942855835
দিও,0.4435112476348877,0.010101010101010102,1.4334102375338778
কবুতর,0.43333661556243896,0.0,1.433336615562439
খেলব,0.4333314895629883,0.0,1.4333314895629883
রেজিমেন্ট,0.43331652879714966,0.0,1.4333165287971497
বাওয়া,0.4332437515258789,0.0,1.433243751525879
ঘোলাটে,0.4331604838371277,0.0,1.4331604838371277
তিব্বত,0.4331153631210327,0.0,1.4331153631210327
গজিয়,0.4330459237098694,0.0,1.4330459237098694
ব্যাপার৷,0.43294477462768555,0.0,1.4329447746276855
লালা,0.43293094635009766,0.0,1.4329309463500977
খানদান,0.4329167604446411,0.0,1.4329167604446411
চলমান,0.43289244174957275,0.0,1.4328924417495728
আকৃতি,0.44296151399612427,0.010101010101010102,1.4328605038951143
সংযোগ,0.4328552484512329,0.0,1.432855248451233
রাঙা,0.43284720182418823,0.0,1.4328472018241882
খোলামেলা,0.4328300952911377,0.0,1.4328300952911377
এগোলে,0.4327472448348999,0.0,1.4327472448349
ঘুণাক্ষরে,0.4326677918434143,0.0,1.4326677918434143
সাহস,0.44270944595336914,0.010101010101010102,1.4326084358523592
বাধানে,0.4325915575027466,0.0,1.4325915575027466
দয়ে,0.43258345127105713,0.0,1.4325834512710571
বাষ্প,0.4325822591781616,0.0,1.4325822591781616
কাটা,0.4325619339942932,0.0,1.4325619339942932
ছোট্ট,0.4529199004173279,0.02040816326530612,1.4325117371520217
সায়েন্স,0.4324941635131836,0.0,1.4324941635131836
ছুটে৷,0.43249404430389404,0.0,1.432494044303894
যেদিক,0.4324868321418762,0.0,1.4324868321418762
সিন্দুক,0.4324794411659241,0.0,1.432479441165924
নিরাময়,0.43247485160827637,0.0,1.4324748516082764
বললকি,0.43247294425964355,0.0,1.4324729442596436
চালচলন,0.4324524998664856,0.0,1.4324524998664856
জাগ,0.44252920150756836,0.010101010101010102,1.4324281914065584
খুলেছিল,0.43240803480148315,0.0,1.4324080348014832
চিড়ে,0.4324039816856384,0.0,1.4324039816856384
অলসভাবে,0.4323837161064148,0.0,1.4323837161064148
তােম,0.4323554039001465,0.0,1.4323554039001465
অমায়িক,0.43232232332229614,0.0,1.4323223233222961
আনো,0.43227094411849976,0.0,1.4322709441184998
নির্মলেন্দু,0.45267820358276367,0.02040816326530612,1.4322700403174575
কূল,0.432248592376709,0.0,1.432248592376709
কিত,0.43222254514694214,0.0,1.4322225451469421
মাসে,0.4631345868110657,0.030927835051546393,1.4322067517595194
কলমে,0.43218737840652466,0.0,1.4321873784065247
ভালোমন্দ,0.4321678876876831,0.0,1.432167887687683
পুজ,0.4321209788322449,0.0,1.4321209788322449
কসুর,0.4321019649505615,0.0,1.4321019649505615
মিলন,0.4320693612098694,0.0,1.4320693612098694
পুরস্ক,0.4524768590927124,0.02040816326530612,1.4320686958274063
তােমর৷,0.4320065379142761,0.0,1.4320065379142761
মোয়া,0.43195992708206177,0.0,1.4319599270820618
মেনি,0.4319543242454529,0.0,1.4319543242454529
চটি,0.4319489598274231,0.0,1.431948959827423
মামে,0.4319257140159607,0.0,1.4319257140159607
ম্যালেরিয়া,0.4318279027938843,0.0,1.4318279027938843
সামঞ্জস্য,0.43177616596221924,0.0,1.4317761659622192
ধারণার,0.43174487352371216,0.0,1.4317448735237122
নেমন্তন্ন,0.43168777227401733,0.0,1.4316877722740173
প্রাচীনকালে,0.4316753149032593,0.0,1.4316753149032593
বসুন,0.4316312074661255,0.0,1.4316312074661255
পাচশো,0.4417318105697632,0.010101010101010102,1.4316308004687532
লুচি,0.43155401945114136,0.0,1.4315540194511414
পৌছে,0.43154025077819824,0.0,1.4315402507781982
নিমেষের,0.4315217137336731,0.0,1.431521713733673
একটুকরো,0.4315202236175537,0.0,1.4315202236175537
লম্মী,0.4314967393875122,0.0,1.4314967393875122
পলা,0.43147218227386475,0.0,1.4314721822738647
সম্মানিত,0.43135905265808105,0.0,1.431359052658081
সকালবেলায়,0.43131768703460693,0.0,1.431317687034607
পুঁত,0.4313092827796936,0.0,1.4313092827796936
লেশমাত্র,0.4312968850135803,0.0,1.4312968850135803
একপাশ,0.43128693103790283,0.0,1.4312869310379028
অস্ভুত,0.4311984181404114,0.0,1.4311984181404114
ধ্বসে,0.43118542432785034,0.0,1.4311854243278503
জেলখানা,0.43114787340164185,0.0,1.4311478734016418
কাগজখানি,0.4310760498046875,0.0,1.4310760498046875
জামাইবাবুর,0.43105125427246094,0.0,1.431051254272461
মাদ্রাজে,0.4310033917427063,0.0,1.4310033917427063
চা,0.44098567962646484,0.010101010101010102,1.430884669525455
নিশ্চিহ্ন,0.4308803677558899,0.0,1.43088036775589
সুর্য,0.43085795640945435,0.0,1.4308579564094543
হলুদ,0.44095855951309204,0.010101010101010102,1.430857549412082
বড়জোর,0.43079113960266113,0.0,1.4307911396026611
ঘুমোব,0.43077993392944336,0.0,1.4307799339294434
পাহার৷,0.4307250380516052,0.0,1.4307250380516052
বুদ্ধিমতী,0.430583655834198,0.0,1.430583655834198
হোন,0.43055880069732666,0.0,1.4305588006973267
ডাকত,0.43052905797958374,0.0,1.4305290579795837
গুড়ি,0.4406200647354126,0.010101010101010102,1.4305190546344027
শিগ্গির,0.43048715591430664,0.0,1.4304871559143066
দাড়িওয়ালা,0.4304109215736389,0.0,1.430410921573639
যাচ্চি,0.4303622245788574,0.0,1.4303622245788574
রিং,0.4303385615348816,0.0,1.4303385615348816
অভিশাপে,0.4303376078605652,0.0,1.4303376078605652
মাধুরী,0.43030697107315063,0.0,1.4303069710731506
দেখালো,0.43029046058654785,0.0,1.4302904605865479
গুটিসুটি,0.43028318881988525,0.0,1.4302831888198853
বিষগ্নতা,0.4302712678909302,0.0,1.4302712678909302
রােজগারে,0.4302278161048889,0.0,1.430227816104889
তেড়ে,0.43021154403686523,0.0,1.4302115440368652
সম্পত্তির,0.4301524758338928,0.0,1.4301524758338928
বাইরেই,0.43014758825302124,0.0,1.4301475882530212
চুমু,0.43011701107025146,0.0,1.4301170110702515
অপমানিত,0.4300704598426819,0.0,1.4300704598426819
দীপ্তি,0.43005990982055664,0.0,1.4300599098205566
ভবিষ্যৎ,0.4401423931121826,0.010101010101010102,1.4300413830111727
আড়ি,0.4300084710121155,0.0,1.4300084710121155
পরিচালনা,0.44010937213897705,0.010101010101010102,1.430008362037967
আক্কেল,0.4300054907798767,0.0,1.4300054907798767
বিবর্ণ,0.4299383759498596,0.0,1.4299383759498596
মামলায়,0.42991626262664795,0.0,1.429916262626648
থালায়,0.4298335313796997,0.0,1.4298335313796997
অর্থনৈতিক,0.42980295419692993,0.0,1.42980295419693
পাতি,0.42979419231414795,0.0,1.429794192314148
ভাগী,0.4297661781311035,0.0,1.4297661781311035
অনিয়ম,0.42967885732650757,0.0,1.4296788573265076
তৰে,0.42967087030410767,0.0,1.4296708703041077
গাজা,0.42962610721588135,0.0,1.4296261072158813
যোগী,0.4296001195907593,0.0,1.4296001195907593
দুর্ঘটনায়,0.4294002652168274,0.0,1.4294002652168274
দড়ির,0.42937058210372925,0.0,1.4293705821037292
টিকবে,0.42934221029281616,0.0,1.4293422102928162
বালিগঞ্জ,0.4292881488800049,0.0,1.4292881488800049
দরখাস্ত,0.4393882155418396,0.010101010101010102,1.4292872054408297
হত্যাকাণ্ড,0.4292677044868469,0.0,1.429267704486847
বেঁচে,0.4292615056037903,0.0,1.4292615056037903
নিঃশ্বাসে,0.4292524456977844,0.0,1.4292524456977844
কান,0.43924838304519653,0.010101010101010102,1.4291473729441866
ছায়ায়,0.4290670156478882,0.0,1.4290670156478882
ঝটিতি,0.42905092239379883,0.0,1.4290509223937988
অশ্রু,0.4290218949317932,0.0,1.4290218949317932
উপার্জন,0.4289965033531189,0.0,1.428996503353119
চালাঘর,0.4289882779121399,0.0,1.42898827791214
টিকটিকির,0.4289854168891907,0.0,1.4289854168891907
খটকা,0.42892986536026,0.0,1.42892986536026
দেখি৷,0.43895822763442993,0.010101010101010102,1.42885721753342
ওষুধ,0.44921958446502686,0.02040816326530612,1.4288114211997207
রটিয়ে,0.42872291803359985,0.0,1.4287229180335999
আরেকট,0.42868006229400635,0.0,1.4286800622940063
মেজদা,0.4286620616912842,0.0,1.4286620616912842
আয়তন,0.43869781494140625,0.010101010101010102,1.4285968048403963
অংশটুকু,0.42858099937438965,0.0,1.4285809993743896
গ্রাঃ,0.4386788606643677,0.010101010101010102,1.4285778505633577
খানদানি,0.42856156826019287,0.0,1.4285615682601929
আসবাবপত্র,0.42850780487060547,0.0,1.4285078048706055
হী,0.4489067792892456,0.02040816326530612,1.4284986160239395
যাকৃ,0.42846566438674927,0.0,1.4284656643867493
চাওয়,0.438551127910614,0.010101010101010102,1.428450117809604
প্রতিভ,0.42844879627227783,0.0,1.4284487962722778
ভালবেস,0.4284352660179138,0.0,1.4284352660179138
বললেনএ,0.4283706545829773,0.0,1.4283706545829773
মুগ,0.4283373951911926,0.0,1.4283373951911926
শুনত,0.4282894730567932,0.0,1.4282894730567932
এসেছেন,0.42826998233795166,0.0,1.4282699823379517
বইই,0.4383707642555237,0.010101010101010102,1.4282697541545137
দৌড়চ্,0.4281262159347534,0.0,1.4281262159347534
কিনা,0.42811065912246704,0.0,1.428110659122467
বেঁকিয়ে,0.42807090282440186,0.0,1.4280709028244019
পরিচয়ে,0.4381555914878845,0.010101010101010102,1.4280545813868746
বোধগম্য,0.42802947759628296,0.0,1.428029477596283
বেড়াইতে,0.4279211163520813,0.0,1.4279211163520813
চলিত,0.4278808832168579,0.0,1.427880883216858
উৎসাহী,0.42785799503326416,0.0,1.4278579950332642
তাইরে,0.4379276633262634,0.010101010101010102,1.4278266532252535
ঘোম,0.4278038740158081,0.0,1.427803874015808
মধ্যিখানে,0.4277896285057068,0.0,1.4277896285057068
শ্রেষ্ঠ,0.4587053060531616,0.030927835051546393,1.4277774710016153
দুচোখে,0.42775052785873413,0.0,1.4277505278587341
অভিব্যক্তি,0.4277319312095642,0.0,1.4277319312095642
আপত্তিকর,0.42767810821533203,0.0,1.427678108215332
মুখোস,0.42756348848342896,0.0,1.427563488483429
একন,0.42753899097442627,0.0,1.4275389909744263
মুড়ির,0.42753344774246216,0.0,1.4275334477424622
সচকিত,0.42745405435562134,0.0,1.4274540543556213
জীবনযাত্,0.42744046449661255,0.0,1.4274404644966125
নেপোর,0.42736196517944336,0.0,1.4273619651794434
অনন্ত,0.4374415874481201,0.010101010101010102,1.4273405773471102
ক্যান,0.427331805229187,0.0,1.427331805229187
আন্ত,0.4271538257598877,0.0,1.4271538257598877
আসবা,0.4269956946372986,0.0,1.4269956946372986
যাচ্ছিস,0.426940381526947,0.0,1.426940381526947
খেলছিল,0.4269249439239502,0.0,1.4269249439239502
শুমে,0.42688918113708496,0.0,1.426889181137085
ছাতি,0.4268869161605835,0.0,1.4268869161605835
এগোব,0.4268542528152466,0.0,1.4268542528152466
গৌতম,0.45777052640914917,0.030927835051546393,1.4268426913576029
সুসংবাদ,0.4267851710319519,0.0,1.426785171031952
এদ্দি,0.4267611503601074,0.0,1.4267611503601074
চোপসানো,0.42673301696777344,0.0,1.4267330169677734
বাঘ,0.4470011591911316,0.02040816326530612,1.4265929959258254
কতিপয়,0.42658835649490356,0.0,1.4265883564949036
কিবা,0.4265580177307129,0.0,1.426558017730713
মধ্যখানে,0.42655664682388306,0.0,1.426556646823883
সিসি,0.4265349507331848,0.0,1.4265349507331848
সাম্রাজ্য,0.42653119564056396,0.0,1.426531195640564
লাফিয়ে,0.42652446031570435,0.0,1.4265244603157043
চৌমাথায়,0.42650502920150757,0.0,1.4265050292015076
কয়েকখান,0.42650294303894043,0.0,1.4265029430389404
ছটফটানি,0.42648303508758545,0.0,1.4264830350875854
এমে,0.42640942335128784,0.0,1.4264094233512878
নিথর,0.42638784646987915,0.0,1.4263878464698792
সরে,0.4263756275177002,0.0,1.4263756275177002
রূপো,0.42634737491607666,0.0,1.4263473749160767
দান৷,0.42632484436035156,0.0,1.4263248443603516
ছেলেছোকরা,0.4262853264808655,0.0,1.4262853264808655
যথাসাধ্য,0.42627811431884766,0.0,1.4262781143188477
কহি,0.42627769708633423,0.0,1.4262776970863342
জানালায়,0.42627203464508057,0.0,1.4262720346450806
থিতু,0.4262251853942871,0.0,1.426225185394287
পৌছ,0.4262046813964844,0.0,1.4262046813964844
লিখেছি,0.42619115114212036,0.0,1.4261911511421204
বিজ্ঞ,0.42618250846862793,0.0,1.426182508468628
দাদাবাবু,0.4260927438735962,0.0,1.4260927438735962
ঝুঁচ,0.42609071731567383,0.0,1.4260907173156738
মিলিয়,0.42607176303863525,0.0,1.4260717630386353
বাপে,0.4259878396987915,0.0,1.4259878396987915
বিনিয়ে,0.43606704473495483,0.010101010101010102,1.425966034633945
দীর্ঘদিন,0.42593157291412354,0.0,1.4259315729141235
গোরারা,0.4258636236190796,0.0,1.4258636236190796
পাষাণভ,0.42585545778274536,0.0,1.4258554577827454
জন্তা,0.42584967613220215,0.0,1.4258496761322021
ছাস,0.42578744888305664,0.0,1.4257874488830566
দলা,0.4257645606994629,0.0,1.425764560699463
দীড়িয়,0.4257623553276062,0.0,1.4257623553276062
হাওড়া,0.4357755780220032,0.010101010101010102,1.4256745679209932
কীর্তির,0.4256659150123596,0.0,1.4256659150123596
ঠাকুরঘরে,0.4255859851837158,0.0,1.4255859851837158
ওযে,0.42558443546295166,0.0,1.4255844354629517
টানটান,0.4255807399749756,0.0,1.4255807399749756
চারেক,0.42552649974823,0.0,1.42552649974823
মাসিক,0.43561244010925293,0.010101010101010102,1.425511430008243
বুলা,0.4254472255706787,0.0,1.4254472255706787
উপন্যাস,0.42543911933898926,0.0,1.4254391193389893
চিরকালীন,0.43552470207214355,0.010101010101010102,1.4254236919711336
নির্বাক,0.4254038333892822,0.0,1.4254038333892822
আচড়,0.4253996014595032,0.0,1.4253996014595032
চিনলে,0.42539894580841064,0.0,1.4253989458084106
দিছি,0.4253693222999573,0.0,1.4253693222999573
তারচেয়ে,0.4253286123275757,0.0,1.4253286123275757
তালো,0.4252827763557434,0.0,1.4252827763557434
মন্দির,0.4353499412536621,0.010101010101010102,1.4252489311526522
সাক,0.4252432584762573,0.0,1.4252432584762573
একদিন৷,0.4251862168312073,0.0,1.4251862168312073
অর্ধেকের,0.42517733573913574,0.0,1.4251773357391357
খুঁজলে,0.4352419376373291,0.010101010101010102,1.4251409275363192
আসবো,0.42513078451156616,0.0,1.4251307845115662
ভাঙলে,0.4251020550727844,0.0,1.4251020550727844
দেদ,0.43518877029418945,0.010101010101010102,1.4250877601931795
সোয়,0.42503130435943604,0.0,1.425031304359436
গোঁফ,0.4250045418739319,0.0,1.4250045418739319
ভঙ্গিতে,0.4249565005302429,0.0,1.424956500530243
গোলাপী,0.42494457960128784,0.0,1.4249445796012878
বললসে,0.424899160861969,0.0,1.424899160861969
রাইট,0.4452707767486572,0.02040816326530612,1.424862613483351
বাংসল্য,0.4248623251914978,0.0,1.4248623251914978
ঝমঝমিয়ে,0.42479217052459717,0.0,1.4247921705245972
তেত,0.4247526526451111,0.0,1.424752652645111
দেখাত,0.4247061014175415,0.0,1.4247061014175415
দামে,0.42467695474624634,0.0,1.4246769547462463
হাঙ্গর,0.42464905977249146,0.0,1.4246490597724915
গোলযোগ,0.4246290326118469,0.0,1.424629032611847
অবিচল,0.42462432384490967,0.0,1.4246243238449097
বসি৷,0.4245293140411377,0.0,1.4245293140411377
বাঁদিক,0.42450016736984253,0.0,1.4245001673698425
স্যোগ,0.4244810938835144,0.0,1.4244810938835144
বৃদ্ধা,0.42445099353790283,0.0,1.4244509935379028
তৈরির,0.4244428277015686,0.0,1.4244428277015686
হতভাগ্য,0.42439132928848267,0.0,1.4243913292884827
আসুক৷,0.42438411712646484,0.0,1.4243841171264648
অচিরে,0.424379825592041,0.0,1.424379825592041
সযত্বে,0.42435479164123535,0.0,1.4243547916412354
মরচে,0.4243539571762085,0.0,1.4243539571762085
ভার্ন,0.4243536591529846,0.0,1.4243536591529846
চাতালে,0.4243238568305969,0.0,1.424323856830597
ঠিকানায়,0.4242914319038391,0.0,1.4242914319038391
ইলিশ,0.44469958543777466,0.02040816326530612,1.4242914221724685
পাই,0.4242897629737854,0.0,1.4242897629737854
মরেনি,0.4241672158241272,0.0,1.4241672158241272
সাধ্যমত,0.4241621494293213,0.0,1.4241621494293213
টেচামেচি,0.424083411693573,0.0,1.424083411693573
আন্তরিকতা,0.4240800142288208,0.0,1.4240800142288208
ধরবি,0.42406296730041504,0.0,1.424062967300415
জ্বালায়,0.42404675483703613,0.0,1.4240467548370361
আনমনে,0.42400801181793213,0.0,1.4240080118179321
লেফটেন্যান্ট,0.4240010380744934,0.0,1.4240010380744934
ক্রাস্ত,0.423958957195282,0.0,1.423958957195282
চেয়েছিলে,0.4239276051521301,0.0,1.4239276051521301
ঠেলাঠে,0.4239088296890259,0.0,1.4239088296890259
লিখব,0.43395376205444336,0.010101010101010102,1.4238527519534334
করলো,0.42384928464889526,0.0,1.4238492846488953
বাতিক,0.433946430683136,0.010101010101010102,1.423845420582126
বেরুল,0.42380040884017944,0.0,1.4238004088401794
শোয়,0.4237884283065796,0.0,1.4237884283065796
বােঝ,0.4237706661224365,0.0,1.4237706661224365
গ্রামান্তরে,0.42375946044921875,0.0,1.4237594604492188
হিমেল,0.4237208962440491,0.0,1.423720896244049
কাঠে,0.42362844944000244,0.0,1.4236284494400024
উপরক,0.42353588342666626,0.0,1.4235358834266663
পাকা,0.43357235193252563,0.010101010101010102,1.4234713418315157
সাহিত্য,0.4335474967956543,0.010101010101010102,1.4234464866946444
মাকু,0.42342644929885864,0.0,1.4234264492988586
প্রথমটায়,0.4233875274658203,0.0,1.4233875274658203
ভোজন,0.42336374521255493,0.0,1.423363745212555
যথেষ্ট৷,0.42333149909973145,0.0,1.4233314990997314
উইপোকা,0.42330944538116455,0.0,1.4233094453811646
থামো,0.4232969880104065,0.0,1.4232969880104065
হাটলে,0.42324191331863403,0.0,1.423241913318634
দুহাত,0.4231880307197571,0.0,1.423188030719757
গার্ল,0.4332752227783203,0.010101010101010102,1.4231742126773104
আড়ম্বর,0.4230157732963562,0.0,1.4230157732963562
দৃরে,0.4229494333267212,0.0,1.4229494333267212
নেহি,0.43301069736480713,0.010101010101010102,1.4229096872637972
ঢাললে,0.42286813259124756,0.0,1.4228681325912476
বাড়ল,0.4228222966194153,0.0,1.4228222966194153
সাতজন,0.42279374599456787,0.0,1.4227937459945679
দুমিনিট,0.4431820511817932,0.02040816326530612,1.422773887916487
কাপছিল,0.4227334260940552,0.0,1.4227334260940552
পে,0.464352011680603,0.041666666666666664,1.4226853450139365
বিভাগে,0.42266547679901123,0.0,1.4226654767990112
তাগো,0.42259126901626587,0.0,1.4225912690162659
পোশাক,0.42257964611053467,0.0,1.4225796461105347
বাড়লো,0.432655930519104,0.010101010101010102,1.422554920418094
বাজনা,0.43265271186828613,0.010101010101010102,1.4225517017672762
অশুদ্ধ,0.4225335717201233,0.0,1.4225335717201233
ভাবলুম,0.42252498865127563,0.0,1.4225249886512756
অতিবাহিত,0.42251837253570557,0.0,1.4225183725357056
সামাজিক,0.43256163597106934,0.010101010101010102,1.4224606258700594
মুহুর্মুহ,0.4224546551704407,0.0,1.4224546551704407
মী,0.42242562770843506,0.0,1.422425627708435
জেনারেলের,0.42240893840789795,0.0,1.422408938407898
সুস্থে,0.42235738039016724,0.0,1.4223573803901672
ভাবতুম,0.42235666513442993,0.0,1.42235666513443
শোন,0.4223502278327942,0.0,1.4223502278327942
ঝাল,0.43244606256484985,0.010101010101010102,1.42234505246384
আর্তনাদে,0.422298789024353,0.0,1.422298789024353
বর্শা,0.42229700088500977,0.0,1.4222970008850098
লহমায়,0.4222840666770935,0.0,1.4222840666770935
মাটিতে,0.42223864793777466,0.0,1.4222386479377747
আও,0.4222036600112915,0.0,1.4222036600112915
লোহা,0.4222029447555542,0.0,1.4222029447555542
ডলে,0.4221407175064087,0.0,1.4221407175064087
এপ্রিলে,0.4221366047859192,0.0,1.4221366047859192
চর্চা,0.42211294174194336,0.0,1.4221129417419434
বলিয়,0.42201918363571167,0.0,1.4220191836357117
একহাত,0.42197084426879883,0.0,1.4219708442687988
যাবৎ,0.42195433378219604,0.0,1.421954333782196
চোথে,0.42192167043685913,0.0,1.4219216704368591
দিবারাত্রি,0.42186087369918823,0.0,1.4218608736991882
সংগঠিত,0.42185258865356445,0.0,1.4218525886535645
আদিম,0.4218461513519287,0.0,1.4218461513519287
লঙ্গে,0.4218447804450989,0.0,1.4218447804450989
গাটা,0.42183130979537964,0.0,1.4218313097953796
ভরপুর,0.42180562019348145,0.0,1.4218056201934814
কাহিনীর,0.421744704246521,0.0,1.421744704246521
নিষিদ্ধ,0.4216955900192261,0.0,1.421695590019226
দাঁড়াতে,0.4216810464859009,0.0,1.4216810464859009
সেনাবাহিনীর,0.4216700792312622,0.0,1.4216700792312622
কায়স্থ,0.4317386746406555,0.010101010101010102,1.4216376645396456
খাবারদাবার,0.42159169912338257,0.0,1.4215916991233826
নক্সা,0.4215828776359558,0.0,1.4215828776359558
কেঁদে,0.4419791102409363,0.02040816326530612,1.4215709469756301
শৈশব,0.42154812812805176,0.0,1.4215481281280518
স্বার্থপর,0.42150914669036865,0.0,1.4215091466903687
ধীরে,0.4315991997718811,0.010101010101010102,1.4214981896708712
ছোপ,0.43151259422302246,0.010101010101010102,1.4214115841220125
জোটেনি,0.4213760495185852,0.0,1.4213760495185852
পুকুরে,0.4417545795440674,0.02040816326530612,1.4213464162787612
গিরিডি,0.4213384985923767,0.0,1.4213384985923767
সাদাসিধে,0.4212726950645447,0.0,1.4212726950645447
নিমন্ত্রণে,0.42125487327575684,0.0,1.4212548732757568
পিতামাতা,0.42124438285827637,0.0,1.4212443828582764
তমাল,0.4212183356285095,0.0,1.4212183356285095
রইলে৷,0.42120277881622314,0.0,1.4212027788162231
পান্থ,0.43128788471221924,0.010101010101010102,1.4211868746112093
শ্রেণী,0.4211764931678772,0.0,1.4211764931678772
বানিয়েছেন,0.4211585521697998,0.0,1.4211585521697998
হিড়হিড়,0.42115193605422974,0.0,1.4211519360542297
কৃতিত্ব,0.44154590368270874,0.02040816326530612,1.4211377404174026
ট্রে,0.42106980085372925,0.0,1.4210698008537292
ঠাকুর,0.43110477924346924,0.010101010101010102,1.4210037691424593
চিহ্,0.4209921956062317,0.0,1.4209921956062317
সেবারে,0.4209520220756531,0.0,1.420952022075653
লালপাড়,0.42093348503112793,0.0,1.420933485031128
ছুপুর,0.42090994119644165,0.0,1.4209099411964417
শোনে৷,0.42088085412979126,0.0,1.4208808541297913
ডোবা,0.42083895206451416,0.0,1.4208389520645142
জেট,0.4207807183265686,0.0,1.4207807183265686
হেরফের,0.42073774337768555,0.0,1.4207377433776855
চায়নি,0.4207346439361572,0.0,1.4207346439361572
জার্মানী,0.42072010040283203,0.0,1.420720100402832
দায়িত্বে,0.4206963777542114,0.0,1.4206963777542114
অমাবস্য,0.42058128118515015,0.0,1.4205812811851501
পরপুরুষ,0.420540988445282,0.0,1.420540988445282
তাগা,0.4205203652381897,0.0,1.4205203652381897
গড়াবে,0.42044156789779663,0.0,1.4204415678977966
বেট,0.4204277992248535,0.0,1.4204277992248535
কাঁদবে,0.42041951417922974,0.0,1.4204195141792297
লাথি,0.42041486501693726,0.0,1.4204148650169373
কোনোদিন,0.4203605055809021,0.0,1.420360505580902
বর্ণা,0.42034101486206055,0.0,1.4203410148620605
অপেক্ষ,0.42032676935195923,0.0,1.4203267693519592
এজ,0.4202888607978821,0.0,1.420288860797882
কেঁদ,0.4202866554260254,0.0,1.4202866554260254
বাশি,0.4202738404273987,0.0,1.4202738404273987
চশমা,0.42027097940444946,0.0,1.4202709794044495
কুৎসিত,0.4201963543891907,0.0,1.4201963543891907
টিয়া,0.42010825872421265,0.0,1.4201082587242126
এলেম,0.43020099401474,0.010101010101010102,1.42009998391373
উত্তরপশ্চিমে,0.4301825165748596,0.010101010101010102,1.4200815064738497
পেত,0.4509989023208618,0.030927835051546393,1.4200710672693155
নাবিক,0.4404412508010864,0.02040816326530612,1.4200330875357803
বইব,0.4199249744415283,0.0,1.4199249744415283
টাকা৷,0.4198869466781616,0.0,1.4198869466781616
সতর্কতা,0.4198716878890991,0.0,1.4198716878890991
কাহাকে,0.41986727714538574,0.0,1.4198672771453857
হেলনে,0.4198644757270813,0.0,1.4198644757270813
পিড়ি,0.4198411703109741,0.0,1.4198411703109741
হিং,0.4197760224342346,0.0,1.4197760224342346
যাছু,0.41973233222961426,0.0,1.4197323322296143
বিরোধী,0.4196625351905823,0.0,1.4196625351905823
মারণাস্ত্র,0.4196547269821167,0.0,1.4196547269821167
সন্তান,0.4196481704711914,0.0,1.4196481704711914
মহাজন,0.4196440577507019,0.0,1.419644057750702
দ্যাশ,0.4196241497993469,0.0,1.419624149799347
ভ্রমণকারী,0.41954827308654785,0.0,1.4195482730865479
অনিবার্য,0.41952604055404663,0.0,1.4195260405540466
মুর,0.4195230007171631,0.0,1.419523000717163
ধান,0.4399281144142151,0.02040816326530612,1.419519951148909
ছেট,0.41949236392974854,0.0,1.4194923639297485
প্যাকেটের,0.4194567799568176,0.0,1.4194567799568176
পোষাক,0.43984901905059814,0.02040816326530612,1.419440855785292
ফিরিয়,0.41943591833114624,0.0,1.4194359183311462
কীর্তন,0.4193993806838989,0.0,1.419399380683899
শিয়াল,0.419342577457428,0.0,1.419342577457428
দুহ,0.4193219542503357,0.0,1.4193219542503357
দেছ,0.4191017746925354,0.0,1.4191017746925354
গেরস্থ,0.4189450740814209,0.0,1.418945074081421
তিনতলায়,0.41888970136642456,0.0,1.4188897013664246
সওয়ারি,0.41884416341781616,0.0,1.4188441634178162
মমতায়,0.41880524158477783,0.0,1.4188052415847778
অমিত,0.41879671812057495,0.0,1.418796718120575
ছোর,0.4187787175178528,0.0,1.4187787175178528
ইতিহাস,0.41875720024108887,0.0,1.4187572002410889
হাঃ,0.41873252391815186,0.0,1.4187325239181519
আরে,0.4187164306640625,0.0,1.4187164306640625
পুরোন,0.43910932540893555,0.02040816326530612,1.4187011621436294
রে৷,0.41867077350616455,0.0,1.4186707735061646
সমুদ্রে,0.4603196382522583,0.041666666666666664,1.4186529715855918
ৰলে,0.41863489151000977,0.0,1.4186348915100098
চৌকো,0.4186333417892456,0.0,1.4186333417892456
জীবনধারণ,0.4185863137245178,0.0,1.4185863137245178
ফুরফুরে,0.418556809425354,0.0,1.418556809425354
উদাসীনভাবে,0.41847091913223267,0.0,1.4184709191322327
কিনলো,0.41845977306365967,0.0,1.4184597730636597
লৌহ,0.4184550642967224,0.0,1.4184550642967224
বন্দেমাতরম,0.41843342781066895,0.0,1.418433427810669
গেরুয়া,0.4183551073074341,0.0,1.418355107307434
ডালভাত,0.4183504581451416,0.0,1.4183504581451416
ওঠায়,0.41832756996154785,0.0,1.4183275699615479
আশঙ্কায়,0.41824567317962646,0.0,1.4182456731796265
বাঙলায়,0.4181980490684509,0.0,1.418198049068451
ধূমপান,0.4181578755378723,0.0,1.4181578755378723
মান,0.41811418533325195,0.0,1.418114185333252
আখড়া,0.4180389642715454,0.0,1.4180389642715454
দীপ,0.41800493001937866,0.0,1.4180049300193787
সাংকেতিক,0.4180038571357727,0.0,1.4180038571357727
কাণ,0.41797739267349243,0.0,1.4179773926734924
পিছুটান,0.41794353723526,0.0,1.41794353723526
ট্যাকা,0.41793572902679443,0.0,1.4179357290267944
ডাগর,0.417910635471344,0.0,1.417910635471344
আবহাওয়,0.41788268089294434,0.0,1.4178826808929443
কামনা,0.4178241491317749,0.0,1.417824149131775
কাঁদব,0.4178168773651123,0.0,1.4178168773651123
শুনি৷,0.4178122878074646,0.0,1.4178122878074646
উৎপা,0.417777419090271,0.0,1.417777419090271
ফাদ,0.42786628007888794,0.010101010101010102,1.417765269977878
ষায়,0.4177256226539612,0.0,1.4177256226539612
ভাঙে,0.41771674156188965,0.0,1.4177167415618896
স্বভাবসিদ্ধ,0.41765743494033813,0.0,1.4176574349403381
শরীল,0.41763466596603394,0.0,1.417634665966034
স্কুল,0.41760772466659546,0.0,1.4176077246665955
জড়াজড়ি,0.41760265827178955,0.0,1.4176026582717896
আধমাইল,0.4175848960876465,0.0,1.4175848960876465
বলবে৷,0.41755324602127075,0.0,1.4175532460212708
গ্লাসে,0.42764800786972046,0.010101010101010102,1.4175469977687105
অকপটে,0.41749709844589233,0.0,1.4174970984458923
বাংলা,0.4174796938896179,0.0,1.417479693889618
মোমবাতির,0.4275776147842407,0.010101010101010102,1.4174766046832308
চিনত,0.41745465993881226,0.0,1.4174546599388123
স্মরণীয়,0.4174398183822632,0.0,1.4174398183822632
আবৃত,0.4173521399497986,0.0,1.4173521399497986
উজ্জল,0.4172942638397217,0.0,1.4172942638397217
বৌএর,0.4172935485839844,0.0,1.4172935485839844
ঝাপ,0.41720813512802124,0.0,1.4172081351280212
মুঠি,0.427262544631958,0.010101010101010102,1.417161534530948
একল,0.41697490215301514,0.0,1.4169749021530151
উঠিয়া,0.4169061779975891,0.0,1.4169061779975891
আদা,0.41689974069595337,0.0,1.4168997406959534
ইউরোপ,0.42698049545288086,0.010101010101010102,1.416879485351871
বিছ্যৎ,0.41686099767684937,0.0,1.4168609976768494
প্রতিবা,0.41681522130966187,0.0,1.4168152213096619
ঝাপটায়,0.416800856590271,0.0,1.416800856590271
শুনতে,0.41679543256759644,0.0,1.4167954325675964
শ্রীরাম,0.4167673587799072,0.0,1.4167673587799072
দৃঢ়ভাবে,0.41665172576904297,0.0,1.416651725769043
ওহি,0.4166402220726013,0.0,1.4166402220726013
কতােদিন,0.4166368246078491,0.0,1.4166368246078491
ইয়র্ক,0.41662895679473877,0.0,1.4166289567947388
কষিয়ে,0.41660404205322266,0.0,1.4166040420532227
ঝোলে,0.4165951609611511,0.0,1.4165951609611511
হাঁক,0.4165656566619873,0.0,1.4165656566619873
কটু,0.41656404733657837,0.0,1.4165640473365784
২৫শে,0.4266400933265686,0.010101010101010102,1.4165390832255587
সবাইক,0.42658042907714844,0.010101010101010102,1.4164794189761385
গদা,0.4164748787879944,0.0,1.4164748787879944
পৃষ্ঠা,0.436856210231781,0.02040816326530612,1.4164480469664749
নীল,0.416431188583374,0.0,1.416431188583374
ঠকা,0.41641247272491455,0.0,1.4164124727249146
ঋণ,0.4163961410522461,0.0,1.416396141052246
দ্বিতীয়ত,0.4163070321083069,0.0,1.4163070321083069
ভারতে,0.4162824749946594,0.0,1.4162824749946594
ডায়রি,0.4162706136703491,0.0,1.4162706136703491
লাইব্রেরিতে,0.42634522914886475,0.010101010101010102,1.4162442190478548
তাগিদ,0.4161420464515686,0.0,1.4161420464515686
ইতস্ততঃ,0.41611361503601074,0.0,1.4161136150360107
ইমারত,0.41605180501937866,0.0,1.4160518050193787
জোরালো,0.4160451292991638,0.0,1.4160451292991638
মাসীর,0.4159758687019348,0.0,1.4159758687019348
আগ্,0.4159448742866516,0.0,1.4159448742866516
ফুটলে,0.4159439206123352,0.0,1.4159439206123352
পই,0.41590917110443115,0.0,1.4159091711044312
ডালে,0.42600154876708984,0.010101010101010102,1.41590053866608
গৌজা,0.41589951515197754,0.0,1.4158995151519775
বাতাসা,0.4259946942329407,0.010101010101010102,1.4158936841319307
জেনো,0.42598503828048706,0.010101010101010102,1.4158840281794771
যার৷,0.4158405661582947,0.0,1.4158405661582947
সঙ্গে৷,0.41581958532333374,0.0,1.4158195853233337
তখনে,0.41580164432525635,0.0,1.4158016443252563
ধূপ,0.41579049825668335,0.0,1.4157904982566833
সয়ে,0.415749192237854,0.0,1.415749192237854
ফোটে,0.4361346364021301,0.02040816326530612,1.415726473136824
বোঝালো,0.4156823754310608,0.0,1.4156823754310608
দীড়া,0.4156118631362915,0.0,1.4156118631362915
উপকূল,0.41555577516555786,0.0,1.4155557751655579
বিধিনিষেধ,0.41552644968032837,0.0,1.4155264496803284
কলেজ,0.4256231188774109,0.010101010101010102,1.415522108776401
কলিকাতা,0.42557382583618164,0.010101010101010102,1.4154728157351717
ফাঁপা,0.41544973850250244,0.0,1.4154497385025024
রাগারাগি,0.41541236639022827,0.0,1.4154123663902283
পাঠা,0.43581151962280273,0.02040816326530612,1.4154033563574966
জেনেছেন,0.41532236337661743,0.0,1.4153223633766174
শাদা,0.4254188537597656,0.010101010101010102,1.4153178436587557
চীন,0.4253882169723511,0.010101010101010102,1.4152872068713411
প্রতিষ্ঠিত,0.41528260707855225,0.0,1.4152826070785522
নাতবে,0.4152710437774658,0.0,1.4152710437774658
চিকচিক,0.41524243354797363,0.0,1.4152424335479736
ঘুমিয়ে,0.4151936173439026,0.0,1.4151936173439026
ঝলমলে,0.4150122404098511,0.0,1.415012240409851
জিউ,0.4150006175041199,0.0,1.4150006175041199
সেকালে,0.4149450659751892,0.0,1.4149450659751892
সেবায়,0.4149366021156311,0.0,1.414936602115631
জাগরণ,0.4149048924446106,0.0,1.4149048924446106
বেঁধে,0.4352971315383911,0.02040816326530612,1.414888968273085
নাবল,0.41487443447113037,0.0,1.4148744344711304
ঘনীভূত,0.41482144594192505,0.0,1.414821445941925
মামি,0.4148184657096863,0.0,1.4148184657096863
চুক্তি,0.42491596937179565,0.010101010101010102,1.4148149592707857
পাড়ল,0.4147059917449951,0.0,1.4147059917449951
অভ্র,0.4146524667739868,0.0,1.4146524667739868
বিএ,0.4146093726158142,0.0,1.4146093726158142
রজনী,0.42468762397766113,0.010101010101010102,1.4145866138766512
নটা,0.43498343229293823,0.02040816326530612,1.414575269027632
পঞ্চাশেক,0.41457170248031616,0.0,1.4145717024803162
কীটপতঙ্গ,0.414569616317749,0.0,1.414569616317749
বক্তা,0.41456282138824463,0.0,1.4145628213882446
রইলে,0.41454988718032837,0.0,1.4145498871803284
ঘাসে,0.41453564167022705,0.0,1.414535641670227
দুঃসাহসী,0.41437864303588867,0.0,1.4143786430358887
কাগজকলম,0.41422104835510254,0.0,1.4142210483551025
আসিয়,0.4141998291015625,0.0,1.4141998291015625
পশুর,0.4141803979873657,0.0,1.4141803979873657
সাগর,0.4345860481262207,0.02040816326530612,1.4141778848609146
বাবু,0.4242513179779053,0.010101010101010102,1.4141503078768953
শ্রেণীর,0.4141498804092407,0.0,1.4141498804092407
বিক্রম,0.4141395092010498,0.0,1.4141395092010498
সমান্তরাল,0.41413944959640503,0.0,1.414139449596405
কম্পাউন্ড,0.41412901878356934,0.0,1.4141290187835693
ওয়ে,0.4141233563423157,0.0,1.4141233563423157
ময়দান,0.41406553983688354,0.0,1.4140655398368835
বইকি,0.41405731439590454,0.0,1.4140573143959045
চিৎক,0.43444544076919556,0.02040816326530612,1.4140372775038894
যানবাহন,0.4140341281890869,0.0,1.414034128189087
আত্মপ্রসাদ,0.41398918628692627,0.0,1.4139891862869263
লঙ্জায়,0.41397589445114136,0.0,1.4139758944511414
সর্বস্বাস্ত,0.41388970613479614,0.0,1.4138897061347961
নদী,0.42395633459091187,0.010101010101010102,1.413855324489902
খিচুড়ি,0.42386698722839355,0.010101010101010102,1.4137659771273836
করবী,0.413753867149353,0.0,1.413753867149353
অমত,0.41364413499832153,0.0,1.4136441349983215
জালাল,0.4135480523109436,0.0,1.4135480523109436
খাটবে,0.41354453563690186,0.0,1.4135445356369019
হুন,0.4134926199913025,0.0,1.4134926199913025
শীর্ষে,0.41348278522491455,0.0,1.4134827852249146
চুরিয়ে,0.4134792685508728,0.0,1.4134792685508728
কতদূরে,0.41345733404159546,0.0,1.4134573340415955
ব্যাকুলতা,0.413454532623291,0.0,1.413454532623291
ভাবলেশহীন,0.4133671522140503,0.0,1.4133671522140503
ঢুল,0.41332632303237915,0.0,1.4133263230323792
মাকে,0.4133062958717346,0.0,1.4133062958717346
ছুতিন,0.4131597876548767,0.0,1.4131597876548767
ডাইনে,0.43350499868392944,0.02040816326530612,1.4130968354186233
ধবে,0.4130665063858032,0.0,1.4130665063858032
অভিযান,0.4439871311187744,0.030927835051546393,1.4130592960672281
সম্ভাষণ,0.41303277015686035,0.0,1.4130327701568604
করেছিস,0.41302961111068726,0.0,1.4130296111106873
রােবব,0.41293346881866455,0.0,1.4129334688186646
আন্গুল,0.4127921462059021,0.0,1.412792146205902
সর্বশেষ,0.4127540588378906,0.0,1.4127540588378906
তড়াক,0.4127466678619385,0.0,1.4127466678619385
বিদগ্ধ,0.43315428495407104,0.02040816326530612,1.412746121688765
লিকলি,0.4127213954925537,0.0,1.4127213954925537
বিছু,0.4126856327056885,0.0,1.4126856327056885
ছুনিয়া,0.42277055978775024,0.010101010101010102,1.4126695496867403
আত্মরক্ষা,0.41264092922210693,0.0,1.412640929222107
ওল্ড,0.4126167297363281,0.0,1.4126167297363281
চেইন,0.4125558137893677,0.0,1.4125558137893677
কাটাবে,0.4125151038169861,0.0,1.412515103816986
এদিকক,0.41250067949295044,0.0,1.4125006794929504
চক্রবর্তী,0.4651029109954834,0.05263157894736842,1.412471332048115
ভিজ্ঞে,0.4124706983566284,0.0,1.4124706983566284
সেনা,0.41238993406295776,0.0,1.4123899340629578
তদ্দিন,0.41237127780914307,0.0,1.412371277809143
ধ্বনি,0.41233712434768677,0.0,1.4123371243476868
নাচায়,0.4123140573501587,0.0,1.4123140573501587
মৌমাছির,0.412289023399353,0.0,1.412289023399353
জিজ্ঞাসু,0.41217702627182007,0.0,1.41217702627182
প্রতিক্রিয়,0.4121721386909485,0.0,1.4121721386909485
মর্জি,0.4120694398880005,0.0,1.4120694398880005
এদিকটায়,0.411987841129303,0.0,1.411987841129303
পান্ধা,0.4119240641593933,0.0,1.4119240641593933
সাবাড়,0.41191941499710083,0.0,1.4119194149971008
লাগাতে,0.4119102358818054,0.0,1.4119102358818054
বিঘ্নিত,0.41187918186187744,0.0,1.4118791818618774
হাতপ,0.4219801425933838,0.010101010101010102,1.4118791324923738
তুষ্ট,0.41180115938186646,0.0,1.4118011593818665
বলি,0.411767840385437,0.0,1.411767840385437
ভট্টাচার্য,0.47558027505874634,0.06382978723404255,1.4117504878247038
সত্যতা,0.42182213068008423,0.010101010101010102,1.4117211205790743
এলুম,0.41170811653137207,0.0,1.411708116531372
জুনিয়র,0.42176008224487305,0.010101010101010102,1.411659072143863
সিড়ির,0.42174839973449707,0.010101010101010102,1.4116473896334871
থাব,0.41162896156311035,0.0,1.4116289615631104
যর্দি,0.41161054372787476,0.0,1.4116105437278748
ফিটফাট,0.4115709662437439,0.0,1.411570966243744
আপনজন,0.41150224208831787,0.0,1.4115022420883179
ইংরিজি,0.42154204845428467,0.010101010101010102,1.4114410383532747
ইয়েস,0.4114379286766052,0.0,1.4114379286766052
রিভলভার,0.41143494844436646,0.0,1.4114349484443665
হাওয়াকে,0.4114219546318054,0.0,1.4114219546318054
পাড়ি,0.4215227961540222,0.010101010101010102,1.4114217860530123
বিফল,0.4113280177116394,0.0,1.4113280177116394
সেদ্ধ,0.42139220237731934,0.010101010101010102,1.4112911922763094
সারাটি,0.4112759828567505,0.0,1.4112759828567505
তুল,0.41126883029937744,0.0,1.4112688302993774
বেঠিক,0.41121429204940796,0.0,1.411214292049408
এগারোটা,0.411176860332489,0.0,1.411176860332489
বিড়ি,0.4110680818557739,0.0,1.411068081855774
করিলে,0.411021888256073,0.0,1.411021888256073
রামলোচন,0.4110201597213745,0.0,1.4110201597213745
সারিয়া,0.4110122323036194,0.0,1.4110122323036194
লাইব্রেরী,0.4109455347061157,0.0,1.4109455347061157
ঠাকুরপোর,0.41092950105667114,0.0,1.4109295010566711
শুলে,0.41092079877853394,0.0,1.410920798778534
হাঁপ,0.4109038710594177,0.0,1.4109038710594177
কাগ,0.4108741283416748,0.0,1.4108741283416748
সার্ট,0.41086649894714355,0.0,1.4108664989471436
বুঝিয়া,0.4108126759529114,0.0,1.4108126759529114
জেদের,0.41080576181411743,0.0,1.4108057618141174
চিংড়ি,0.4208616018295288,0.010101010101010102,1.4107605917285189
প্রতিভাবান,0.4107423424720764,0.0,1.4107423424720764
লােভ,0.4107150435447693,0.0,1.4107150435447693
চৌকিটায়,0.4106634855270386,0.0,1.4106634855270386
আবর্জনা,0.4106401801109314,0.0,1.4106401801109314
কাথায়,0.41063833236694336,0.0,1.4106383323669434
ঢেউয়,0.42073923349380493,0.010101010101010102,1.410638223392795
মোটা,0.42072129249572754,0.010101010101010102,1.4106202823947176
ঘটনা,0.43099069595336914,0.02040816326530612,1.410582532688063
ফিরতে,0.4105469584465027,0.0,1.4105469584465027
সান্ধ্য,0.4105415344238281,0.0,1.4105415344238281
লুটোপু,0.41042423248291016,0.0,1.4104242324829102
কুচকাওয়াজ,0.4104200601577759,0.0,1.4104200601577759
পয়লা,0.42044544219970703,0.010101010101010102,1.410344432098697
রাঘব,0.4103328585624695,0.0,1.4103328585624695
হুয়,0.4204210638999939,0.010101010101010102,1.410320053798984
মোচন,0.4103047251701355,0.0,1.4103047251701355
শামুক,0.4306873679161072,0.02040816326530612,1.410279204650801
করতা,0.4102620482444763,0.0,1.4102620482444763
আচ্,0.4102392792701721,0.0,1.4102392792701721
জঙ্গে,0.41016149520874023,0.0,1.4101614952087402
এথন,0.41015535593032837,0.0,1.4101553559303284
কালকে,0.4101306200027466,0.0,1.4101306200027466
শান্তিনিকেতন,0.4100508689880371,0.0,1.410050868988037
মাঠ,0.4409347176551819,0.030927835051546393,1.4100068826036356
বাঁধন,0.4200823903083801,0.010101010101010102,1.4099813802073702
পালটে,0.4099477529525757,0.0,1.4099477529525757
মেয়েট৷,0.419940710067749,0.010101010101010102,1.409839699966739
চাইতেই,0.4199249744415283,0.010101010101010102,1.4098239643405184
নজির,0.40981537103652954,0.0,1.4098153710365295
ইদুর,0.40976303815841675,0.0,1.4097630381584167
ছোড়,0.4097018837928772,0.0,1.4097018837928772
দৃশ্যে,0.4096512198448181,0.0,1.4096512198448181
সভ্যতা,0.4513130187988281,0.041666666666666664,1.4096463521321616
রাগত,0.4095922112464905,0.0,1.4095922112464905
স্তরাং,0.4095790982246399,0.0,1.40957909822464
সংকটে,0.40955060720443726,0.0,1.4095506072044373
মহাযুদ্ধ,0.4195893406867981,0.010101010101010102,1.4094883305857882
একতলায়,0.4195629358291626,0.010101010101010102,1.4094619257281527
প্রশাস্ত,0.40936386585235596,0.0,1.409363865852356
কুত্তা,0.4093554615974426,0.0,1.4093554615974426
আলোয়,0.44027745723724365,0.030927835051546393,1.4093496221856974
ছুইই,0.4092823266983032,0.0,1.4092823266983032
চিঠিতে,0.409257709980011,0.0,1.409257709980011
নিয়মকানুন,0.4091944694519043,0.0,1.4091944694519043
মেরু,0.40918684005737305,0.0,1.409186840057373
পতিতা,0.4091424345970154,0.0,1.4091424345970154
প্রকাশক,0.40913909673690796,0.0,1.409139096736908
চক্রান্,0.40910881757736206,0.0,1.409108817577362
দুর্দশা,0.4090908169746399,0.0,1.40909081697464
হেডলে,0.4400116205215454,0.030927835051546393,1.4090837854699991
বাণ্ডিল,0.40907323360443115,0.0,1.4090732336044312
জ্ঞাত,0.4089975357055664,0.0,1.4089975357055664
পরামর্শে,0.40898823738098145,0.0,1.4089882373809814
পরিতৃপ্তি,0.40898042917251587,0.0,1.4089804291725159
চারপাঁচ,0.40894538164138794,0.0,1.408945381641388
চক্রান্ত,0.4089363217353821,0.0,1.408936321735382
ফোলা,0.4088878035545349,0.0,1.408887803554535
মাছভাত,0.40879935026168823,0.0,1.4087993502616882
বিশ্বেস,0.4087767004966736,0.0,1.4087767004966736
বুঝেছেন,0.4087154269218445,0.0,1.4087154269218445
বাঁকিয়ে,0.4087124466896057,0.0,1.4087124466896057
করছিলাম৷,0.40867340564727783,0.0,1.4086734056472778
দ্বীপে,0.40863919258117676,0.0,1.4086391925811768
মুখচোখ,0.408630907535553,0.0,1.408630907535553
দিকক,0.40862441062927246,0.0,1.4086244106292725
ভাগো,0.408589243888855,0.0,1.408589243888855
কেরানির,0.4085882306098938,0.0,1.4085882306098938
সাধারণের,0.40849196910858154,0.0,1.4084919691085815
চুইয়ে,0.40841931104660034,0.0,1.4084193110466003
ক্ষতস্থান,0.40837591886520386,0.0,1.4083759188652039
ঘটানো,0.40836101770401,0.0,1.40836101770401
পার্বত্য,0.4082828760147095,0.0,1.4082828760147095
মর্যাদা,0.40825116634368896,0.0,1.408251166343689
বিধর্মী,0.408166766166687,0.0,1.408166766166687
জ্বালাতন,0.4080774188041687,0.0,1.4080774188041687
গুড,0.40806955099105835,0.0,1.4080695509910583
ছুট,0.40796196460723877,0.0,1.4079619646072388
জনহীন,0.40794074535369873,0.0,1.4079407453536987
বেরােন,0.40793168544769287,0.0,1.4079316854476929
আক্রোশ,0.40791475772857666,0.0,1.4079147577285767
কড়াকড়ি,0.40788698196411133,0.0,1.4078869819641113
নামানোর,0.40781474113464355,0.0,1.4078147411346436
অজান৷,0.4077945351600647,0.0,1.4077945351600647
ভাবছিস,0.40775829553604126,0.0,1.4077582955360413
হইয়াছিল,0.4077029228210449,0.0,1.407702922821045
দাড়িয়ে,0.41768044233322144,0.010101010101010102,1.4075794322322115
একদ,0.4075530171394348,0.0,1.4075530171394348
ভাজা,0.4176192879676819,0.010101010101010102,1.407518277866672
কোপে,0.4074179530143738,0.0,1.4074179530143738
যৌতুক,0.41751259565353394,0.010101010101010102,1.407411585552524
ফুফা,0.40739303827285767,0.0,1.4073930382728577
ইংরাজী,0.40734219551086426,0.0,1.4073421955108643
আঁট,0.407295286655426,0.0,1.407295286655426
জামাতা,0.4072635769844055,0.0,1.4072635769844055
দূষিত,0.4072633981704712,0.0,1.4072633981704712
ছড়িয়ে,0.40726011991500854,0.0,1.4072601199150085
অপরাধবোধ,0.40718919038772583,0.0,1.4071891903877258
কনিষ্ঠ,0.40715891122817993,0.0,1.40715891122818
পোকামাকড়,0.4172590970993042,0.010101010101010102,1.4071580869982943
দুঃস্বপ্ন,0.4071369767189026,0.0,1.4071369767189026
বিদেশীর,0.40705329179763794,0.0,1.407053291797638
সামনে৷,0.4171096682548523,0.010101010101010102,1.4070086581538424
অশালীন,0.4069868326187134,0.0,1.4069868326187134
মহিমা,0.41706234216690063,0.010101010101010102,1.4069613320658907
সরঞ্জাম,0.40682852268218994,0.0,1.40682852268219
হুটো,0.4068024754524231,0.0,1.406802475452423
পাচজনে,0.4067944288253784,0.0,1.4067944288253784
অক্টোবর,0.4271664023399353,0.02040816326530612,1.4067582390746292
চুলো,0.406746506690979,0.0,1.406746506690979
রোদ্দুর,0.4066559076309204,0.0,1.4066559076309204
জাহান্নামে,0.40660834312438965,0.0,1.4066083431243896
আমারি,0.40657132863998413,0.0,1.4065713286399841
প্রোফেসর,0.45911699533462524,0.05263157894736842,1.4064854163872569
সকালবেলাতে,0.40643566846847534,0.0,1.4064356684684753
জীবজস্ত,0.4064077138900757,0.0,1.4064077138900757
ভাত,0.41648101806640625,0.010101010101010102,1.4063800079653963
আঁচলে,0.4063569903373718,0.0,1.4063569903373718
ভাসে,0.40634942054748535,0.0,1.4063494205474854
দাড়িয়েছিল,0.4063414931297302,0.0,1.4063414931297302
আশ্বিন,0.4063134789466858,0.0,1.4063134789466858
ডেরায়,0.40629613399505615,0.0,1.4062961339950562
বিগলিত,0.4062567353248596,0.0,1.4062567353248596
জাকজমক,0.40622490644454956,0.0,1.4062249064445496
ফিরিয়ে,0.40617430210113525,0.0,1.4061743021011353
ধুক,0.40614616870880127,0.0,1.4061461687088013
দরকার,0.4161949157714844,0.010101010101010102,1.4060939056704744
মধে,0.4060518145561218,0.0,1.4060518145561218
চুপ,0.4060503840446472,0.0,1.4060503840446472
চুল,0.44768381118774414,0.041666666666666664,1.4060171445210776
সর্বশ্রেষ্ঠ,0.40600425004959106,0.0,1.406004250049591
গাইত,0.40596431493759155,0.0,1.4059643149375916
চাকরি,0.4059203863143921,0.0,1.405920386314392
সাধারণতঃ,0.42632782459259033,0.02040816326530612,1.4059196613272842
আধখানা,0.40590041875839233,0.0,1.4059004187583923
নাজেহাল,0.40583693981170654,0.0,1.4058369398117065
একজামিন,0.40578240156173706,0.0,1.405782401561737
হাতজোড়,0.40572482347488403,0.0,1.405724823474884
রঙে,0.41580450534820557,0.010101010101010102,1.4057034952471956
ছানি,0.40565401315689087,0.0,1.4056540131568909
চাদরে,0.40560436248779297,0.0,1.405604362487793
ভাঙব,0.4055672287940979,0.0,1.405567228794098
নামকর,0.40548861026763916,0.0,1.4054886102676392
চোখেমুখে,0.40543943643569946,0.0,1.4054394364356995
লিখে,0.43634647130966187,0.030927835051546393,1.4054186362581156
অনর্থক,0.40533167123794556,0.0,1.4053316712379456
বিশ্ববিখ্যাত,0.4051869511604309,0.0,1.405186951160431
টেনেছিল,0.4050171375274658,0.0,1.4050171375274658
প্রস্ততি,0.404960572719574,0.0,1.404960572719574
পেন,0.4049566984176636,0.0,1.4049566984176636
প্রথমদিন,0.40484464168548584,0.0,1.4048446416854858
আর্তনা,0.40484267473220825,0.0,1.4048426747322083
পাগড়ি,0.40480196475982666,0.0,1.4048019647598267
এজন্যে,0.4047567844390869,0.0,1.404756784439087
ছেলের,0.4148373603820801,0.010101010101010102,1.4047363502810701
খুইয়ে,0.40463823080062866,0.0,1.4046382308006287
সারির,0.40463823080062866,0.0,1.4046382308006287
ইতিহাসে,0.41471755504608154,0.010101010101010102,1.4046165449450716
বাস্তব,0.4045902490615845,0.0,1.4045902490615845
ভার,0.4045475721359253,0.0,1.4045475721359253
লক্ষী,0.4045116901397705,0.0,1.4045116901397705
দরকারটা,0.4044974446296692,0.0,1.4044974446296692
মাছমাংস,0.40445297956466675,0.0,1.4044529795646667
সাম্রাজ্যবাদ,0.40442967414855957,0.0,1.4044296741485596
পাচ্ছো,0.40439867973327637,0.0,1.4043986797332764
রইলো৷,0.4352981448173523,0.030927835051546393,1.404370309765806
ভিটেয়,0.4042972922325134,0.0,1.4042972922325134
করেছিল,0.4042755365371704,0.0,1.4042755365371704
কামড়া,0.40423011779785156,0.0,1.4042301177978516
জাম,0.4040870666503906,0.0,1.4040870666503906
গোল্ড,0.4040378928184509,0.0,1.404037892818451
বড়ো,0.40402328968048096,0.0,1.404023289680481
আরশোলা,0.4040101170539856,0.0,1.4040101170539856
লালন,0.4039711356163025,0.0,1.4039711356163025
থাস,0.4039435386657715,0.0,1.4039435386657715
হাঙ্গ,0.4039337635040283,0.0,1.4039337635040283
তলাতে,0.40393179655075073,0.0,1.4039317965507507
পায়েস,0.4038578271865845,0.0,1.4038578271865845
কুয়োর,0.40383028984069824,0.0,1.4038302898406982
মেশা,0.41386014223098755,0.010101010101010102,1.4037591321299776
লীন,0.45636188983917236,0.05263157894736842,1.403730310891804
বেক,0.4036564230918884,0.0,1.4036564230918884
সাহেবপাড়ায়,0.4036349058151245,0.0,1.4036349058151245
জেতা,0.40363478660583496,0.0,1.403634786605835
সন্ধেয়,0.4036175608634949,0.0,1.4036175608634949
হিজ,0.4136972427368164,0.010101010101010102,1.4035962326358065
তোড়ে,0.4035356044769287,0.0,1.4035356044769287
ঠেকাবে,0.4035118818283081,0.0,1.403511881828308
বসলাে,0.4238848090171814,0.02040816326530612,1.4034766457518753
সুট,0.4034692645072937,0.0,1.4034692645072937
চিচিং,0.40341657400131226,0.0,1.4034165740013123
চিনবে,0.40337902307510376,0.0,1.4033790230751038
কারুকার্য,0.40323323011398315,0.0,1.4032332301139832
নড়াচড়া,0.4133037328720093,0.010101010101010102,1.4032027227709993
বাজ,0.42351973056793213,0.02040816326530612,1.403111567302626
যোদ্ধ,0.40309983491897583,0.0,1.4030998349189758
শাজাহান,0.40309685468673706,0.0,1.403096854686737
রাশিয়,0.4030887484550476,0.0,1.4030887484550476
কিপ,0.40305691957473755,0.0,1.4030569195747375
প্রকৃতি,0.44460368156433105,0.041666666666666664,1.4029370148976645
এগোনো,0.40291541814804077,0.0,1.4029154181480408
সামলাবে,0.40290606021881104,0.0,1.402906060218811
রসিকতায়,0.4029008746147156,0.0,1.4029008746147156
খিদিরপুর,0.40289169549942017,0.0,1.4028916954994202
নিঃসাড়ে,0.4028870463371277,0.0,1.4028870463371277
দৈব,0.4028739333152771,0.0,1.402873933315277
চালানে,0.41294556856155396,0.010101010101010102,1.402844558460544
ঝাম,0.40283310413360596,0.0,1.402833104133606
থোড়া,0.40275341272354126,0.0,1.4027534127235413
প্রতিআক্রমণ,0.4027519226074219,0.0,1.4027519226074219
খাজা,0.4027478098869324,0.0,1.4027478098869324
ডি,0.4127252697944641,0.010101010101010102,1.4026242596934542
উপন্যাসে,0.41269588470458984,0.010101010101010102,1.40259487460358
গভীরতা,0.40256422758102417,0.0,1.4025642275810242
কাপুনি,0.4025459289550781,0.0,1.4025459289550781
মারিয়া,0.4025416970252991,0.0,1.402541697025299
পালানে,0.4025181531906128,0.0,1.4025181531906128
গোলাপ,0.42282336950302124,0.02040816326530612,1.402415206237715
অবর্তমানে,0.4023851752281189,0.0,1.402385175228119
বাগা,0.40238314867019653,0.0,1.4023831486701965
কালো,0.4227607846260071,0.02040816326530612,1.402352621360701
হাওয়ায়,0.4227246046066284,0.02040816326530612,1.4023164413413223
ব্যারিস্,0.4022902846336365,0.0,1.4022902846336365
উইকেট,0.4332078695297241,0.030927835051546393,1.4022800344781778
সকাল,0.4123133420944214,0.010101010101010102,1.4022123319934114
ছাব্বিশ,0.40218108892440796,0.0,1.402181088924408
নোনা,0.4021785259246826,0.0,1.4021785259246826
বলছি৷,0.4021272659301758,0.0,1.4021272659301758
পরবর্তীকালে,0.4122205376625061,0.010101010101010102,1.4021195275614962
মহাসাগরে,0.40210574865341187,0.0,1.4021057486534119
ভিতরে,0.40208786725997925,0.0,1.4020878672599792
মেধ,0.40204864740371704,0.0,1.402048647403717
একটানে,0.4020370841026306,0.0,1.4020370841026306
শ্বেতপাথর,0.40202921628952026,0.0,1.4020292162895203
ঝানু,0.4019550085067749,0.0,1.401955008506775
নিভে,0.4120340347290039,0.010101010101010102,1.401933024627994
পূরণ,0.4019313454627991,0.0,1.401931345462799
ছা,0.4223328232765198,0.02040816326530612,1.4019246600112136
কীই,0.40191471576690674,0.0,1.4019147157669067
নাথি,0.40189701318740845,0.0,1.4018970131874084
লইয়,0.4018927216529846,0.0,1.4018927216529846
আর্তস্বর,0.401807963848114,0.0,1.401807963848114
পদ্ধতির,0.40176522731781006,0.0,1.40176522731781
ক্ষতিপূরণ,0.4017446041107178,0.0,1.4017446041107178
শকুনি,0.4017394185066223,0.0,1.4017394185066223
ইস্ট,0.4017344117164612,0.0,1.4017344117164612
শিখলে,0.40168267488479614,0.0,1.4016826748847961
হাসা,0.40166163444519043,0.0,1.4016616344451904
কণে,0.4016503691673279,0.0,1.4016503691673279
তাকালো,0.42203080654144287,0.02040816326530612,1.4016226432761367
আনিয়েছি,0.4015767574310303,0.0,1.4015767574310303
ওগে,0.4015763998031616,0.0,1.4015763998031616
বাঁড়ুয্য,0.4014761447906494,0.0,1.4014761447906494
গটু,0.40147221088409424,0.0,1.4014722108840942
প্রতিযোগিত,0.43237483501434326,0.030927835051546393,1.401446999962797
প্রলেপ,0.4013758897781372,0.0,1.4013758897781372
দাবী,0.4013499617576599,0.0,1.40134996175766
শুষে,0.40132975578308105,0.0,1.401329755783081
মেরী,0.4012816548347473,0.0,1.4012816548347473
মৌমাছি,0.4012523889541626,0.0,1.4012523889541626
মনােহর,0.401214063167572,0.0,1.401214063167572
সকালবেল,0.40112870931625366,0.0,1.4011287093162537
ছিড়,0.4010738134384155,0.0,1.4010738134384155
হেথায়,0.4010404348373413,0.0,1.4010404348373413
মৃত্যুবরণ,0.4010334610939026,0.0,1.4010334610939026
চালাতে,0.40103060007095337,0.0,1.4010306000709534
বাল্ব,0.4010170102119446,0.0,1.4010170102119446
মহাসাগর,0.4109721779823303,0.010101010101010102,1.4008711678813204
জাক,0.4008703827857971,0.0,1.4008703827857971
দুটে,0.4008520841598511,0.0,1.400852084159851
সাজপোশাক,0.4007924795150757,0.0,1.4007924795150757
ম্যাচ,0.464565634727478,0.06382978723404255,1.4007358474934355
থুবড়ে,0.4006825089454651,0.0,1.400682508945465
বোম্বাইয়,0.4005957841873169,0.0,1.400595784187317
সম্পূর্ণ,0.41065555810928345,0.010101010101010102,1.4005545480082735
কাদ,0.42090779542922974,0.02040816326530612,1.4004996321639236
দিনকতক,0.4004554748535156,0.0,1.4004554748535156
পাথরে,0.42086005210876465,0.02040816326530612,1.4004518888434585
বন্দুকট,0.40042930841445923,0.0,1.4004293084144592
কাটছিল,0.40042805671691895,0.0,1.400428056716919
অপচয়,0.4003784656524658,0.0,1.4003784656524658
মনস্থির,0.40033435821533203,0.0,1.400334358215332
বসু,0.43124920129776,0.030927835051546393,1.4003213662462137
আকা,0.4207044243812561,0.02040816326530612,1.40029626111595
রীতিনীতি,0.400287926197052,0.0,1.400287926197052
প্রধানতঃ,0.40023499727249146,0.0,1.4002349972724915
চারিদিক,0.4001281261444092,0.0,1.4001281261444092
বর্ষায়,0.4000902771949768,0.0,1.4000902771949768
ভালোমানুষ,0.4000478982925415,0.0,1.4000478982925415
মিলে,0.39998137950897217,0.0,1.3999813795089722
চরকা,0.3999415636062622,0.0,1.3999415636062622
বাটিটা,0.3998963236808777,0.0,1.3998963236808777
বসানে,0.39986568689346313,0.0,1.3998656868934631
দেমাক,0.39984697103500366,0.0,1.3998469710350037
বিবমিষা,0.39982712268829346,0.0,1.3998271226882935
শুভেচ্ছা,0.3998018503189087,0.0,1.3998018503189087
পৈতা,0.3997706174850464,0.0,1.3997706174850464
দেখাবি,0.39974409341812134,0.0,1.3997440934181213
ভিখিরি,0.3997301459312439,0.0,1.399730145931244
দোদুল্যমান,0.39969372749328613,0.0,1.3996937274932861
দিয়েছিস,0.39967042207717896,0.0,1.399670422077179
অহংকারী,0.3996577262878418,0.0,1.3996577262878418
পরান,0.3996356725692749,0.0,1.399635672569275
উদ্ভিদ,0.3996207118034363,0.0,1.3996207118034363
পুলে,0.39960306882858276,0.0,1.3996030688285828
ডালিম,0.3995528221130371,0.0,1.399552822113037
বোধকরি,0.39938509464263916,0.0,1.3993850946426392
ধাচ,0.39937806129455566,0.0,1.3993780612945557
বিস্মৃত,0.39936864376068115,0.0,1.3993686437606812
হকির,0.3993244171142578,0.0,1.3993244171142578
পাঞ্জাব,0.3992076516151428,0.0,1.3992076516151428
একমুঠো,0.3991418480873108,0.0,1.3991418480873108
লিখ,0.41949397325515747,0.02040816326530612,1.3990858099898513
যেতো৷,0.39908552169799805,0.0,1.399085521697998
বসতবাড়ি,0.3989419937133789,0.0,1.398941993713379
লোফালুফি,0.3988455533981323,0.0,1.3988455533981323
বিছিয়ে,0.3988416790962219,0.0,1.398841679096222
প্রণালী,0.39880526065826416,0.0,1.3988052606582642
অসিত,0.39879560470581055,0.0,1.3987956047058105
জলচৌকির,0.39871710538864136,0.0,1.3987171053886414
চলরে,0.3986285328865051,0.0,1.3986285328865051
যাইনি,0.3985901474952698,0.0,1.3985901474952698
প্রদেশ,0.3985823392868042,0.0,1.3985823392868042
ভাঙল,0.40863633155822754,0.010101010101010102,1.3985353214572176
দুর্বলতা,0.3985218405723572,0.0,1.3985218405723572
আভা,0.40860944986343384,0.010101010101010102,1.398508439762424
যথা,0.39848899841308594,0.0,1.398488998413086
দোলন,0.398479163646698,0.0,1.398479163646698
কাটিয়,0.3984609842300415,0.0,1.3984609842300415
সজাগ,0.3984532356262207,0.0,1.3984532356262207
পাঠিয়ে,0.4085516929626465,0.010101010101010102,1.3984506828616365
কারণট,0.39844101667404175,0.0,1.3984410166740417
শুভ,0.440038800239563,0.041666666666666664,1.3983721335728965
উপলক্ষ্যে,0.39833521842956543,0.0,1.3983352184295654
বেড়াচ্ছি,0.39833390712738037,0.0,1.3983339071273804
অতিকায়,0.40843313932418823,0.010101010101010102,1.3983321292231783
বিহার,0.39828336238861084,0.0,1.3982833623886108
দার্শনিক,0.39824897050857544,0.0,1.3982489705085754
কিন৷,0.39815783500671387,0.0,1.3981578350067139
দুঃখবোধ,0.40825438499450684,0.010101010101010102,1.398153374893497
দীর্ঘকায়,0.40820473432540894,0.010101010101010102,1.398103724224399
গীতা,0.3980115056037903,0.0,1.3980115056037903
উপবিষ্ট,0.397973895072937,0.0,1.397973895072937
দেখবো,0.3979646563529968,0.0,1.3979646563529968
ফুরিয়,0.4080356955528259,0.010101010101010102,1.397934685451816
ক্ষিদে,0.3979264497756958,0.0,1.3979264497756958
ফানুস,0.3978016972541809,0.0,1.397801697254181
চিড়,0.3977869153022766,0.0,1.3977869153022766
অচেতন,0.39777064323425293,0.0,1.397770643234253
কিছুদূরে,0.3977460265159607,0.0,1.3977460265159607
সুরেলা,0.3976426124572754,0.0,1.3976426124572754
জড়িয়ে,0.40770453214645386,0.010101010101010102,1.397603522045444
ধরায়,0.3975984454154968,0.0,1.3975984454154968
ঝুলছিল,0.39758437871932983,0.0,1.3975843787193298
ডেপু,0.3975825905799866,0.0,1.3975825905799866
বোমায়,0.4076666831970215,0.010101010101010102,1.3975656730960115
পার্থক্য,0.39743828773498535,0.0,1.3974382877349854
দড়াম,0.3974159359931946,0.0,1.3974159359931946
চোখাচোখি,0.4075073003768921,0.010101010101010102,1.3974062902758821
ওষুধে,0.40741080045700073,0.010101010101010102,1.3973097903559908
ধোব,0.39728766679763794,0.0,1.397287666797638
কবীর,0.39727550745010376,0.0,1.3972755074501038
পড়বো,0.3972194790840149,0.0,1.397219479084015
পাকিস্থান,0.39714884757995605,0.0,1.397148847579956
পারতুম,0.41755515336990356,0.02040816326530612,1.3971469901045974
আচ্চা,0.3971424102783203,0.0,1.3971424102783203
ওয়াইফ,0.3971315026283264,0.0,1.3971315026283264
পরিকল্পন,0.3971279263496399,0.0,1.39712792634964
নুতন,0.3970264792442322,0.0,1.3970264792442322
সুত,0.3969356417655945,0.0,1.3969356417655945
কাছা,0.396912157535553,0.0,1.396912157535553
দে৷,0.3969084620475769,0.0,1.396908462047577
কায়েত,0.39689892530441284,0.0,1.3968989253044128
অস্পৃশ্য,0.39688724279403687,0.0,1.3968872427940369
বিনাশ,0.3968747854232788,0.0,1.3968747854232788
ঘটায়,0.39674317836761475,0.0,1.3967431783676147
কাকড়,0.39672648906707764,0.0,1.3967264890670776
বিরত,0.39667272567749023,0.0,1.3966727256774902
অগ্রণী,0.39663344621658325,0.0,1.3966334462165833
খেলা,0.4170001149177551,0.02040816326530612,1.396591951652449
পরমাণু,0.39658308029174805,0.0,1.396583080291748
খেলি,0.39657843112945557,0.0,1.3965784311294556
যেট,0.3965159058570862,0.0,1.3965159058570862
চাপাস্বরে,0.4066082239151001,0.010101010101010102,1.3965072138140902
বইএর,0.4065857529640198,0.010101010101010102,1.3964847428630098
ছমাস,0.39645904302597046,0.0,1.3964590430259705
তবলা,0.3964548707008362,0.0,1.3964548707008362
আশঙ্ক,0.39644455909729004,0.0,1.39644455909729
ধাক,0.406488835811615,0.010101010101010102,1.396387825710605
হাসলাে৷,0.39627891778945923,0.0,1.3962789177894592
নী,0.3962557315826416,0.0,1.3962557315826416
আবিষ্কার,0.40635430812835693,0.010101010101010102,1.396253298027347
বিগত,0.3962475657463074,0.0,1.3962475657463074
অবাক,0.39620375633239746,0.0,1.3962037563323975
সেকশন,0.39618241786956787,0.0,1.3961824178695679
ধূ,0.39611029624938965,0.0,1.3961102962493896
সম্মানে,0.3960552215576172,0.0,1.3960552215576172
থিদে,0.3959600329399109,0.0,1.3959600329399109
গনেশ,0.3959355354309082,0.0,1.3959355354309082
প্রতিযোগিতা,0.4268431067466736,0.030927835051546393,1.3959152716951273
ছুর্বল,0.3958970904350281,0.0,1.395897090435028
ভ্রমণে,0.3958064913749695,0.0,1.3958064913749695
ওয়ান,0.40589702129364014,0.010101010101010102,1.3957960111926302
মাল,0.40586453676223755,0.010101010101010102,1.3957635266612276
শৃঙ্খলা,0.39571964740753174,0.0,1.3957196474075317
ফুলদানি,0.3956475853919983,0.0,1.3956475853919983
ঠেকলে,0.39564329385757446,0.0,1.3956432938575745
খাবি,0.39555996656417847,0.0,1.3955599665641785
ইঞ্চি,0.42648762464523315,0.030927835051546393,1.3955597895936869
পিলে,0.39555788040161133,0.0,1.3955578804016113
বিজয়ী,0.45932745933532715,0.06382978723404255,1.3954976721012846
শিখায়,0.405525267124176,0.010101010101010102,1.395424257023166
বিশ্বান,0.3954058289527893,0.0,1.3954058289527893
তথাকথিত,0.3952779173851013,0.0,1.3952779173851013
ছাত্র,0.39523524045944214,0.0,1.3952352404594421
ব্যাটারির,0.3952205777168274,0.0,1.3952205777168274
নাআমি,0.3951985239982605,0.0,1.3951985239982605
কারণটি,0.3951966166496277,0.0,1.3951966166496277
হুবে,0.3951847553253174,0.0,1.3951847553253174
বত্রিশ,0.4052368998527527,0.010101010101010102,1.3951358897517427
মহিষ,0.4052126407623291,0.010101010101010102,1.3951116306613192
বাঝস,0.3950558304786682,0.0,1.3950558304786682
হবেঃ,0.39505457878112793,0.0,1.395054578781128
দেশবাসী,0.3950510025024414,0.0,1.3950510025024414
রাতবিরে,0.3949885964393616,0.0,1.3949885964393616
সত্যাসত্য,0.39493054151535034,0.0,1.3949305415153503
সংখ্যায়,0.40492552518844604,0.010101010101010102,1.394824515087436
সাইরেনের,0.4048779606819153,0.010101010101010102,1.3947769505809053
সাহেবকে,0.394736647605896,0.0,1.394736647605896
তূমি,0.3947276473045349,0.0,1.394727647304535
চ্যালেঞ্জ,0.39469754695892334,0.0,1.3946975469589233
পাঁচিল,0.4047594666481018,0.010101010101010102,1.3946584565470919
অমেক,0.3946571350097656,0.0,1.3946571350097656
কােল,0.3946438431739807,0.0,1.3946438431739807
মুল্য,0.3945627212524414,0.0,1.3945627212524414
চিতাবাঘ,0.39455699920654297,0.0,1.394556999206543
আটাশ,0.39455515146255493,0.0,1.394555151462555
গভীর,0.42544686794281006,0.030927835051546393,1.3945190328912638
আলমারি,0.4149266481399536,0.02040816326530612,1.3945184848746475
টেকি,0.394458532333374,0.0,1.394458532333374
চবিবশ,0.40451788902282715,0.010101010101010102,1.3944168789218172
গাড়ী,0.39439302682876587,0.0,1.3943930268287659
কার্পেটের,0.3943409323692322,0.0,1.3943409323692322
কাজট,0.39432984590530396,0.0,1.394329845905304
কঞ্চি,0.3943161964416504,0.0,1.3943161964416504
সম্পাদক,0.4044075608253479,0.010101010101010102,1.394306550724338
ঠাকুরঘর,0.39428961277008057,0.0,1.3942896127700806
পোষে,0.39428091049194336,0.0,1.3942809104919434
বেতন,0.3942680358886719,0.0,1.3942680358886719
লীনা,0.3942353129386902,0.0,1.3942353129386902
জাতপাত,0.39415454864501953,0.0,1.3941545486450195
প্রচেষ্টায়,0.3941503167152405,0.0,1.3941503167152405
আশাবাদী,0.3941451907157898,0.0,1.3941451907157898
উল্লুক,0.39403265714645386,0.0,1.3940326571464539
লাখি,0.39401841163635254,0.0,1.3940184116363525
তেষ্,0.4041135907173157,0.010101010101010102,1.3940125806163057
বহুলোক,0.3939744830131531,0.0,1.393974483013153
তলায়,0.42487823963165283,0.030927835051546393,1.3939504045801066
রক্তশূন্য,0.3938649892807007,0.0,1.3938649892807007
থামল,0.40395402908325195,0.010101010101010102,1.393853018982242
টায়,0.40392154455184937,0.010101010101010102,1.3938205344508394
মিঃ,0.4576190710067749,0.06382978723404255,1.3937892837727324
থাটে,0.39373546838760376,0.0,1.3937354683876038
খুলব,0.3937308192253113,0.0,1.3937308192253113
বোনঝি,0.3937283158302307,0.0,1.3937283158302307
অবস্থিত,0.3937219977378845,0.0,1.3937219977378845
উবু,0.39362937211990356,0.0,1.3936293721199036
লোম,0.4036795496940613,0.010101010101010102,1.3935785395930513
আণবিক,0.40367454290390015,0.010101010101010102,1.3935735328028902
বিন,0.39353668689727783,0.0,1.3935366868972778
শুনবি,0.39349472522735596,0.0,1.393494725227356
জোরে,0.3934698700904846,0.0,1.3934698700904846
স্বপক্ষে,0.39343225955963135,0.0,1.3934322595596313
অনভিজ্ঞ,0.3934062719345093,0.0,1.3934062719345093
ঢোকব,0.393319308757782,0.0,1.393319308757782
ঘণ্টায়,0.39328163862228394,0.0,1.393281638622284
ঘুমু,0.39312559366226196,0.0,1.393125593662262
যাওনি,0.3931143283843994,0.0,1.3931143283843994
কচলে,0.3930918574333191,0.0,1.393091857433319
ধাপে,0.393049955368042,0.0,1.393049955368042
দরজা,0.4134495258331299,0.02040816326530612,1.3930413625678237
স্থায়ীভাবে,0.3930285573005676,0.0,1.3930285573005676
কীর্তি,0.3930264115333557,0.0,1.3930264115333557
নিদ,0.3929896354675293,0.0,1.3929896354675293
কথনে,0.39293962717056274,0.0,1.3929396271705627
বাহাছুর,0.3928365111351013,0.0,1.3928365111351013
চাষবাস,0.4029061198234558,0.010101010101010102,1.3928051097224459
তাকান,0.3927900791168213,0.0,1.3927900791168213
খাঁট,0.3927791118621826,0.0,1.3927791118621826
রোজগ,0.39276498556137085,0.0,1.3927649855613708
অনুরূপ,0.3927643299102783,0.0,1.3927643299102783
ভ্যা,0.4028465151786804,0.010101010101010102,1.3927455050776705
টোকা,0.392692506313324,0.0,1.392692506313324
নিষ্কৃতি,0.39264869689941406,0.0,1.392648696899414
যা৷,0.4027397632598877,0.010101010101010102,1.3926387531588778
জন্মস্থান,0.39261752367019653,0.0,1.3926175236701965
উচ্চে,0.3925843834877014,0.0,1.3925843834877014
ভিত্তি,0.3925633430480957,0.0,1.3925633430480957
ভেক,0.3924991488456726,0.0,1.3924991488456726
কুলে,0.39244914054870605,0.0,1.392449140548706
ঠেস,0.39243173599243164,0.0,1.3924317359924316
দেওয়াও,0.39242470264434814,0.0,1.3924247026443481
ঝুঁকিয়ে,0.40248918533325195,0.010101010101010102,1.392388175232242
বোতল,0.3923579454421997,0.0,1.3923579454421997
সাজান,0.39229488372802734,0.0,1.3922948837280273
হাঁপিয়ে,0.40238720178604126,0.010101010101010102,1.3922861916850313
সাছেব,0.4023693799972534,0.010101010101010102,1.3922683698962435
বিরল,0.3922634720802307,0.0,1.3922634720802307
জায়গা,0.39222586154937744,0.0,1.3922258615493774
পায়চারী,0.3922116756439209,0.0,1.392211675643921
ছো,0.39216339588165283,0.0,1.3921633958816528
বাজখা,0.39216065406799316,0.0,1.3921606540679932
মাড়া,0.39210623502731323,0.0,1.3921062350273132
আপাদমস্তক,0.3920527696609497,0.0,1.3920527696609497
ইন,0.41243070363998413,0.02040816326530612,1.392022540374678
টিপির,0.39200204610824585,0.0,1.3920020461082458
টিবির,0.3919748067855835,0.0,1.3919748067855835
বটগাছ,0.40198904275894165,0.010101010101010102,1.3918880326579317
এলো,0.3918647766113281,0.0,1.3918647766113281
সেকেণ্ডে,0.3918530344963074,0.0,1.3918530344963074
ডোম,0.3918035626411438,0.0,1.3918035626411438
দাশ,0.44443410634994507,0.05263157894736842,1.3918025274025767
নামডাক,0.3917575478553772,0.0,1.3917575478553772
বিকৃতির,0.39168286323547363,0.0,1.3916828632354736
চিবুক,0.39167046546936035,0.0,1.3916704654693604
কুয়াশা,0.39154744148254395,0.0,1.391547441482544
ছিপ,0.42244619131088257,0.030927835051546393,1.3915183562593363
হড়মুড়িয়ে,0.39149802923202515,0.0,1.3914980292320251
কোণঠাসা,0.3913883566856384,0.0,1.3913883566856384
আসবেন৷,0.3913830518722534,0.0,1.3913830518722534
দিল্লীর,0.40134477615356445,0.010101010101010102,1.3912437660525545
সংক্রান্ত,0.3912423849105835,0.0,1.3912423849105835
এগোবে,0.3912043571472168,0.0,1.3912043571472168
নমস্কারে,0.39119380712509155,0.0,1.3911938071250916
অঞ্জনা,0.3911314606666565,0.0,1.3911314606666565
দিদ,0.39111506938934326,0.0,1.3911150693893433
ধীরস্থির,0.39108598232269287,0.0,1.3910859823226929
ঘি,0.39108097553253174,0.0,1.3910809755325317
কূলে,0.3910766839981079,0.0,1.391076683998108
লেগেছেন,0.3910755515098572,0.0,1.3910755515098572
ঘামিয়ে,0.391065776348114,0.0,1.391065776348114
ঝিল,0.39102470874786377,0.0,1.3910247087478638
জমিদার,0.40107262134552,0.010101010101010102,1.39097161124451
তরী,0.39094990491867065,0.0,1.3909499049186707
পিছমাড়া,0.39092588424682617,0.0,1.3909258842468262
খোসা,0.39089053869247437,0.0,1.3908905386924744
অন্ত্র,0.40097934007644653,0.010101010101010102,1.3908783299754366
বেইজ্জত,0.3908531665802002,0.0,1.3908531665802002
ঘামে,0.39080047607421875,0.0,1.3908004760742188
পাপড়ির,0.4112035632133484,0.02040816326530612,1.3907953999480422
ধপাস,0.39073264598846436,0.0,1.3907326459884644
পুত্রবধূর,0.39070385694503784,0.0,1.3907038569450378
নামতে,0.39070260524749756,0.0,1.3907026052474976
জাফর,0.390686571598053,0.0,1.390686571598053
ছন্মবেশ,0.39068418741226196,0.0,1.390684187412262
লাত,0.3906538486480713,0.0,1.3906538486480713
ব্যাড,0.3906370997428894,0.0,1.3906370997428894
মুতি,0.40073078870773315,0.010101010101010102,1.3906297786067232
নামজপ,0.39059847593307495,0.0,1.390598475933075
কৰে,0.39056462049484253,0.0,1.3905646204948425
আওয়াজ,0.39050984382629395,0.0,1.390509843826294
টাটক,0.3905062675476074,0.0,1.3905062675476074
নেমেছিল,0.390499472618103,0.0,1.390499472618103
লাভা,0.4004324674606323,0.010101010101010102,1.3903314573596224
হেড,0.4655425548553467,0.07526881720430108,1.3902737376510457
সরীস্থপ,0.39024657011032104,0.0,1.390246570110321
মৃত্যুভয়,0.3902233839035034,0.0,1.3902233839035034
এয,0.39012813568115234,0.0,1.3901281356811523
এরকম,0.39006638526916504,0.0,1.390066385269165
নিস,0.39005184173583984,0.0,1.3900518417358398
সন্ধ্যে,0.4001389145851135,0.010101010101010102,1.3900379044841036
ভাইপ,0.3900017738342285,0.0,1.3900017738342285
জন্মালে,0.3899269104003906,0.0,1.3899269104003906
লুকিয়ে,0.41031670570373535,0.02040816326530612,1.3899085424384292
ধ্বংসলীল,0.389775812625885,0.0,1.389775812625885
ক্ষীর,0.38977545499801636,0.0,1.3897754549980164
এগোলো,0.3998752236366272,0.010101010101010102,1.3897742135356173
মধ্যমণি,0.3897740840911865,0.0,1.3897740840911865
খুসির,0.389771044254303,0.0,1.389771044254303
সামুদ্রিক,0.41017675399780273,0.02040816326530612,1.3897685907324966
আত্মত্যাগ,0.3897539973258972,0.0,1.3897539973258972
গাক,0.3896583914756775,0.0,1.3896583914756775
ঠেকায়,0.38961243629455566,0.0,1.3896124362945557
আমায়,0.38958680629730225,0.0,1.3895868062973022
বপু,0.38957589864730835,0.0,1.3895758986473083
বিষয়ক,0.38956761360168457,0.0,1.3895676136016846
সচিত্র,0.4204843044281006,0.030927835051546393,1.3895564693765543
চাঁয়,0.38952261209487915,0.0,1.3895226120948792
উচ্ছেদ,0.40984076261520386,0.02040816326530612,1.3894325993498977
পেলি,0.39948970079421997,0.010101010101010102,1.38938869069321
ওয়েস্ট,0.389371395111084,0.0,1.389371395111084
যথোপযুক্ত,0.38935160636901855,0.0,1.3893516063690186
ভাঙলো,0.3893461227416992,0.0,1.3893461227416992
কতোখানি,0.3892231583595276,0.0,1.3892231583595276
শোচনীয়,0.38914936780929565,0.0,1.3891493678092957
তাৎপর্য,0.40950071811676025,0.02040816326530612,1.389092554851454
বিপক্ষে,0.3991237282752991,0.010101010101010102,1.3890227181742891
ভৌতিক,0.3889923691749573,0.0,1.3889923691749573
অস্ফুট,0.38896435499191284,0.0,1.3889643549919128
ভুল,0.3889206051826477,0.0,1.3889206051826477
হাঁটলে,0.3888819217681885,0.0,1.3888819217681885
হতাশভাবে,0.38886845111846924,0.0,1.3888684511184692
চিম,0.38885724544525146,0.0,1.3888572454452515
পাঠশালে,0.3888278007507324,0.0,1.3888278007507324
সন্ধ্যেবেলা,0.3888047933578491,0.0,1.3888047933578491
নাথ,0.3887576460838318,0.0,1.3887576460838318
আশু,0.38873761892318726,0.0,1.3887376189231873
বেগুন,0.3886617422103882,0.0,1.3886617422103882
বাজতে,0.3986058235168457,0.010101010101010102,1.3885048134158358
কাম্য,0.3884948492050171,0.0,1.388494849205017
খোদ,0.3883129954338074,0.0,1.3883129954338074
নির্বাহ,0.38823139667510986,0.0,1.3882313966751099
ভাবাবেগ,0.3882155418395996,0.0,1.3882155418395996
পালালো,0.3881990313529968,0.0,1.3881990313529968
তোয়ান্ধা,0.3881491422653198,0.0,1.3881491422653198
ঘটি,0.3881324529647827,0.0,1.3881324529647827
যাইতেছিল,0.3881203532218933,0.0,1.3881203532218933
জমিজমা,0.38808685541152954,0.0,1.3880868554115295
বিবৃত,0.3880123496055603,0.0,1.3880123496055603
অমূল্য,0.38800424337387085,0.0,1.3880042433738708
খাচায়,0.38798242807388306,0.0,1.387982428073883
আপদে,0.38792264461517334,0.0,1.3879226446151733
স্থিরভাবে,0.3879117965698242,0.0,1.3879117965698242
আরো,0.3979979157447815,0.010101010101010102,1.3878969056437716
সাহেব৷,0.3878922462463379,0.0,1.387892246246338
রিপোর্,0.38786447048187256,0.0,1.3878644704818726
অবলম্বনে,0.3876018524169922,0.0,1.3876018524169922
ঘুরল,0.38757556676864624,0.0,1.3875755667686462
চুমকি,0.38753581047058105,0.0,1.387535810470581
নাছোড়বান্দা,0.38733625411987305,0.0,1.387336254119873
পোষায়,0.3873176574707031,0.0,1.3873176574707031
রেশম,0.39731931686401367,0.010101010101010102,1.3872183067630037
ঋতু,0.3871625065803528,0.0,1.3871625065803528
চেয়ো,0.3871358036994934,0.0,1.3871358036994934
বলেছিল,0.38712841272354126,0.0,1.3871284127235413
ওরকমভাবে,0.3871198892593384,0.0,1.3871198892593384
মুগ্ধতা,0.3870992064476013,0.0,1.3870992064476013
কযেক,0.3869650363922119,0.0,1.386965036392212
বিছানো,0.39705967903137207,0.010101010101010102,1.3869586689303621
পৃষ্ঠায়,0.40724867582321167,0.02040816326530612,1.3868405125579055
শোনালো,0.39690232276916504,0.010101010101010102,1.386801312668155
আপনক,0.38656967878341675,0.0,1.3865696787834167
মহাকাশযাত্রী,0.3865610957145691,0.0,1.386561095714569
বিশদ,0.3865565061569214,0.0,1.3865565061569214
পালাব,0.3865511417388916,0.0,1.3865511417388916
শেখব,0.386539101600647,0.0,1.386539101600647
অবিচ্ছিন্ন,0.3864801526069641,0.0,1.3864801526069641
উপকথা,0.41728001832962036,0.030927835051546393,1.386352183278074
উঠলো,0.3964414596557617,0.010101010101010102,1.3863404495547518
হাঁটতে,0.3863336443901062,0.0,1.3863336443901062
সিন,0.38632649183273315,0.0,1.3863264918327332
বহুদূরে,0.38628506660461426,0.0,1.3862850666046143
এৰং,0.3862442374229431,0.0,1.3862442374229431
বিনীতভাবে,0.3861662745475769,0.0,1.386166274547577
এলে,0.38615864515304565,0.0,1.3861586451530457
ফোকর,0.3861480951309204,0.0,1.3861480951309204
পাগ,0.3861028552055359,0.0,1.3861028552055359
কুলকিনা,0.38605260848999023,0.0,1.3860526084899902
রথে,0.3860476016998291,0.0,1.386047601699829
সংঘাত,0.3859381675720215,0.0,1.3859381675720215
ছুরির,0.38587528467178345,0.0,1.3858752846717834
ইন্টেলিজেন্স,0.3858105540275574,0.0,1.3858105540275574
সেক্রেটারী,0.3857680559158325,0.0,1.3857680559158325
সবিস্তারে,0.38575637340545654,0.0,1.3857563734054565
কাটাকু,0.3857235908508301,0.0,1.38572359085083
তুলসী,0.38570737838745117,0.0,1.3857073783874512
আলোতে,0.3856481909751892,0.0,1.3856481909751892
গাইব,0.3854954242706299,0.0,1.3854954242706299
ব্যাকুলভাবে,0.3854404091835022,0.0,1.3854404091835022
শুনছিল,0.38534021377563477,0.0,1.3853402137756348
ঘাপ,0.3853378891944885,0.0,1.3853378891944885
হাঁত,0.3853299021720886,0.0,1.3853299021720886
বেসুরো,0.39543068408966064,0.010101010101010102,1.3853296739886507
লিপি,0.39542144536972046,0.010101010101010102,1.3853204352687105
তাগ,0.38531577587127686,0.0,1.3853157758712769
পাকানো,0.38531267642974854,0.0,1.3853126764297485
চেনো,0.3852352499961853,0.0,1.3852352499961853
নাগাড়ে,0.385189414024353,0.0,1.385189414024353
কয়েকমাস,0.38516145944595337,0.0,1.3851614594459534
সন্তায়,0.3851538896560669,0.0,1.385153889656067
বহি,0.38511037826538086,0.0,1.3851103782653809
জোয়ার,0.3850787878036499,0.0,1.38507878780365
আলোচ্য,0.3951535224914551,0.010101010101010102,1.3850525123904451
লতাপাতা,0.38501685857772827,0.0,1.3850168585777283
দাঁ,0.38498950004577637,0.0,1.3849895000457764
আশীর্বা,0.38495516777038574,0.0,1.3849551677703857
অ্যাট,0.38489842414855957,0.0,1.3848984241485596
হাসিল,0.384848952293396,0.0,1.384848952293396
অভ্যর্থন,0.38484328985214233,0.0,1.3848432898521423
জেলা,0.3848251700401306,0.0,1.3848251700401306
জলদি,0.38478225469589233,0.0,1.3847822546958923
প্রিন্ট,0.3847523331642151,0.0,1.384752333164215
অবাস্তব,0.38474398851394653,0.0,1.3847439885139465
উত্থাপন,0.3847038745880127,0.0,1.3847038745880127
কিনেছি,0.3846198320388794,0.0,1.3846198320388794
অতদূর,0.38460707664489746,0.0,1.3846070766448975
অতলে,0.38458722829818726,0.0,1.3845872282981873
কচুকা,0.38457393646240234,0.0,1.3845739364624023
কাদছ,0.384498655796051,0.0,1.384498655796051
টে,0.38443535566329956,0.0,1.3844353556632996
বসায়,0.39450758695602417,0.010101010101010102,1.3844065768550142
উদ্ভাসিত,0.38438546657562256,0.0,1.3843854665756226
ফেলে৷,0.38435816764831543,0.0,1.3843581676483154
ঝটকায়,0.38433337211608887,0.0,1.3843333721160889
উসুল,0.3843111991882324,0.0,1.3843111991882324
ছানাবড়া,0.3843017816543579,0.0,1.384301781654358
মুখোশ,0.38429123163223267,0.0,1.3842912316322327
মােচড়,0.384250283241272,0.0,1.384250283241272
জানিয়েছেন,0.3842407464981079,0.0,1.384240746498108
উছলে,0.38423091173171997,0.0,1.38423091173172
একযোগে,0.38412487506866455,0.0,1.3841248750686646
মৃতদেহের,0.3840256333351135,0.0,1.3840256333351135
ভুমি,0.3840155601501465,0.0,1.3840155601501465
থার্ড,0.38397008180618286,0.0,1.3839700818061829
রুদ্ধশ্বাসে,0.38396406173706055,0.0,1.3839640617370605
গিয়েছিল,0.38392144441604614,0.0,1.3839214444160461
তরঙ্গে,0.3838632106781006,0.0,1.3838632106781006
বিয়ে,0.3838537931442261,0.0,1.383853793144226
ডিসেম্বর,0.4146658182144165,0.030927835051546393,1.3837379831628702
আয়নায়,0.3837377429008484,0.0,1.3837377429008484
চণ্ডীর,0.38372862339019775,0.0,1.3837286233901978
লিখত,0.38370537757873535,0.0,1.3837053775787354
পত্রিকায়,0.393768846988678,0.010101010101010102,1.383667836887668
ওয়াড়,0.3836291432380676,0.0,1.3836291432380676
হাসছ,0.38359618186950684,0.0,1.3835961818695068
হোম,0.4039742350578308,0.02040816326530612,1.3835660717925247
টুল,0.40393149852752686,0.02040816326530612,1.3835233352622207
সমালোচনা,0.393574059009552,0.010101010101010102,1.383473048908542
রুপোর,0.38343584537506104,0.0,1.383435845375061
ছলনা,0.3834000825881958,0.0,1.3834000825881958
উদ্যোগে,0.3833886384963989,0.0,1.383388638496399
ঝাঁঝালো,0.38337481021881104,0.0,1.383374810218811
সাধুর,0.3833411931991577,0.0,1.3833411931991577
পরমুহূর্তে,0.39343297481536865,0.010101010101010102,1.3833319647143587
মশলাপাতি,0.38325387239456177,0.0,1.3832538723945618
অবিশ্বি,0.38325101137161255,0.0,1.3832510113716125
ভাইএর,0.3832058906555176,0.0,1.3832058906555176
ইেচকি,0.3831701874732971,0.0,1.3831701874732971
স্থতরাং,0.38315725326538086,0.0,1.3831572532653809
দোষারোপ,0.39319097995758057,0.010101010101010102,1.3830899698565706
জাস্ট,0.38302332162857056,0.0,1.3830233216285706
ঢেউ,0.3830000162124634,0.0,1.3830000162124634
হারাল,0.3829915523529053,0.0,1.3829915523529053
আনুন,0.38298124074935913,0.0,1.3829812407493591
আতিথ্য,0.38297039270401,0.0,1.38297039270401
দড়িদড়া,0.3829697370529175,0.0,1.3829697370529175
খামে,0.393052339553833,0.010101010101010102,1.382951329452823
আলুথালু,0.3829072117805481,0.0,1.382907211780548
ট্রিগ,0.3828437924385071,0.0,1.382843792438507
পরানো,0.3827398419380188,0.0,1.3827398419380188
হাসছিল,0.38273292779922485,0.0,1.3827329277992249
দেখোনি,0.38265031576156616,0.0,1.3826503157615662
পালিয়ে,0.3826083540916443,0.0,1.3826083540916443
লিখি,0.38258397579193115,0.0,1.3825839757919312
বিচারে,0.38255178928375244,0.0,1.3825517892837524
হুব,0.38253331184387207,0.0,1.382533311843872
পু,0.4463461637496948,0.06382978723404255,1.3825163765156523
হিউয়,0.382509708404541,0.0,1.382509708404541
বিদ্যুত,0.3824847340583801,0.0,1.3824847340583801
অনিচ্ছ,0.3824692368507385,0.0,1.3824692368507385
ইচ্ছেমতো,0.3824358582496643,0.0,1.3824358582496643
দীপন্কর,0.38239890336990356,0.0,1.3823989033699036
পড়লাম৷,0.38232582807540894,0.0,1.382325828075409
ধরালে,0.38231635093688965,0.0,1.3823163509368896
আহাম্মক,0.38229793310165405,0.0,1.382297933101654
যোদ্ধা,0.3822026252746582,0.0,1.3822026252746582
শেখেন,0.3821113705635071,0.0,1.382111370563507
ব্যাস,0.3820931315422058,0.0,1.3820931315422058
হুলস্থুল,0.38206905126571655,0.0,1.3820690512657166
যুখ,0.3820644021034241,0.0,1.382064402103424
এঁতিহাসিক,0.38194388151168823,0.0,1.3819438815116882
মেমোরিয়াল,0.38192009925842285,0.0,1.3819200992584229
আলো৷,0.3819025754928589,0.0,1.3819025754928589
ছিলনা,0.38189250230789185,0.0,1.3818925023078918
বাউগ্ডারি,0.3818289637565613,0.0,1.3818289637565613
পেরেক,0.3919183015823364,0.010101010101010102,1.3818172914813265
চিরাচরিত,0.3817744255065918,0.0,1.3817744255065918
আক্ষরিক,0.3817739486694336,0.0,1.3817739486694336
শাড়ী,0.40199989080429077,0.02040816326530612,1.3815917275389846
বোরখ,0.38152337074279785,0.0,1.3815233707427979
খে,0.38151198625564575,0.0,1.3815119862556458
বমির,0.38138091564178467,0.0,1.3813809156417847
ৰসে,0.391470730304718,0.010101010101010102,1.381369720203708
কিছুদিন,0.3813474774360657,0.0,1.3813474774360657
পাণ্ডুলিপি,0.3914203643798828,0.010101010101010102,1.3813193542788729
নিবিয়ে,0.3812575936317444,0.0,1.3812575936317444
শুকনে,0.38124626874923706,0.0,1.381246268749237
ভাণ,0.3811940550804138,0.0,1.3811940550804138
একবারটি,0.3810858726501465,0.0,1.3810858726501465
ফিস্ফিস্‌,0.38105595111846924,0.0,1.3810559511184692
পরেছেন,0.3809928894042969,0.0,1.3809928894042969
জ্যোৎস্না,0.40134966373443604,0.02040816326530612,1.38094150046913
খায়নি,0.3807569742202759,0.0,1.3807569742202759
বীচ,0.38073259592056274,0.0,1.3807325959205627
সহকমী,0.3807159662246704,0.0,1.3807159662246704
সংখ্যা,0.4222577214241028,0.041666666666666664,1.3805910547574363
বিনোদন,0.38029205799102783,0.0,1.3802920579910278
নিচে,0.38028931617736816,0.0,1.3802893161773682
ভবনে,0.3802785873413086,0.0,1.3802785873413086
তাৎপর্যপূর্ণ,0.3802441358566284,0.0,1.3802441358566284
এফ,0.411163330078125,0.030927835051546393,1.3802354950265787
প্রাচীর,0.3801930546760559,0.0,1.380193054676056
মামামামী,0.39026159048080444,0.010101010101010102,1.3801605803797945
চিড়িয়াখানা,0.3801429867744446,0.0,1.3801429867744446
শু,0.38007593154907227,0.0,1.3800759315490723
জনশ্রুতি,0.38006657361984253,0.0,1.3800665736198425
প্রাইজ,0.3800291419029236,0.0,1.3800291419029236
হিন্দু,0.4004220962524414,0.02040816326530612,1.3800139329871353
সেতু,0.3800087571144104,0.0,1.3800087571144104
নিরপরাধ,0.3800075650215149,0.0,1.380007565021515
হতবুদ্ধি,0.38000375032424927,0.0,1.3800037503242493
আধারে,0.3798689842224121,0.0,1.379868984222412
নির্ভরযোগ্য,0.37986260652542114,0.0,1.3798626065254211
প্রবোধ,0.37985920906066895,0.0,1.379859209060669
আন্দোলিত,0.379851758480072,0.0,1.379851758480072
বুঝছে৷,0.37975186109542847,0.0,1.3797518610954285
চুলে,0.42134034633636475,0.041666666666666664,1.3796736796696982
এইবেলা,0.37953996658325195,0.0,1.379539966583252
খুটিয়ে,0.3795323371887207,0.0,1.3795323371887207
ব্রেকফাস্ট,0.3795130252838135,0.0,1.3795130252838135
উদঘাটন,0.3895929455757141,0.010101010101010102,1.3794919354747042
চালক,0.37940382957458496,0.0,1.379403829574585
ইহুদী,0.3792414665222168,0.0,1.3792414665222168
চের,0.3792165517807007,0.0,1.3792165517807007
পড়াশুনো,0.3893026113510132,0.010101010101010102,1.3792016012500032
কর্পোরেশন,0.379150927066803,0.0,1.379150927066803
নির্ভরশীল,0.3790661692619324,0.0,1.3790661692619324
ভূতপ্রেত,0.3790525794029236,0.0,1.3790525794029236
লালমা,0.37902677059173584,0.0,1.3790267705917358
ভিন,0.37900686264038086,0.0,1.3790068626403809
ছুঃখিত,0.3789055347442627,0.0,1.3789055347442627
সাপে,0.3889963626861572,0.010101010101010102,1.3788953525851473
অজান্,0.37889182567596436,0.0,1.3788918256759644
জমাট,0.3889922499656677,0.010101010101010102,1.3788912398646578
ধুপ,0.3788900375366211,0.0,1.378890037536621
শেষবার,0.37886250019073486,0.0,1.3788625001907349
বাঁদি,0.3788217306137085,0.0,1.3788217306137085
আবছা,0.3889174461364746,0.010101010101010102,1.3788164360354647
জনসমক্ষে,0.3787953853607178,0.0,1.3787953853607178
জ্যাঠা,0.388862669467926,0.010101010101010102,1.378761659366916
ইমান,0.37874627113342285,0.0,1.3787462711334229
কইয়া,0.3787274956703186,0.0,1.3787274956703186
ভাইপার,0.3786906599998474,0.0,1.3786906599998474
সেথা,0.3786352276802063,0.0,1.3786352276802063
নিকষ,0.3785611391067505,0.0,1.3785611391067505
সুদে,0.37853991985321045,0.0,1.3785399198532104
গাইবে,0.37853920459747314,0.0,1.3785392045974731
জয়ধ্বনি,0.3785170316696167,0.0,1.3785170316696167
চষে,0.37850308418273926,0.0,1.3785030841827393
ক্রোশ,0.37849754095077515,0.0,1.3784975409507751
ফণা,0.3784967064857483,0.0,1.3784967064857483
ন্যাকড়া,0.3783504366874695,0.0,1.3783504366874695
খুলুন,0.378257691860199,0.0,1.378257691860199
জমিদারকে,0.3781660199165344,0.0,1.3781660199165344
সেইটুকু,0.3781539797782898,0.0,1.3781539797782898
মুদ্রণ,0.3781052231788635,0.0,1.3781052231788635
হুঃখ,0.3780813217163086,0.0,1.3780813217163086
অচিন,0.3881322145462036,0.010101010101010102,1.3780312044451937
ঘে,0.37799084186553955,0.0,1.3779908418655396
কিল,0.3880801796913147,0.010101010101010102,1.3779791695903048
কনুইয়,0.39837318658828735,0.02040816326530612,1.3779650233229812
গাথা,0.3779393434524536,0.0,1.3779393434524536
নিলামে,0.377895712852478,0.0,1.377895712852478
ভেরি,0.38795554637908936,0.010101010101010102,1.3778545362780794
কুত্ত,0.3778282403945923,0.0,1.3778282403945923
ম্যালেরিয়ার,0.37781602144241333,0.0,1.3778160214424133
মুর্খ,0.37780600786209106,0.0,1.377806007862091
চি,0.4766596555709839,0.0989010989010989,1.377758556669885
ভেজানো,0.3777543306350708,0.0,1.3777543306350708
গ্যাংগ্রিন,0.3777535557746887,0.0,1.3777535557746887
টুকটু,0.3777405619621277,0.0,1.3777405619621277
ডেল,0.37768447399139404,0.0,1.377684473991394
কের,0.3776647448539734,0.0,1.3776647448539734
আগ্নেয়,0.38775724172592163,0.010101010101010102,1.3776562316249117
চার্জ,0.3776233196258545,0.0,1.3776233196258545
সম্মোহিত,0.37760424613952637,0.0,1.3776042461395264
আলোয়ান,0.3775929808616638,0.0,1.3775929808616638
লিখবে,0.37756675481796265,0.0,1.3775667548179626
গাড়িঘোড়া,0.3775637149810791,0.0,1.377563714981079
শিরোধার্য,0.37754637002944946,0.0,1.3775463700294495
মিটমিট,0.37750160694122314,0.0,1.3775016069412231
ভূগোল,0.3774435520172119,0.0,1.377443552017212
বললতুমি,0.3774414658546448,0.0,1.3774414658546448
প্রসিদ্ধ,0.3774217963218689,0.0,1.377421796321869
পড়য়া,0.37741392850875854,0.0,1.3774139285087585
টেঁচা,0.3773602247238159,0.0,1.377360224723816
ছাইয়,0.3773200511932373,0.0,1.3773200511932373
কিনবো,0.37728339433670044,0.0,1.3772833943367004
বঁড়শি,0.37727493047714233,0.0,1.3772749304771423
বহুদূর,0.3772626519203186,0.0,1.3772626519203186
আসানসোল,0.3771727681159973,0.0,1.3771727681159973
কুর,0.3771359324455261,0.0,1.3771359324455261
বিছান,0.37705010175704956,0.0,1.3770501017570496
সন্ন্যাসী,0.3769289255142212,0.0,1.3769289255142212
গ্রাউণ্ড,0.3768802881240845,0.0,1.3768802881240845
হস্তক্ষেপ,0.37687379121780396,0.0,1.376873791217804
অহিংস,0.3768555521965027,0.0,1.3768555521965027
হুইল,0.37682682275772095,0.0,1.376826822757721
ফেলতে,0.3767378330230713,0.0,1.3767378330230713
বিপা,0.3766682744026184,0.0,1.3766682744026184
কার্জন,0.37665855884552,0.0,1.37665855884552
রেশমী,0.37652087211608887,0.0,1.3765208721160889
আনতে৷,0.37651997804641724,0.0,1.3765199780464172
যতদুর,0.3764219284057617,0.0,1.3764219284057617
কাকড়া,0.3763989210128784,0.0,1.3763989210128784
মাছি,0.3763883709907532,0.0,1.3763883709907532
মিঠা,0.3864767551422119,0.010101010101010102,1.376375745041202
খারাপ,0.3864578604698181,0.010101010101010102,1.3763568503688082
আন্,0.4072829484939575,0.030927835051546393,1.3763551134424112
গীয়,0.3763251304626465,0.0,1.3763251304626465
বাধবে,0.3763248920440674,0.0,1.3763248920440674
লিখিতেছি,0.3762240409851074,0.0,1.3762240409851074
সা,0.42885255813598633,0.05263157894736842,1.376220979188618
শোনা,0.3762209415435791,0.0,1.376220941543579
জাগানো,0.3761393427848816,0.0,1.3761393427848816
বাবরি,0.3964924216270447,0.02040816326530612,1.3760842583617385
কড়িকাঠ,0.37604421377182007,0.0,1.37604421377182
ভাড়াতাড়ি,0.3758668899536133,0.0,1.3758668899536133
প্রবৃত্তি,0.37583768367767334,0.0,1.3758376836776733
ঘুমে,0.3758193254470825,0.0,1.3758193254470825
বকাবকি,0.37573128938674927,0.0,1.3757312893867493
পড়লো৷,0.38581204414367676,0.010101010101010102,1.3757110340426668
কোনমতে,0.3756522536277771,0.0,1.375652253627777
নাল,0.3755674362182617,0.0,1.3755674362182617
চারিপাশে,0.3755027651786804,0.0,1.3755027651786804
আবর্জন,0.37550055980682373,0.0,1.3755005598068237
আদুরে,0.37550026178359985,0.0,1.3755002617835999
খয়েরী,0.37549054622650146,0.0,1.3754905462265015
ডানা,0.3958735466003418,0.02040816326530612,1.3754653833350357
সন্দেশ,0.40635085105895996,0.030927835051546393,1.3754230160074137
বোলিং,0.37539398670196533,0.0,1.3753939867019653
যেথানে,0.3753622770309448,0.0,1.3753622770309448
পাতায়,0.38546037673950195,0.010101010101010102,1.375359366638492
মুড়োয়,0.375343382358551,0.0,1.375343382358551
ওড়ানোর,0.37532228231430054,0.0,1.3753222823143005
দাও,0.3753202557563782,0.0,1.3753202557563782
রাজকীয়,0.3751574754714966,0.0,1.3751574754714966
মৈত্র,0.3955504894256592,0.02040816326530612,1.375142326160353
অক্ষরে,0.3852388858795166,0.010101010101010102,1.3751378757785067
প্রাণভিক্ষা,0.3750274181365967,0.0,1.3750274181365967
পাৰ,0.37498509883880615,0.0,1.3749850988388062
থামাল,0.3749571442604065,0.0,1.3749571442604065
দরজাট,0.3749353885650635,0.0,1.3749353885650635
চাকায়,0.3748488426208496,0.0,1.3748488426208496
ভিড়িয়ে,0.37482595443725586,0.0,1.3748259544372559
প্রদান,0.374789834022522,0.0,1.374789834022522
প্রবাস,0.37477415800094604,0.0,1.374774158000946
লেবুর,0.3747093677520752,0.0,1.3747093677520752
খয়েরি,0.3747015595436096,0.0,1.3747015595436096
হাজারো,0.37465113401412964,0.0,1.3746511340141296
চিড়িয়,0.3746277689933777,0.0,1.3746277689933777
গাছপালা,0.3846524953842163,0.010101010101010102,1.3745514852832064
থুলে,0.37448203563690186,0.0,1.3744820356369019
আত্মসাৎ,0.37441712617874146,0.0,1.3744171261787415
এদিকে,0.3744117021560669,0.0,1.374411702156067
মনখারাপ,0.3743633031845093,0.0,1.3743633031845093
বাক্সর,0.3743225336074829,0.0,1.374322533607483
পুরুষ,0.3742143511772156,0.0,1.3742143511772156
ওকথ,0.37417370080947876,0.0,1.3741737008094788
সার্থকতা,0.3741718530654907,0.0,1.3741718530654907
অনুবাদ,0.3741454482078552,0.0,1.3741454482078552
জন্তজানোয়,0.37412554025650024,0.0,1.3741255402565002
দীর্ঘনিশ্বাস,0.37411201000213623,0.0,1.3741120100021362
চুনী,0.3740808963775635,0.0,1.3740808963775635
আরতি,0.3740522265434265,0.0,1.3740522265434265
আচল,0.3739882707595825,0.0,1.3739882707595825
প্রাচুর্য,0.37395036220550537,0.0,1.3739503622055054
নীলাকাশ,0.3739279508590698,0.0,1.3739279508590698
খাঁকারি,0.3738943934440613,0.0,1.3738943934440613
দুত,0.3738487958908081,0.0,1.373848795890808
হালক,0.3738248348236084,0.0,1.3738248348236084
নির্মাণ,0.3738078474998474,0.0,1.3738078474998474
পাঁঠ,0.3839039206504822,0.010101010101010102,1.3738029105494722
বাপ,0.3737908601760864,0.0,1.3737908601760864
ইচ্ছে,0.3737521767616272,0.0,1.3737521767616272
মানচিত্র,0.3940807580947876,0.02040816326530612,1.3736725948294815
নিমগ্ন,0.37359529733657837,0.0,1.3735952973365784
অ্যারেস্ট,0.37358415126800537,0.0,1.3735841512680054
বাঁধানো,0.3735772371292114,0.0,1.3735772371292114
বানায়,0.37356090545654297,0.0,1.373560905456543
কোঠায়,0.3734729290008545,0.0,1.3734729290008545
সংযুক্ত,0.37346702814102173,0.0,1.3734670281410217
ডাকলো,0.3834987282752991,0.010101010101010102,1.3733977181742891
অবিচার,0.3834248185157776,0.010101010101010102,1.3733238084147676
ঝা,0.38342034816741943,0.010101010101010102,1.3733193380664095
কাকে,0.3732556104660034,0.0,1.3732556104660034
আত্,0.3732494115829468,0.0,1.3732494115829468
রাথ,0.37322354316711426,0.0,1.3732235431671143
পরাস্ত,0.37317800521850586,0.0,1.3731780052185059
পিচ,0.37301331758499146,0.0,1.3730133175849915
যুদ্ধরত,0.3728840947151184,0.0,1.3728840947151184
ফেরালো,0.3728167414665222,0.0,1.3728167414665222
অক্সফোর্ড,0.3829129934310913,0.010101010101010102,1.3728119833300814
সাথে,0.3727795481681824,0.0,1.3727795481681824
চুলকা,0.3726957440376282,0.0,1.3726957440376282
সজীব,0.37268251180648804,0.0,1.372682511806488
সাপ,0.42530834674835205,0.05263157894736842,1.3726767678009837
ফালাফালা,0.3726579546928406,0.0,1.3726579546928406
থোক,0.3726320266723633,0.0,1.3726320266723633
শেষরা,0.37260329723358154,0.0,1.3726032972335815
অন্যথা,0.3725249767303467,0.0,1.3725249767303467
বিজয়িনীর,0.3723587393760681,0.0,1.3723587393760681
সর্বাঙ্গে,0.3722977042198181,0.0,1.3722977042198181
ছুটি,0.37226933240890503,0.0,1.372269332408905
নালায়,0.37226933240890503,0.0,1.372269332408905
কাদবে,0.37209510803222656,0.0,1.3720951080322266
সুদুর,0.371984601020813,0.0,1.371984601020813
ইস্‌,0.3719717264175415,0.0,1.3719717264175415
মরবি,0.37193119525909424,0.0,1.3719311952590942
নিরস্ত্র,0.3717731833457947,0.0,1.3717731833457947
ঠিকভাবে,0.38173168897628784,0.010101010101010102,1.371630678875278
ছোটন,0.3716024160385132,0.0,1.3716024160385132
শীতকাল,0.371581494808197,0.0,1.371581494808197
রুদ্ধদ্ব,0.37156784534454346,0.0,1.3715678453445435
লীগে,0.3816646933555603,0.010101010101010102,1.3715636832545504
ফী,0.37145358324050903,0.0,1.371453583240509
কেউটে,0.37120604515075684,0.0,1.3712060451507568
দোয়,0.3711603879928589,0.0,1.3711603879928589
ভেদাভেদ,0.371116042137146,0.0,1.371116042137146
শাবল,0.37110233306884766,0.0,1.3711023330688477
অনুশোচনায়,0.38119441270828247,0.010101010101010102,1.3710934026072725
সকলে,0.38110780715942383,0.010101010101010102,1.3710067970584139
আড়ষ্ট,0.3810710310935974,0.010101010101010102,1.3709700209925875
খবরদারি,0.3709574341773987,0.0,1.3709574341773987
বুনো,0.37094777822494507,0.0,1.370947778224945
ঘেঁসে,0.37093549966812134,0.0,1.3709354996681213
ঠুলি,0.37080973386764526,0.0,1.3708097338676453
একধারে,0.37079763412475586,0.0,1.3707976341247559
ওলন,0.37069278955459595,0.0,1.370692789554596
সাদামা,0.37064653635025024,0.0,1.3706465363502502
পাইন,0.4122731685638428,0.041666666666666664,1.3706065018971763
হারিয়েছিল,0.3705557584762573,0.0,1.3705557584762573
বাতাস,0.38064366579055786,0.010101010101010102,1.370542655689548
ক্রিয়,0.3704683184623718,0.0,1.3704683184623718
অনুরাগ,0.37044620513916016,0.0,1.3704462051391602
মাদুর,0.3704347014427185,0.0,1.3704347014427185
বেকুব,0.37040507793426514,0.0,1.3704050779342651
ভিলা,0.37038981914520264,0.0,1.3703898191452026
কৃষি,0.37030577659606934,0.0,1.3703057765960693
ইনস্টিটিউট,0.3702792525291443,0.0,1.3702792525291443
গিরগি,0.3803550601005554,0.010101010101010102,1.3702540499995455
দেশলা,0.390605092048645,0.02040816326530612,1.3701969287833389
হাতাহাতি,0.3701764941215515,0.0,1.3701764941215515
পীড়িত,0.37015581130981445,0.0,1.3701558113098145
কনফারেন্স,0.3701525330543518,0.0,1.3701525330543518
থামব,0.37011611461639404,0.0,1.370116114616394
ভুলব,0.3700719475746155,0.0,1.3700719475746155
ফ্যা,0.3700350522994995,0.0,1.3700350522994995
গোবৎস,0.3700314164161682,0.0,1.3700314164161682
আবিফ,0.37003064155578613,0.0,1.3700306415557861
বণিক,0.38012492656707764,0.010101010101010102,1.3700239164660677
অনুগামী,0.3699767589569092,0.0,1.3699767589569092
স্বপনে,0.36995720863342285,0.0,1.3699572086334229
তুলোর,0.36991119384765625,0.0,1.3699111938476562
কেচ্ছা,0.3698667883872986,0.0,1.3698667883872986
ওঝ,0.36986130475997925,0.0,1.3698613047599792
মুখ৷,0.3697766661643982,0.0,1.3697766661643982
অধৈর্য,0.3697689175605774,0.0,1.3697689175605774
কূটকৌশল,0.36974209547042847,0.0,1.3697420954704285
রুইতে,0.3695818781852722,0.0,1.3695818781852722
সাথি,0.3695419430732727,0.0,1.3695419430732727
চাকতি,0.36950886249542236,0.0,1.3695088624954224
ফ্যাশ,0.3694685697555542,0.0,1.3694685697555542
দ্বীপ,0.37953639030456543,0.010101010101010102,1.3694353802035555
জলরাশি,0.3694317936897278,0.0,1.3694317936897278
মেমসাহেব,0.36918914318084717,0.0,1.3691891431808472
ফুড়ুৎ,0.36916130781173706,0.0,1.369161307811737
ছাড়পত্র,0.36910152435302734,0.0,1.3691015243530273
বেচবে,0.36905771493911743,0.0,1.3690577149391174
সহযোগিতা,0.369057297706604,0.0,1.369057297706604
ইংল্যণ্ডে,0.3690367341041565,0.0,1.3690367341041565
ফিত,0.36889588832855225,0.0,1.3688958883285522
ভরে,0.3891269564628601,0.02040816326530612,1.368718793197554
পাউরু,0.3685849905014038,0.0,1.3685849905014038
আসছিলো,0.3685774803161621,0.0,1.368577480316162
খাজে,0.3786616325378418,0.010101010101010102,1.3685606224368319
ছিটু,0.3685484528541565,0.0,1.3685484528541565
নুড়ি,0.36854439973831177,0.0,1.3685443997383118
অস্থখ,0.3685339093208313,0.0,1.3685339093208313
উবে,0.36852192878723145,0.0,1.3685219287872314
কানাচে,0.37856680154800415,0.010101010101010102,1.3684657914469942
দেখলো৷,0.3785349726676941,0.010101010101010102,1.3684339625666841
লাগিয়েছেন,0.36841660737991333,0.0,1.3684166073799133
পাইপ,0.36835193634033203,0.0,1.368351936340332
নেতৃত্ব,0.36826401948928833,0.0,1.3682640194892883
মনোনীত,0.36823344230651855,0.0,1.3682334423065186
ঘুচবে,0.3682234287261963,0.0,1.3682234287261963
তিনখানা,0.3682001233100891,0.0,1.3682001233100891
বুদ্ধিজীবী,0.3681904673576355,0.0,1.3681904673576355
হাপর,0.36811453104019165,0.0,1.3681145310401917
জুটি,0.3681015968322754,0.0,1.3681015968322754
প্রান্তর,0.36809611320495605,0.0,1.368096113204956
দেখাবো,0.368042528629303,0.0,1.368042528629303
ঢু,0.3679676651954651,0.0,1.367967665195465
ইচ্ছেও,0.36786532402038574,0.0,1.3678653240203857
খোর,0.367836058139801,0.0,1.367836058139801
দীড়াল,0.3677443861961365,0.0,1.3677443861961365
লম্বাটে,0.3677389621734619,0.0,1.367738962173462
বাঘট,0.37783563137054443,0.010101010101010102,1.3677346212695345
কাগজ,0.3986228108406067,0.030927835051546393,1.3676949757890604
ভিতরক,0.3777761459350586,0.010101010101010102,1.3676751358340486
কোর্স,0.36745738983154297,0.0,1.367457389831543
ডোবে,0.3674447536468506,0.0,1.3674447536468506
ঠোঁট,0.36741340160369873,0.0,1.3674134016036987
নোট,0.3877757787704468,0.02040816326530612,1.3673676155051406
কিকি,0.36736440658569336,0.0,1.3673644065856934
ব্যাঙ্,0.3673238754272461,0.0,1.367323875427246
বাস্কেটবল,0.3672677278518677,0.0,1.3672677278518677
দীড়ায়,0.3672547936439514,0.0,1.3672547936439514
খোড়া,0.3671553134918213,0.0,1.3671553134918213
প্রজাতি,0.3670634627342224,0.0,1.3670634627342224
ধবধবে,0.3670370578765869,0.0,1.367037057876587
অতিকষ্টে,0.3669586777687073,0.0,1.3669586777687073
পড়ানোর,0.3669551610946655,0.0,1.3669551610946655
গ্রাম্য,0.37699025869369507,0.010101010101010102,1.3668892485926851
শান্তভাবে,0.3668596148490906,0.0,1.3668596148490906
মাতৃভাষায়,0.3668591380119324,0.0,1.3668591380119324
জায়গাট,0.3668312430381775,0.0,1.3668312430381775
অভিভৃত,0.3668006658554077,0.0,1.3668006658554077
ঠাকুরপে,0.36678850650787354,0.0,1.3667885065078735
ভেবেছিস,0.3667028546333313,0.0,1.3667028546333313
গুরুদেব,0.36664628982543945,0.0,1.3666462898254395
থাকিবে,0.3666296601295471,0.0,1.3666296601295471
কুচকুচে,0.37662750482559204,0.010101010101010102,1.366526494724582
শোও,0.3665016293525696,0.0,1.3665016293525696
বালিয়াড়ির,0.3664991855621338,0.0,1.3664991855621338
লোকারণ্য,0.36647850275039673,0.0,1.3664785027503967
কাত্তিক,0.38686585426330566,0.02040816326530612,1.3664576909979995
তনু,0.3664534091949463,0.0,1.3664534091949463
নেবা,0.3664417862892151,0.0,1.366441786289215
নারকেলের,0.3663538694381714,0.0,1.3663538694381714
মথু,0.3663039207458496,0.0,1.3663039207458496
প্রবাল,0.38667672872543335,0.02040816326530612,1.3662685654601272
ঝোপে,0.36623311042785645,0.0,1.3662331104278564
তামাটে,0.3661922812461853,0.0,1.3661922812461853
বেশবাস,0.3661611080169678,0.0,1.3661611080169678
ইউরোপে,0.3661552667617798,0.0,1.3661552667617798
সজোরে,0.3761053681373596,0.010101010101010102,1.3660043580363497
মনমেজাজ,0.36595022678375244,0.0,1.3659502267837524
ব্যাপক,0.36593472957611084,0.0,1.3659347295761108
আঁচল,0.3760119080543518,0.010101010101010102,1.3659108979533419
রঞ্জিত,0.3659045696258545,0.0,1.3659045696258545
পরিহিত,0.36590105295181274,0.0,1.3659010529518127
ন্যায়সঙ্গত,0.36583757400512695,0.0,1.365837574005127
ছাগলছান,0.36581921577453613,0.0,1.3658192157745361
রওন,0.37591999769210815,0.010101010101010102,1.3658189875910982
গোত্র,0.3658134937286377,0.0,1.3658134937286377
বকবে,0.365811288356781,0.0,1.365811288356781
আনুগত্য,0.3657299876213074,0.0,1.3657299876213074
শিকেয়,0.36567068099975586,0.0,1.3656706809997559
খাগড়া,0.36564844846725464,0.0,1.3656484484672546
ভঙ্গিমায়,0.3656429648399353,0.0,1.3656429648399353
পারবে,0.37573421001434326,0.010101010101010102,1.3656331999133333
সম্বোধনে,0.36562806367874146,0.0,1.3656280636787415
ইণ্ডিজ,0.3655714988708496,0.0,1.3655714988708496
সাম্প্রতিক,0.36556828022003174,0.0,1.3655682802200317
চটপটে,0.36553484201431274,0.0,1.3655348420143127
বিশপচিশ,0.3655267357826233,0.0,1.3655267357826233
ধূর্ত,0.3655105233192444,0.0,1.3655105233192444
চওড়া,0.38588428497314453,0.02040816326530612,1.3654761217078384
গৌজ,0.36546701192855835,0.0,1.3654670119285583
মন্তু,0.3654302954673767,0.0,1.3654302954673767
নিক্ষল,0.3654121160507202,0.0,1.3654121160507202
ইেসেল,0.36537426710128784,0.0,1.3653742671012878
হাসি,0.3652779459953308,0.0,1.3652779459953308
ধনবান,0.36525893211364746,0.0,1.3652589321136475
হাঁটুর,0.3652130961418152,0.0,1.3652130961418152
নেভ,0.3651207685470581,0.0,1.365120768547058
ধরণী,0.3648553490638733,0.0,1.3648553490638733
হাসতে,0.3749120235443115,0.010101010101010102,1.3648110134433016
নেড়েচেড়ে,0.36475151777267456,0.0,1.3647515177726746
মুত্তি,0.36472129821777344,0.0,1.3647212982177734
অধিকারী,0.3647115230560303,0.0,1.3647115230560303
হলদেট,0.3646952509880066,0.0,1.3646952509880066
আদানপ্রদান,0.3646875023841858,0.0,1.3646875023841858
হটে,0.3646593689918518,0.0,1.3646593689918518
ধরিয়,0.364585816860199,0.0,1.364585816860199
ঝুট,0.3644995093345642,0.0,1.3644995093345642
নাড়ল,0.36448347568511963,0.0,1.3644834756851196
বিছানায়,0.39539670944213867,0.030927835051546393,1.3644688743905924
আশে,0.3644559979438782,0.0,1.3644559979438782
শিবচরণ,0.36442214250564575,0.0,1.3644221425056458
উৎপত্তি,0.3643338680267334,0.0,1.3643338680267334
অগ্রহায়ণ,0.3642887473106384,0.0,1.3642887473106384
বিস্ফারিত,0.3642789125442505,0.0,1.3642789125442505
আকাশ,0.36426639556884766,0.0,1.3642663955688477
ডাকাে,0.364219605922699,0.0,1.364219605922699
একশে,0.3641784191131592,0.0,1.3641784191131592
খুঁটে,0.3641228675842285,0.0,1.3641228675842285
জানানে,0.3639281988143921,0.0,1.363928198814392
বিভাগীয়,0.36381983757019043,0.0,1.3638198375701904
জীবজন্ত,0.3638157248497009,0.0,1.363815724849701
তয়ে,0.36379045248031616,0.0,1.3637904524803162
সুলেখা,0.36374467611312866,0.0,1.3637446761131287
দিচ্ছিলো,0.3637004494667053,0.0,1.3637004494667053
অঙ্ধকারে,0.3636431097984314,0.0,1.3636431097984314
রটনা,0.3737361431121826,0.010101010101010102,1.3636351330111727
পোস্টকার্ড,0.3636346459388733,0.0,1.3636346459388733
অজ্ঞতা,0.36355990171432495,0.0,1.363559901714325
দ্যাশে,0.3635088801383972,0.0,1.3635088801383972
ফেরায়,0.36350733041763306,0.0,1.363507330417633
ঝোপজঙ্গল,0.37359869480133057,0.010101010101010102,1.3634976847003206
এর৷,0.36347395181655884,0.0,1.3634739518165588
সমর্থনে,0.37351781129837036,0.010101010101010102,1.3634168011973604
চুক্তির,0.3633875846862793,0.0,1.3633875846862793
কোন্দি,0.36321932077407837,0.0,1.3632193207740784
বুনে,0.3631819486618042,0.0,1.3631819486618042
অবিশ্রান্ত,0.36317265033721924,0.0,1.3631726503372192
সুগন্ধ,0.3631518483161926,0.0,1.3631518483161926
আঁম,0.36307764053344727,0.0,1.3630776405334473
যামু,0.3630351424217224,0.0,1.3630351424217224
যৌথ,0.363033652305603,0.0,1.363033652305603
সংবাদপত্রে,0.362937331199646,0.0,1.362937331199646
নিজন্ব,0.36292028427124023,0.0,1.3629202842712402
আচ্ছ৷,0.3628910779953003,0.0,1.3628910779953003
হুড়,0.36280912160873413,0.0,1.3628091216087341
উপত্যকায়,0.3627343773841858,0.0,1.3627343773841858
কামরূপ,0.3627251386642456,0.0,1.3627251386642456
মশলা,0.37275367975234985,0.010101010101010102,1.36265266965134
হাইস্কুল,0.3626216650009155,0.0,1.3626216650009155
অগস্ট,0.362612783908844,0.0,1.362612783908844
মাজ,0.3626076579093933,0.0,1.3626076579093933
দূরত্বে,0.3626050353050232,0.0,1.3626050353050232
পরিণতির,0.36228233575820923,0.0,1.3622823357582092
ঘোষ,0.473385214805603,0.1111111111111111,1.3622741036944919
সাহেবের,0.3621606230735779,0.0,1.3621606230735779
ঘুরব,0.3621525764465332,0.0,1.3621525764465332
ইণ্ডিয়া,0.36205971240997314,0.0,1.3620597124099731
ভোরবেলায়,0.3620374798774719,0.0,1.362037479877472
টিচ,0.37211674451828003,0.010101010101010102,1.36201573441727
চাক্ষুষ,0.36199426651000977,0.0,1.3619942665100098
আলী,0.37201911211013794,0.010101010101010102,1.361918102009128
ইরাক,0.37201637029647827,0.010101010101010102,1.3619153601954683
ডাঙ্গায়,0.36189746856689453,0.0,1.3618974685668945
এলাহি,0.36183875799179077,0.0,1.3618387579917908
ডানহাত,0.36181479692459106,0.0,1.361814796924591
কুটিরে,0.3617454767227173,0.0,1.3617454767227173
জাপানে,0.37179750204086304,0.010101010101010102,1.361696491939853
মহামতি,0.36165088415145874,0.0,1.3616508841514587
বিবাহিত,0.3615013360977173,0.0,1.3615013360977173
মাউ,0.3614659309387207,0.0,1.3614659309387207
বৌদ্ধ,0.3613741993904114,0.0,1.3613741993904114
মুগ্ডর,0.36136144399642944,0.0,1.3613614439964294
জাগ্রত,0.3612576127052307,0.0,1.3612576127052307
ছটাক,0.36118799448013306,0.0,1.361187994480133
ধর্মপ্রাণ,0.3611791133880615,0.0,1.3611791133880615
রঙিন,0.3815828561782837,0.02040816326530612,1.3611746929129775
টনটনে,0.36114901304244995,0.0,1.36114901304245
চাতক,0.3611447811126709,0.0,1.361144781112671
গুণী,0.36112135648727417,0.0,1.3611213564872742
আতস,0.36101680994033813,0.0,1.3610168099403381
কাউন্সিল,0.36101341247558594,0.0,1.361013412475586
দেয়,0.38141930103302,0.02040816326530612,1.3610111377677139
উৎকর্ণ,0.36100661754608154,0.0,1.3610066175460815
নিরাসক্ত,0.3609181046485901,0.0,1.36091810464859
ওপরে,0.3609064221382141,0.0,1.3609064221382141
সু,0.40254801511764526,0.041666666666666664,1.3608813484509787
কানে,0.3709535598754883,0.010101010101010102,1.3608525497744783
থেয়,0.3608155846595764,0.0,1.3608155846595764
বিদ্ধ,0.3607414960861206,0.0,1.3607414960861206
উদ্তাসিত,0.3607288599014282,0.0,1.3607288599014282
ওইখানেই,0.3607141971588135,0.0,1.3607141971588135
কেশর,0.360710084438324,0.0,1.360710084438324
লাও,0.360683798789978,0.0,1.360683798789978
গোস্বামী,0.381015419960022,0.02040816326530612,1.3606072566947158
তাঁহা,0.3605199456214905,0.0,1.3605199456214905
শৃঙ্খলে,0.360504686832428,0.0,1.360504686832428
ক্যামনে,0.3604432940483093,0.0,1.3604432940483093
প্রতিবেশীর,0.3604430556297302,0.0,1.3604430556297302
দিতা,0.3604397773742676,0.0,1.3604397773742676
ওইটুকু,0.3603653907775879,0.0,1.360365390777588
কাঁদ,0.37032246589660645,0.010101010101010102,1.3602214557955965
ধাঁধা,0.36021697521209717,0.0,1.3602169752120972
আওরত,0.36018484830856323,0.0,1.3601848483085632
গেলাসে,0.36012911796569824,0.0,1.3601291179656982
বান্দর,0.3600703477859497,0.0,1.3600703477859497
মাংসপেশী,0.3600413203239441,0.0,1.360041320323944
ছুতোর,0.35999172925949097,0.0,1.359991729259491
ছৰি,0.3599661588668823,0.0,1.3599661588668823
করতাল,0.359951376914978,0.0,1.359951376914978
ঠার,0.370006799697876,0.010101010101010102,1.359905789596866
তি,0.4351661205291748,0.07526881720430108,1.3598973033248738
ঝরনা,0.359896719455719,0.0,1.359896719455719
বন্দরে,0.4015355110168457,0.041666666666666664,1.3598688443501792
ব্যথিত,0.3598102927207947,0.0,1.3598102927207947
অধিনায়ক,0.40146559476852417,0.041666666666666664,1.3597989281018577
কিকরে,0.35975420475006104,0.0,1.359754204750061
মোটাসোটা,0.35972660779953003,0.0,1.35972660779953
অপ্রসন্ন,0.35972094535827637,0.0,1.3597209453582764
লোমে,0.35971933603286743,0.0,1.3597193360328674
নির্জনে,0.35970818996429443,0.0,1.3597081899642944
রূপান্তর,0.359580397605896,0.0,1.359580397605896
পড়ানো,0.35956406593322754,0.0,1.3595640659332275
বইএ,0.3594623804092407,0.0,1.3594623804092407
অগ্নি,0.3594266176223755,0.0,1.3594266176223755
অংশগ্রহণ,0.3695257306098938,0.010101010101010102,1.3594247205088839
একতা,0.3593617081642151,0.0,1.359361708164215
ঝিমঝিম,0.3694528341293335,0.010101010101010102,1.3593518240283236
ছিপছিপে,0.3694154620170593,0.010101010101010102,1.3593144519160494
ক্ষতির,0.3593018054962158,0.0,1.3593018054962158
প্রায়শ,0.359234094619751,0.0,1.359234094619751
ধুর,0.35917460918426514,0.0,1.3591746091842651
ঝাঁকানি,0.35913628339767456,0.0,1.3591362833976746
প্রাণ,0.35913509130477905,0.0,1.359135091304779
খিদের,0.3591000437736511,0.0,1.3591000437736511
সাহেবা,0.359097957611084,0.0,1.359097957611084
মুচ,0.359094500541687,0.0,1.359094500541687
মৃদুকণ্ঠে,0.3590271472930908,0.0,1.3590271472930908
কাপুরুষ,0.3589549660682678,0.0,1.3589549660682678
পর্বতমালা,0.3589490056037903,0.0,1.3589490056037903
শালুক,0.35894376039505005,0.0,1.35894376039505
মাগি,0.35888516902923584,0.0,1.3588851690292358
জাদু,0.35885000228881836,0.0,1.3588500022888184
কুমোর,0.3587597608566284,0.0,1.3587597608566284
খাওয়াত,0.35867196321487427,0.0,1.3586719632148743
বুঝবি,0.35858267545700073,0.0,1.3585826754570007
বিজয়ীর,0.3584336042404175,0.0,1.3584336042404175
কঠিন৷,0.35836875438690186,0.0,1.3583687543869019
কাটেনি,0.3583250641822815,0.0,1.3583250641822815
রেসপেক্ট,0.35828232765197754,0.0,1.3582823276519775
চিত্রনাট্য,0.36834633350372314,0.010101010101010102,1.3582453234027132
পিসতু,0.35823118686676025,0.0,1.3582311868667603
উইথ,0.35822123289108276,0.0,1.3582212328910828
বোলার,0.35780006647109985,0.0,1.3578000664710999
কানপুর,0.35773342847824097,0.0,1.357733428478241
পূজো,0.35770291090011597,0.0,1.357702910900116
তুলন,0.3576388359069824,0.0,1.3576388359069824
অতীন,0.37804633378982544,0.02040816326530612,1.3576381705245193
চলেছে৷,0.35762399435043335,0.0,1.3576239943504333
সিদ্ধেশ্বরী,0.3576233983039856,0.0,1.3576233983039856
গন্দেশ,0.35759931802749634,0.0,1.3575993180274963
শিখিয়েছেন,0.3575989603996277,0.0,1.3575989603996277
চেঞ্জ,0.35753512382507324,0.0,1.3575351238250732
বৃষ্টিতে,0.36763525009155273,0.010101010101010102,1.3575342399905428
ফন্দী,0.35752028226852417,0.0,1.3575202822685242
স্যালুট,0.3675804138183594,0.010101010101010102,1.3574794037173494
শ্রীমতী,0.35746604204177856,0.0,1.3574660420417786
নিবদ্ধ,0.3574365973472595,0.0,1.3574365973472595
অনাত্মীয়,0.35740673542022705,0.0,1.357406735420227
যাহ,0.35737812519073486,0.0,1.3573781251907349
আরোহণ,0.35732388496398926,0.0,1.3573238849639893
খিদেয়,0.35711342096328735,0.0,1.3571134209632874
লুঙ্গির,0.3571133017539978,0.0,1.3571133017539978
অপ্রাসঙ্গিক,0.35711008310317993,0.0,1.35711008310318
মাননীয়,0.35709524154663086,0.0,1.3570952415466309
ফাদে,0.3570713996887207,0.0,1.3570713996887207
বেডাল,0.36715948581695557,0.010101010101010102,1.3570584757159456
নড়বে,0.3570109009742737,0.0,1.3570109009742737
কিরণ,0.3569263815879822,0.0,1.3569263815879822
অসমান,0.3567904829978943,0.0,1.3567904829978943
ধেঁষে,0.3567429184913635,0.0,1.3567429184913635
মেস,0.3565463423728943,0.0,1.3565463423728943
পৌছুতে,0.35650742053985596,0.0,1.356507420539856
আড়ষ্টতা,0.3564895987510681,0.0,1.3564895987510681
একগাল,0.3564820885658264,0.0,1.3564820885658264
বাকি,0.35646045207977295,0.0,1.356460452079773
বুঝুন,0.35641056299209595,0.0,1.356410562992096
খেতের,0.3563784956932068,0.0,1.3563784956932068
জুবল,0.3563733696937561,0.0,1.356373369693756
বাগড়া,0.3563554286956787,0.0,1.3563554286956787
সহপাঠী,0.3563469648361206,0.0,1.3563469648361206
হিহি,0.3563331365585327,0.0,1.3563331365585327
মেধাবী,0.3562909960746765,0.0,1.3562909960746765
আফ্রিকা,0.3562736511230469,0.0,1.3562736511230469
ধিরে,0.35621321201324463,0.0,1.3562132120132446
উঠবি,0.35606759786605835,0.0,1.3560675978660583
খাবা,0.3764074444770813,0.02040816326530612,1.3559992812117752
মিললে,0.3559719920158386,0.0,1.3559719920158386
জীবনযাপন,0.3559567332267761,0.0,1.3559567332267761
গিয়েছিলুম,0.3559284210205078,0.0,1.3559284210205078
পানু,0.3559269905090332,0.0,1.3559269905090332
কীদ,0.3557303547859192,0.0,1.3557303547859192
নােনা,0.3556450605392456,0.0,1.3556450605392456
প্রথমে,0.355620801448822,0.0,1.355620801448822
গোন,0.35561519861221313,0.0,1.3556151986122131
জিভে,0.3556113839149475,0.0,1.3556113839149475
পালিত,0.35553115606307983,0.0,1.3555311560630798
নূর,0.35550951957702637,0.0,1.3555095195770264
ক্যামেরাটা,0.35549747943878174,0.0,1.3554974794387817
বাটিতে,0.35538220405578613,0.0,1.3553822040557861
ঘুমিয়েছিল,0.35535192489624023,0.0,1.3553519248962402
এমএ,0.3553420305252075,0.0,1.3553420305252075
সাঁ,0.35533225536346436,0.0,1.3553322553634644
টগবগিয়ে,0.3552679419517517,0.0,1.3552679419517517
একহা,0.3552241325378418,0.0,1.3552241325378418
জানুয়ারি,0.39679741859436035,0.041666666666666664,1.3551307519276938
জানতুম,0.35489988327026367,0.0,1.3548998832702637
তলপেটের,0.3548903465270996,0.0,1.3548903465270996
অতকি,0.3548634648323059,0.0,1.354863464832306
প্লীজ,0.3548317551612854,0.0,1.3548317551612854
সপ্তমে,0.35478198528289795,0.0,1.354781985282898
ভাইরাল,0.3751802444458008,0.02040816326530612,1.3547720811804946
ফাষ্ট,0.3547024130821228,0.0,1.3547024130821228
প্রাণদণ্ড,0.3546314239501953,0.0,1.3546314239501953
তৃষ্ণা,0.3647112250328064,0.010101010101010102,1.3546102149317965
পরিমল,0.39627522230148315,0.041666666666666664,1.3546085556348166
অবস্থা,0.3646548390388489,0.010101010101010102,1.354553828937839
নীলচে,0.35450583696365356,0.0,1.3545058369636536
বুলেটিনে,0.35449784994125366,0.0,1.3544978499412537
লেজের,0.3544752597808838,0.0,1.3544752597808838
ভেজিয়ে,0.3544570207595825,0.0,1.3544570207595825
ডুমো,0.3544405698776245,0.0,1.3544405698776245
দানে,0.35440921783447266,0.0,1.3544092178344727
দুপুরবেল,0.35430002212524414,0.0,1.3543000221252441
বসলাে৷,0.3542896509170532,0.0,1.3542896509170532
সুবৃহৎ,0.3542633056640625,0.0,1.3542633056640625
জানানোর,0.3541918992996216,0.0,1.3541918992996216
ছইয়,0.35416966676712036,0.0,1.3541696667671204
কার্ড,0.4066535234451294,0.05263157894736842,1.354021944497761
আবার৷,0.3539425730705261,0.0,1.3539425730705261
হুঠাৎ,0.3538825511932373,0.0,1.3538825511932373
পাখায়,0.35381096601486206,0.0,1.353810966014862
তুলতুলে,0.3536708950996399,0.0,1.35367089509964
কয়েকটী,0.35366666316986084,0.0,1.3536666631698608
পাল্ল,0.35352933406829834,0.0,1.3535293340682983
দাড়ির,0.37392693758010864,0.02040816326530612,1.3535187743148025
উদ্যম,0.35348641872406006,0.0,1.35348641872406
সংযোজন,0.3534739017486572,0.0,1.3534739017486572
ছড়ানে,0.3534638285636902,0.0,1.3534638285636902
সমুদ্র,0.3736923933029175,0.02040816326530612,1.3532842300376113
সম্পত্বি,0.35326868295669556,0.0,1.3532686829566956
পিঙ্গল,0.35316896438598633,0.0,1.3531689643859863
নির্দেশমত,0.35316741466522217,0.0,1.3531674146652222
ক্যাপট,0.4056900143623352,0.05263157894736842,1.3530584354149668
তুন,0.35301434993743896,0.0,1.353014349937439
নিমজ্জিত,0.35299617052078247,0.0,1.3529961705207825
বিনিদ্র,0.36307644844055176,0.010101010101010102,1.3529754383395418
ভােলা,0.35295116901397705,0.0,1.352951169013977
সহানুভূতির,0.3529505133628845,0.0,1.3529505133628845
নিরাশ্রয়,0.35289496183395386,0.0,1.3528949618339539
পো,0.3528141975402832,0.0,1.3528141975402832
শিবমন্দির,0.3527335524559021,0.0,1.352733552455902
এসেছো,0.3526824712753296,0.0,1.3526824712753296
বারান্দাটা,0.35256314277648926,0.0,1.3525631427764893
কারচুপি,0.35253411531448364,0.0,1.3525341153144836
উৎপন্ন,0.38340872526168823,0.030927835051546393,1.352480890210142
ভাঙ্গল,0.35235679149627686,0.0,1.3523567914962769
আযা,0.3523370027542114,0.0,1.3523370027542114
গাত্র,0.3523100018501282,0.0,1.3523100018501282
সরবে,0.3522492051124573,0.0,1.3522492051124573
কিযে,0.3521665930747986,0.0,1.3521665930747986
পত্রপাঠ,0.3521472215652466,0.0,1.3521472215652466
চটচটে,0.35214030742645264,0.0,1.3521403074264526
ঊরু,0.35202908515930176,0.0,1.3520290851593018
অবশ,0.3519446849822998,0.0,1.3519446849822998
পিকনিক,0.35194170475006104,0.0,1.351941704750061
সাব্ধান,0.351911723613739,0.0,1.351911723613739
জিনিসট,0.3518638014793396,0.0,1.3518638014793396
লবা,0.3518267869949341,0.0,1.351826786994934
তু,0.35169291496276855,0.0,1.3516929149627686
সাপটে,0.35167837142944336,0.0,1.3516783714294434
ছোটর,0.3617015480995178,0.010101010101010102,1.3516005379985079
নারি,0.3515264391899109,0.0,1.3515264391899109
পৌছয়,0.3514140248298645,0.0,1.3514140248298645
জাগরণে,0.35139238834381104,0.0,1.351392388343811
গুপ্ত,0.43824833631515503,0.08695652173913043,1.3512918145760247
পরনে,0.38208574056625366,0.030927835051546393,1.3511579055147074
ছেলেমানুষি,0.35114139318466187,0.0,1.3511413931846619
আধশোয়া,0.3511096239089966,0.0,1.3511096239089966
ধ্যানধারণা,0.35108888149261475,0.0,1.3510888814926147
পাখি,0.36115825176239014,0.010101010101010102,1.3510572416613802
প্রেতাত্ম,0.35101890563964844,0.0,1.3510189056396484
বিমর্ধ,0.35101473331451416,0.0,1.3510147333145142
আকৃতির,0.35090965032577515,0.0,1.3509096503257751
থাকৃ,0.3508194088935852,0.0,1.3508194088935852
খিলি,0.35074782371520996,0.0,1.35074782371521
য়া,0.35071712732315063,0.0,1.3507171273231506
হুপুরে,0.3506697416305542,0.0,1.3506697416305542
নদীর,0.3607180714607239,0.010101010101010102,1.350617061359714
দূত,0.35056042671203613,0.0,1.3505604267120361
লতা,0.3505535125732422,0.0,1.3505535125732422
আসিনি,0.35051411390304565,0.0,1.3505141139030457
লিখিব,0.3505139946937561,0.0,1.350513994693756
উলটো,0.350480854511261,0.0,1.350480854511261
ক্ষয়ে,0.3504353165626526,0.0,1.3504353165626526
জনশূন্য,0.3504248261451721,0.0,1.3504248261451721
ভিতর,0.37081092596054077,0.02040816326530612,1.3504027626952346
অষ্টমীর,0.35031944513320923,0.0,1.3503194451332092
নিক্ষিপ্ত,0.3502305746078491,0.0,1.3502305746078491
জলে,0.3601558208465576,0.010101010101010102,1.3500548107455477
ঘুলঘু,0.3499138355255127,0.0,1.3499138355255127
সমতলে,0.3497549295425415,0.0,1.3497549295425415
কাঁথা,0.3598313331604004,0.010101010101010102,1.3497303230593904
এশিয়,0.349623441696167,0.0,1.349623441696167
মাইয়া,0.3496176600456238,0.0,1.3496176600456238
পুরাণ,0.3496106266975403,0.0,1.3496106266975403
হতচকিত,0.34959495067596436,0.0,1.3495949506759644
ক্যামেরায়,0.34953993558883667,0.0,1.3495399355888367
হাসলা,0.34947478771209717,0.0,1.3494747877120972
পারছি৷,0.3494674563407898,0.0,1.3494674563407898
মান্টারের,0.34944868087768555,0.0,1.3494486808776855
শরীরট,0.3493613600730896,0.0,1.3493613600730896
খাওয়াবো,0.3493574261665344,0.0,1.3493574261665344
ইংরেজিতেই,0.35944271087646484,0.010101010101010102,1.349341700775455
খেতাব,0.349323570728302,0.0,1.349323570728302
দাঁড়ালো৷,0.34932053089141846,0.0,1.3493205308914185
াদ,0.34927207231521606,0.0,1.349272072315216
মিটমিটে,0.3593710660934448,0.010101010101010102,1.3492700559924349
ছায়া৷,0.34926390647888184,0.0,1.3492639064788818
আস৷,0.3492169976234436,0.0,1.3492169976234436
ঝালর,0.3491949439048767,0.0,1.3491949439048767
বিভীষিক,0.34911012649536133,0.0,1.3491101264953613
ভাবট,0.34908509254455566,0.0,1.3490850925445557
বটগা,0.359139084815979,0.010101010101010102,1.349038074714969
তাকিয়,0.3490307927131653,0.0,1.3490307927131653
শ্রীরামপুর,0.34896838665008545,0.0,1.3489683866500854
মিঠ,0.369157612323761,0.02040816326530612,1.3487494490584548
ওড়ে,0.35875403881073,0.010101010101010102,1.34865302870972
আলগো,0.3486272096633911,0.0,1.3486272096633911
জমিটুকু,0.34862715005874634,0.0,1.3486271500587463
কলায়,0.348518431186676,0.0,1.348518431186676
বালিশে,0.3484516143798828,0.0,1.3484516143798828
লোপ,0.34841543436050415,0.0,1.3484154343605042
বাদামী,0.36880749464035034,0.02040816326530612,1.3483993313750442
মারাত্বক,0.348371684551239,0.0,1.348371684551239
কেয়ারি,0.34831511974334717,0.0,1.3483151197433472
হয়ে৷,0.34830325841903687,0.0,1.3483032584190369
বকুল,0.3482666015625,0.0,1.3482666015625
উই,0.36863279342651367,0.02040816326530612,1.3482246301612075
বিষয়বস্তু,0.3480927348136902,0.0,1.3480927348136902
জানিয়া,0.3480585217475891,0.0,1.3480585217475891
থাকবো৷,0.34799671173095703,0.0,1.347996711730957
টাকাপয়স,0.3479607105255127,0.0,1.3479607105255127
বাবহ,0.3478774428367615,0.0,1.3478774428367615
শনির,0.3478582501411438,0.0,1.3478582501411438
বিষধর,0.3478092551231384,0.0,1.3478092551231384
চাউনি,0.3476918935775757,0.0,1.3476918935775757
ধারে,0.3680288791656494,0.02040816326530612,1.3476207159003433
যুবতীর,0.3475992679595947,0.0,1.3475992679595947
ফাই,0.3475775718688965,0.0,1.3475775718688965
ছারেখারে,0.3475448489189148,0.0,1.3475448489189148
চুড়ান্ত,0.3475075960159302,0.0,1.3475075960159302
করিতেছেন,0.3575483560562134,0.010101010101010102,1.3474473459552034
দাঁড়িয়ে,0.3473680019378662,0.0,1.3473680019378662
লাল,0.3574497699737549,0.010101010101010102,1.347348759872745
বালুকণা,0.3473179340362549,0.0,1.3473179340362549
খেল,0.34731149673461914,0.0,1.3473114967346191
ঘনিষ্ঠতা,0.34721529483795166,0.0,1.3472152948379517
আসর,0.39984434843063354,0.05263157894736842,1.3472127694832652
বড়ে,0.3471826910972595,0.0,1.3471826910972595
পালট,0.3470052480697632,0.0,1.3470052480697632
মারবো,0.34696149826049805,0.0,1.346961498260498
বৈদেশিক,0.34690994024276733,0.0,1.3469099402427673
ডানপিটে,0.34690696001052856,0.0,1.3469069600105286
ট্রামে,0.3468852639198303,0.0,1.3468852639198303
সহকর্মী,0.34687626361846924,0.0,1.3468762636184692
জুড়,0.35694605112075806,0.010101010101010102,1.3468450410197481
জানাচ্,0.3466309905052185,0.0,1.3466309905052185
প্রবাসী,0.3465685248374939,0.0,1.346568524837494
তাে,0.34653806686401367,0.0,1.3465380668640137
জন্মালো,0.34650278091430664,0.0,1.3465027809143066
নিষ্পাপ,0.34642869234085083,0.0,1.3464286923408508
রচিত,0.34637749195098877,0.0,1.3463774919509888
ঠাকুরদাদা,0.3462868928909302,0.0,1.3462868928909302
পারলে,0.34622490406036377,0.0,1.3462249040603638
ফেরাল,0.34615659713745117,0.0,1.3461565971374512
ধুতির,0.3461451530456543,0.0,1.3461451530456543
আলু,0.3664056658744812,0.02040816326530612,1.345997502609175
বিস্ষারিত,0.3459639549255371,0.0,1.345963954925537
গ্রীসে,0.345955491065979,0.0,1.345955491065979
মোম,0.34589141607284546,0.0,1.3458914160728455
হেডফোন,0.3458821177482605,0.0,1.3458821177482605
অপুর্ব,0.35593533515930176,0.010101010101010102,1.3458343250582918
কলসির,0.34578192234039307,0.0,1.345781922340393
আদান,0.3457728624343872,0.0,1.3457728624343872
এসা,0.34575027227401733,0.0,1.3457502722740173
একদৃষ্,0.3558453917503357,0.010101010101010102,1.3457443816493257
ফেলুক,0.34568220376968384,0.0,1.3456822037696838
আষাঢ়,0.3983023762702942,0.05263157894736842,1.3456707973229258
আকস্মিকতায়,0.34563177824020386,0.0,1.3456317782402039
গাত্রবর্ণ,0.34558528661727905,0.0,1.345585286617279
স্বরাজ,0.3455595374107361,0.0,1.345559537410736
ছুচোখ,0.3455071449279785,0.0,1.3455071449279785
শ্রান্ত,0.35554707050323486,0.010101010101010102,1.345446060402225
আইডিয়া,0.34540849924087524,0.0,1.3454084992408752
নৌকে৷,0.3454064726829529,0.0,1.3454064726829529
মিশ্র,0.3453505039215088,0.0,1.3453505039215088
পিচ্ছিল,0.3453378677368164,0.0,1.3453378677368164
প্রবক্তা,0.34532755613327026,0.0,1.3453275561332703
বােল,0.3553912043571472,0.010101010101010102,1.3452901942561373
রেলিং,0.3452067971229553,0.0,1.3452067971229553
যোগসূত্র,0.3451504707336426,0.0,1.3451504707336426
উদাসভাবে,0.3450586199760437,0.0,1.3450586199760437
লিখিত,0.34505122900009155,0.0,1.3450512290000916
শঙ্ধিত,0.34500789642333984,0.0,1.3450078964233398
বললেনবেশ,0.34493058919906616,0.0,1.3449305891990662
অশ্রুবিন্দু,0.3449004292488098,0.0,1.3449004292488098
ইয়াং,0.34487664699554443,0.0,1.3448766469955444
ফিটন,0.3448532819747925,0.0,1.3448532819747925
নাভি,0.34477072954177856,0.0,1.3447707295417786
তাকালো৷,0.37569838762283325,0.030927835051546393,1.344770552571287
মাপলে,0.344638466835022,0.0,1.344638466835022
বললআম,0.3445298671722412,0.0,1.3445298671722412
টেলিভিশনে,0.3443447947502136,0.0,1.3443447947502136
দইয়,0.3443256616592407,0.0,1.3443256616592407
মাত্রে,0.34419316053390503,0.0,1.344193160533905
পয়েপ্ট,0.34417521953582764,0.0,1.3441752195358276
মুদ্র,0.3438459634780884,0.0,1.3438459634780884
ধয়ে,0.34381479024887085,0.0,1.3438147902488708
নোঙর,0.3537120223045349,0.010101010101010102,1.343611012203525
কোয়েশ্চ,0.34342455863952637,0.0,1.3434245586395264
গলুইয়,0.3534752130508423,0.010101010101010102,1.3433742029498323
নির্বংশ,0.34332454204559326,0.0,1.3433245420455933
পরবে,0.34332275390625,0.0,1.34332275390625
আমদানি,0.3431462049484253,0.0,1.3431462049484253
ভুলে,0.3530775308609009,0.010101010101010102,1.342976520759891
বিকিয়ে,0.34292513132095337,0.0,1.3429251313209534
বাঘিনী,0.3428642749786377,0.0,1.3428642749786377
থাত,0.34248119592666626,0.0,1.3424811959266663
হাতল,0.34238964319229126,0.0,1.3423896431922913
সিরিয়াস,0.35243600606918335,0.010101010101010102,1.3423349959681734
কুঁচ,0.3423025608062744,0.0,1.3423025608062744
লালচে,0.34211957454681396,0.0,1.342119574546814
পরাজয়,0.3421141505241394,0.0,1.3421141505241394
ওভ,0.3420667052268982,0.0,1.3420667052268982
ফিনফিনে,0.35204100608825684,0.010101010101010102,1.341939995987247
অন্তমনস্ক,0.34186315536499023,0.0,1.3418631553649902
বােঝব,0.34182000160217285,0.0,1.3418200016021729
ঢালু,0.3621644973754883,0.02040816326530612,1.3417563341101821
ক্যাশ,0.34168750047683716,0.0,1.3416875004768372
সাউথ,0.341663122177124,0.0,1.341663122177124
বিপক্ষ,0.3416474461555481,0.0,1.341647446155548
পুবমুখো,0.34140312671661377,0.0,1.3414031267166138
ভবঘুরে,0.34134817123413086,0.0,1.3413481712341309
কৃপায়,0.34123873710632324,0.0,1.3412387371063232
বাঝ্স,0.34123605489730835,0.0,1.3412360548973083
সোন্দর,0.34111613035202026,0.0,1.3411161303520203
মোহিত,0.3410537838935852,0.0,1.3410537838935852
রেজিস্,0.3410360813140869,0.0,1.341036081314087
ধুতি,0.39364904165267944,0.05263157894736842,1.341017462705311
মমে,0.3409399390220642,0.0,1.3409399390220642
অনুশীলন,0.34091299772262573,0.0,1.3409129977226257
সমুদ্রতীর,0.3408505320549011,0.0,1.3408505320549011
ভাঙতে,0.34083861112594604,0.0,1.340838611125946
নস্যি,0.3508482575416565,0.010101010101010102,1.3407472474406466
খেলল,0.34071630239486694,0.0,1.340716302394867
শয্যাগত,0.3407096266746521,0.0,1.340709626674652
কাখে,0.3407055139541626,0.0,1.3407055139541626
দির,0.3406703472137451,0.0,1.3406703472137451
গুড়ো,0.3507381081581116,0.010101010101010102,1.3406370980571016
কালোয়,0.35072195529937744,0.010101010101010102,1.3406209451983675
কোরে,0.34041428565979004,0.0,1.34041428565979
পাচিল,0.34038978815078735,0.0,1.3403897881507874
পাহাড়,0.36074888706207275,0.02040816326530612,1.3403407237967666
সিগারেটের,0.3503478169441223,0.010101010101010102,1.3402468068431124
জবুথবু,0.34022849798202515,0.0,1.3402284979820251
প্রাচীন,0.39277249574661255,0.05263157894736842,1.3401409167992442
চিরজীবন,0.339868426322937,0.0,1.339868426322937
মায়,0.3398335576057434,0.0,1.3398335576057434
কপা,0.3397086262702942,0.0,1.3397086262702942
প্রাপ্ত,0.3396880626678467,0.0,1.3396880626678467
দূর,0.34969425201416016,0.010101010101010102,1.3395932419131502
গ্যাখো,0.3394462466239929,0.0,1.339446246623993
খরগোস,0.3393753170967102,0.0,1.3393753170967102
ঠাউরে,0.33929312229156494,0.0,1.339293122291565
ফেলবো,0.33927810192108154,0.0,1.3392781019210815
আনাচে,0.34935665130615234,0.010101010101010102,1.3392556412051424
ভাঙ্গতে,0.33910083770751953,0.0,1.3391008377075195
লুকোব,0.33902931213378906,0.0,1.339029312133789
সামণে,0.3389774560928345,0.0,1.3389774560928345
ধানজমি,0.33880794048309326,0.0,1.3388079404830933
রাজপথে,0.33872610330581665,0.0,1.3387261033058167
খাইনি,0.3386912941932678,0.0,1.3386912941932678
পাউণ্ড,0.33864468336105347,0.0,1.3386446833610535
নিঙ্গে,0.33858561515808105,0.0,1.338585615158081
অসম্পূর্ণ,0.34867942333221436,0.010101010101010102,1.3385784132312044
তীক্ষভাবে,0.33857691287994385,0.0,1.3385769128799438
জানাব,0.33857297897338867,0.0,1.3385729789733887
নিরালায়,0.338528573513031,0.0,1.338528573513031
চিত্র,0.35866743326187134,0.02040816326530612,1.3382592699965652
উচ্চত,0.3381766676902771,0.0,1.338176667690277
ক্ষ্যাপা,0.3379970192909241,0.0,1.337997019290924
ভু,0.3478984832763672,0.010101010101010102,1.3377974731753572
মুদে,0.33775073289871216,0.0,1.3377507328987122
মিঠু,0.37939465045928955,0.041666666666666664,1.337727983792623
খাদের,0.36865299940109253,0.030927835051546393,1.3377251643495462
ছইই,0.33766430616378784,0.0,1.3376643061637878
উত্তরপূর্ব,0.3375299572944641,0.0,1.3375299572944641
বুঝি,0.3375290632247925,0.0,1.3375290632247925
কড়ায়,0.33750128746032715,0.0,1.3375012874603271
রান্ত,0.33747780323028564,0.0,1.3374778032302856
অমা,0.33735501766204834,0.0,1.3373550176620483
চালাবো,0.33735471963882446,0.0,1.3373547196388245
তীরবেগ,0.3474254012107849,0.010101010101010102,1.337324391109775
বিন্দুমাত্র,0.35770994424819946,0.02040816326530612,1.3373017809828933
আধব,0.33730101585388184,0.0,1.3373010158538818
রূপবান,0.33724552392959595,0.0,1.337245523929596
পাজি,0.33720600605010986,0.0,1.3372060060501099
ঔৎসুক্য,0.3372039198875427,0.0,1.3372039198875427
অসুখবিসুখ,0.33719396591186523,0.0,1.3371939659118652
ভেড়,0.34722715616226196,0.010101010101010102,1.337126146061252
হাতলে,0.3371036648750305,0.0,1.3371036648750305
হাকোয়া,0.33709198236465454,0.0,1.3370919823646545
রাস্ত৷,0.3369501829147339,0.0,1.3369501829147339
অহংক,0.3369467854499817,0.0,1.3369467854499817
রাশিয়া,0.3368667960166931,0.0,1.3368667960166931
গ্রীস,0.37845903635025024,0.041666666666666664,1.3367923696835837
মাইল,0.3367757797241211,0.0,1.336775779724121
বলেছি৷,0.33676910400390625,0.0,1.3367691040039062
মিথ্যেবাদী,0.34683066606521606,0.010101010101010102,1.3367296559642061
ভুলবে,0.3367292881011963,0.0,1.3367292881011963
ওব,0.3366369605064392,0.0,1.3366369605064392
অপেক্ষমান,0.33661913871765137,0.0,1.3366191387176514
গেজেট,0.3366051912307739,0.0,1.336605191230774
বুঝেছি৷,0.3365662097930908,0.0,1.3365662097930908
ত্রয়োদশ,0.3364574909210205,0.0,1.3364574909210205
অত্যাচারিত,0.3364531397819519,0.0,1.336453139781952
কষ্টিপাথর,0.33644789457321167,0.0,1.3364478945732117
রূপালী,0.33638864755630493,0.0,1.336388647556305
পদাতিক,0.33635008335113525,0.0,1.3363500833511353
ফুট,0.3779776692390442,0.041666666666666664,1.3363110025723777
মিটল,0.34641098976135254,0.010101010101010102,1.3363099796603426
দুরত্ব,0.3463170528411865,0.010101010101010102,1.3362160427401766
পরিচালিত,0.3361695408821106,0.0,1.3361695408821106
লোক৷,0.3361004590988159,0.0,1.336100459098816
সমা,0.3360674977302551,0.0,1.3360674977302551
তই,0.3359972834587097,0.0,1.3359972834587097
আনুক,0.33581990003585815,0.0,1.3358199000358582
বাঁচাবে,0.3356929421424866,0.0,1.3356929421424866
থেকেছেন,0.33568692207336426,0.0,1.3356869220733643
যাচ,0.33564668893814087,0.0,1.3356466889381409
আলবৎ,0.3355882167816162,0.0,1.3355882167816162
অক্ষম,0.335441529750824,0.0,1.335441529750824
খুঁজব,0.33539485931396484,0.0,1.3353948593139648
জন্মাবে,0.3353816270828247,0.0,1.3353816270828247
খাইয়,0.3351104259490967,0.0,1.3351104259490967
সাবমেরিন,0.3350825309753418,0.0,1.3350825309753418
জা,0.3877120018005371,0.05263157894736842,1.3350804228531687
পেশায়,0.3350416421890259,0.0,1.3350416421890259
ইতন্তত,0.3450714945793152,0.010101010101010102,1.3349704844783052
সেইদিকে,0.33494025468826294,0.0,1.334940254688263
যু,0.33489835262298584,0.0,1.3348983526229858
ইস্টার্ন,0.3449975252151489,0.010101010101010102,1.334896515114139
লোকালয়,0.33488714694976807,0.0,1.334887146949768
ডুবুরির,0.3449721336364746,0.010101010101010102,1.3348711235354647
গাড়ীর,0.3347790241241455,0.0,1.3347790241241455
চালাচ্ছি,0.3551782965660095,0.02040816326530612,1.3347701333007034
দখিন,0.33473658561706543,0.0,1.3347365856170654
অমল,0.3346872925758362,0.0,1.3346872925758362
কুটুম্ব,0.334656298160553,0.0,1.334656298160553
বিমূঢ়,0.3345303535461426,0.0,1.3345303535461426
উপন্তাস,0.36539214849472046,0.030927835051546393,1.3344643134431742
জলোচ্ছাস,0.3445124626159668,0.010101010101010102,1.3344114525149569
কিলোমি,0.3343959450721741,0.0,1.334395945072174
উল্লেখযোগ্য,0.33436256647109985,0.0,1.3343625664710999
অপরাধীর,0.33419686555862427,0.0,1.3341968655586243
বিবাহিতা,0.3341869115829468,0.0,1.3341869115829468
দীঘির,0.33411818742752075,0.0,1.3341181874275208
পিয়,0.3341068625450134,0.0,1.3341068625450134
ঢুকেছি,0.33402371406555176,0.0,1.3340237140655518
গৌরবময়,0.3441099524497986,0.010101010101010102,1.3340089423487886
শতখানেক,0.3440665006637573,0.010101010101010102,1.3339654905627474
রূপক,0.3339253067970276,0.0,1.3339253067970276
জাজিম,0.3339196443557739,0.0,1.333919644355774
শনলে,0.3338238000869751,0.0,1.333823800086975
মাগুর,0.34384816884994507,0.010101010101010102,1.3337471587489351
জ্বালো,0.33372747898101807,0.0,1.333727478981018
দেহাতী,0.3337206244468689,0.0,1.333720624446869
প্রতিমূর্তি,0.3437325954437256,0.010101010101010102,1.3336315853427156
পারছিস,0.33357787132263184,0.0,1.3335778713226318
হ্যাচকা,0.333543598651886,0.0,1.333543598651886
প্রিয়তমা,0.33349609375,0.0,1.33349609375
কুলোয়,0.3334277272224426,0.0,1.3334277272224426
সিক্ষ,0.3334043025970459,0.0,1.333404302597046
ফিল্ডিং,0.3333357572555542,0.0,1.3333357572555542
পিপি,0.36403709650039673,0.030927835051546393,1.3331092614488504
সম্রান্ত,0.33310896158218384,0.0,1.3331089615821838
ফেজ,0.3330700993537903,0.0,1.3330700993537903
সমস্যায়,0.33288079500198364,0.0,1.3328807950019836
কবিতা,0.35326093435287476,0.02040816326530612,1.3328527710875686
হইলেই,0.33279186487197876,0.0,1.3327918648719788
পরিচয়,0.3428805470466614,0.010101010101010102,1.3327795369456514
অতি,0.35315197706222534,0.02040816326530612,1.3327438137969192
কোনোখানে,0.332638144493103,0.0,1.332638144493103
প্রাণট,0.3324522376060486,0.0,1.3324522376060486
সানন্দে,0.3324229121208191,0.0,1.332422912120819
সংসারটা,0.3324224352836609,0.0,1.3324224352836609
লেখাপড়ায়,0.3323715925216675,0.0,1.3323715925216675
গর্দান,0.33228862285614014,0.0,1.3322886228561401
দেখো৷,0.33227109909057617,0.0,1.3322710990905762
ফোকরে,0.3322092294692993,0.0,1.3322092294692993
সমীপে,0.3320733904838562,0.0,1.3320733904838562
জুন,0.3959006667137146,0.06382978723404255,1.332070879479672
অলীম,0.33204638957977295,0.0,1.332046389579773
একজাত,0.3320406675338745,0.0,1.3320406675338745
খানিক,0.3316194415092468,0.0,1.3316194415092468
কিনলে,0.33160221576690674,0.0,1.3316022157669067
আধিপত্য,0.3315826654434204,0.0,1.3315826654434204
সঞ্চারিত,0.3315633535385132,0.0,1.3315633535385132
বাঁচলে,0.331562876701355,0.0,1.331562876701355
চিঠিট,0.3315386176109314,0.0,1.3315386176109314
আশপাশে,0.33144307136535645,0.0,1.3314430713653564
হটাৎ,0.3312491178512573,0.0,1.3312491178512573
গুহ,0.4064685106277466,0.07526881720430108,1.3311996934234456
জন্ভে,0.33119696378707886,0.0,1.3311969637870789
পাঠাবো,0.33119237422943115,0.0,1.3311923742294312
পাঠ্য,0.33111536502838135,0.0,1.3311153650283813
রাজ্যপাট,0.3311142921447754,0.0,1.3311142921447754
অবতীর্ণ,0.3310660123825073,0.0,1.3310660123825073
ঢুলুনি,0.33099067211151123,0.0,1.3309906721115112
ফুপিয়ে,0.36180174350738525,0.030927835051546393,1.330873908455839
থলির,0.33083057403564453,0.0,1.3308305740356445
এসব,0.33077555894851685,0.0,1.3307755589485168
মধ্যরা,0.3307464122772217,0.0,1.3307464122772217
সেখানটায়,0.3307377099990845,0.0,1.3307377099990845
থামুন,0.33073151111602783,0.0,1.3307315111160278
হাওয়াও,0.3306460976600647,0.0,1.3306460976600647
খেলাতে,0.36151665449142456,0.030927835051546393,1.3305888194398783
পাশবিক,0.3305680751800537,0.0,1.3305680751800537
জ্যোৎস্নায়,0.3304521441459656,0.0,1.3304521441459656
মণ্ডপে,0.3304298520088196,0.0,1.3304298520088196
পাখন,0.33038294315338135,0.0,1.3303829431533813
খাচা,0.38296473026275635,0.05263157894736842,1.330333151315388
টানছ,0.33033114671707153,0.0,1.3303311467170715
খুঁট,0.3301955461502075,0.0,1.3301955461502075
সম্বিৎ,0.33018964529037476,0.0,1.3301896452903748
কাইল,0.34027761220932007,0.010101010101010102,1.3301766021083101
বলেঃ,0.3301294445991516,0.0,1.3301294445991516
শিকলে,0.3300837278366089,0.0,1.3300837278366089
উচ্চতায়,0.3300151824951172,0.0,1.3300151824951172
চান্স,0.32995516061782837,0.0,1.3299551606178284
কাস্,0.3299487829208374,0.0,1.3299487829208374
খেসারির,0.33980703353881836,0.010101010101010102,1.3297060234378084
ধাধা,0.40495556592941284,0.07526881720430108,1.3296867487251118
ধরছিল,0.32965779304504395,0.0,1.329657793045044
ছোট,0.32961368560791016,0.0,1.3296136856079102
সংকীর্তন,0.3296005129814148,0.0,1.3296005129814148
চিঠিপত্র,0.34998631477355957,0.02040816326530612,1.3295781515082534
ঘুরে,0.32947033643722534,0.0,1.3294703364372253
দিগন্,0.329162061214447,0.0,1.329162061214447
মেধা,0.32912003993988037,0.0,1.3291200399398804
এডুকেশন,0.32909661531448364,0.0,1.3290966153144836
সোনালী,0.3599346876144409,0.030927835051546393,1.3290068525628946
উত্তাপে,0.32887864112854004,0.0,1.32887864112854
ইউ,0.3703266978263855,0.041666666666666664,1.328660031159719
ঝির্‌,0.32861191034317017,0.0,1.3286119103431702
মিশলে,0.3285559415817261,0.0,1.328555941581726
পাথর,0.359478235244751,0.030927835051546393,1.3285504001932047
দাড়ানোর,0.32836538553237915,0.0,1.3283653855323792
বইট,0.3282076120376587,0.0,1.3282076120376587
জোচ্চোর,0.32817429304122925,0.0,1.3281742930412292
গ্রাহক,0.39181679487228394,0.06382978723404255,1.3279870076382414
সভাতে,0.32787710428237915,0.0,1.3278771042823792
সময়ে,0.3379499912261963,0.010101010101010102,1.3278489811251863
অত্যাশ্চর্য,0.3379185199737549,0.010101010101010102,1.327817509872745
অস্ত্রধারী,0.3277752995491028,0.0,1.3277752995491028
পুড়,0.32776838541030884,0.0,1.3277683854103088
পাজামা,0.3277661204338074,0.0,1.3277661204338074
গ্রাম,0.327758252620697,0.0,1.327758252620697
পারস্পরিক,0.32769888639450073,0.0,1.3276988863945007
ফাল্তুন,0.3275279998779297,0.0,1.3275279998779297
চেতনায়,0.32752561569213867,0.0,1.3275256156921387
অ্যালবাম,0.3274438977241516,0.0,1.3274438977241516
সংস্থা,0.3274247646331787,0.0,1.3274247646331787
অধিনায়কত্বে,0.3273909091949463,0.0,1.3273909091949463
আোত,0.3273695111274719,0.0,1.327369511127472
বিশ্বাস,0.337421715259552,0.010101010101010102,1.327320705158542
কাঁচাপাকা,0.327217698097229,0.0,1.327217698097229
করাব,0.32715165615081787,0.0,1.3271516561508179
ফুটল,0.3270823359489441,0.0,1.327082335948944
পবিত্রতা,0.32705777883529663,0.0,1.3270577788352966
একটান,0.3270331621170044,0.0,1.3270331621170044
সইব,0.3270221948623657,0.0,1.3270221948623657
এদিক,0.3474167585372925,0.02040816326530612,1.3270085952719863
সর্ধদা,0.3269996643066406,0.0,1.3269996643066406
ব্রাহ্মণরা,0.33709752559661865,0.010101010101010102,1.3269965154956087
বকাঝকা,0.3269401788711548,0.0,1.3269401788711548
গৃহপালিত,0.32687556743621826,0.0,1.3268755674362183
জামিন,0.3268668055534363,0.0,1.3268668055534363
দৈর্ঘ্য,0.32677143812179565,0.0,1.3267714381217957
আটশো,0.3267466425895691,0.0,1.326746642589569
আলমারিটা,0.3267148733139038,0.0,1.3267148733139038
কখনো,0.3265714645385742,0.0,1.3265714645385742
ঝরণা,0.32647913694381714,0.0,1.3264791369438171
পায,0.3264654874801636,0.0,1.3264654874801636
আধখান,0.3264051675796509,0.0,1.3264051675796509
পরণে,0.346804678440094,0.02040816326530612,1.3263965151747878
থাকা৷,0.3263188600540161,0.0,1.3263188600540161
রসায়ন,0.32614558935165405,0.0,1.326145589351654
বিনষ্ট,0.3260238766670227,0.0,1.3260238766670227
দেওয়ানজী,0.3259425163269043,0.0,1.3259425163269043
পদচিহ্ন,0.32593852281570435,0.0,1.3259385228157043
কেয়া,0.3896867036819458,0.06382978723404255,1.3258569164479033
জ্যোতির্ময়,0.3896844983100891,0.06382978723404255,1.3258547110760466
ছোকর,0.3258299231529236,0.0,1.3258299231529236
বাহারী,0.3257869482040405,0.0,1.3257869482040405
নমুন,0.3357711434364319,0.010101010101010102,1.325670133335422
শুয়ে,0.33568036556243896,0.010101010101010102,1.325579355461429
ব্যাটিং,0.325578510761261,0.0,1.325578510761261
সংকল্পে,0.32554030418395996,0.0,1.32554030418396
তেতুল,0.32547467947006226,0.0,1.3254746794700623
মেটেনি,0.325397789478302,0.0,1.325397789478302
চতুর্দিক,0.3253885507583618,0.0,1.3253885507583618
এককাল,0.32536202669143677,0.0,1.3253620266914368
খেলাধুলো,0.3253069519996643,0.0,1.3253069519996643
বোলতা,0.3253047466278076,0.0,1.3253047466278076
রশ্মি,0.32529664039611816,0.0,1.3252966403961182
ভেউ,0.32528525590896606,0.0,1.325285255908966
খু,0.34558433294296265,0.02040816326530612,1.3251761696776565
ছাড়বো,0.32516801357269287,0.0,1.3251680135726929
উচ্চতা,0.33522725105285645,0.010101010101010102,1.3251262409518465
মেটানো,0.32508522272109985,0.0,1.3250852227210999
বাঙালীর,0.3248593807220459,0.0,1.324859380722046
উচ্চবর্ণ,0.32483142614364624,0.0,1.3248314261436462
বিবর্তন,0.3348977565765381,0.010101010101010102,1.3247967464755281
ব্যাপী,0.32477110624313354,0.0,1.3247711062431335
সহজাত,0.3247351050376892,0.0,1.3247351050376892
হাঁচি,0.3247106671333313,0.0,1.3247106671333313
স্থবিধ,0.32469213008880615,0.0,1.3246921300888062
লক্ষ্মী,0.3246893882751465,0.0,1.3246893882751465
পুরস্কৃত,0.3244907855987549,0.0,1.3244907855987549
খিড়কি,0.3244199752807617,0.0,1.3244199752807617
বনেদি,0.32427990436553955,0.0,1.3242799043655396
নির্ঘাত,0.32405996322631836,0.0,1.3240599632263184
খাদক,0.3341078758239746,0.010101010101010102,1.3240068657229647
বারুদ,0.32398635149002075,0.0,1.3239863514900208
সামান্যতম,0.33407461643218994,0.010101010101010102,1.32397360633118
মানপত্র,0.323890745639801,0.0,1.323890745639801
সংগ্রহে,0.323885977268219,0.0,1.323885977268219
সাপট,0.3237611651420593,0.0,1.3237611651420593
দেউড়ি,0.3237302303314209,0.0,1.323730230331421
নিশুতি,0.3236626386642456,0.0,1.3236626386642456
দ্রুতগতি,0.32365256547927856,0.0,1.3236525654792786
পাপড়ি,0.33370476961135864,0.010101010101010102,1.3236037595103487
থেলোয়াড়,0.3336833715438843,0.010101010101010102,1.3235823614428743
গলা,0.32358235120773315,0.0,1.3235823512077332
ভাঙ্গিয়ে,0.32356810569763184,0.0,1.3235681056976318
নিরাবরণ,0.3235642910003662,0.0,1.3235642910003662
এয়ারফোর্স,0.32354575395584106,0.0,1.323545753955841
স্লান,0.3235399127006531,0.0,1.323539912700653
দরজাজানালা,0.32352834939956665,0.0,1.3235283493995667
একবার৷,0.3439282178878784,0.02040816326530612,1.3235200546225723
জাগবে,0.3234660029411316,0.0,1.3234660029411316
একাল,0.3234139680862427,0.0,1.3234139680862427
টাকাট,0.3234122395515442,0.0,1.3234122395515442
জনৈক,0.3234085440635681,0.0,1.3234085440635681
শিখিয়েছি,0.3233950138092041,0.0,1.323395013809204
প্যাণ্ট,0.32339394092559814,0.0,1.3233939409255981
পেতল,0.32327890396118164,0.0,1.3232789039611816
শত্রুতা,0.3232463002204895,0.0,1.3232463002204895
দমকা,0.32323020696640015,0.0,1.3232302069664001
ডানায়,0.32322847843170166,0.0,1.3232284784317017
পুরাকালে,0.3230705261230469,0.0,1.3230705261230469
খুড়তু,0.3229859471321106,0.0,1.3229859471321106
এজন্মে,0.32296985387802124,0.0,1.3229698538780212
রংএর,0.3229641914367676,0.0,1.3229641914367676
মহারাষ্ট্র,0.322908878326416,0.0,1.322908878326416
নেপাল,0.32289350032806396,0.0,1.322893500328064
বাথা,0.3228192925453186,0.0,1.3228192925453186
একলাফে,0.3228011727333069,0.0,1.3228011727333069
ইসারায়,0.3228001594543457,0.0,1.3228001594543457
মেলেনি,0.33284103870391846,0.010101010101010102,1.3227400286029085
অনুধাবন,0.3227359652519226,0.0,1.3227359652519226
লিখিয়,0.32272225618362427,0.0,1.3227222561836243
অর্থাং,0.32263749837875366,0.0,1.3226374983787537
চূড়,0.3326367139816284,0.010101010101010102,1.3225357038806185
প্লাবিত,0.3223535418510437,0.0,1.3223535418510437
বানি,0.3223327398300171,0.0,1.322332739830017
ইউনাইটেড,0.3324252963066101,0.010101010101010102,1.3223242862056002
অধিপতি,0.3223128318786621,0.0,1.322312831878662
পাছাড়,0.32223939895629883,0.0,1.3222393989562988
অবস্থাট,0.32222574949264526,0.0,1.3222257494926453
নিস্তব্ধ,0.3220745921134949,0.0,1.3220745921134949
সুপ,0.33204931020736694,0.010101010101010102,1.321948300106357
এঘর,0.32193970680236816,0.0,1.3219397068023682
মেঝের,0.35285741090774536,0.030927835051546393,1.321929575856199
ভেবেছিলুম,0.321816086769104,0.0,1.321816086769104
াদে,0.3218066692352295,0.0,1.3218066692352295
আযি,0.32180261611938477,0.0,1.3218026161193848
আন্তরিকত,0.32178765535354614,0.0,1.3217876553535461
শ্রেয়,0.3217701315879822,0.0,1.3217701315879822
মোটরে,0.32176023721694946,0.0,1.3217602372169495
ধারণাটা,0.3216899633407593,0.0,1.3216899633407593
ককিয়ে,0.3216596841812134,0.0,1.3216596841812134
জমি,0.3741798996925354,0.05263157894736842,1.321548320745167
অষ্টম,0.3315381407737732,0.010101010101010102,1.3214371306727632
চ্যারিটি,0.32140225172042847,0.0,1.3214022517204285
দেনা,0.3213745355606079,0.0,1.321374535560608
সন্দেশের,0.3739436864852905,0.05263157894736842,1.3213121075379222
ধিক্ক,0.32129567861557007,0.0,1.32129567861557
বিজলী,0.34151285886764526,0.02040816326530612,1.3211046956023391
সওদা,0.32109588384628296,0.0,1.321095883846283
তাইত,0.3210747241973877,0.0,1.3210747241973877
ছুঃসাহসী,0.3209564685821533,0.0,1.3209564685821533
নাজানি,0.3209293484687805,0.0,1.3209293484687805
চুট,0.3209218382835388,0.0,1.3209218382835388
ছায়াট,0.3208599090576172,0.0,1.3208599090576172
ঝিনুক,0.320795476436615,0.0,1.320795476436615
বিদ্বেষ,0.3207870125770569,0.0,1.3207870125770569
ফটে,0.33086735010147095,0.010101010101010102,1.320766340000461
ভাবেনি,0.3207622170448303,0.0,1.3207622170448303
শঙ্কুর,0.3206029534339905,0.0,1.3206029534339905
এগু,0.3205990195274353,0.0,1.3205990195274353
ছেলেমাহুষ,0.32048094272613525,0.0,1.3204809427261353
বাঘে,0.32035064697265625,0.0,1.3203506469726562
সহায়ক,0.32033413648605347,0.0,1.3203341364860535
ঝিরিঝিরি,0.3303578495979309,0.010101010101010102,1.320256839496921
অবরোধ,0.3201739192008972,0.0,1.3201739192008972
খাঁড়,0.3201097846031189,0.0,1.320109784603119
খুপরি,0.32008540630340576,0.0,1.3200854063034058
জন্মেছিল,0.3200846314430237,0.0,1.3200846314430237
নিপাট,0.3200176954269409,0.0,1.320017695426941
বুলোচ্,0.3199455738067627,0.0,1.3199455738067627
রোমহর্ষক,0.3199315071105957,0.0,1.3199315071105957
পাড়িয়ে,0.31990301609039307,0.0,1.319903016090393
শ্যাওল,0.31953638792037964,0.0,1.3195363879203796
ফিরেছিল,0.3194303512573242,0.0,1.3194303512573242
পিলপিল,0.31937432289123535,0.0,1.3193743228912354
খেললে,0.31931501626968384,0.0,1.3193150162696838
পায়জামা,0.3192761540412903,0.0,1.3192761540412903
পালিশ,0.3191719055175781,0.0,1.3191719055175781
সর্দারি,0.3191591501235962,0.0,1.3191591501235962
আসবে,0.329207181930542,0.010101010101010102,1.319106171829532
বিছন,0.3188195824623108,0.0,1.3188195824623108
বলেছিলুম,0.3288942575454712,0.010101010101010102,1.3187932474444612
বীয়র,0.31878554821014404,0.0,1.318785548210144
প্রক্রিয়,0.3187829852104187,0.0,1.3187829852104187
আন্তর্জাতিক,0.3288818597793579,0.010101010101010102,1.318780849678348
প্রশ্নোত্তর,0.31874287128448486,0.0,1.3187428712844849
অস্থবিধে,0.31873244047164917,0.0,1.3187324404716492
শুল,0.31861311197280884,0.0,1.3186131119728088
মরা,0.31856751441955566,0.0,1.3185675144195557
বিদ্রপ,0.3184816837310791,0.0,1.318481683731079
অগ্নযৎপাত,0.3184572458267212,0.0,1.3184572458267212
এসো৷,0.32850873470306396,0.010101010101010102,1.318407724602054
টেবল,0.31829386949539185,0.0,1.3182938694953918
জগদীশ্বর,0.3182342052459717,0.0,1.3182342052459717
মোড়ায়,0.31818610429763794,0.0,1.318186104297638
ছাড়তে,0.31804919242858887,0.0,1.3180491924285889
ইজ,0.3597138524055481,0.041666666666666664,1.3180471857388816
চেহারাট,0.317962110042572,0.0,1.317962110042572
প্র্যাকট,0.31786322593688965,0.0,1.3178632259368896
গোবি,0.3178548216819763,0.0,1.3178548216819763
ম্যারাকট,0.4542075991630554,0.13636363636363635,1.3178439627994192
নামান,0.3178291916847229,0.0,1.317829191684723
ধরলো৷,0.3176611065864563,0.0,1.3176611065864563
সংস্কৃতি,0.32768285274505615,0.010101010101010102,1.3175818426440462
খেলত,0.3175193667411804,0.0,1.3175193667411804
সেন,0.38131821155548096,0.06382978723404255,1.3174884243214384
বলছিস,0.3174091577529907,0.0,1.3174091577529907
চিত্তা,0.31738537549972534,0.0,1.3173853754997253
পূর্বদি,0.3173571825027466,0.0,1.3173571825027466
সম্পাদিক,0.3172397017478943,0.0,1.3172397017478943
সেরেছি,0.3171558976173401,0.0,1.31715589761734
প্রতিচ্ছবি,0.3170740008354187,0.0,1.3170740008354187
মহানুভবতা,0.3170468807220459,0.0,1.317046880722046
তালিকায়,0.3169270157814026,0.0,1.3169270157814026
মন্ত্রবলে,0.3169161081314087,0.0,1.3169161081314087
গাঁদা,0.31690043210983276,0.0,1.3169004321098328
হারাবে,0.3168923854827881,0.0,1.316892385482788
মানতে,0.3168673515319824,0.0,1.3168673515319824
জলরাশির,0.31646907329559326,0.0,1.3164690732955933
দশগুণ,0.3164050579071045,0.0,1.3164050579071045
রাগ,0.3163703680038452,0.0,1.3163703680038452
অস্থবিধা,0.3163491487503052,0.0,1.3163491487503052
হাঙ্গামায়,0.3162536025047302,0.0,1.3162536025047302
বেরোবে,0.31624603271484375,0.0,1.3162460327148438
মূল্যবোধ,0.31621551513671875,0.0,1.3162155151367188
চার্লস,0.31614798307418823,0.0,1.3161479830741882
থুতু,0.3161010146141052,0.0,1.3161010146141052
মারবি,0.3160661458969116,0.0,1.3160661458969116
অভিনীত,0.31604790687561035,0.0,1.3160479068756104
উল্টোদিকে,0.3158583641052246,0.0,1.3158583641052246
আধমর,0.31563180685043335,0.0,1.3156318068504333
নিল,0.31560218334198,0.0,1.31560218334198
কুসংস্কারে,0.32560527324676514,0.010101010101010102,1.3155042631457552
বেইমান,0.3255375027656555,0.010101010101010102,1.3154364926646456
১লা,0.3254714012145996,0.010101010101010102,1.3153703911135897
চিঠি,0.34627342224121094,0.030927835051546393,1.3153455871896647
চললুম,0.3153374195098877,0.0,1.3153374195098877
রাজসভা,0.3253593444824219,0.010101010101010102,1.315258334381412
উপকূলে,0.3152574896812439,0.0,1.315257489681244
দেহত্যাগ,0.31524479389190674,0.0,1.3152447938919067
দারিদ্র,0.3150644898414612,0.0,1.3150644898414612
মাঝে,0.3251171112060547,0.010101010101010102,1.3150161011050447
গামছ,0.31499379873275757,0.0,1.3149937987327576
বলতে৷,0.3149862289428711,0.0,1.314986228942871
ঝাকড়া,0.314955472946167,0.0,1.314955472946167
উঠো,0.31492120027542114,0.0,1.3149212002754211
আলো,0.32499951124191284,0.010101010101010102,1.314898501140903
স্ক্যানল্যান,0.4018310308456421,0.08695652173913043,1.3148745091065117
সাড়,0.314838171005249,0.0,1.314838171005249
পুরু,0.32470399141311646,0.010101010101010102,1.3146029813121065
মেঝেতে,0.31456077098846436,0.0,1.3145607709884644
ষাই,0.3145178556442261,0.0,1.314517855644226
আশাতে,0.3142978549003601,0.0,1.31429785490036
পাথি,0.31426292657852173,0.0,1.3142629265785217
ক্ষেত,0.3141581416130066,0.0,1.3141581416130066
তারটা,0.31412291526794434,0.0,1.3141229152679443
সুন্দর,0.31411296129226685,0.0,1.3141129612922668
প্রতিশব্দ,0.3141063451766968,0.0,1.3141063451766968
দুমদাম,0.3140310049057007,0.0,1.3140310049057007
ব্যাণ্ডেল,0.31401413679122925,0.0,1.3140141367912292
কারাদণ্ড,0.313948392868042,0.0,1.313948392868042
লিখুন,0.3139064311981201,0.0,1.3139064311981201
সম্পাদন,0.3138465881347656,0.0,1.3138465881347656
পৌষমাস,0.3138287663459778,0.0,1.3138287663459778
ঘরোয়া,0.3135388493537903,0.0,1.3135388493537903
বোঝা,0.31345587968826294,0.0,1.313455879688263
নো,0.3338550925254822,0.02040816326530612,1.313446929260176
ঘোমট,0.31323862075805664,0.0,1.3132386207580566
চিন্তাতে,0.3132249116897583,0.0,1.3132249116897583
কামড়ালে,0.323153555393219,0.010101010101010102,1.313052545292209
শুন্,0.3130195140838623,0.0,1.3130195140838623
জামরুল,0.3129703998565674,0.0,1.3129703998565674
অনিয়মিত,0.31267374753952026,0.0,1.3126737475395203
কুকড়ে,0.3125690817832947,0.0,1.3125690817832947
চলিল,0.31247180700302124,0.0,1.3124718070030212
তর্জনী,0.3123475909233093,0.0,1.3123475909233093
চিৎ,0.3223077654838562,0.010101010101010102,1.3122067553828463
সীস,0.32221394777297974,0.010101010101010102,1.3121129376719698
ব্রেক,0.3120077848434448,0.0,1.3120077848434448
হুধ,0.31192904710769653,0.0,1.3119290471076965
ফুরোবে,0.31170356273651123,0.0,1.3117035627365112
অস্বন্তি,0.31167304515838623,0.0,1.3116730451583862
ইত্যাদিতে,0.3116382956504822,0.0,1.3116382956504822
ঘুমুচ্,0.31162703037261963,0.0,1.3116270303726196
তাপমাত্রায়,0.3115846514701843,0.0,1.3115846514701843
আর্ভনাদ,0.31146150827407837,0.0,1.3114615082740784
বরানগরে,0.3114050626754761,0.0,1.311405062675476
ব্যবস্থা,0.3317124843597412,0.02040816326530612,1.311304321094435
মানবজাতির,0.31129831075668335,0.0,1.3112983107566833
চিন্তিতভাবে,0.31127363443374634,0.0,1.3112736344337463
দিমু,0.31121528148651123,0.0,1.3112152814865112
উন্মাদনা,0.31106042861938477,0.0,1.3110604286193848
ফাটিয়,0.3110405206680298,0.0,1.3110405206680298
রগড়ে,0.3109021782875061,0.0,1.310902178287506
টু,0.36349695920944214,0.05263157894736842,1.3108653802620738
মার্ক,0.3104679584503174,0.0,1.3104679584503174
পত্রে,0.320539653301239,0.010101010101010102,1.310438643200229
ঘুমিয়,0.3204200267791748,0.010101010101010102,1.3103190166781649
শুন,0.3102527856826782,0.0,1.3102527856826782
মাহুষে,0.3101198673248291,0.0,1.310119867324829
জামাই,0.3101104497909546,0.0,1.3101104497909546
ঘোরানো,0.31008380651474,0.0,1.31008380651474
আলোট,0.3099861741065979,0.0,1.309986174106598
একগুচ্,0.3099602460861206,0.0,1.3099602460861206
উচ্চশ্রেণীর,0.3097522258758545,0.0,1.3097522258758545
বিভেদ,0.30949532985687256,0.0,1.3094953298568726
কাদছিল,0.3195134997367859,0.010101010101010102,1.309412489635776
টান,0.31946539878845215,0.010101010101010102,1.3093643886874422
ঝরিয়ে,0.30928248167037964,0.0,1.3092824816703796
ঠাকুরবাড়ির,0.3091003894805908,0.0,1.3091003894805908
খদের,0.31913048028945923,0.010101010101010102,1.3090294701884493
হাপি,0.3088378310203552,0.0,1.3088378310203552
কলাপাতা,0.3189215064048767,0.010101010101010102,1.3088204963038668
চুড়ো,0.3087291121482849,0.0,1.308729112148285
চাটুজ্যে,0.30863261222839355,0.0,1.3086326122283936
চাইনে,0.3086075186729431,0.0,1.3086075186729431
রক্ষিত,0.3724198341369629,0.06382978723404255,1.3085900469029204
ঢাকনি,0.3085729479789734,0.0,1.3085729479789734
মিনিটখানেক,0.3084554672241211,0.0,1.308455467224121
এগিয়,0.3083811402320862,0.0,1.3083811402320862
জনমানবহীন,0.3083488345146179,0.0,1.308348834514618
হুড়ি,0.3083117604255676,0.0,1.3083117604255676
তুহ,0.3083050847053528,0.0,1.3083050847053528
দৈহিক,0.30827951431274414,0.0,1.3082795143127441
নামিয়,0.30826228857040405,0.0,1.308262288570404
হচ্ছিস,0.3080896735191345,0.0,1.3080896735191345
বললমা,0.30802106857299805,0.0,1.308021068572998
বসালো,0.30798763036727905,0.0,1.307987630367279
তথাগত,0.3179526925086975,0.010101010101010102,1.3078516824076876
আরকি,0.307719349861145,0.0,1.307719349861145
যেয়,0.3076333999633789,0.0,1.307633399963379
শ্বেতপাথরে,0.30762535333633423,0.0,1.3076253533363342
জিজ্ঞেস,0.30753201246261597,0.0,1.307532012462616
বনভূমি,0.30742698907852173,0.0,1.3074269890785217
অনেকগুলে,0.30742567777633667,0.0,1.3074256777763367
রক্তমাখা,0.307343065738678,0.0,1.307343065738678
মোটকথা,0.3073166012763977,0.0,1.3073166012763977
রাস্তাট,0.30729442834854126,0.0,1.3072944283485413
অন্থ,0.30709022283554077,0.0,1.3070902228355408
বৃহস্পতি,0.30706357955932617,0.0,1.3070635795593262
রেফারির,0.3274264335632324,0.02040816326530612,1.3070182702979263
ছুট্রে,0.30693626403808594,0.0,1.306936264038086
লেখা,0.3273041248321533,0.02040816326530612,1.3068959615668472
ইচ্,0.3067138195037842,0.0,1.3067138195037842
দিকটায়,0.30670422315597534,0.0,1.3067042231559753
সত্যি,0.306702196598053,0.0,1.306702196598053
খামোকা,0.30659860372543335,0.0,1.3065986037254333
জয়যাত্,0.3166763186454773,0.010101010101010102,1.3065753085444674
বৈপ্লবিক,0.30650049448013306,0.0,1.306500494480133
দীপু,0.3164922595024109,0.010101010101010102,1.306391249401401
দীত,0.30636298656463623,0.0,1.3063629865646362
গঠিত,0.30609703063964844,0.0,1.3060970306396484
হিস্যা,0.30584263801574707,0.0,1.305842638015747
ফুতির,0.3056575059890747,0.0,1.3056575059890747
বজ্জাত,0.3056091070175171,0.0,1.305609107017517
ঠেলেঠুলে,0.30539441108703613,0.0,1.3053944110870361
জ্যোৎস্ন,0.30538082122802734,0.0,1.3053808212280273
আমড়া,0.3053721785545349,0.0,1.305372178554535
দাঁড়িয়েছি,0.3052346706390381,0.0,1.305234670639038
রেখেছিস,0.3051871657371521,0.0,1.305187165737152
তাতা,0.3050801157951355,0.0,1.3050801157951355
প্রখ্যাত,0.30498993396759033,0.0,1.3049899339675903
ভিক্ষ,0.30494850873947144,0.0,1.3049485087394714
কার্পেট,0.31501251459121704,0.010101010101010102,1.304911504490207
হারি,0.3150100111961365,0.010101010101010102,1.3049090010951265
উন্মোচিত,0.30490177869796753,0.0,1.3049017786979675
একইরকম,0.3046233057975769,0.0,1.304623305797577
খুঁজছ,0.3044585585594177,0.0,1.3044585585594177
ঔপন্যাসিক,0.30426400899887085,0.0,1.3042640089988708
মৃত্যুঞ্জয়,0.30426186323165894,0.0,1.304261863231659
সহায়তা,0.3038140535354614,0.0,1.3038140535354614
পারঙ্গম,0.30366241931915283,0.0,1.3036624193191528
খেলন,0.30361801385879517,0.0,1.3036180138587952
লইব,0.303499698638916,0.0,1.303499698638916
মেয়ে,0.3034917712211609,0.0,1.3034917712211609
মূল্যে,0.3034206032752991,0.0,1.303420603275299
তিস্তা,0.31348317861557007,0.010101010101010102,1.3033821685145601
ধড়ে,0.30337971448898315,0.0,1.3033797144889832
জোরদ,0.30335819721221924,0.0,1.3033581972122192
ঢিল,0.3032503128051758,0.0,1.3032503128051758
কৃষ্ণান,0.30309319496154785,0.0,1.3030931949615479
কিছুদুর,0.30307304859161377,0.0,1.3030730485916138
পিটপিট,0.30306386947631836,0.0,1.3030638694763184
কাঁদছ,0.303050696849823,0.0,1.303050696849823
নলিনী,0.3234400749206543,0.02040816326530612,1.3030319116553482
বস্তুর,0.30297738313674927,0.0,1.3029773831367493
বাঁয়ে,0.3028079867362976,0.0,1.3028079867362976
ভাই,0.30262935161590576,0.0,1.3026293516159058
টেপ,0.302600622177124,0.0,1.302600622177124
ছলাৎ,0.30258285999298096,0.0,1.302582859992981
স্পা,0.3125896453857422,0.010101010101010102,1.3024886352847322
অবিশ্ঠি,0.3024418354034424,0.0,1.3024418354034424
৩১শে,0.3022881746292114,0.0,1.3022881746292114
লিখেছিল,0.30222344398498535,0.0,1.3022234439849854
নামট,0.30221468210220337,0.0,1.3022146821022034
ডুকরে,0.3331334590911865,0.030927835051546393,1.3022056240396402
বদলাবো,0.30218541622161865,0.0,1.3021854162216187
চাই,0.30212831497192383,0.0,1.3021283149719238
টেস্টে,0.343769907951355,0.041666666666666664,1.3021032412846885
ভাক্তারবাবু,0.301999568939209,0.0,1.301999568939209
নাচন,0.30197203159332275,0.0,1.3019720315933228
মিশ্চয়,0.30186980962753296,0.0,1.301869809627533
পালাবি,0.30178171396255493,0.0,1.301781713962555
ঠাদে,0.301716685295105,0.0,1.301716685295105
কাল,0.3016493320465088,0.0,1.3016493320465088
দেখাতে,0.30163025856018066,0.0,1.3016302585601807
হিজিবিজি,0.3219744563102722,0.02040816326530612,1.301566293044966
তোয়ালে,0.3015083074569702,0.0,1.3015083074569702
মাদী,0.30142825841903687,0.0,1.3014282584190369
ফাটলে,0.3014138340950012,0.0,1.3014138340950012
ঠোকর,0.3012658357620239,0.0,1.301265835762024
করেছিলুম,0.3011937737464905,0.0,1.3011937737464905
পাশ্চাত্য,0.30098217725753784,0.0,1.3009821772575378
হুড়মুড়,0.3006986379623413,0.0,1.3006986379623413
একজন৷,0.3005852699279785,0.0,1.3005852699279785
বাচাল,0.3005632758140564,0.0,1.3005632758140564
আগ্নেয়গিরির,0.30055391788482666,0.0,1.3005539178848267
চৌত্রিশ,0.3004826307296753,0.0,1.3004826307296753
নৈতিক,0.3004108667373657,0.0,1.3004108667373657
নমনীয়,0.300065815448761,0.0,1.300065815448761
অদলবদল,0.29987746477127075,0.0,1.2998774647712708
বার্তাটি,0.30989187955856323,0.010101010101010102,1.2997908694575533
চওড়,0.2997685670852661,0.0,1.2997685670852661
হাইড্রোজ,0.32016056776046753,0.02040816326530612,1.2997524044951614
চুবিয়ে,0.2997501492500305,0.0,1.2997501492500305
মুখরিত,0.2997226119041443,0.0,1.2997226119041443
মাইলে,0.29946017265319824,0.0,1.2994601726531982
ঠকিয়ে,0.2994372248649597,0.0,1.2994372248649597
চরিত্রহীন,0.29941844940185547,0.0,1.2994184494018555
বরদাস্ত,0.2991952896118164,0.0,1.2991952896118164
রিক্সা,0.29901736974716187,0.0,1.2990173697471619
ডোন্ট,0.30899953842163086,0.010101010101010102,1.298898528320621
গুজরাট,0.2987593412399292,0.0,1.2987593412399292
বিচারপতি,0.29874855279922485,0.0,1.2987485527992249
পরতে,0.29872000217437744,0.0,1.2987200021743774
ঢেকির,0.29865920543670654,0.0,1.2986592054367065
পৌছন,0.29864251613616943,0.0,1.2986425161361694
ভাগ,0.31898248195648193,0.02040816326530612,1.2985743186911758
অবশ্ট,0.298484206199646,0.0,1.298484206199646
বটে,0.29845690727233887,0.0,1.2984569072723389
মরেছিল,0.298414409160614,0.0,1.298414409160614
এক্স,0.29839378595352173,0.0,1.2983937859535217
অব্দি,0.2982431650161743,0.0,1.2982431650161743
ফ্যাচ,0.29822009801864624,0.0,1.2982200980186462
বাণীর,0.29806631803512573,0.0,1.2980663180351257
কালচে,0.3184736967086792,0.02040816326530612,1.298065533443373
জ্ঞাপন,0.2978096008300781,0.0,1.2978096008300781
ভালো,0.318206250667572,0.02040816326530612,1.2977980874022659
প্লিজ,0.29765671491622925,0.0,1.2976567149162292
লিখিয়াছি,0.29745274782180786,0.0,1.2974527478218079
ভয়ে,0.2974238991737366,0.0,1.2974238991737366
ওল্টাতে,0.30750572681427,0.010101010101010102,1.29740471671326
সিক্ত,0.2973911166191101,0.0,1.29739111661911
উপদেবতা,0.2973535656929016,0.0,1.2973535656929016
নর্দমা,0.2973484992980957,0.0,1.2973484992980957
সাজানে,0.29730916023254395,0.0,1.297309160232544
খাওয়াব,0.29729992151260376,0.0,1.2972999215126038
দাড়িয়েছি,0.2972797751426697,0.0,1.2972797751426697
ক্রিকেট,0.40805965662002563,0.1111111111111111,1.2969485455089145
জার্মানির,0.2969040870666504,0.0,1.2969040870666504
এসপ্লানেড,0.29690033197402954,0.0,1.2969003319740295
গাড়ি,0.3069807291030884,0.010101010101010102,1.2968797190020784
আবেগপ্রবণ,0.2967272996902466,0.0,1.2967272996902466
বেগুনি,0.2967227101325989,0.0,1.2967227101325989
ছেলেমামুষ,0.29665201902389526,0.0,1.2966520190238953
চড়ু,0.2964828610420227,0.0,1.2964828610420227
শাসক,0.2963293194770813,0.0,1.2963293194770813
মাসােহা,0.29630380868911743,0.0,1.2963038086891174
পরিব্রাজক,0.2962322235107422,0.0,1.2962322235107422
অরুণ,0.3165721297264099,0.02040816326530612,1.2961639664611038
টানবে,0.2961263060569763,0.0,1.2961263060569763
উপত্যকা,0.2960096001625061,0.0,1.296009600162506
আছেত,0.2959805727005005,0.0,1.2959805727005005
খিলান,0.29595327377319336,0.0,1.2959532737731934
কাজকর্মে,0.29589587450027466,0.0,1.2958958745002747
অপ,0.29585111141204834,0.0,1.2958511114120483
সমাধিস্থ,0.29580819606781006,0.0,1.29580819606781
দাব,0.2957919239997864,0.0,1.2957919239997864
এসময়ে,0.29577988386154175,0.0,1.2957798838615417
টিবি,0.2957719564437866,0.0,1.2957719564437866
প্রতিফলিত,0.2957635521888733,0.0,1.2957635521888733
আচলট,0.2957243323326111,0.0,1.295724332332611
অধ্যবসায়,0.29568058252334595,0.0,1.295680582523346
এগোল,0.2956175208091736,0.0,1.2956175208091736
উপ,0.30566370487213135,0.010101010101010102,1.2955626947711214
ছাপানো,0.2955271601676941,0.0,1.295527160167694
ভাঙ্গায়,0.305503785610199,0.010101010101010102,1.295402775509189
বসবি,0.2952447533607483,0.0,1.2952447533607483
করুণাময়,0.32616615295410156,0.030927835051546393,1.2952383179025553
টুকু,0.2952190041542053,0.0,1.2952190041542053
দিদা,0.2950378656387329,0.0,1.295037865638733
ঝাপটে,0.2949221134185791,0.0,1.294922113418579
পশুপাখির,0.2946956157684326,0.0,1.2946956157684326
অবসন্ন,0.29461538791656494,0.0,1.294615387916565
দাড়িওয়াল,0.29460030794143677,0.0,1.2946003079414368
চলেযায়,0.29438596963882446,0.0,1.2943859696388245
ক্ষুর,0.30440831184387207,0.010101010101010102,1.2943073017428621
আটপৌরে,0.2942084074020386,0.0,1.2942084074020386
খুনসু,0.29415637254714966,0.0,1.2941563725471497
মরো,0.29412025213241577,0.0,1.2941202521324158
সাতরে,0.2941129207611084,0.0,1.2941129207611084
রাবড়ি,0.2940508723258972,0.0,1.2940508723258972
অদম্য,0.2939895987510681,0.0,1.2939895987510681
হাতখানেক,0.2939489483833313,0.0,1.2939489483833313
এসেছিলে,0.29385966062545776,0.0,1.2938596606254578
সংবা,0.3039514422416687,0.010101010101010102,1.2938504321406588
মোছ,0.2936905026435852,0.0,1.2936905026435852
দমিয়ে,0.2936860918998718,0.0,1.2936860918998718
পাওনাদারের,0.29361921548843384,0.0,1.2936192154884338
২টি,0.29361867904663086,0.0,1.2936186790466309
মহাকাব্য,0.29357749223709106,0.0,1.293577492237091
আবিষ্কৃত,0.29355746507644653,0.0,1.2935574650764465
ক্লাস্ত,0.2933155298233032,0.0,1.2933155298233032
অতশত,0.2932892441749573,0.0,1.2932892441749573
ফুটবল,0.40431785583496094,0.1111111111111111,1.2932067447238498
চচ্চড়ি,0.29299962520599365,0.0,1.2929996252059937
পক্ষপাত,0.2929651141166687,0.0,1.2929651141166687
উদ্দেশ্যহীন,0.292935848236084,0.0,1.292935848236084
৯টা,0.3030129671096802,0.010101010101010102,1.2929119570086702
কাটাবো,0.2927384376525879,0.0,1.292738437652588
পাহাড়পর্বত,0.29263991117477417,0.0,1.2926399111747742
বদলাবে,0.29260343313217163,0.0,1.2926034331321716
বিবরণে,0.29255855083465576,0.0,1.2925585508346558
দূরে,0.32346540689468384,0.030927835051546393,1.2925375718431376
খোলব,0.29248571395874023,0.0,1.2924857139587402
নিকাল,0.302574098110199,0.010101010101010102,1.292473088009189
অনড়,0.29244083166122437,0.0,1.2924408316612244
একা,0.30247098207473755,0.010101010101010102,1.2923699719737276
পাতা,0.3232683539390564,0.030927835051546393,1.2923405188875101
চলুন৷,0.292067289352417,0.0,1.292067289352417
বারান্দ,0.2920084595680237,0.0,1.2920084595680237
ছুনিয়,0.29200392961502075,0.0,1.2920039296150208
খাষ,0.2919692397117615,0.0,1.2919692397117615
হর্ষধ্বনি,0.29160600900650024,0.0,1.2916060090065002
চিত্তাকর্ষক,0.29145950078964233,0.0,1.2914595007896423
পূর্বদিক,0.2912096381187439,0.0,1.291209638118744
খৃষ্টাব্দে,0.2910572290420532,0.0,1.2910572290420532
রাউণ্ড,0.32193052768707275,0.030927835051546393,1.2910026926355265
খেত,0.3114064931869507,0.02040816326530612,1.2909983299216445
মেকি,0.2909027934074402,0.0,1.2909027934074402
মশারিটা,0.29083430767059326,0.0,1.2908343076705933
সমভূমি,0.2908231019973755,0.0,1.2908231019973755
বিদৃঘুটে,0.2907460331916809,0.0,1.290746033191681
ঝোলানে,0.29066526889801025,0.0,1.2906652688980103
ভাঙ,0.2906390428543091,0.0,1.290639042854309
মহালয়,0.2904263138771057,0.0,1.2904263138771057
সম্তর্পণে,0.2904084324836731,0.0,1.290408432483673
তোমাকে,0.2903992533683777,0.0,1.2903992533683777
ছুপাশে,0.2901955842971802,0.0,1.2901955842971802
চিহ্নিত,0.29017651081085205,0.0,1.290176510810852
নুপুর,0.3002493977546692,0.010101010101010102,1.2901483876536592
দুটাকা,0.2901257872581482,0.0,1.2901257872581482
গতবারে,0.2900390625,0.0,1.2900390625
উদয়াস্ত,0.29001563787460327,0.0,1.2900156378746033
রেলিংএ,0.28996914625167847,0.0,1.2899691462516785
মেটুলির,0.28991562128067017,0.0,1.2899156212806702
লাওস,0.28986042737960815,0.0,1.2898604273796082
টাদা,0.3101379871368408,0.02040816326530612,1.2897298238715347
ভোবে,0.28967779874801636,0.0,1.2896777987480164
আলাদা৷,0.2896314859390259,0.0,1.2896314859390259
পাটাতন,0.2996963858604431,0.010101010101010102,1.2895953757594332
যাঝে,0.28927505016326904,0.0,1.289275050163269
আপব,0.2993564009666443,0.010101010101010102,1.2892553908656343
এধরন,0.28925323486328125,0.0,1.2892532348632812
লাগল,0.28898316621780396,0.0,1.288983166217804
ফাইনাল,0.3641704320907593,0.07526881720430108,1.2889016148864583
উপশম,0.2888997197151184,0.0,1.2888997197151184
বোঝান,0.2989945411682129,0.010101010101010102,1.288893531067203
হুদ,0.2888810634613037,0.0,1.2888810634613037
বিধ্বংসী,0.28884536027908325,0.0,1.2888453602790833
দিকট,0.2887488603591919,0.0,1.288748860359192
যোগদান,0.29879963397979736,0.010101010101010102,1.2886986238787874
অনুতাপ,0.2987644672393799,0.010101010101010102,1.28866345713837
হীন,0.2885052561759949,0.0,1.2885052561759949
নু,0.298578143119812,0.010101010101010102,1.288477133018802
প্রক্রিয়ায়,0.30885183811187744,0.02040816326530612,1.2884436748465713
দেখলে,0.28833699226379395,0.0,1.288336992263794
লাগতে,0.2882540225982666,0.0,1.2882540225982666
কাছাকাছির,0.28817951679229736,0.0,1.2881795167922974
খাওয়াবি,0.2881031632423401,0.0,1.28810316324234
একাজ,0.2880113124847412,0.0,1.2880113124847412
আতপ,0.28797006607055664,0.0,1.2879700660705566
গোলার্ধ,0.28788965940475464,0.0,1.2878896594047546
ছবিট,0.2878590226173401,0.0,1.28785902261734
ইঁছুর,0.2877731919288635,0.0,1.2877731919288635
ঠেকিয়,0.28771400451660156,0.0,1.2877140045166016
জমিট,0.2875768542289734,0.0,1.2875768542289734
ফুটবলে,0.2975879907608032,0.010101010101010102,1.2874869806597933
কথায়,0.29757755994796753,0.010101010101010102,1.2874765498469576
শাশুড়ির,0.2874310612678528,0.0,1.2874310612678528
ভূখণ্ড,0.2870785593986511,0.0,1.2870785593986511
৮ই,0.28679245710372925,0.0,1.2867924571037292
খাড়,0.286770761013031,0.0,1.286770761013031
পাথুরে,0.2865331172943115,0.0,1.2865331172943115
সকালে,0.28643596172332764,0.0,1.2864359617233276
ঘাঁড়ে,0.28643548488616943,0.0,1.2864354848861694
জিন,0.2965189218521118,0.010101010101010102,1.2864179117511019
জায়গায়,0.2964779734611511,0.010101010101010102,1.2863769633601412
ভাবায়,0.286279559135437,0.0,1.286279559135437
শায়েস্তা,0.28627389669418335,0.0,1.2862738966941833
ছুঃখী,0.2860461473464966,0.0,1.2860461473464966
লাগে,0.3166831135749817,0.030927835051546393,1.2857552785234354
বৈছ্যতিক,0.28571563959121704,0.0,1.285715639591217
মূর্ত,0.2856985330581665,0.0,1.2856985330581665
বাইতে,0.28539615869522095,0.0,1.285396158695221
দামোদর,0.2853119969367981,0.0,1.285311996936798
কলিক,0.2852262258529663,0.0,1.2852262258529663
অমরনাথ,0.2851893901824951,0.0,1.2851893901824951
চেয়ারটি,0.28484421968460083,0.0,1.2848442196846008
বর্গমাইল,0.2847021222114563,0.0,1.2847021222114563
আদর্শগত,0.28459006547927856,0.0,1.2845900654792786
দুরারোগ্য,0.2844547629356384,0.0,1.2844547629356384
নোবেল,0.29430514574050903,0.010101010101010102,1.284204135639499
ঝাটা,0.2841707468032837,0.0,1.2841707468032837
পড়ুয়,0.3149678111076355,0.030927835051546393,1.2840399760560892
খেই,0.283624529838562,0.0,1.283624529838562
গেমস,0.2836070656776428,0.0,1.2836070656776428
মাস,0.3039267063140869,0.02040816326530612,1.2835185430487808
সেঞ্চুরি,0.3038923740386963,0.02040816326530612,1.2834842107733901
চারিদিকে,0.2834654450416565,0.0,1.2834654450416565
ছুধারে,0.29329079389572144,0.010101010101010102,1.2831897837947115
ভেঙচে,0.2830427289009094,0.0,1.2830427289009094
নিদর্শন,0.3033996820449829,0.02040816326530612,1.2829915187796768
বিগ্রহ,0.2829684615135193,0.0,1.2829684615135193
হেলিকপ,0.2828010320663452,0.0,1.2828010320663452
রে,0.2827107310295105,0.0,1.2827107310295105
গির্জ,0.28257864713668823,0.0,1.2825786471366882
পিপে,0.2825397849082947,0.0,1.2825397849082947
মাছুর,0.2824881672859192,0.0,1.2824881672859192
আগাছায়,0.2823525071144104,0.0,1.2823525071144104
শুয়েছিল,0.28226256370544434,0.0,1.2822625637054443
নাষ,0.2820330262184143,0.0,1.2820330262184143
অবলীলাক্রমে,0.28199058771133423,0.0,1.2819905877113342
পান,0.30237752199172974,0.02040816326530612,1.2819693587264236
কইলকাতা,0.28190821409225464,0.0,1.2819082140922546
সপাসপ,0.2818540930747986,0.0,1.2818540930747986
রাপ,0.2814719080924988,0.0,1.2814719080924988
চেহারাটি,0.28134649991989136,0.0,1.2813464999198914
মোহনবাগান,0.38019073009490967,0.0989010989010989,1.2812896311938107
এককােণ,0.281266987323761,0.0,1.281266987323761
£ডাকটিকিট,0.2810283899307251,0.0,1.281028389930725
দূরবীণ,0.2809404730796814,0.0,1.2809404730796814
ঝুমুর,0.3118431568145752,0.030927835051546393,1.280915321763029
ফেল,0.2807154655456543,0.0,1.2807154655456543
ফুটবে,0.280684232711792,0.0,1.280684232711792
পৌচ,0.28063976764678955,0.0,1.2806397676467896
উচ্চতম,0.2906253933906555,0.010101010101010102,1.2805243832896456
ঘুটঘুটে,0.2904665470123291,0.010101010101010102,1.2803655369113192
অন্ক,0.280353844165802,0.0,1.280353844165802
এজেন্ট,0.2802659273147583,0.0,1.2802659273147583
সংহতি,0.2801705598831177,0.0,1.2801705598831177
ইদিক,0.2801681160926819,0.0,1.2801681160926819
কুয়ো,0.2801048159599304,0.0,1.2801048159599304
কৌটো,0.2800039052963257,0.0,1.2800039052963257
ভাষ,0.30017733573913574,0.02040816326530612,1.2797691724738296
নিচেয়,0.27976828813552856,0.0,1.2797682881355286
তারিখটা,0.2797631621360779,0.0,1.2797631621360779
মর্তমান,0.28966444730758667,0.010101010101010102,1.2795634372065767
হেসেছেন,0.27940094470977783,0.0,1.2794009447097778
বাষিক,0.2793391942977905,0.0,1.2793391942977905
অ্যান,0.2792357802391052,0.0,1.2792357802391052
ছুয়েক,0.2792122960090637,0.0,1.2792122960090637
প্যাটফর্ম,0.2790447473526001,0.0,1.2790447473526
এতট,0.2890383005142212,0.010101010101010102,1.2789372904132112
হচ্চিল,0.27886897325515747,0.0,1.2788689732551575
অদৃষ্টে,0.2783138155937195,0.0,1.2783138155937195
বললো,0.2782798409461975,0.0,1.2782798409461975
সংগৃহীত,0.2782749533653259,0.0,1.278274953365326
পেয়াল,0.27804869413375854,0.0,1.2780486941337585
মালসায়,0.278006911277771,0.0,1.278006911277771
বিয়েট,0.2778828740119934,0.0,1.2778828740119934
দাশগুপ্ত,0.33048903942108154,0.05263157894736842,1.2778574604737132
কাতলা,0.28786784410476685,0.010101010101010102,1.277766834003757
চাপ,0.27746260166168213,0.0,1.2774626016616821
পৌছান,0.27742254734039307,0.0,1.277422547340393
নুম্দর,0.27736568450927734,0.0,1.2773656845092773
যাস্,0.27730464935302734,0.0,1.2773046493530273
কয়েকের,0.27727872133255005,0.0,1.27727872133255
নৃপুর,0.29766523838043213,0.02040816326530612,1.277257075115126
নামাতে,0.27707815170288086,0.0,1.2770781517028809
জাবর,0.27699434757232666,0.0,1.2769943475723267
মাউণ্ট,0.2769744396209717,0.0,1.2769744396209717
বেণীর,0.276400625705719,0.0,1.276400625705719
জন্মেছি,0.27628397941589355,0.0,1.2762839794158936
স্বরেশ,0.27620774507522583,0.0,1.2762077450752258
খেয়েছিস,0.2762044072151184,0.0,1.2762044072151184
ডেক,0.2760177254676819,0.0,1.2760177254676819
মহাকবি,0.2758728861808777,0.0,1.2758728861808777
দ্যাট,0.31750357151031494,0.041666666666666664,1.2758369048436484
আবদার,0.27576208114624023,0.0,1.2757620811462402
রাশভারি,0.2757410407066345,0.0,1.2757410407066345
বুঝিয়,0.2756804823875427,0.0,1.2756804823875427
জারগায়,0.2755236029624939,0.0,1.275523602962494
বয়সকালে,0.28549349308013916,0.010101010101010102,1.2753924829791292
বাঁচানোর,0.27538275718688965,0.0,1.2753827571868896
মুখোপাধ্যায়,0.327980101108551,0.05263157894736842,1.2753485221611827
অলোক,0.32765698432922363,0.05263157894736842,1.2750254053818553
হলনা,0.2747765779495239,0.0,1.274776577949524
কোটট,0.2746964693069458,0.0,1.2746964693069458
এনে,0.274654746055603,0.0,1.274654746055603
কিড়মিড়,0.274567186832428,0.0,1.274567186832428
সভাপতি,0.2742447853088379,0.0,1.274244785308838
বাদানুবাদ,0.2741907835006714,0.0,1.2741907835006714
টেস্ট,0.3730693459510803,0.0989010989010989,1.2741682470499813
ওয়াদেক,0.29415029287338257,0.02040816326530612,1.2737421296080764
বই,0.2940891981124878,0.02040816326530612,1.2736810348471816
মাধ,0.2734186053276062,0.0,1.2734186053276062
ফুল,0.3149763345718384,0.041666666666666664,1.2733096679051719
হাবুডুবু,0.27328717708587646,0.0,1.2732871770858765
সেদিন,0.28336381912231445,0.010101010101010102,1.2732628090213045
ধুল,0.2833229899406433,0.010101010101010102,1.2732219798396334
খোলা৷,0.2732114791870117,0.0,1.2732114791870117
উত্থান,0.27320927381515503,0.0,1.273209273815155
পাশ,0.27287739515304565,0.0,1.2728773951530457
হ্যারে,0.27282440662384033,0.0,1.2728244066238403
স্বধীর,0.2828274965286255,0.010101010101010102,1.2727264864276155
নটায়,0.2724995017051697,0.0,1.2724995017051697
সম্বদ্ধে,0.2724987268447876,0.0,1.2724987268447876
শি,0.37109631299972534,0.0989010989010989,1.2721952140986263
অলিম্পি,0.27217429876327515,0.0,1.2721742987632751
জরির,0.2720819115638733,0.0,1.2720819115638733
ওয়েলস,0.2718486785888672,0.0,1.2718486785888672
আগুন,0.2920227646827698,0.02040816326530612,1.2716146014174636
ভারতবাসী,0.27159684896469116,0.0,1.2715968489646912
হকি,0.3949882984161377,0.12359550561797752,1.27139279279816
পিণ্ড,0.27130234241485596,0.0,1.271302342414856
দীপঙ্কর,0.2708815932273865,0.0,1.2708815932273865
শোনানে৷,0.2707640528678894,0.0,1.2707640528678894
অজত্র,0.2706095576286316,0.0,1.2706095576286316
ঝাঁকড়া,0.2806504964828491,0.010101010101010102,1.2705494863818392
খাজ,0.2703346014022827,0.0,1.2703346014022827
ঢলঢলে,0.27030420303344727,0.0,1.2703042030334473
দেবকুম,0.3341192603111267,0.06382978723404255,1.2702894730770842
আস্,0.29055821895599365,0.02040816326530612,1.2701500556906875
বিঘ,0.27987879514694214,0.010101010101010102,1.2697777850459322
রাউণ্ডে,0.27982139587402344,0.010101010101010102,1.2697203857730135
ধুসর,0.26971203088760376,0.0,1.2697120308876038
২১শে,0.3006080985069275,0.030927835051546393,1.2696802634553812
২৪শে,0.2696203589439392,0.0,1.2696203589439392
চিয়াং,0.2695840001106262,0.0,1.2695840001106262
হুদের,0.2695271968841553,0.0,1.2695271968841553
কওয়,0.26951611042022705,0.0,1.269516110420227
নিখুত,0.26944440603256226,0.0,1.2694444060325623
কামনায়,0.26938819885253906,0.0,1.269388198852539
মাকড়,0.2794572710990906,0.010101010101010102,1.2693562609980806
কেজানে,0.26920199394226074,0.0,1.2692019939422607
মানো,0.26901715993881226,0.0,1.2690171599388123
হুগলী,0.2790954113006592,0.010101010101010102,1.2689944011996492
কথাগুলে,0.26878875494003296,0.0,1.268788754940033
মাঝরাত,0.26878857612609863,0.0,1.2687885761260986
ঝিরঝিরে,0.26862502098083496,0.0,1.268625020980835
শরীলে,0.26849210262298584,0.0,1.2684921026229858
তাছলে,0.26844364404678345,0.0,1.2684436440467834
গবাদি,0.2683882713317871,0.0,1.268388271331787
আস,0.26827019453048706,0.0,1.268270194530487
ডাকবো,0.26823800802230835,0.0,1.2682380080223083
পুরোনে,0.2681128978729248,0.0,1.2681128978729248
টাকা,0.2780170440673828,0.010101010101010102,1.2679160339663729
অন্যায্য,0.27746349573135376,0.010101010101010102,1.2673624856303438
তলদেশ,0.3311610817909241,0.06382978723404255,1.2673312945568815
তাপমান,0.26727408170700073,0.0,1.2672740817070007
বললে,0.267119824886322,0.0,1.267119824886322
মাদ্রাসা,0.27702414989471436,0.010101010101010102,1.2669231397937044
আইএফএ,0.26674747467041016,0.0,1.2667474746704102
চিবু,0.2667068839073181,0.0,1.2667068839073181
হুষ্ট,0.2666041851043701,0.0,1.2666041851043701
কাপড়ট,0.2665310502052307,0.0,1.2665310502052307
জীবন,0.26652801036834717,0.0,1.2665280103683472
ঢুক,0.2662944197654724,0.0,1.2662944197654724
ওরও,0.2659933567047119,0.0,1.265993356704712
অবস্থাপন্ন,0.2659584879875183,0.0,1.2659584879875183
শাশুড়ী,0.265907347202301,0.0,1.265907347202301
রোজক,0.2656678557395935,0.0,1.2656678557395935
লাফায়,0.2656064033508301,0.0,1.26560640335083
থাকলে,0.26555508375167847,0.0,1.2655550837516785
কাট,0.2755732536315918,0.010101010101010102,1.2654722435305819
একাত্মতা,0.26524287462234497,0.0,1.265242874622345
গায়ে,0.26502150297164917,0.0,1.2650215029716492
এক্সপ্রেস,0.27510982751846313,0.010101010101010102,1.2650088174174532
ওপর,0.26482945680618286,0.0,1.2648294568061829
একত্রিশ,0.2648264765739441,0.0,1.264826476573944
আন,0.2647523283958435,0.0,1.2647523283958435
তিনবার,0.264421284198761,0.0,1.264421284198761
ব্যানাঞ্জি,0.29506295919418335,0.030927835051546393,1.264135124142637
নিলামের,0.26399582624435425,0.0,1.2639958262443542
শরণাপন্ন,0.2634700536727905,0.0,1.2634700536727905
সাইরাস্‌,0.27356141805648804,0.010101010101010102,1.263460407955478
ইণ্ডিয়ান,0.2633081078529358,0.0,1.2633081078529358
দুর্দৈব,0.26312243938446045,0.0,1.2631224393844604
ডাক,0.2832795977592468,0.02040816326530612,1.2628714344939407
রাত,0.2832411527633667,0.02040816326530612,1.2628329894980606
অস্ফুটভাবে,0.26262277364730835,0.0,1.2626227736473083
ধাড়িয়ে,0.2625851035118103,0.0,1.2625851035118103
রাধুনী,0.26241177320480347,0.0,1.2624117732048035
পেল,0.262407124042511,0.0,1.262407124042511
ভাষণে,0.2622044086456299,0.0,1.2622044086456299
উদগত,0.26168107986450195,0.0,1.261681079864502
অন্ুবিধা,0.2613247036933899,0.0,1.26132470369339
ঘটাবে,0.26132315397262573,0.0,1.2613231539726257
অধীন,0.26111483573913574,0.0,1.2611148357391357
ভৌমিক,0.27084195613861084,0.010101010101010102,1.260740946037601
বিছনা,0.2606695890426636,0.0,1.2606695890426636
মাড়ায়,0.26052695512771606,0.0,1.260526955127716
গোষ্ঠীর,0.26048028469085693,0.0,1.260480284690857
অপূর্ণ,0.2604227662086487,0.0,1.2604227662086487
বন্দুকধারী,0.26023346185684204,0.0,1.260233461856842
২৩শে,0.31285327672958374,0.05263157894736842,1.2602216977822154
উচ্চপদস্থ,0.2601156234741211,0.0,1.260115623474121
এবারকার,0.26000773906707764,0.0,1.2600077390670776
প্রথায়,0.2700406312942505,0.010101010101010102,1.2599396211932405
ছুপাশ,0.25978565216064453,0.0,1.2597856521606445
ঝুলন্ত,0.25975489616394043,0.0,1.2597548961639404
নিশ্ছিদ্র,0.25974392890930176,0.0,1.2597439289093018
রাসায়নিক,0.2597407102584839,0.0,1.2597407102584839
আকত,0.2593994736671448,0.0,1.2593994736671448
ফাল্গুন,0.259349524974823,0.0,1.259349524974823
ঢুলুঢুলু,0.2592813968658447,0.0,1.2592813968658447
সারাবছর,0.2592679262161255,0.0,1.2592679262161255
রাজা,0.25911569595336914,0.0,1.2591156959533691
করিতে,0.2591044306755066,0.0,1.2591044306755066
রইতে,0.25884169340133667,0.0,1.2588416934013367
ওগুলে,0.2584344744682312,0.0,1.2584344744682312
অঞ্জন,0.333543062210083,0.07526881720430108,1.258274245005782
নৌবাহিনীর,0.258259117603302,0.0,1.258259117603302
মজুমদ,0.34506726264953613,0.08695652173913043,1.2581107409104058
সঞ্জয়বাবু,0.2580059766769409,0.0,1.258005976676941
ওৎ,0.2579875588417053,0.0,1.2579875588417053
ভাবু,0.25772035121917725,0.0,1.2577203512191772
ডাকমাশুল,0.2780779004096985,0.02040816326530612,1.2576697371443923
অস্বাভাবিকতা,0.25734150409698486,0.0,1.2573415040969849
পেও,0.2572261095046997,0.0,1.2572261095046997
লাম্পট্য,0.2570684552192688,0.0,1.2570684552192688
একো,0.25704485177993774,0.0,1.2570448517799377
পুনরুদ্ধ,0.26696860790252686,0.010101010101010102,1.256867597801517
পাচট,0.256716787815094,0.0,1.256716787815094
শেওলা,0.25661879777908325,0.0,1.2566187977790833
ছাপি,0.2666932940483093,0.010101010101010102,1.2565922839472994
পরো,0.26646852493286133,0.010101010101010102,1.2563675148318514
ভারতী,0.3089311718940735,0.05263157894736842,1.2562995929467051
মানবো,0.25625449419021606,0.0,1.256254494190216
কিছুদুরে,0.2562159299850464,0.0,1.2562159299850464
ভাবুন,0.2561672329902649,0.0,1.256167232990265
রি,0.35452353954315186,0.0989010989010989,1.2556224406420529
দিলে,0.25560373067855835,0.0,1.2556037306785583
রাজকন্তা,0.25528156757354736,0.0,1.2552815675735474
৫ই,0.28602921962738037,0.030927835051546393,1.255101384575834
স্কুলদল,0.2648348808288574,0.010101010101010102,1.2547338707278475
পারস্য,0.254541277885437,0.0,1.254541277885437
নিশ্চয়,0.2545105218887329,0.0,1.254510521888733
রায়,0.3182990550994873,0.06382978723404255,1.2544692678654448
অবলোকন,0.254100501537323,0.0,1.254100501537323
ধৃষ্টতা,0.2540462017059326,0.0,1.2540462017059326
গাদ,0.2540220618247986,0.0,1.2540220618247986
ওদিক,0.26405805349349976,0.010101010101010102,1.2539570433924898
সীসা,0.2639523148536682,0.010101010101010102,1.2538513047526583
বুদ্ধিমত্ত,0.2537499666213989,0.0,1.253749966621399
ডু,0.25349557399749756,0.0,1.2534955739974976
ছাপব,0.253395676612854,0.0,1.253395676612854
দপ্তরে,0.2531561255455017,0.0,1.2531561255455017
ঈর্যা,0.2531200647354126,0.0,1.2531200647354126
শ্রীক,0.2530837655067444,0.0,1.2530837655067444
অবাকৃ,0.2529219388961792,0.0,1.2529219388961792
কার্পণ্য,0.25253981351852417,0.0,1.2525398135185242
চুড়,0.25169825553894043,0.0,1.2516982555389404
আড্ড,0.2512394189834595,0.0,1.2512394189834595
বিক্ষত,0.251160204410553,0.0,1.251160204410553
টমাস,0.2511007785797119,0.0,1.251100778579712
বিপাশা,0.31491345167160034,0.06382978723404255,1.2510836644375578
নির্ধারণ,0.2505924701690674,0.0,1.2505924701690674
এগারে,0.2505680322647095,0.0,1.2505680322647095
মিশর,0.26003700494766235,0.010101010101010102,1.2499359948466524
ঘটুক,0.2498590350151062,0.0,1.2498590350151062
খোল৷,0.24947339296340942,0.0,1.2494733929634094
পুরানে,0.24926495552062988,0.0,1.2492649555206299
বৃষ্টিপাত,0.2492002248764038,0.0,1.2492002248764038
উড়ো,0.24894702434539795,0.0,1.248947024345398
বারোটা,0.2589262127876282,0.010101010101010102,1.2488252026866182
পণ্ডিতজী,0.24877941608428955,0.0,1.2487794160842896
শেকলে,0.24875515699386597,0.0,1.248755156993866
বিনয়ী,0.24791216850280762,0.0,1.2479121685028076
জয়ী,0.30053502321243286,0.05263157894736842,1.2479034442650645
বন্ধু,0.25771069526672363,0.010101010101010102,1.2476096851657137
নামে,0.2475132942199707,0.0,1.2475132942199707
অধ্যায়,0.24750006198883057,0.0,1.2475000619888306
এইটিই,0.24745583534240723,0.0,1.2474558353424072
ডাকছ,0.2474004626274109,0.0,1.2474004626274109
সীমারেখা,0.24738973379135132,0.0,1.2473897337913513
বিঃ,0.24724149703979492,0.0,1.247241497039795
ছবি,0.28883475065231323,0.041666666666666664,1.2471680839856467
সংস্কৃতির,0.2471303939819336,0.0,1.2471303939819336
শারদীয়া,0.26751649379730225,0.02040816326530612,1.247108330531996
শ্রীহীন,0.24702340364456177,0.0,1.2470234036445618
গভীরত,0.24680298566818237,0.0,1.2468029856681824
কৌকড়া,0.24634313583374023,0.0,1.2463431358337402
অন্বর,0.2460823655128479,0.0,1.246082365512848
লম্বায়,0.2561754584312439,0.010101010101010102,1.246074448330234
বেরিয়ে,0.24602389335632324,0.0,1.2460238933563232
রানে,0.3098471760749817,0.06382978723404255,1.2460173888409392
অন্যান,0.2554798126220703,0.010101010101010102,1.2453788025210604
জীবনমরণ,0.25529944896698,0.010101010101010102,1.24519843886597
হদিশ,0.2451869249343872,0.0,1.2451869249343872
বৈধ,0.24491113424301147,0.0,1.2449111342430115
পায়ে,0.25497251749038696,0.010101010101010102,1.244871507389377
টেল,0.2447727918624878,0.0,1.2447727918624878
দেখাচ্,0.24452334642410278,0.0,1.2445233464241028
আমদানী,0.254459023475647,0.010101010101010102,1.244358013374637
চওড়ায়,0.25444120168685913,0.010101010101010102,1.2443401915858492
পূজে,0.2441975474357605,0.0,1.2441975474357605
করগে,0.24349546432495117,0.0,1.2434954643249512
দাতা,0.2847270369529724,0.041666666666666664,1.243060370286306
নিইনি,0.24305224418640137,0.0,1.2430522441864014
যুক্তরাষ্ট্র,0.24291092157363892,0.0,1.242910921573639
পাশে,0.2529510259628296,0.010101010101010102,1.2428500158618196
গলিট,0.24284237623214722,0.0,1.2428423762321472
জয়লাভ,0.2631269693374634,0.02040816326530612,1.2427188060721572
পরিসংখ্যান,0.24270659685134888,0.0,1.2427065968513489
ওজনে,0.24246513843536377,0.0,1.2424651384353638
আলগ,0.24152058362960815,0.0,1.2415205836296082
ডুববে,0.24134689569473267,0.0,1.2413468956947327
যায়ন,0.24115055799484253,0.0,1.2411505579948425
মার,0.24105048179626465,0.0,1.2410504817962646
পদত্যাগ,0.24070799350738525,0.0,1.2407079935073853
আবিষ্ষ,0.24057793617248535,0.0,1.2405779361724854
একাদশ,0.260653555393219,0.02040816326530612,1.2402453921279128
পায়,0.24011611938476562,0.0,1.2401161193847656
লাগেনা,0.23997193574905396,0.0,1.239971935749054
জ্বলছিল,0.23976683616638184,0.0,1.2397668361663818
বানচাল,0.24970781803131104,0.010101010101010102,1.239606807930301
দক্ষতা,0.23959952592849731,0.0,1.2395995259284973
রপ্তানি,0.23911619186401367,0.0,1.2391161918640137
উপাধি,0.23864811658859253,0.0,1.2386481165885925
লিখো,0.24871426820755005,0.010101010101010102,1.23861325810654
কেপ,0.23843276500701904,0.0,1.238432765007019
বকছিস,0.23835855722427368,0.0,1.2383585572242737
ইউনিভাসি,0.23824292421340942,0.0,1.2382429242134094
মোস্ট,0.24756979942321777,0.010101010101010102,1.2374687893222078
সুষ্ঠুভাবে,0.23740190267562866,0.0,1.2374019026756287
করনা,0.23721706867218018,0.0,1.2372170686721802
দৌলত,0.2369329333305359,0.0,1.2369329333305359
সার,0.2363789677619934,0.0,1.2363789677619934
অতট,0.23636841773986816,0.0,1.2363684177398682
ভগবানে,0.2363213300704956,0.0,1.2363213300704956
সেনগুপ্ত,0.31155306100845337,0.07526881720430108,1.2362842438041524
সোমা,0.28880244493484497,0.05263157894736842,1.2361708659874766
শুভদিনে,0.235878586769104,0.0,1.235878586769104
জীবনী,0.2666469216346741,0.030927835051546393,1.2357190865831278
পুষ্টিকর,0.2351246476173401,0.0,1.23512464761734
রুমানিয়,0.2345665693283081,0.0,1.234566569328308
কক্ষনে,0.24400782585144043,0.010101010101010102,1.2339068157504305
জক্ষেপ,0.24358069896697998,0.010101010101010102,1.23347968886597
পাঠি,0.25384849309921265,0.02040816326530612,1.2334403298339065
সচিব,0.23340082168579102,0.0,1.233400821685791
আম্মন,0.23335474729537964,0.0,1.2333547472953796
বোজা,0.23308497667312622,0.0,1.2330849766731262
স্থবীর,0.2328816056251526,0.0,1.2328816056251526
বাবা,0.23249322175979614,0.0,1.2324932217597961
হেলেনের,0.24259251356124878,0.010101010101010102,1.2324915034602388
বালিশটা,0.23212409019470215,0.0,1.2321240901947021
নিশীথ,0.2521934509277344,0.02040816326530612,1.2317852876624282
সোহাগী,0.23157548904418945,0.0,1.2315754890441895
সেকেগু,0.2312300205230713,0.0,1.2312300205230713
বসো,0.24128377437591553,0.010101010101010102,1.2311827642749056
মা,0.23043197393417358,0.0,1.2304319739341736
সাইরাস,0.25057899951934814,0.02040816326530612,1.230170836254042
পিড়ির,0.24025726318359375,0.010101010101010102,1.2301562530825838
আওয়,0.23987919092178345,0.010101010101010102,1.2297781808207735
সাবাশ,0.22918373346328735,0.0,1.2291837334632874
হাস,0.26003116369247437,0.030927835051546393,1.229103328640928
পদদলিত,0.22884756326675415,0.0,1.2288475632667542
অন্থবাদ,0.2287558913230896,0.0,1.2287558913230896
উঠলুম,0.22854489088058472,0.0,1.2285448908805847
মিত্র,0.3395352363586426,0.1111111111111111,1.2284241252475314
মণে,0.22824841737747192,0.0,1.228248417377472
খেলায়,0.39091360569000244,0.16279069767441862,1.2281229080155838
চিৎকার,0.22803455591201782,0.0,1.2280345559120178
শ্ুন্দর,0.22777825593948364,0.0,1.2277782559394836
তাঁহ,0.2476646900177002,0.02040816326530612,1.227256526752394
ঘরে,0.23708045482635498,0.010101010101010102,1.226979444725345
বোঝাব,0.22695356607437134,0.0,1.2269535660743713
চট্টরাজ,0.2364324927330017,0.010101010101010102,1.2263314826319918
প্রতিষ্ঠাতা,0.2363799810409546,0.010101010101010102,1.2262789709399446
ছুটে,0.23620039224624634,0.010101010101010102,1.2260993821452364
দেশের,0.22590529918670654,0.0,1.2259052991867065
লু,0.22590500116348267,0.0,1.2259050011634827
মানে,0.2357155680656433,0.010101010101010102,1.2256145579646334
ঘুম,0.2779718041419983,0.05263157894736842,1.22534022519463
কুকর্ম,0.23514169454574585,0.010101010101010102,1.225040684444736
অভিহিত,0.22448331117630005,0.0,1.2244833111763
শুভাগমন,0.22447115182876587,0.0,1.2244711518287659
রেজিঃ,0.26610833406448364,0.041666666666666664,1.2244416673978171
দেশ,0.22431296110153198,0.0,1.224312961101532
চোখে,0.22422438859939575,0.0,1.2242243885993958
যাট,0.22355002164840698,0.0,1.223550021648407
৩০শে,0.2326311469078064,0.010101010101010102,1.2225301368067965
নির্বাচনে,0.22227591276168823,0.0,1.2222759127616882
মিশমিশে,0.2222583293914795,0.0,1.2222583293914795
হুর্য,0.222115159034729,0.0,1.222115159034729
সাহিত্যে,0.22195041179656982,0.0,1.2219504117965698
ছেড়ে,0.23198729753494263,0.010101010101010102,1.2218862874339327
পত্রবন্ধু,0.2317136526107788,0.010101010101010102,1.2216126425097689
খাচ,0.22152858972549438,0.0,1.2215285897254944
পাল,0.2314854860305786,0.010101010101010102,1.2213844759295687
অতীব,0.23147600889205933,0.010101010101010102,1.2213749987910494
অর্পণ,0.2210782766342163,0.0,1.2210782766342163
বাকল,0.22100085020065308,0.0,1.221000850200653
ওঠে,0.22084927558898926,0.0,1.2208492755889893
একেবারে,0.2203056812286377,0.0,1.2203056812286377
বুদ্ধদেব,0.27277302742004395,0.05263157894736842,1.2201414484726756
শরীর,0.23022019863128662,0.010101010101010102,1.2201191885302767
জালট,0.2302069067955017,0.010101010101010102,1.2201058966944918
কোচাবান্ব,0.25019699335098267,0.030927835051546393,1.2192691582994364
ক্ষতিগ্রস্ত,0.22889083623886108,0.010101010101010102,1.2187898261378511
তৈরি,0.25980818271636963,0.041666666666666664,1.218141516049703
মাকিন,0.2281826138496399,0.010101010101010102,1.21808160374863
অনুতপ্ত,0.21806955337524414,0.0,1.2180695533752441
ট্রফি,0.3169221878051758,0.0989010989010989,1.2180210889040768
পথে,0.2274574637413025,0.010101010101010102,1.2173564536402925
লোকগুলে,0.21680694818496704,0.0,1.216806948184967
আবাস,0.22681856155395508,0.010101010101010102,1.2167175514529451
অজেয়,0.2917807698249817,0.07526881720430108,1.2165119526206807
শকুম্তল,0.2164894938468933,0.0,1.2164894938468933
মাছ,0.26909589767456055,0.05263157894736842,1.2164643187271922
লোকর,0.21609926223754883,0.0,1.2160992622375488
লুকিয়,0.21597325801849365,0.0,1.2159732580184937
হতভাগ,0.21572589874267578,0.0,1.2157258987426758
পয়েণ্ট,0.21537655591964722,0.0,1.2153765559196472
সেকালক,0.21521949768066406,0.0,1.215219497680664
লিভ,0.22512376308441162,0.010101010101010102,1.2150227529834017
ভূমধ্যসাগর,0.2147965431213379,0.0,1.214796543121338
সঞ্জীব,0.2247828245162964,0.010101010101010102,1.2146818144152864
শ্যামলী,0.24554121494293213,0.030927835051546393,1.2146133798913858
কার্যালয়ে,0.24548864364624023,0.030927835051546393,1.214560808594694
অস্ট্রেলিয়,0.3248642683029175,0.1111111111111111,1.2137531571918063
অবনতি,0.21369272470474243,0.0,1.2136927247047424
কলিকালে,0.21347594261169434,0.0,1.2134759426116943
লালিত,0.22356098890304565,0.010101010101010102,1.2134599788020357
মহাশ্বেতা,0.266080379486084,0.05263157894736842,1.2134488005387156
কিজান,0.21317428350448608,0.0,1.213174283504486
হাতপায়,0.21299999952316284,0.0,1.2129999995231628
আভায়,0.21277707815170288,0.0,1.2127770781517029
শারদীয়,0.22280806303024292,0.010101010101010102,1.212707052929233
মাটি,0.22276991605758667,0.010101010101010102,1.2126689059565767
চোপরা,0.21235674619674683,0.0,1.2123567461967468
চোখ,0.23222923278808594,0.02040816326530612,1.2118210695227798
গ্রাহিক,0.22142088413238525,0.010101010101010102,1.2113198740313753
বাক্সট,0.21118396520614624,0.0,1.2111839652061462
যন্ত্রে,0.24203211069107056,0.030927835051546393,1.2111042756395243
ধর্মভীরু,0.21095305681228638,0.0,1.2109530568122864
এগিয়ে,0.2106262445449829,0.0,1.210626244544983
রাজধানীর,0.2105271816253662,0.0,1.2105271816253662
হিল,0.21049106121063232,0.0,1.2104910612106323
বেতারবার্তা,0.24121946096420288,0.030927835051546393,1.2102916259126566
কুলুকুলু,0.25068986415863037,0.041666666666666664,1.2090231974919639
ফেব্রুয়ারী,0.2189180850982666,0.010101010101010102,1.2088170749972567
বেরুব,0.20877772569656372,0.0,1.2087777256965637
খুলে,0.22864538431167603,0.02040816326530612,1.2082372210463699
পা,0.21797168254852295,0.010101010101010102,1.207870672447513
জওহরলাল,0.20726126432418823,0.0,1.2072612643241882
শিখেছি,0.2072398066520691,0.0,1.207239806652069
আত্মপরিচয়,0.20709729194641113,0.0,1.2070972919464111
ছোবে,0.206573486328125,0.0,1.206573486328125
ফরচুন,0.20617574453353882,0.0,1.2061757445335388
ছাগলট,0.21623218059539795,0.010101010101010102,1.206131170494388
গতবার,0.2370525598526001,0.030927835051546393,1.2061247248010538
মূর্খ,0.20609843730926514,0.0,1.2060984373092651
উঠ,0.20569676160812378,0.0,1.2056967616081238
তারত,0.20564138889312744,0.0,1.2056413888931274
বিকেলবেল,0.20547884702682495,0.0,1.205478847026825
আসে,0.20522356033325195,0.0,1.205223560333252
বংশীয়,0.20456087589263916,0.0,1.2045608758926392
প্রাণিবিদ,0.21452611684799194,0.010101010101010102,1.204425106746982
রীধ,0.20435190200805664,0.0,1.2043519020080566
জলছিল,0.2143411636352539,0.010101010101010102,1.204240153534244
মিত্,0.22443807125091553,0.02040816326530612,1.2040299079856094
হোয়াট,0.2558032274246216,0.05263157894736842,1.2031716484772532
ঘটিয়া,0.20308440923690796,0.0,1.203084409236908
সত্যজিৎ,0.2555469870567322,0.05263157894736842,1.2029154081093638
বুক,0.21233946084976196,0.010101010101010102,1.202238450748752
গান,0.24359869956970215,0.041666666666666664,1.2019320329030356
লাহিড়ী,0.26544439792633057,0.06382978723404255,1.201614610692288
গাছ,0.23117399215698242,0.030927835051546393,1.2002461571054361
আবশ্যক,0.2002410888671875,0.0,1.2002410888671875
যাবা,0.21025365591049194,0.010101010101010102,1.200152645809482
ঘুমোন,0.20013153553009033,0.0,1.2001315355300903
ক্যাম,0.1997767686843872,0.0,1.1997767686843872
গোলে,0.3357652425765991,0.13636363636363635,1.1994016062129629
রোম,0.19826918840408325,0.0,1.1982691884040833
ইস্টবেঙ্গল,0.2733088731765747,0.07526881720430108,1.1980400559722737
৪টি,0.21840733289718628,0.02040816326530612,1.1979991696318801
টিমটিমে,0.2074359655380249,0.010101010101010102,1.197334955437015
বাইরে,0.19715511798858643,0.0,1.1971551179885864
বাড়ির,0.19596201181411743,0.0,1.1959620118141174
উত্তরট,0.19592219591140747,0.0,1.1959221959114075
দিগন্ত,0.19548285007476807,0.0,1.195482850074768
রায়চৌধুরী,0.2583582401275635,0.06382978723404255,1.194528452893521
নিরেট,0.19403958320617676,0.0,1.1940395832061768
নিমিত,0.192588210105896,0.0,1.192588210105896
চ্যাটাজি,0.20258301496505737,0.010101010101010102,1.1924820048640474
পড়ে,0.19237852096557617,0.0,1.1923785209655762
মাথায়,0.20240461826324463,0.010101010101010102,1.1923036081622347
ধিন,0.19179880619049072,0.0,1.1917988061904907
মুখে,0.19178926944732666,0.0,1.1917892694473267
জিনিম,0.191561758518219,0.0,1.191561758518219
৭টি,0.19130516052246094,0.0,1.191305160522461
আর্ধ,0.19130223989486694,0.0,1.191302239894867
আরাবেল,0.19123023748397827,0.0,1.1912302374839783
আফগানিস্তান,0.19035309553146362,0.0,1.1903530955314636
লাগ,0.19989311695098877,0.010101010101010102,1.1897921068499788
গ্রাহিকা,0.1996093988418579,0.010101010101010102,1.189508388740848
হরফে,0.18941128253936768,0.0,1.1894112825393677
ছাল,0.18923187255859375,0.0,1.1892318725585938
না,0.19901031255722046,0.010101010101010102,1.1889093024562105
তরাত,0.2756093740463257,0.08695652173913043,1.1886528523071953
রোগের,0.20875996351242065,0.02040816326530612,1.1883518002471145
রুপালী,0.18792951107025146,0.0,1.1879295110702515
পুণ্যলতা,0.24047237634658813,0.05263157894736842,1.1878407973992198
লোক,0.1864405870437622,0.0,1.1864405870437622
রী,0.2275102138519287,0.041666666666666664,1.1858435471852622
ওলনতার,0.19458681344985962,0.010101010101010102,1.1844858033488497
একদিন,0.1842464804649353,0.0,1.1842464804649353
করনি,0.19419240951538086,0.010101010101010102,1.184091399414371
প্রাচীনতম,0.18406569957733154,0.0,1.1840656995773315
২৬শে,0.1940973401069641,0.010101010101010102,1.1839963300059542
দ্বীপপুঞ্জ,0.18365085124969482,0.0,1.1836508512496948
ইনিংসে,0.2039858102798462,0.02040816326530612,1.18357764701454
এশিয়ান,0.18299353122711182,0.0,1.1829935312271118
আটট,0.1828022599220276,0.0,1.1828022599220276
আম্মুন,0.1821313500404358,0.0,1.1821313500404358
অবশ্থ,0.18208527565002441,0.0,1.1820852756500244
আলোকময়,0.1919611096382141,0.010101010101010102,1.1818600995372042
হেডলির,0.22227442264556885,0.041666666666666664,1.1806077559789023
২০শে,0.18043649196624756,0.0,1.1804364919662476
সুরেশ,0.18037497997283936,0.0,1.1803749799728394
পাইপাই,0.17986667156219482,0.0,1.1798666715621948
নূপুর,0.22133570909500122,0.041666666666666664,1.1796690424283347
বিবরণী,0.18955689668655396,0.010101010101010102,1.179455886585544
আটলান্টিক,0.2663556933403015,0.08695652173913043,1.1793991716011711
বললনা,0.17936491966247559,0.0,1.1793649196624756
জাহাজ,0.30230796337127686,0.12359550561797752,1.1787124577532992
ধাধ,0.20957565307617188,0.030927835051546393,1.1786478180246256
অমিতানন্দ,0.1884140968322754,0.010101010101010102,1.1783130867312654
উত্তরদাতা,0.2059621810913086,0.030927835051546393,1.1750343460397623
পলাশবরণ,0.19541656970977783,0.02040816326530612,1.1750084064444717
চুর,0.17460036277770996,0.0,1.17460036277771
বিশ্বাপ,0.1743430495262146,0.0,1.1743430495262146
য্যাত,0.17426002025604248,0.0,1.1742600202560425
জগজ্জননী,0.17382490634918213,0.0,1.1738249063491821
শ্যামাপ্রসাদ,0.20422399044036865,0.030927835051546393,1.1732961553888224
শীল্ড,0.19347888231277466,0.02040816326530612,1.1730707190474685
দিলী,0.1719886064529419,0.0,1.171988606452942
অমিতাভ,0.25735676288604736,0.08695652173913043,1.170400241146917
বটব্যাল,0.22240644693374634,0.05263157894736842,1.169774867986378
উত্তট,0.16865217685699463,0.0,1.1686521768569946
মুখাজীঁ,0.23228538036346436,0.06382978723404255,1.1684555931294218
সুব্রত,0.2100657820701599,0.041666666666666664,1.1683991154034934
কারখান,0.16824692487716675,0.0,1.1682469248771667
৫টি,0.17798227071762085,0.010101010101010102,1.167881260616611
মমিং,0.18792998790740967,0.02040816326530612,1.1675218246421035
অনীত,0.1776147484779358,0.010101010101010102,1.1675137383769258
সোডিয়াম,0.1659274697303772,0.0,1.1659274697303772
প্রদর্শনী,0.17583096027374268,0.010101010101010102,1.1657299501727327
বিষুর,0.16539233922958374,0.0,1.1653923392295837
উড়বে,0.16515743732452393,0.0,1.165157437324524
মাইতি,0.22879421710968018,0.06382978723404255,1.1649644298756376
ভাব,0.17467975616455078,0.010101010101010102,1.1645787460635408
সোয়ামি,0.16424888372421265,0.0,1.1642488837242126
আমেরিক,0.16346663236618042,0.0,1.1634666323661804
ইনিংস,0.18373435735702515,0.02040816326530612,1.163326194091719
গ্যাসে,0.225610613822937,0.06382978723404255,1.1617808265888945
মাথা,0.2017810344696045,0.041666666666666664,1.160114367802938
জিনিসগুলে,0.15739715099334717,0.0,1.1573971509933472
গুহঠাকুরতা,0.21803796291351318,0.06382978723404255,1.1542081756794706
বস্থু,0.18421512842178345,0.030927835051546393,1.1532872933702372
মহাপগ্ডিত,0.1842002272605896,0.030927835051546393,1.1532723922090433
দেখিন,0.15290457010269165,0.0,1.1529045701026917
ব্যানাজি,0.19164222478866577,0.041666666666666664,1.1499755581219993
রাজেন্দ্রলাল,0.14935243129730225,0.0,1.1493524312973022
বনু,0.22978895902633667,0.08695652173913043,1.1428324372872063
ছটো৷,0.14241594076156616,0.0,1.1424159407615662
স্ট্যাটফোর্ড,0.16157060861587524,0.02040816326530612,1.141162445350569
মুখাজি,0.16003316640853882,0.02040816326530612,1.1396250031432327
মহাসমুদ্র,0.2252255082130432,0.08695652173913043,1.1382689864739128
চক্রবতী,0.1676211953163147,0.030927835051546393,1.1366933602647684
একচেট,0.13630741834640503,0.0,1.136307418346405
ফাইনালে,0.2578084468841553,0.12359550561797752,1.1342129412661777
লেখিক,0.13162952661514282,0.0,1.1316295266151428
উত্তমকুম,0.18366795778274536,0.05263157894736842,1.131036378835377
মুখাজী,0.14097261428833008,0.010101010101010102,1.1308716041873201
গুহাট,0.13068467378616333,0.0,1.1306846737861633
রানার্স,0.15983283519744873,0.030927835051546393,1.1289050001459024
পাওন,0.1286640167236328,0.0,1.1286640167236328
মহমেডান,0.2268352508544922,0.0989010989010989,1.1279341519533932
হাক্কা,0.19079333543777466,0.06382978723404255,1.1269635482037321
উপাদানে,0.17894548177719116,0.05263157894736842,1.1263139028298228
ইংল্যণ্ড,0.21147018671035767,0.08695652173913043,1.1245136649712273
বিপাশ,0.12363642454147339,0.0,1.1236364245414734
কিশলয়,0.18640601634979248,0.06382978723404255,1.12257622911575
গোদ,0.12198752164840698,0.0,1.121987521648407
মনিং,0.12031060457229614,0.0,1.1203106045722961
ডিভিসন,0.18300247192382812,0.06382978723404255,1.1191726846897856
আনাগোন,0.11833733320236206,0.0,1.118337333202362
শম্পা,0.1475992202758789,0.030927835051546393,1.1166713852243326
নীতীশরঞ্জন,0.14616280794143677,0.030927835051546393,1.1152349728898905
বনাম,0.17814838886260986,0.06382978723404255,1.1143186016285673
তাপসী,0.2002103328704834,0.08695652173913043,1.113253811131353
জয়দীপ,0.11141747236251831,0.0,1.1114174723625183
অস্ট্রেলিয়া,0.2098636031150818,0.0989010989010989,1.1109625042139828
সন্দীপন,0.17398178577423096,0.06382978723404255,1.1101519985401884
কল্যাণময়,0.17370736598968506,0.06382978723404255,1.1098775787556425
মহীশুর,0.16104429960250854,0.05263157894736842,1.1084127206551402
স্বাহ,0.12615656852722168,0.02040816326530612,1.1057484052619155
নকআউট,0.16908890008926392,0.06382978723404255,1.1052591128552214
নোউল্স্‌,0.1661650538444519,0.06382978723404255,1.1023352666104094
লেভ,0.1436489224433899,0.041666666666666664,1.1019822557767234
পৃজা,0.10086947679519653,0.0,1.1008694767951965
বন্দনা,0.18781614303588867,0.08695652173913043,1.1008596212967583
ইডেন,0.16394001245498657,0.06382978723404255,1.100110225220944
ইস্টবেজল,0.15173876285552979,0.05263157894736842,1.0991071839081614
অজস্ত,0.15061861276626587,0.05263157894736842,1.0979870338188975
বাসবেন্দু,0.16121941804885864,0.06382978723404255,1.097389630814816
গোপা,0.145300030708313,0.05263157894736842,1.0926684517609446
স্পোর্টিং,0.1892530918121338,0.0989010989010989,1.0903519929110348
অপিতা,0.14264816045761108,0.05263157894736842,1.0900165815102427
শাশ্বতী,0.1758367419242859,0.08695652173913043,1.0888802201851555
ছবিগুলে,0.08885079622268677,0.0,1.0888507962226868
কাঞ্জিলাল,0.1407846212387085,0.05263157894736842,1.0881530422913401
হাওসি,0.1611272096633911,0.07526881720430108,1.08585839245909
বোম্বাইতে,0.16043025255203247,0.07526881720430108,1.0851614353477315
দেবাশীষ,0.15923696756362915,0.07526881720430108,1.0839681503593281
মালয়েশিয়া,0.14573365449905396,0.06382978723404255,1.0819038672650114
সৌমিত্র,0.155173659324646,0.07526881720430108,1.079904842120345
চ্যাম্পিয়ন,0.1657676100730896,0.08695652173913043,1.0788110883339592
কুমকুম,0.16033202409744263,0.08695652173913043,1.0733755023583123
মুখাজাঁ,0.14731436967849731,0.07526881720430108,1.0720455524741963
অনিতা,0.12449055910110474,0.05263157894736842,1.0718589801537364
মিতা,0.1422276496887207,0.07526881720430108,1.0669588324844197
সন্দীপ,0.13936233520507812,0.07526881720430108,1.0640935180007771
সুজাতা,0.13757234811782837,0.07526881720430108,1.0623035309135274
স্বাগতা,0.13540524244308472,0.07526881720430108,1.0601364252387837
ব্যানাজাঁ,0.15574771165847778,0.0989010989010989,1.0568466127573788
শমিলা,0.10883527994155884,0.05263157894736842,1.0562037009941905
রুদ্রনাথ,0.11891293525695801,0.06382978723404255,1.0550831480229155
প্রবালকুম,0.09558969736099243,0.041666666666666664,1.053923030694326
ইন্দ্রাণী,0.11618727445602417,0.06382978723404255,1.0523574872219816
শুদ্ধেন্দু,0.10494637489318848,0.05263157894736842,1.0523147959458201
শুভময়,0.12300121784210205,0.07526881720430108,1.047732400637801
অনীতা,0.1106840968132019,0.06382978723404255,1.0468543095791594
অনিরুদ্ধ,0.12108880281448364,0.07526881720430108,1.0458199856101826
উৎপল,0.10852962732315063,0.06382978723404255,1.044699840089108
অনামী,0.11702418327331543,0.07526881720430108,1.0417553660690144
স্বাতী,0.16462427377700806,0.12359550561797752,1.0410287681590304
মনামী,0.12756478786468506,0.08695652173913043,1.0406082661255547
আশীষ,0.1507771611213684,0.1111111111111111,1.0396660500102572
চৈতালী,0.1260119080543518,0.08695652173913043,1.0390553863152214
দেবাশ,0.1238890290260315,0.08695652173913043,1.0369325072869011
শুভাশ,0.10752123594284058,0.07526881720430108,1.0322524187385396
উদয়ন,0.11901319026947021,0.08695652173913043,1.0320566685303398
খত্বিক,0.09433639049530029,0.06382978723404255,1.0305066032612578
পথিকৃৎ,0.10036903619766235,0.07526881720430108,1.0251002189933613
নন্দিতা,0.12395763397216797,0.0989010989010989,1.025056535071069
মৈত্রেয়ী,0.10125356912612915,0.08695652173913043,1.0142970473869988
বন্দিতা,0.08865463733673096,0.07526881720430108,1.01338582013243
ঈশানী,0.07577484846115112,0.06382978723404255,1.0119450612271086
অপিত,0.06353884935379028,0.05263157894736842,1.010907270406422
শুভাশীষ,0.11800718307495117,0.1111111111111111,1.00689607196384
ইন্দ্রনীল,0.06978034973144531,0.06382978723404255,1.0059505624974028
সোমনাথ,0.07225823402404785,0.07526881720430108,0.9969894168197467
কারুবাকী,0.07893538475036621,0.08695652173913043,0.9919788630112358
বাগচী,0.11136239767074585,0.12359550561797752,0.9877668920527684
বরাট,0.06025528907775879,0.07526881720430108,0.9849864718734577
প্রসেনজিৎ,0.0868377685546875,0.1111111111111111,0.9757266574435763
শুভা,0.062410056591033936,0.08695652173913043,0.9754535348519036
স্বর্ণাভ,0.08211404085159302,0.12359550561797752,0.9585185352336155
