word,delta_cos,neighbor_jaccard,change_score
লঞ্চে,1.1332961469888687,0.0,2.1332961469888687
নাসেরের,1.0219232849776745,0.0,2.0219232849776745
ব্যাখ্য,1.0164650548249483,0.0,2.0164650548249483
সৰ্বনাশ,0.9723176117986441,0.0,1.972317611798644
বাবে,0.9687138348817825,0.0,1.9687138348817825
মহাশক্তি,0.9655670635402203,0.0,1.9655670635402203
জেনা,0.9625679031014442,0.0,1.9625679031014442
কষ্টসাধ্য,0.9533962644636631,0.0,1.953396264463663
হাহ,0.9211681708693504,0.0,1.9211681708693504
হয়না,0.9114279523491859,0.0,1.911427952349186
লিয়া,0.8846307396888733,0.0,1.8846307396888733
আলাউদ্দিন,0.8839757069945335,0.0,1.8839757069945335
পড়ছিল,0.8651795834302902,0.0,1.8651795834302902
সুব্রত,0.8604057431221008,0.0,1.8604057431221008
নাড়ু,0.8563174605369568,0.0,1.8563174605369568
শুকুর,0.8514094352722168,0.0,1.8514094352722168
মারিয়া,0.8513338267803192,0.0,1.8513338267803192
প্রাধান্য,0.8512528240680695,0.0,1.8512528240680695
আজহ,0.8591577857732773,0.010101010101010102,1.8490567756722673
শ্রাবণী,0.8480502665042877,0.0,1.8480502665042877
আকন্দ,0.8433246314525604,0.0,1.8433246314525604
লাইনে,0.8420796394348145,0.0,1.8420796394348145
খাজ,0.8404176384210587,0.0,1.8404176384210587
আঠ,0.837328165769577,0.0,1.837328165769577
নিয়ে৷,0.8353802412748337,0.0,1.8353802412748337
শওকত,0.8345270603895187,0.0,1.8345270603895187
ভাঙ্গ,0.8323633223772049,0.0,1.832363322377205
স্থায়ী,0.8301340490579605,0.0,1.8301340490579605
শুধুমাত্র,0.8299133330583572,0.0,1.8299133330583572
দালান,0.8293215781450272,0.0,1.8293215781450272
ব্যাং,0.8278628140687943,0.0,1.8278628140687943
শফিক,0.8270009160041809,0.0,1.827000916004181
শী,0.8262312114238739,0.0,1.826231211423874
ইন্দিয়,0.8220533430576324,0.0,1.8220533430576324
আসনে,0.8215553909540176,0.0,1.8215553909540176
বসে৷,0.8202715218067169,0.0,1.820271521806717
ডীপ,0.8166761994361877,0.0,1.8166761994361877
বাত,0.8158970773220062,0.0,1.8158970773220062
ল্যাবরেটরি,0.8150835484266281,0.0,1.8150835484266281
পেয়ার,0.8142545521259308,0.0,1.8142545521259308
চিক,0.8132327347993851,0.0,1.813232734799385
নিশি,0.8114629983901978,0.0,1.8114629983901978
আসন,0.8095599114894867,0.0,1.8095599114894867
কন্টোল,0.8089936375617981,0.0,1.808993637561798
মিশ,0.8087651431560516,0.0,1.8087651431560516
তাব,0.80870021879673,0.0,1.80870021879673
লিশান,0.808288499712944,0.0,1.808288499712944
করা৷,0.8072688579559326,0.0,1.8072688579559326
ম্যা,0.8062264770269394,0.0,1.8062264770269394
বোলো,0.8062095642089844,0.0,1.8062095642089844
দশবারো,0.8054019212722778,0.0,1.8054019212722778
গুরু,0.8050547391176224,0.0,1.8050547391176224
থাক৷,0.8047596961259842,0.0,1.8047596961259842
জিগির,0.8040824830532074,0.0,1.8040824830532074
পচে,0.8039329797029495,0.0,1.8039329797029495
চে,0.803520068526268,0.0,1.803520068526268
চব্বিশ,0.8021259754896164,0.0,1.8021259754896164
বিটি,0.8009878993034363,0.0,1.8009878993034363
শাহনাজ,0.7998986840248108,0.0,1.7998986840248108
ওন,0.7986200153827667,0.0,1.7986200153827667
অলস,0.7975670546293259,0.0,1.7975670546293259
ঘোষ,0.7975051403045654,0.0,1.7975051403045654
সন্দেশ,0.7974341809749603,0.0,1.7974341809749603
কথাম,0.7973756939172745,0.0,1.7973756939172745
করানোর,0.7959550619125366,0.0,1.7959550619125366
তোলে,0.7958106696605682,0.0,1.7958106696605682
সোমা,0.7946021109819412,0.0,1.7946021109819412
হাস্যকর,0.7940317392349243,0.0,1.7940317392349243
ধরুন,0.7932166010141373,0.0,1.7932166010141373
ডাবলু,0.7931584268808365,0.0,1.7931584268808365
শু,0.7921743988990784,0.0,1.7921743988990784
সিগনাল,0.7914010435342789,0.0,1.7914010435342789
সত্বে,0.7912643551826477,0.0,1.7912643551826477
রি,0.7911210507154465,0.0,1.7911210507154465
কুম,0.790979191660881,0.0,1.790979191660881
বেচ,0.7901558727025986,0.0,1.7901558727025986
রাজ্য,0.7885989397764206,0.0,1.7885989397764206
থেল,0.7884635031223297,0.0,1.7884635031223297
সবে,0.7878209799528122,0.0,1.7878209799528122
সরা,0.7877617329359055,0.0,1.7877617329359055
বাঙালী,0.7875317931175232,0.0,1.7875317931175232
অন্ত,0.7869784533977509,0.0,1.7869784533977509
থুব,0.7866969704627991,0.0,1.786696970462799
অশান্তি,0.7861394882202148,0.0,1.7861394882202148
রেখ,0.7860713452100754,0.0,1.7860713452100754
ইমতিয়াজ,0.7860214412212372,0.0,1.7860214412212372
সীম,0.7860030084848404,0.0,1.7860030084848404
সার্কাস,0.7855153828859329,0.0,1.785515382885933
একদম,0.785247728228569,0.0,1.785247728228569
মুঠোয়,0.7851857393980026,0.0,1.7851857393980026
যাবতীয়,0.7848666906356812,0.0,1.7848666906356812
অমনি,0.7847841829061508,0.0,1.7847841829061508
রেখো,0.7847567349672318,0.0,1.7847567349672318
বিলু,0.784125491976738,0.0,1.784125491976738
সেলের,0.7840637713670731,0.0,1.784063771367073
হুমায়ূন,0.7939230501651764,0.010101010101010102,1.7838220400641664
অধিবাসী,0.7837764173746109,0.0,1.783776417374611
জার্মানি,0.7835185825824738,0.0,1.7835185825824738
ত্রিশ,0.7825821787118912,0.0,1.7825821787118912
বেঁ,0.7823214679956436,0.0,1.7823214679956436
ষোলো,0.7819865792989731,0.0,1.781986579298973
একত্র,0.7812983393669128,0.0,1.7812983393669128
দূল,0.7809526473283768,0.0,1.7809526473283768
নাটক,0.7806772738695145,0.0,1.7806772738695145
খোজা,0.780592530965805,0.0,1.780592530965805
কিম,0.7800664156675339,0.0,1.7800664156675339
সুলতান,0.7793819755315781,0.0,1.779381975531578
তীক্ষু,0.7781292647123337,0.0,1.7781292647123337
উচ্চ,0.7766621112823486,0.0,1.7766621112823486
গাইড,0.776554748415947,0.0,1.776554748415947
গনগনে,0.775006890296936,0.0,1.775006890296936
লু,0.7746416628360748,0.0,1.7746416628360748
হেন,0.7745071202516556,0.0,1.7745071202516556
রাহেলা,0.7845651656389236,0.010101010101010102,1.7744641555379137
উল্টো,0.7741660326719284,0.0,1.7741660326719284
নিও,0.7739866673946381,0.0,1.773986667394638
ডিগবাজি,0.7729552984237671,0.0,1.772955298423767
রিয়াজ,0.7721971422433853,0.0,1.7721971422433853
কাছে৷,0.7711101323366165,0.0,1.7711101323366165
দূরত্ব,0.7709234356880188,0.0,1.7709234356880188
কাপা,0.7707788795232773,0.0,1.7707788795232773
ওয়া,0.770652562379837,0.0,1.770652562379837
টিক,0.7702968716621399,0.0,1.77029687166214
জানল,0.7691598832607269,0.0,1.769159883260727
সাতদিন,0.7691082954406738,0.0,1.7691082954406738
জায়গাতে,0.7688223123550415,0.0,1.7688223123550415
ফুরিয়ে,0.7684153020381927,0.0,1.7684153020381927
শঙ্কিত,0.7667458653450012,0.0,1.7667458653450012
সবসময়ে,0.7664540708065033,0.0,1.7664540708065033
জড়ো,0.7663504630327225,0.0,1.7663504630327225
নও,0.7660767883062363,0.0,1.7660767883062363
দেখ৷,0.765855997800827,0.0,1.765855997800827
দেয়৷,0.7654127925634384,0.0,1.7654127925634384
নিতাম,0.7649346739053726,0.0,1.7649346739053726
আলাদ,0.7643963545560837,0.0,1.7643963545560837
বিডুবিড়,0.7642799019813538,0.0,1.7642799019813538
দীর্ঘসময়,0.7633209973573685,0.0,1.7633209973573685
ম্যাচ,0.7630930542945862,0.0,1.7630930542945862
পৌছানোর,0.762815535068512,0.0,1.762815535068512
রয়েছেন,0.7626579403877258,0.0,1.7626579403877258
হুকুমে,0.7620052397251129,0.0,1.762005239725113
করেছেঃ,0.7611825615167618,0.0,1.7611825615167618
পান্,0.7609498351812363,0.0,1.7609498351812363
দুর্বোধ্য,0.7607992738485336,0.0,1.7607992738485336
ঠার,0.760355681180954,0.0,1.760355681180954
দ্বিতীয়ব,0.760192409157753,0.0,1.760192409157753
যাওয়াতে,0.7600619941949844,0.0,1.7600619941949844
বাজিয়ে,0.7700677365064621,0.010101010101010102,1.7599667264054522
বাক,0.7597739845514297,0.0,1.7597739845514297
চক্ষু,0.7596006244421005,0.0,1.7596006244421005
যেকেউ,0.7595818638801575,0.0,1.7595818638801575
আত্মহত্যা,0.7595565766096115,0.0,1.7595565766096115
মহাপুরুষ,0.76961350440979,0.010101010101010102,1.75951249430878
আশ,0.7692435085773468,0.010101010101010102,1.7591424984763369
নড়েচড়ে,0.7688264101743698,0.010101010101010102,1.7587254000733599
ওটি,0.7584766149520874,0.0,1.7584766149520874
নিব,0.7580686211585999,0.0,1.7580686211585999
চল্পিশ,0.7575908452272415,0.0,1.7575908452272415
বটে,0.7564811408519745,0.0,1.7564811408519745
তার৷,0.7564178258180618,0.0,1.7564178258180618
অবসর,0.7662528455257416,0.010101010101010102,1.7561518354247316
সুবেদ,0.7561101019382477,0.0,1.7561101019382477
পটকা,0.7559387683868408,0.0,1.7559387683868408
নিষ্ঠুরতা,0.7559164017438889,0.0,1.7559164017438889
উত্তরে,0.7553822100162506,0.0,1.7553822100162506
বেপরোয়া,0.7551782578229904,0.0,1.7551782578229904
হয়তোবা,0.7548489421606064,0.0,1.7548489421606064
টে,0.7547032535076141,0.0,1.7547032535076141
কোনোকিছু,0.7546853125095367,0.0,1.7546853125095367
তাড়াহুড়া,0.7545663267374039,0.0,1.7545663267374039
বেড়াল,0.7540212422609329,0.0,1.754021242260933
অসীম,0.7539752721786499,0.0,1.75397527217865
আরে৷,0.7538962960243225,0.0,1.7538962960243225
কেস,0.753774955868721,0.0,1.753774955868721
এগ,0.7537266761064529,0.0,1.753726676106453
ঠাদের,0.752929300069809,0.0,1.752929300069809
ছোটভা,0.7526431977748871,0.0,1.752643197774887
মালু,0.752525582909584,0.0,1.752525582909584
ঠিকমত,0.7521700114011765,0.0,1.7521700114011765
অশরীরী,0.7512239664793015,0.0,1.7512239664793015
পুরোনো,0.750848114490509,0.0,1.750848114490509
লিক,0.7608915120363235,0.010101010101010102,1.7507905019353136
করছি৷,0.7507182061672211,0.0,1.750718206167221
সংগীত,0.7505510598421097,0.0,1.7505510598421097
ইউনুস,0.7505068778991699,0.0,1.75050687789917
জ্যাম,0.7499221861362457,0.0,1.7499221861362457
পার্টি,0.749706506729126,0.0,1.749706506729126
ভা,0.7491812705993652,0.0,1.7491812705993652
আবেশ,0.7488764822483063,0.0,1.7488764822483063
পারা,0.7485949397087097,0.0,1.7485949397087097
গুন,0.7480933666229248,0.0,1.7480933666229248
স্ত্রী,0.7477927803993225,0.0,1.7477927803993225
শিস,0.7477258741855621,0.0,1.7477258741855621
চিকন,0.7476506531238556,0.0,1.7476506531238556
কারা,0.7476130425930023,0.0,1.7476130425930023
বাচানোর,0.7574303299188614,0.010101010101010102,1.7473293198178514
শক্তিশালী,0.7473233640193939,0.0,1.747323364019394
নিয়েছে৷,0.7462814748287201,0.0,1.74628147482872
সুলেমান,0.7462190389633179,0.0,1.7462190389633179
যাওয়ায়,0.7461691796779633,0.0,1.7461691796779633
নিয়েছি,0.746041476726532,0.0,1.746041476726532
নাট,0.7459746301174164,0.0,1.7459746301174164
তোমাদেরকে,0.745896965265274,0.0,1.745896965265274
বানর,0.7458303570747375,0.0,1.7458303570747375
ফাসির,0.7456229031085968,0.0,1.7456229031085968
ডাকলে,0.7556799352169037,0.010101010101010102,1.7455789251158937
নিতান্ত,0.755561426281929,0.010101010101010102,1.745460416180919
আরোহী,0.745267778635025,0.0,1.745267778635025
প্রশান্ত,0.7550780326128006,0.010101010101010102,1.7449770225117907
গোপনে,0.7443262040615082,0.0,1.7443262040615082
কটি,0.7440029084682465,0.0,1.7440029084682465
হারে,0.7438567876815796,0.0,1.7438567876815796
ছু,0.7436955571174622,0.0,1.7436955571174622
কুট,0.7436361014842987,0.0,1.7436361014842987
জানে৷,0.7435846924781799,0.0,1.74358469247818
দীর্ঘস্থায়ী,0.7435302734375,0.0,1.7435302734375
হামিদ,0.7434819340705872,0.0,1.7434819340705872
ধ্যান,0.7433267831802368,0.0,1.7433267831802368
বয়ে,0.7430359423160553,0.0,1.7430359423160553
থাকেন৷,0.7428209781646729,0.0,1.7428209781646729
লগে,0.7427306771278381,0.0,1.7427306771278381
ধারেকা,0.7425698339939117,0.0,1.7425698339939117
কথোপকথন,0.7424119710922241,0.0,1.7424119710922241
দেওয়৷,0.7423540651798248,0.0,1.7423540651798248
নিয়ন্ত্রণে,0.7423406541347504,0.0,1.7423406541347504
সেজন্যে,0.7423352301120758,0.0,1.7423352301120758
ভাবান্তর,0.7420056164264679,0.0,1.742005616426468
ঝা,0.7419077157974243,0.0,1.7419077157974243
লি,0.7418331801891327,0.0,1.7418331801891327
মি,0.7418147027492523,0.0,1.7418147027492523
একমাস,0.740717738866806,0.0,1.740717738866806
দেখানোর,0.7406113743782043,0.0,1.7406113743782043
অন্ত্র,0.7405052781105042,0.0,1.7405052781105042
গোছ,0.7401629388332367,0.0,1.7401629388332367
আঠারো,0.7396393120288849,0.0,1.7396393120288849
দেখলাম৷,0.7394818961620331,0.0,1.739481896162033
তেইশ,0.739478588104248,0.0,1.739478588104248
এইরকম,0.7389795780181885,0.0,1.7389795780181885
একনজর,0.7389400601387024,0.0,1.7389400601387024
মহড়া,0.738908588886261,0.0,1.738908588886261
চলি,0.7386634051799774,0.0,1.7386634051799774
ফাটা,0.7384881675243378,0.0,1.7384881675243378
তু,0.7384780645370483,0.0,1.7384780645370483
সাজ,0.7383733093738556,0.0,1.7383733093738556
পিপড়া,0.7383661866188049,0.0,1.738366186618805
স্যুটকেস,0.7380866706371307,0.0,1.7380866706371307
স্যার,0.7378464341163635,0.0,1.7378464341163635
স্থগিত,0.7374033629894257,0.0,1.7374033629894257
সনে,0.7372009754180908,0.0,1.7372009754180908
ছি,0.7371164262294769,0.0,1.737116426229477
মহামতি,0.7366083562374115,0.0,1.7366083562374115
লিস্ট,0.7363373339176178,0.0,1.7363373339176178
তক্ষুনি,0.7361044585704803,0.0,1.7361044585704803
অবস্থাতে,0.7355758249759674,0.0,1.7355758249759674
আবিদ,0.7353973090648651,0.0,1.7353973090648651
ফ্যাকাসে,0.7353059947490692,0.0,1.7353059947490692
রাম,0.7351935505867004,0.0,1.7351935505867004
কদিন,0.7351322770118713,0.0,1.7351322770118713
গিয়েছিল৷,0.7349425256252289,0.0,1.7349425256252289
জবাবদিহি,0.7347394227981567,0.0,1.7347394227981567
উদ্ভট,0.7339682281017303,0.0,1.7339682281017303
হান্নান,0.7338990867137909,0.0,1.733899086713791
চেহারাটা,0.7334080934524536,0.0,1.7334080934524536
ভেজাল,0.7334008812904358,0.0,1.7334008812904358
এক্কেবারে,0.7333149909973145,0.0,1.7333149909973145
দিয়েছে৷,0.733148843050003,0.0,1.733148843050003
থেকে৷,0.7330359816551208,0.0,1.7330359816551208
বহুদিন,0.733021467924118,0.0,1.733021467924118
উল্লসিত,0.7328489124774933,0.0,1.7328489124774933
কেবল,0.7327105700969696,0.0,1.7327105700969696
গেছেঃ,0.7326750159263611,0.0,1.732675015926361
শেষটায়,0.7324234247207642,0.0,1.7324234247207642
লেন,0.7324043810367584,0.0,1.7324043810367584
উষ্ণ,0.7323519885540009,0.0,1.7323519885540009
অপচয়,0.7424025535583496,0.010101010101010102,1.7323015434573397
বিতরণ,0.7322841286659241,0.0,1.732284128665924
রোগা,0.7321679890155792,0.0,1.7321679890155792
অ্যাটাক,0.7320623099803925,0.0,1.7320623099803925
আধা,0.7318672239780426,0.0,1.7318672239780426
দিশেহা,0.731743723154068,0.0,1.731743723154068
খুঁচিয়ে,0.7417674958705902,0.010101010101010102,1.7316664857695803
কুল,0.7316366136074066,0.0,1.7316366136074066
বিশ্লেষণ,0.7316352725028992,0.0,1.7316352725028992
এড়িয়ে,0.7313964366912842,0.0,1.7313964366912842
নিরাপত্ত,0.7311524748802185,0.0,1.7311524748802185
পিরান,0.7309695482254028,0.0,1.7309695482254028
ছাগল,0.7307892739772797,0.0,1.7307892739772797
বাচানো,0.7307568192481995,0.0,1.7307568192481995
সোম,0.7301321029663086,0.0,1.7301321029663086
সেল,0.730068564414978,0.0,1.730068564414978
তূমি,0.7299841046333313,0.0,1.7299841046333313
রীতিমত,0.7299507260322571,0.0,1.729950726032257
থলথলে,0.7295515537261963,0.0,1.7295515537261963
অগোছালো,0.7292560636997223,0.0,1.7292560636997223
এসেছে৷,0.7393525242805481,0.010101010101010102,1.7292515141795382
এথানে,0.7290226221084595,0.0,1.7290226221084595
বুল,0.7286175787448883,0.0,1.7286175787448883
কেনঃ,0.728607565164566,0.0,1.728607565164566
চাইনিজ,0.7285395562648773,0.0,1.7285395562648773
নীর,0.7284456789493561,0.0,1.728445678949356
ভোল্টেজ,0.728041797876358,0.0,1.728041797876358
কুসুম,0.7278771698474884,0.0,1.7278771698474884
বেড,0.7278446853160858,0.0,1.7278446853160858
এইটাই,0.7275805473327637,0.0,1.7275805473327637
কবরে,0.7273884415626526,0.0,1.7273884415626526
ছড়া,0.7267912030220032,0.0,1.7267912030220032
এখনে,0.7266840934753418,0.0,1.7266840934753418
এখনে৷,0.726658970117569,0.0,1.726658970117569
রাজ,0.7266506254673004,0.0,1.7266506254673004
গুলশানে,0.7264226973056793,0.0,1.7264226973056793
কটা,0.7262831926345825,0.0,1.7262831926345825
একটা৷,0.7262231707572937,0.0,1.7262231707572937
একসময়,0.7259953618049622,0.0,1.7259953618049622
নাই৷,0.7259577810764313,0.0,1.7259577810764313
গিয়েছেন,0.7259460985660553,0.0,1.7259460985660553
এইমাত্র,0.7259391844272614,0.0,1.7259391844272614
সান্তনা,0.7257678508758545,0.0,1.7257678508758545
দের,0.7257299423217773,0.0,1.7257299423217773
অস্থিরতা,0.72572061419487,0.0,1.72572061419487
ভাল৷,0.7256964147090912,0.0,1.7256964147090912
হাজ,0.725612998008728,0.0,1.725612998008728
ধারায়,0.7254921793937683,0.0,1.7254921793937683
বান,0.7253248393535614,0.0,1.7253248393535614
একট৷,0.725103497505188,0.0,1.725103497505188
কালামের,0.7250162661075592,0.0,1.7250162661075592
আছেঃ,0.7250023782253265,0.0,1.7250023782253265
শেষব,0.7249577045440674,0.0,1.7249577045440674
সেইসব,0.7244224846363068,0.0,1.7244224846363068
ভবিষ্যত,0.7242675125598907,0.0,1.7242675125598907
মিট,0.7241923213005066,0.0,1.7241923213005066
কিছুট,0.7240909039974213,0.0,1.7240909039974213
থাকুক,0.7240786254405975,0.0,1.7240786254405975
খাঁ,0.7238395810127258,0.0,1.7238395810127258
ইতস্তত,0.7238004207611084,0.0,1.7238004207611084
মডিউল,0.7236937582492828,0.0,1.7236937582492828
দেখালে,0.7235842347145081,0.0,1.723584234714508
সুদূর,0.7235016226768494,0.0,1.7235016226768494
প্যান,0.7233758866786957,0.0,1.7233758866786957
অত,0.7228974997997284,0.0,1.7228974997997284
বারােজন,0.7228672802448273,0.0,1.7228672802448273
ঝামেল,0.7228077948093414,0.0,1.7228077948093414
প্রতিরক্ষা,0.7224952578544617,0.0,1.7224952578544617
কুটে,0.7223581969738007,0.0,1.7223581969738007
বস্তু,0.7222282588481903,0.0,1.7222282588481903
পুরনো,0.722170352935791,0.0,1.722170352935791
তুচ্,0.7218097448348999,0.0,1.7218097448349
পাবে৷,0.7217836976051331,0.0,1.721783697605133
বাবর,0.7217276394367218,0.0,1.7217276394367218
জোয়ান,0.7214946448802948,0.0,1.7214946448802948
ইয়াকুব,0.721464991569519,0.0,1.721464991569519
ভয়ানকভাবে,0.721412867307663,0.0,1.721412867307663
হাতি,0.7213976383209229,0.0,1.7213976383209229
হাবা,0.7212954163551331,0.0,1.721295416355133
দিচ্ছিল,0.7212514281272888,0.0,1.7212514281272888
টিয়া,0.7212485373020172,0.0,1.7212485373020172
স্থান,0.7212111055850983,0.0,1.7212111055850983
হৃৎপিণ্ড,0.7211388349533081,0.0,1.721138834953308
বাচিয়ে,0.7210605144500732,0.0,1.7210605144500732
ইদর,0.7210420370101929,0.0,1.7210420370101929
টেলিগ্রাম,0.7209766507148743,0.0,1.7209766507148743
মুচি,0.7205832004547119,0.0,1.720583200454712
দিয়ে৷,0.7203048765659332,0.0,1.7203048765659332
একদিনে,0.7202702462673187,0.0,1.7202702462673187
প্রতিজ্ঞা,0.7201600968837738,0.0,1.7201600968837738
আশপাশে,0.7201168239116669,0.0,1.7201168239116669
অন্যভাবে,0.7200156152248383,0.0,1.7200156152248383
উধা,0.7300862073898315,0.010101010101010102,1.7199851972888216
ফায়,0.7197803556919098,0.0,1.7197803556919098
জন্যে৷,0.7195403277873993,0.0,1.7195403277873993
চেষ্টায়,0.7195095419883728,0.0,1.7195095419883728
উন্টো,0.7191644310951233,0.0,1.7191644310951233
গালি,0.7190268933773041,0.0,1.719026893377304
যাওয়৷,0.7291276454925537,0.010101010101010102,1.7190266353915438
সেইভাবে,0.7188462615013123,0.0,1.7188462615013123
তারি,0.718786358833313,0.0,1.718786358833313
ধাক,0.7185719907283783,0.0,1.7185719907283783
অতিরিক্ত,0.7185363173484802,0.0,1.7185363173484802
রিকশ,0.7185284793376923,0.0,1.7185284793376923
মিলেমিশে,0.7183506190776825,0.0,1.7183506190776825
সারাক্ষণ,0.7182671129703522,0.0,1.7182671129703522
কালা,0.7180702090263367,0.0,1.7180702090263367
যথাযথ,0.7176973223686218,0.0,1.7176973223686218
সাজা,0.7175765633583069,0.0,1.7175765633583069
বিদেশী,0.7175764441490173,0.0,1.7175764441490173
হতাশ,0.717528223991394,0.0,1.717528223991394
কালু,0.7174723744392395,0.0,1.7174723744392395
ঝেড়ে,0.7174213230609894,0.0,1.7174213230609894
ওয়ান,0.7173965871334076,0.0,1.7173965871334076
দুইজন,0.7171964645385742,0.0,1.7171964645385742
আল্লাহ,0.7170252799987793,0.0,1.7170252799987793
নাম্ব,0.7169621884822845,0.0,1.7169621884822845
হুট,0.7166897654533386,0.0,1.7166897654533386
সেব,0.7166779935359955,0.0,1.7166779935359955
মিটে,0.716657966375351,0.0,1.716657966375351
লুট,0.7267402410507202,0.010101010101010102,1.7166392309497103
মারপিট,0.7166378200054169,0.0,1.7166378200054169
কমা,0.7166198194026947,0.0,1.7166198194026947
আলাদাভাবে,0.716374546289444,0.0,1.716374546289444
অনায়াসে,0.716010570526123,0.0,1.716010570526123
সিগন্যাল,0.715997576713562,0.0,1.715997576713562
বাট,0.735785037279129,0.02040816326530612,1.7153768740138229
বেরুবার,0.7153622210025787,0.0,1.7153622210025787
ছানা,0.7254295349121094,0.010101010101010102,1.7153285248110994
ধাপে,0.7150803506374359,0.0,1.715080350637436
হতচ্ছাড়া,0.7150035202503204,0.0,1.7150035202503204
নিদ্,0.7149967551231384,0.0,1.7149967551231384
চাইত,0.7149499952793121,0.0,1.7149499952793121
থাকো,0.7148503661155701,0.0,1.71485036611557
ওস্তাদ,0.7148470878601074,0.0,1.7148470878601074
পাটা,0.7148025631904602,0.0,1.7148025631904602
অভ্যস্ত,0.7147535979747772,0.0,1.7147535979747772
করেছে৷,0.714482992887497,0.0,1.714482992887497
ইয়া,0.7142499387264252,0.0,1.7142499387264252
করুণাময়,0.714130312204361,0.0,1.714130312204361
মাঝখান,0.7140983939170837,0.0,1.7140983939170837
আসবে৷,0.7140821814537048,0.0,1.7140821814537048
বসতি,0.7139168083667755,0.0,1.7139168083667755
আচ,0.7238180041313171,0.010101010101010102,1.7137169940303072
সাতআট,0.7136796414852142,0.0,1.7136796414852142
কাটিয়,0.7136795520782471,0.0,1.713679552078247
মুক্তি,0.7135785520076752,0.0,1.7135785520076752
বেআইনি,0.7129736542701721,0.0,1.7129736542701721
নূতন,0.7127225995063782,0.0,1.7127225995063782
মৃদুস্বরে,0.7126417458057404,0.0,1.7126417458057404
জাত,0.7124339640140533,0.0,1.7124339640140533
দেখাল,0.7123294472694397,0.0,1.7123294472694397
গুল,0.7121737003326416,0.0,1.7121737003326416
মোটরবাইক,0.7121662795543671,0.0,1.712166279554367
প্রাচীনকাল,0.7121624052524567,0.0,1.7121624052524567
বিকল্প,0.7120583057403564,0.0,1.7120583057403564
কাইয়ুম,0.7119162082672119,0.0,1.711916208267212
দী,0.7118749618530273,0.0,1.7118749618530273
সেট,0.7118565142154694,0.0,1.7118565142154694
ফেলব,0.7118057906627655,0.0,1.7118057906627655
বোর্ড,0.7117767632007599,0.0,1.7117767632007599
চেরাগ,0.7117562294006348,0.0,1.7117562294006348
তালো,0.7116284668445587,0.0,1.7116284668445587
বিলি,0.7115393877029419,0.0,1.711539387702942
হাইব্রিড,0.71147221326828,0.0,1.71147221326828
জমির,0.7112627625465393,0.0,1.7112627625465393
যাচ্ছেতা,0.7110700011253357,0.0,1.7110700011253357
স্ফুলিঙ্গ,0.7109609842300415,0.0,1.7109609842300415
খোদা,0.710570752620697,0.0,1.710570752620697
মরলে,0.7105587720870972,0.0,1.7105587720870972
পাচজন,0.7104442417621613,0.0,1.7104442417621613
আরম্ভ,0.7204393148422241,0.010101010101010102,1.7103383047412142
কোনোভাবে,0.710242509841919,0.0,1.710242509841919
ধীর,0.7100728154182434,0.0,1.7100728154182434
কথা৷,0.7100099325180054,0.0,1.7100099325180054
মাথাব্যথা,0.7098982930183411,0.0,1.709898293018341
অনিশ্চিত,0.7095882892608643,0.0,1.7095882892608643
ডিগ্রি,0.7095241248607635,0.0,1.7095241248607635
পুরাতন,0.7094442546367645,0.0,1.7094442546367645
ওদিকে,0.7093570232391357,0.0,1.7093570232391357
করতে৷,0.7090676426887512,0.0,1.7090676426887512
পালটে,0.7090029418468475,0.0,1.7090029418468475
চিন্তাভাবনা,0.7088501155376434,0.0,1.7088501155376434
বেটি,0.7087470889091492,0.0,1.7087470889091492
হাসাহাসি,0.7086508274078369,0.0,1.708650827407837
পয়েন্ট,0.7086396813392639,0.0,1.708639681339264
প্রণাম,0.708593875169754,0.0,1.708593875169754
বিনিময়,0.7085606157779694,0.0,1.7085606157779694
সন্ধেবেলা,0.7084731161594391,0.0,1.708473116159439
স্রীর,0.7084624767303467,0.0,1.7084624767303467
টেন,0.7084423303604126,0.0,1.7084423303604126
দলে,0.7083972692489624,0.0,1.7083972692489624
কন্যা,0.7081360220909119,0.0,1.7081360220909119
এইভাবে,0.70786452293396,0.0,1.70786452293396
সাক্ষাৎ,0.7178543508052826,0.010101010101010102,1.7077533407042726
উৎসাহে,0.7074927389621735,0.0,1.7074927389621735
অনুমোদন,0.7074528634548187,0.0,1.7074528634548187
তীর,0.7073678970336914,0.0,1.7073678970336914
বিবরণ,0.7070608139038086,0.0,1.7070608139038086
আগে৷,0.7070547342300415,0.0,1.7070547342300415
একেকজন,0.7068547606468201,0.0,1.70685476064682
অবশেষ,0.7065728008747101,0.0,1.70657280087471
আটচল্লিশ,0.7064101099967957,0.0,1.7064101099967957
হয়েছি,0.7063771188259125,0.0,1.7063771188259125
মাঝেমাঝে,0.70634925365448,0.0,1.70634925365448
কীসব,0.7062527537345886,0.0,1.7062527537345886
নেবে৷,0.7062331438064575,0.0,1.7062331438064575
দায়িত্বে,0.7062286734580994,0.0,1.7062286734580994
আবু,0.7061440646648407,0.0,1.7061440646648407
মিস,0.7060087621212006,0.0,1.7060087621212006
আছি৷,0.7058415114879608,0.0,1.7058415114879608
প্রভাব,0.71592777967453,0.010101010101010102,1.70582676957352
বাড়ালে,0.7057314515113831,0.0,1.705731451511383
খাচ্ছিল,0.7057033479213715,0.0,1.7057033479213715
ঘোরে,0.7056930363178253,0.0,1.7056930363178253
খোজে,0.7056842744350433,0.0,1.7056842744350433
যাবেন৷,0.7056559324264526,0.0,1.7056559324264526
আমরা৷,0.7055506706237793,0.0,1.7055506706237793
কালে,0.7054589092731476,0.0,1.7054589092731476
দাঁড়,0.7053833603858948,0.0,1.7053833603858948
কিসে,0.7053419053554535,0.0,1.7053419053554535
টেস্ট,0.7052503526210785,0.0,1.7052503526210785
নার,0.7051952183246613,0.0,1.7051952183246613
কপি,0.7049872279167175,0.0,1.7049872279167175
অপারেশান,0.7048202455043793,0.0,1.7048202455043793
ওইসব,0.704774796962738,0.0,1.704774796962738
এট,0.7046346664428711,0.0,1.704634666442871
কিশোর,0.7045863568782806,0.0,1.7045863568782806
পান্টে,0.7045409083366394,0.0,1.7045409083366394
জেল,0.7044535279273987,0.0,1.7044535279273987
দুর্ঘটনা,0.7044128775596619,0.0,1.7044128775596619
বয়েস,0.70433309674263,0.0,1.70433309674263
তাড়া,0.7042897939682007,0.0,1.7042897939682007
অনেকব,0.7042834162712097,0.0,1.7042834162712097
শিগগির,0.704210638999939,0.0,1.704210638999939
পড়বে৷,0.7041642069816589,0.0,1.704164206981659
তাঙ,0.7041408121585846,0.0,1.7041408121585846
প্রধানমন্তীর,0.7041305005550385,0.0,1.7041305005550385
হামি,0.7040860652923584,0.0,1.7040860652923584
পোর্ট,0.7040660679340363,0.0,1.7040660679340363
হার,0.7040049731731415,0.0,1.7040049731731415
হাসা,0.7039982080459595,0.0,1.7039982080459595
লা,0.7039914727210999,0.0,1.7039914727210999
ক্যাবল,0.7039625942707062,0.0,1.7039625942707062
রাখতে,0.7039589285850525,0.0,1.7039589285850525
তাড়াহুড়ো,0.7038847804069519,0.0,1.703884780406952
কুড়ি,0.7035759389400482,0.0,1.7035759389400482
মঞ্জুর,0.713614821434021,0.010101010101010102,1.703513811333011
চাচী,0.7034825086593628,0.0,1.7034825086593628
দেখান,0.703262060880661,0.0,1.703262060880661
সঙ্কেত,0.7032283246517181,0.0,1.7032283246517181
আল,0.7031237483024597,0.0,1.7031237483024597
দূজন,0.7030641436576843,0.0,1.7030641436576843
বিদঘুটে,0.7029606699943542,0.0,1.7029606699943542
নাড়িয়ে,0.7029295861721039,0.0,1.7029295861721039
ভূমিকম্প,0.7026296854019165,0.0,1.7026296854019165
কথনো,0.7025985717773438,0.0,1.7025985717773438
টিউব,0.7023628950119019,0.0,1.7023628950119019
মায়ে,0.7023004293441772,0.0,1.7023004293441772
শিউ,0.7022475302219391,0.0,1.702247530221939
বলছি৷,0.7022168040275574,0.0,1.7022168040275574
বলাব,0.702203631401062,0.0,1.702203631401062
জমিয়ে,0.7021597623825073,0.0,1.7021597623825073
অগ্রসর,0.7020768225193024,0.0,1.7020768225193024
টয়লেট,0.7019909620285034,0.0,1.7019909620285034
লাগবে৷,0.7018077671527863,0.0,1.7018077671527863
মীনা,0.7017983198165894,0.0,1.7017983198165894
টুক,0.7015061378479004,0.0,1.7015061378479004
প্রাইজ,0.7014403343200684,0.0,1.7014403343200684
আসতাম,0.7014265060424805,0.0,1.7014265060424805
আমেরিকান,0.7013253569602966,0.0,1.7013253569602966
শা,0.7012428641319275,0.0,1.7012428641319275
চড়িয়ে,0.7011851072311401,0.0,1.7011851072311401
থাকতে,0.7011058628559113,0.0,1.7011058628559113
নীলু,0.7010999619960785,0.0,1.7010999619960785
চাইল,0.7010537683963776,0.0,1.7010537683963776
সংক্ষিপ্ত,0.7010192275047302,0.0,1.7010192275047302
কাস্টম,0.7009630501270294,0.0,1.7009630501270294
এক্ষুনি,0.7009546458721161,0.0,1.700954645872116
প্রসারিত,0.7009398341178894,0.0,1.7009398341178894
আজকালক,0.7008318603038788,0.0,1.7008318603038788
একমনে,0.7007998526096344,0.0,1.7007998526096344
আনব,0.7006266713142395,0.0,1.7006266713142395
ইউনিট,0.7006035149097443,0.0,1.7006035149097443
হিম,0.7004680931568146,0.0,1.7004680931568146
জঙ্গলে,0.7003729343414307,0.0,1.7003729343414307
হচ্ছিল৷,0.7002580165863037,0.0,1.7002580165863037
ভালমন্দ,0.7001732289791107,0.0,1.7001732289791107
উন্নতি,0.6995708644390106,0.0,1.6995708644390106
কখনে,0.6995494365692139,0.0,1.6995494365692139
বদমাইশ,0.6994563043117523,0.0,1.6994563043117523
চালান,0.6994476914405823,0.0,1.6994476914405823
আমি৷,0.6991773545742035,0.0,1.6991773545742035
সংসার,0.6990957260131836,0.0,1.6990957260131836
ধারা,0.6989526152610779,0.0,1.6989526152610779
পৌছানো,0.6989524066448212,0.0,1.6989524066448212
কবুতর,0.6987591087818146,0.0,1.6987591087818146
বিবেচনায়,0.6986069679260254,0.0,1.6986069679260254
পদে,0.6985326707363129,0.0,1.6985326707363129
কলোনী,0.6984297931194305,0.0,1.6984297931194305
বলতে,0.6984077095985413,0.0,1.6984077095985413
রাখ৷,0.6983748376369476,0.0,1.6983748376369476
মিশর,0.6981734335422516,0.0,1.6981734335422516
আগা,0.6980619728565216,0.0,1.6980619728565216
বলুন৷,0.6980572640895844,0.0,1.6980572640895844
হান,0.6980505585670471,0.0,1.6980505585670471
ক্যাপ্টেনের,0.6979106962680817,0.0,1.6979106962680817
উদ্যোগ,0.6978728473186493,0.0,1.6978728473186493
মরিয়ম,0.6978166401386261,0.0,1.697816640138626
ডিজাইন,0.6977748274803162,0.0,1.6977748274803162
মাতাল,0.6976767480373383,0.0,1.6976767480373383
সিনেমা,0.6975386440753937,0.0,1.6975386440753937
আটদশ,0.6975170969963074,0.0,1.6975170969963074
ফেলুন,0.6972860395908356,0.0,1.6972860395908356
পড়ায়,0.6972491443157196,0.0,1.6972491443157196
পেলাম৷,0.6971398890018463,0.0,1.6971398890018463
সাগরেদ,0.6968552470207214,0.0,1.6968552470207214
তোদের,0.6967184245586395,0.0,1.6967184245586395
বিস্ফষোরণ,0.6966754496097565,0.0,1.6966754496097565
ঝামেলা,0.6965791285037994,0.0,1.6965791285037994
মিয়,0.6965484619140625,0.0,1.6965484619140625
শোনো,0.6964790225028992,0.0,1.6964790225028992
জোড়া,0.696457028388977,0.0,1.696457028388977
নীরবতা,0.7063910067081451,0.010101010101010102,1.6962899966071352
পথেঘাটে,0.6961666643619537,0.0,1.6961666643619537
রাত্রিবেলা,0.6961455047130585,0.0,1.6961455047130585
দিয়েছি৷,0.6959458291530609,0.0,1.695945829153061
কাউকে,0.6958832740783691,0.0,1.6958832740783691
আহাম্মক,0.6957318186759949,0.0,1.6957318186759949
টাল,0.6956823766231537,0.0,1.6956823766231537
একটিমাত্র,0.6955905556678772,0.0,1.6955905556678772
কা,0.6955548822879791,0.0,1.6955548822879791
নী,0.6955368518829346,0.0,1.6955368518829346
কাসেম,0.6954749524593353,0.0,1.6954749524593353
হী,0.6954569816589355,0.0,1.6954569816589355
অধিকাংশ,0.6954198777675629,0.0,1.6954198777675629
দেখেছি৷,0.6952374577522278,0.0,1.6952374577522278
খুনি,0.695214569568634,0.0,1.695214569568634
বাধ,0.6951979398727417,0.0,1.6951979398727417
ছিলেন৷,0.6951079368591309,0.0,1.6951079368591309
অসুস্থ,0.695026308298111,0.0,1.695026308298111
অনেকের,0.6949762105941772,0.0,1.6949762105941772
মানুষট,0.6949620842933655,0.0,1.6949620842933655
দিকে,0.6949141025543213,0.0,1.6949141025543213
ভি,0.6948899924755096,0.0,1.6948899924755096
পাঠিয়েছিল,0.694875180721283,0.0,1.694875180721283
পারবে৷,0.6948660612106323,0.0,1.6948660612106323
বিন্তু,0.6948175728321075,0.0,1.6948175728321075
রক্তপাত,0.6947137415409088,0.0,1.6947137415409088
হ্ঠাৎ,0.6944375038146973,0.0,1.6944375038146973
দুনিয়,0.6943659484386444,0.0,1.6943659484386444
হায়রে,0.6943568885326385,0.0,1.6943568885326385
গফুর,0.6943391561508179,0.0,1.6943391561508179
ভাঙ্গা,0.6942594051361084,0.0,1.6942594051361084
অমি,0.6941540241241455,0.0,1.6941540241241455
এগোচ্,0.6941374838352203,0.0,1.6941374838352203
সুযোগে,0.6941229104995728,0.0,1.6941229104995728
কাজকর্ম,0.6940291523933411,0.0,1.694029152393341
ক্রমাগত,0.693945050239563,0.0,1.693945050239563
বলতাম,0.693934440612793,0.0,1.693934440612793
পাওয়৷,0.693911999464035,0.0,1.693911999464035
প্রথমবার,0.6938083171844482,0.0,1.6938083171844482
মনখারাপ,0.6938000023365021,0.0,1.693800002336502
ঈশ্বরী,0.6936133205890656,0.0,1.6936133205890656
তােম,0.693609207868576,0.0,1.693609207868576
অভাবে,0.6935821771621704,0.0,1.6935821771621704
দেওয়ামাত্র,0.6935238838195801,0.0,1.69352388381958
দরকার৷,0.6935037076473236,0.0,1.6935037076473236
উৎপাত,0.6934852302074432,0.0,1.6934852302074432
নির্বোধ,0.6934349238872528,0.0,1.6934349238872528
সূত্র,0.6933961510658264,0.0,1.6933961510658264
দুশ্চিন্তা,0.6932742297649384,0.0,1.6932742297649384
আশেপাশে,0.6932054162025452,0.0,1.6932054162025452
ভাববে,0.6931924819946289,0.0,1.693192481994629
তামা,0.69312784075737,0.0,1.69312784075737
সেটাকে,0.6930539011955261,0.0,1.6930539011955261
সন্ধ্যাবেলা,0.6928473114967346,0.0,1.6928473114967346
একসময়ে,0.692802906036377,0.0,1.692802906036377
দুতিন,0.692653089761734,0.0,1.692653089761734
গণ্ডগোল,0.6924751400947571,0.0,1.692475140094757
ব্যাপার৷,0.6922054290771484,0.0,1.6922054290771484
আটকানো,0.6921854615211487,0.0,1.6921854615211487
নিয়োগ,0.6921275854110718,0.0,1.6921275854110718
পোস্ট,0.6921132206916809,0.0,1.692113220691681
বিশুদ্ধ,0.6920402646064758,0.0,1.6920402646064758
অন্তর,0.6920252740383148,0.0,1.6920252740383148
সুরমা,0.6918814480304718,0.0,1.6918814480304718
দুঃসাধ্য,0.691852480173111,0.0,1.691852480173111
উপযুক্ত,0.6917744278907776,0.0,1.6917744278907776
শয়ে,0.6916533410549164,0.0,1.6916533410549164
ঘুমানোর,0.6916012763977051,0.0,1.691601276397705
আতঙ্কিত,0.6914700269699097,0.0,1.6914700269699097
মিছিমিছি,0.6914630234241486,0.0,1.6914630234241486
কাশি,0.7015573978424072,0.010101010101010102,1.6914563877413973
খসখসে,0.691247969865799,0.0,1.691247969865799
ভবিষ্যৎ,0.6912283301353455,0.0,1.6912283301353455
কবুল,0.691053718328476,0.0,1.691053718328476
মানুষে,0.6909049153327942,0.0,1.6909049153327942
করেন৷,0.6908741593360901,0.0,1.69087415933609
জয়বাংলা,0.690839022397995,0.0,1.690839022397995
ভারতীয়,0.6907848417758942,0.0,1.6907848417758942
প্রবীণ,0.6907654702663422,0.0,1.6907654702663422
খেলনা,0.6907126903533936,0.0,1.6907126903533936
আকর্ষণ,0.6905995309352875,0.0,1.6905995309352875
বেলায়,0.6905992329120636,0.0,1.6905992329120636
করলে৷,0.6904310584068298,0.0,1.6904310584068298
পাঠিয়েছি,0.6903279423713684,0.0,1.6903279423713684
জোছনা,0.6902706027030945,0.0,1.6902706027030945
এনেছেন,0.6902554631233215,0.0,1.6902554631233215
অমানুষিক,0.6901982426643372,0.0,1.6901982426643372
দলপতির,0.6901666522026062,0.0,1.6901666522026062
দেবে৷,0.7002011835575104,0.010101010101010102,1.6901001734565004
কাশ,0.6900473833084106,0.0,1.6900473833084106
তাহ,0.6900320053100586,0.0,1.6900320053100586
মেটা,0.6899393200874329,0.0,1.6899393200874329
নামক,0.6896446049213409,0.0,1.689644604921341
দেখুন,0.689638763666153,0.0,1.689638763666153
হয়তে৷,0.6896129250526428,0.0,1.6896129250526428
পেরেছেন,0.6895139515399933,0.0,1.6895139515399933
মনস্থির,0.699586808681488,0.010101010101010102,1.689485798580478
দেখাদেখি,0.6894012689590454,0.0,1.6894012689590454
অভিনয়,0.6893655061721802,0.0,1.6893655061721802
কু,0.6893221139907837,0.0,1.6893221139907837
চারেক,0.6992896497249603,0.010101010101010102,1.6891886396239504
তুলবে,0.6891808807849884,0.0,1.6891808807849884
দৃটি,0.6891448497772217,0.0,1.6891448497772217
ডাইভ,0.6890731453895569,0.0,1.6890731453895569
এল৷,0.6889981031417847,0.0,1.6889981031417847
বেয়াদব,0.6889568865299225,0.0,1.6889568865299225
অপারেশন,0.7092193067073822,0.02040816326530612,1.688811143442076
ভদ্রমহিল,0.688744843006134,0.0,1.688744843006134
তরুণীর,0.6885588467121124,0.0,1.6885588467121124
শীতল,0.6884704232215881,0.0,1.6884704232215881
চেয়েছি,0.6884597539901733,0.0,1.6884597539901733
একধরন,0.6884176433086395,0.0,1.6884176433086395
পাবলিক,0.6884036362171173,0.0,1.6884036362171173
বাজানো,0.6884035766124725,0.0,1.6884035766124725
ঠাক,0.6882977485656738,0.0,1.6882977485656738
যায়নি,0.6881832480430603,0.0,1.6881832480430603
পড়েছি,0.6982515156269073,0.010101010101010102,1.6881505055258974
মিলি,0.687974214553833,0.0,1.687974214553833
ওলটপালট,0.687770426273346,0.0,1.687770426273346
শাস্ত,0.6876846253871918,0.0,1.6876846253871918
ভাবছি,0.6876518428325653,0.0,1.6876518428325653
তিনচ,0.6875419318675995,0.0,1.6875419318675995
বেহেশতের,0.6873920261859894,0.0,1.6873920261859894
কাণ্ড,0.6873895525932312,0.0,1.6873895525932312
কাটে,0.6873484551906586,0.0,1.6873484551906586
অন্যজন,0.687343180179596,0.0,1.687343180179596
সার্কিট,0.6871852576732635,0.0,1.6871852576732635
ঝাড়,0.6972729861736298,0.010101010101010102,1.6871719760726198
তরে,0.6871662139892578,0.0,1.6871662139892578
লোঃ,0.6871074140071869,0.0,1.687107414007187
নানাভাবে,0.6870230436325073,0.0,1.6870230436325073
অন্যে,0.687018871307373,0.0,1.687018871307373
ঝাঁপ,0.6870028674602509,0.0,1.6870028674602509
এখানে৷,0.6869939863681793,0.0,1.6869939863681793
বিড়বিড়,0.6869797706604004,0.0,1.6869797706604004
অবশ্যি,0.6868125200271606,0.0,1.6868125200271606
হবেঃ,0.6867780387401581,0.0,1.686778038740158
একমুহূর্ত,0.6867256462574005,0.0,1.6867256462574005
দুএক,0.6866932809352875,0.0,1.6866932809352875
ভেঙেচুরে,0.6865801215171814,0.0,1.6865801215171814
করবে৷,0.68656125664711,0.0,1.68656125664711
ব্যায়াম,0.6964888572692871,0.010101010101010102,1.6863878471682772
খুট,0.6862799227237701,0.0,1.6862799227237701
হাল,0.6862497627735138,0.0,1.6862497627735138
পড়লেন৷,0.6862025558948517,0.0,1.6862025558948517
বিদ্রোহ,0.6861676871776581,0.0,1.686167687177658
মে,0.6861245036125183,0.0,1.6861245036125183
কোন্,0.6861136853694916,0.0,1.6861136853694916
ঝলসে,0.686112642288208,0.0,1.686112642288208
বেশিক্ষণ,0.6860771179199219,0.0,1.6860771179199219
জনে,0.6859410405158997,0.0,1.6859410405158997
মিনি,0.6859288811683655,0.0,1.6859288811683655
একথা,0.6858970522880554,0.0,1.6858970522880554
খুলি,0.6858480870723724,0.0,1.6858480870723724
পুরে,0.6856622397899628,0.0,1.6856622397899628
দেখলে৷,0.6854875981807709,0.0,1.6854875981807709
ইন্টারভিউ,0.6854468584060669,0.0,1.685446858406067
কলোনি,0.6853844821453094,0.0,1.6853844821453094
নিষিদ্ধ,0.6853762567043304,0.0,1.6853762567043304
নাইট,0.6853709518909454,0.0,1.6853709518909454
দুবছর,0.6853611767292023,0.0,1.6853611767292023
আসছি,0.6851991713047028,0.0,1.6851991713047028
সিস্টেম,0.6851718425750732,0.0,1.6851718425750732
আমাকে৷,0.685096025466919,0.0,1.685096025466919
পাশাপাশি,0.6850779354572296,0.0,1.6850779354572296
আশায়,0.6849250495433807,0.0,1.6849250495433807
নে৷,0.6849228143692017,0.0,1.6849228143692017
সোজাসুজি,0.6849101483821869,0.0,1.684910148382187
শাখা,0.6848953664302826,0.0,1.6848953664302826
চাইতেও,0.6848364174365997,0.0,1.6848364174365997
নিশ্চয়ই৷,0.6848220229148865,0.0,1.6848220229148865
বদলা,0.6847984790802002,0.0,1.6847984790802002
সঙ্গী,0.6846430897712708,0.0,1.6846430897712708
মিতু,0.6845590770244598,0.0,1.6845590770244598
অব,0.6945218741893768,0.010101010101010102,1.6844208640883669
তাগাদা,0.684374064207077,0.0,1.684374064207077
বিদেয়,0.6843664944171906,0.0,1.6843664944171906
নিয়েছি৷,0.6843624114990234,0.0,1.6843624114990234
শেষের,0.6841469705104828,0.0,1.6841469705104828
শিকল,0.6840828955173492,0.0,1.6840828955173492
মানায়,0.6839276552200317,0.0,1.6839276552200317
সেখানে৷,0.6839190125465393,0.0,1.6839190125465393
ফাস্ট,0.6838707029819489,0.0,1.6838707029819489
বলছিল,0.6838517487049103,0.0,1.6838517487049103
আহত,0.6838410794734955,0.0,1.6838410794734955
ব্যক্তিত্ব,0.683810293674469,0.0,1.683810293674469
সাহসে,0.6837894320487976,0.0,1.6837894320487976
খাচা,0.6837306320667267,0.0,1.6837306320667267
মাজা,0.6836929619312286,0.0,1.6836929619312286
এতক্ষণে,0.68368199467659,0.0,1.68368199467659
রেজ,0.6836658716201782,0.0,1.6836658716201782
চুম্বক,0.6836485266685486,0.0,1.6836485266685486
নিতে,0.6836003363132477,0.0,1.6836003363132477
থাকল৷,0.6835312843322754,0.0,1.6835312843322754
সবচে,0.6835220158100128,0.0,1.6835220158100128
সেতু,0.683501273393631,0.0,1.683501273393631
ভেঙ্গে,0.6834509074687958,0.0,1.6834509074687958
মডার্ন,0.6834494471549988,0.0,1.6834494471549988
নাতা,0.6834244728088379,0.0,1.683424472808838
নিষেধ,0.6833973824977875,0.0,1.6833973824977875
বসানোর,0.683380126953125,0.0,1.683380126953125
খালু,0.6833510100841522,0.0,1.6833510100841522
সংকুচিত,0.6833475828170776,0.0,1.6833475828170776
পাঠায়,0.6831047534942627,0.0,1.6831047534942627
জানলে,0.6830723583698273,0.0,1.6830723583698273
উঁচিয়ে,0.6830564439296722,0.0,1.6830564439296722
চড়া,0.6830513775348663,0.0,1.6830513775348663
ডাকাতি,0.6828760504722595,0.0,1.6828760504722595
অসাধ্য,0.6928732395172119,0.010101010101010102,1.682772229416202
সু,0.6928602755069733,0.010101010101010102,1.6827592654059633
দিও,0.6826819777488708,0.0,1.6826819777488708
গেস্ট,0.6826677024364471,0.0,1.6826677024364471
মাঝি,0.6826395094394684,0.0,1.6826395094394684
অনুরোধ,0.6826375424861908,0.0,1.6826375424861908
অসমাপ্ত,0.6825783252716064,0.0,1.6825783252716064
পেরিয়ে,0.6825574934482574,0.0,1.6825574934482574
অতিশয়,0.6824837923049927,0.0,1.6824837923049927
মাপা,0.6824767589569092,0.0,1.6824767589569092
করেছেন৷,0.6823432445526123,0.0,1.6823432445526123
দলপতি,0.6823019087314606,0.0,1.6823019087314606
সাতাশ,0.6821366846561432,0.0,1.6821366846561432
মেসের,0.6920821368694305,0.010101010101010102,1.6819811267684206
ঐসব,0.6819193959236145,0.0,1.6819193959236145
বুধব,0.6818997263908386,0.0,1.6818997263908386
ডিটেকটিভ,0.6818803250789642,0.0,1.6818803250789642
বিধবা,0.6818209290504456,0.0,1.6818209290504456
লেগেছিল,0.6817675530910492,0.0,1.6817675530910492
ফুপুর,0.6817488074302673,0.0,1.6817488074302673
থামানোর,0.6817421615123749,0.0,1.6817421615123749
এছাড়া,0.6817272007465363,0.0,1.6817272007465363
ছাড়ে,0.6816717684268951,0.0,1.6816717684268951
বউ,0.6813821792602539,0.0,1.681382179260254
বুবু,0.6813094317913055,0.0,1.6813094317913055
অধ্যাপক,0.6812732219696045,0.0,1.6812732219696045
বিস্ষোরণ,0.6812544167041779,0.0,1.6812544167041779
হাহা,0.6811374127864838,0.0,1.6811374127864838
নিজেরা,0.681094765663147,0.0,1.681094765663147
অমানবিক,0.6809863448143005,0.0,1.6809863448143005
মাহবুব,0.6910826563835144,0.010101010101010102,1.6809816462825045
ইল,0.6808651685714722,0.0,1.6808651685714722
অন্যদিক,0.6808230578899384,0.0,1.6808230578899384
রক্তারক্তি,0.6808145940303802,0.0,1.6808145940303802
থাকল,0.6808091104030609,0.0,1.680809110403061
লুকানো,0.6807776689529419,0.0,1.680777668952942
মেশিন,0.6807755529880524,0.0,1.6807755529880524
কথাবার্তায়,0.6807377934455872,0.0,1.6807377934455872
মুক্ত,0.6807236671447754,0.0,1.6807236671447754
করেছিল৷,0.6806644797325134,0.0,1.6806644797325134
তখনি,0.6806390583515167,0.0,1.6806390583515167
এরচে,0.6805371344089508,0.0,1.6805371344089508
চ্যাপ,0.6805252134799957,0.0,1.6805252134799957
দুটোর,0.6805217564105988,0.0,1.6805217564105988
পর্যবেক্ষণ,0.6804032623767853,0.0,1.6804032623767853
দোলা,0.680348813533783,0.0,1.680348813533783
কৈফিয়ত,0.6802526116371155,0.0,1.6802526116371155
প্রস্তাব,0.6801819503307343,0.0,1.6801819503307343
ধাধা,0.6801550984382629,0.0,1.680155098438263
পাত্র,0.6801373064517975,0.0,1.6801373064517975
থামতে,0.6800750195980072,0.0,1.6800750195980072
ঝাকা,0.690144270658493,0.010101010101010102,1.680043260557483
উত্তপ্ত,0.6799245178699493,0.0,1.6799245178699493
পূজা,0.6798658072948456,0.0,1.6798658072948456
বকুনি,0.6798433363437653,0.0,1.6798433363437653
তাস,0.6798242628574371,0.0,1.6798242628574371
প্রত্যেকের,0.679790198802948,0.0,1.679790198802948
খুজে,0.6797558665275574,0.0,1.6797558665275574
অক্ষত,0.6796964704990387,0.0,1.6796964704990387
স্বভাব,0.6796569526195526,0.0,1.6796569526195526
কাছাকাছি৷,0.6795956194400787,0.0,1.6795956194400787
অস্ত,0.679559051990509,0.0,1.679559051990509
রিভলব,0.6795507371425629,0.0,1.6795507371425629
টিকটিকি,0.6795145571231842,0.0,1.6795145571231842
উপভোগ,0.6793845891952515,0.0,1.6793845891952515
চারটি,0.6793193519115448,0.0,1.6793193519115448
মাঝরা,0.6793117225170135,0.0,1.6793117225170135
পেপ,0.6792956292629242,0.0,1.6792956292629242
সার্জেন্ট,0.6893257200717926,0.010101010101010102,1.6792247099707827
অসম্মান,0.6791963279247284,0.0,1.6791963279247284
দেখেছেন,0.6791142821311951,0.0,1.679114282131195
গুম,0.6791013479232788,0.0,1.6791013479232788
আসেনি,0.6790915131568909,0.0,1.6790915131568909
খাটিয়ে,0.6789815127849579,0.0,1.6789815127849579
বাধিয়ে,0.6789601743221283,0.0,1.6789601743221283
চূপচাপ,0.6789256930351257,0.0,1.6789256930351257
দেখিয়েছেন,0.6788998544216156,0.0,1.6788998544216156
দিচ্ছি,0.6788458526134491,0.0,1.678845852613449
ক্লিয়,0.678765743970871,0.0,1.678765743970871
তিরিশ,0.6786415278911591,0.0,1.678641527891159
বেহেশত,0.6786267161369324,0.0,1.6786267161369324
বঙ্গবন্ধুর,0.6786127686500549,0.0,1.678612768650055
শিশুর,0.6885818541049957,0.010101010101010102,1.6784808440039858
বিধ্বন্ত,0.6783580482006073,0.0,1.6783580482006073
দেখছিস,0.6783201396465302,0.0,1.6783201396465302
পরবর্তী,0.6783060133457184,0.0,1.6783060133457184
বৌদ্ধ,0.6782003939151764,0.0,1.6782003939151764
পিন,0.6780783832073212,0.0,1.6780783832073212
এইখানে,0.6778907477855682,0.0,1.6778907477855682
পড়েছেন,0.6775504052639008,0.0,1.6775504052639008
একি,0.6775473952293396,0.0,1.6775473952293396
উঠব,0.6775380373001099,0.0,1.6775380373001099
ওয়ার্ড,0.6774831116199493,0.0,1.6774831116199493
হইব,0.6978669166564941,0.02040816326530612,1.677458753391188
পড়াশোনা,0.6875294744968414,0.010101010101010102,1.6774284643958315
নিচ্,0.6774156987667084,0.0,1.6774156987667084
যেও,0.6774058640003204,0.0,1.6774058640003204
চাইলেই,0.6773920059204102,0.0,1.6773920059204102
পাজি,0.6771376430988312,0.0,1.6771376430988312
পরিকল্পনা,0.6770979166030884,0.0,1.6770979166030884
করিম,0.6770252883434296,0.0,1.6770252883434296
স্বপ্লে,0.6770070791244507,0.0,1.6770070791244507
সুলত,0.6769887804985046,0.0,1.6769887804985046
খুঁ,0.6769697666168213,0.0,1.6769697666168213
চিবিয়ে,0.6769453585147858,0.0,1.6769453585147858
ভালোভাবে,0.6769415438175201,0.0,1.6769415438175201
সবাইকেই,0.6769027411937714,0.0,1.6769027411937714
একনাগাড়ে,0.6768405437469482,0.0,1.6768405437469482
তাকে,0.6767835319042206,0.0,1.6767835319042206
করুন৷,0.6767489910125732,0.0,1.6767489910125732
বিভ্রান্তি,0.6767451763153076,0.0,1.6767451763153076
শ্রমিক,0.6767162084579468,0.0,1.6767162084579468
দুয়েক,0.6766958236694336,0.0,1.6766958236694336
সেকেন্ডের,0.6765956878662109,0.0,1.676595687866211
ধান্ধ,0.6764942705631256,0.0,1.6764942705631256
ডাকাত,0.6764657497406006,0.0,1.6764657497406006
যেদি,0.6865239441394806,0.010101010101010102,1.6764229340384706
বাড়িঘর,0.6764013171195984,0.0,1.6764013171195984
সন্দেহের,0.676319807767868,0.0,1.676319807767868
সহজভাবে,0.6762889623641968,0.0,1.6762889623641968
সারির,0.6762498617172241,0.0,1.6762498617172241
দেখায়,0.6762496829032898,0.0,1.6762496829032898
পারতেন,0.6762333512306213,0.0,1.6762333512306213
ঘায়েল,0.6760783493518829,0.0,1.676078349351883
শ্রীর,0.6760717630386353,0.0,1.6760717630386353
প্রোগ্রাম,0.6759849786758423,0.0,1.6759849786758423
হেল,0.6759492456912994,0.0,1.6759492456912994
পেতেন,0.6758196353912354,0.0,1.6758196353912354
রয়ে,0.6757556200027466,0.0,1.6757556200027466
ঘষে,0.6756293475627899,0.0,1.67562934756279
নির্বিক,0.6756143569946289,0.0,1.675614356994629
একান্ত,0.685675859451294,0.010101010101010102,1.675574849350284
অন্যদিন,0.6755722165107727,0.0,1.6755722165107727
দেখছি,0.6755193769931793,0.0,1.6755193769931793
এইটুকু,0.6754844486713409,0.0,1.675484448671341
সেইদিন,0.6753900945186615,0.0,1.6753900945186615
সাইজ,0.6753471493721008,0.0,1.6753471493721008
নেহায়েত,0.6752724945545197,0.0,1.6752724945545197
কাপে,0.6752571165561676,0.0,1.6752571165561676
কোনম,0.6752535700798035,0.0,1.6752535700798035
হলে৷,0.6752122044563293,0.0,1.6752122044563293
করলেন৷,0.6751956939697266,0.0,1.6751956939697266
প্রস্তুত,0.6751400232315063,0.0,1.6751400232315063
পাঠক,0.6751074194908142,0.0,1.6751074194908142
প্রতিব,0.6750200390815735,0.0,1.6750200390815735
সম্ভাবন৷,0.6748642325401306,0.0,1.6748642325401306
আত্মহত্য,0.6848945617675781,0.010101010101010102,1.6747935516665682
রাতজাগা,0.6746671199798584,0.0,1.6746671199798584
বাবুর,0.6746302247047424,0.0,1.6746302247047424
বাক্য,0.6746205985546112,0.0,1.6746205985546112
যেত৷,0.6745947301387787,0.0,1.6745947301387787
রীতিম,0.6745675504207611,0.0,1.674567550420761
শেলী,0.6745363175868988,0.0,1.6745363175868988
ওস্তা,0.6744788885116577,0.0,1.6744788885116577
মিনিটে,0.6744390428066254,0.0,1.6744390428066254
বেড়াচ্ছে৷,0.6742154657840729,0.0,1.6742154657840729
তাকালাম৷,0.674178957939148,0.0,1.674178957939148
সাদাসিধে,0.6741162538528442,0.0,1.6741162538528442
সন্ধানে,0.6741138994693756,0.0,1.6741138994693756
অবরুদ্ধ,0.674102395772934,0.0,1.674102395772934
সামঞ্জস্য,0.6740836799144745,0.0,1.6740836799144745
তৎক্ষণাৎ,0.674060732126236,0.0,1.674060732126236
পাঠান,0.6740001738071442,0.0,1.6740001738071442
স্রোত,0.6840977966785431,0.010101010101010102,1.6739967865775331
চমকা,0.6738787889480591,0.0,1.673878788948059
উদাস,0.6737971305847168,0.0,1.6737971305847168
একঘেয়ে,0.6737585663795471,0.0,1.6737585663795471
ফি,0.6736050248146057,0.0,1.6736050248146057
অনেকখানি,0.6735652685165405,0.0,1.6735652685165405
রুখ,0.6734854280948639,0.0,1.673485428094864
হ্যান্ড,0.6734718382358551,0.0,1.673471838235855
পাপী,0.6734552979469299,0.0,1.67345529794693
হারাম,0.6733398139476776,0.0,1.6733398139476776
প্রতিচ্ছবি,0.6731012761592865,0.0,1.6731012761592865
সারিয়ে,0.673059731721878,0.0,1.673059731721878
কাদো,0.6730389893054962,0.0,1.6730389893054962
হচ্ছে৷,0.6730123162269592,0.0,1.6730123162269592
ভাবছ,0.6729887425899506,0.0,1.6729887425899506
রয়েছে৷,0.6729427576065063,0.0,1.6729427576065063
আপি,0.6728842854499817,0.0,1.6728842854499817
ব্যাংক,0.6727501451969147,0.0,1.6727501451969147
রোদে,0.6727173328399658,0.0,1.6727173328399658
টিপ,0.6727076470851898,0.0,1.6727076470851898
রাজনীতির,0.67270627617836,0.0,1.67270627617836
পিলে,0.6725637316703796,0.0,1.6725637316703796
জীবনযাপন,0.6725580394268036,0.0,1.6725580394268036
এবার,0.6724942028522491,0.0,1.6724942028522491
থেয়ে,0.6724428534507751,0.0,1.6724428534507751
কোথে,0.6723453402519226,0.0,1.6723453402519226
এইব,0.6721123158931732,0.0,1.6721123158931732
দিনরাত,0.6720811724662781,0.0,1.672081172466278
বেশি৷,0.6720754206180573,0.0,1.6720754206180573
অপছন্দ,0.6720502376556396,0.0,1.6720502376556396
লাইব্রেরিতে,0.6719715893268585,0.0,1.6719715893268585
করছেন৷,0.6718371510505676,0.0,1.6718371510505676
সাধারণত,0.6717945337295532,0.0,1.6717945337295532
জোড়,0.6717783510684967,0.0,1.6717783510684967
নেত,0.6717566251754761,0.0,1.671756625175476
যাচ্ছি,0.6717517077922821,0.0,1.671751707792282
খাদ্য,0.6716121137142181,0.0,1.6716121137142181
সাধ,0.6715933084487915,0.0,1.6715933084487915
আন্তরিক,0.6714034080505371,0.0,1.671403408050537
মহাকাশচারীর,0.6713981628417969,0.0,1.6713981628417969
এতদিন,0.6814145743846893,0.010101010101010102,1.6713135642836794
মাচ,0.671312689781189,0.0,1.671312689781189
দান,0.6813668608665466,0.010101010101010102,1.6712658507655367
নাএ,0.6712654531002045,0.0,1.6712654531002045
বিপরীত,0.6712152659893036,0.0,1.6712152659893036
ওটাকে,0.671125739812851,0.0,1.671125739812851
দীর্ঘকায়,0.6708337068557739,0.0,1.670833706855774
কয়দিন,0.6708199977874756,0.0,1.6708199977874756
আঙ্ভুল,0.6708000898361206,0.0,1.6708000898361206
দেবেন৷,0.6706718802452087,0.0,1.6706718802452087
ক্লাব,0.6706458330154419,0.0,1.670645833015442
জয়দেবপুর,0.6705449819564819,0.0,1.670544981956482
নাহয়,0.6704615652561188,0.0,1.6704615652561188
সপ্তাহে,0.6704348027706146,0.0,1.6704348027706146
দখলে,0.6701166927814484,0.0,1.6701166927814484
আমর৷,0.6701107323169708,0.0,1.6701107323169708
খালাম্মা,0.6700955331325531,0.0,1.670095533132553
জা,0.6801848709583282,0.010101010101010102,1.6700838608573183
রসিকতা,0.6801682412624359,0.010101010101010102,1.670067231161426
ক্ষুব্ধ,0.6801676452159882,0.010101010101010102,1.6700666351149782
হেরফের,0.6700069606304169,0.0,1.6700069606304169
ভাবা,0.6699668169021606,0.0,1.6699668169021606
যোগাড়,0.6699529886245728,0.0,1.6699529886245728
থমথমে,0.6699267029762268,0.0,1.6699267029762268
শুকনো,0.6698482632637024,0.0,1.6698482632637024
ম্যাজিক,0.6696796715259552,0.0,1.6696796715259552
ফিল্ড,0.6696494817733765,0.0,1.6696494817733765
ছোটখাটো,0.6696467995643616,0.0,1.6696467995643616
গোলমাল,0.66961270570755,0.0,1.66961270570755
লাশ,0.6695004999637604,0.0,1.6695004999637604
সম্রাট,0.6694164574146271,0.0,1.669416457414627
শুনেছি৷,0.6694046854972839,0.0,1.669404685497284
দেব৷,0.6693830490112305,0.0,1.6693830490112305
ভেবেছিল,0.6692855656147003,0.0,1.6692855656147003
বানানোর,0.6692707240581512,0.0,1.6692707240581512
তান,0.6692387461662292,0.0,1.6692387461662292
পেয়েছিস,0.6793268322944641,0.010101010101010102,1.6692258221934542
চাইব,0.669210284948349,0.0,1.669210284948349
টিভি,0.6690903306007385,0.0,1.6690903306007385
ঘেন্না,0.6690837144851685,0.0,1.6690837144851685
বাঙালির,0.6689129173755646,0.0,1.6689129173755646
করিয়,0.6688063144683838,0.0,1.6688063144683838
গল্পে,0.6687524318695068,0.0,1.6687524318695068
ঝগড়া,0.6687486171722412,0.0,1.6687486171722412
ফাজিল,0.668708473443985,0.0,1.668708473443985
স্মৃতির,0.6788022518157959,0.010101010101010102,1.668701241714786
কুশল,0.6686967015266418,0.0,1.6686967015266418
ভাইবোন,0.6686874628067017,0.0,1.6686874628067017
ফেলত,0.6686756014823914,0.0,1.6686756014823914
বসা,0.6686594486236572,0.0,1.6686594486236572
দুইই,0.6786937117576599,0.010101010101010102,1.66859270165665
কয়েকদিনে,0.668548583984375,0.0,1.668548583984375
ছাত্রছাত্রী,0.66848024725914,0.0,1.66848024725914
করি৷,0.6684059798717499,0.0,1.6684059798717499
পরিশ্রম,0.6683326959609985,0.0,1.6683326959609985
লুক,0.6784116327762604,0.010101010101010102,1.6683106226752504
পরিবর্তিত,0.6681284606456757,0.0,1.6681284606456757
তাড়িয়ে,0.6680170297622681,0.0,1.668017029762268
কাটল,0.6678572297096252,0.0,1.6678572297096252
দিয়েছি,0.6678387522697449,0.0,1.6678387522697449
গুরুত্বপূর্ণ,0.6677812039852142,0.0,1.6677812039852142
মাস্টারের,0.6677548587322235,0.0,1.6677548587322235
দোস্ত,0.6676823794841766,0.0,1.6676823794841766
প্রভু,0.6675621867179871,0.0,1.667562186717987
হাতপ,0.6674690246582031,0.0,1.6674690246582031
ব্যবধান,0.6673804223537445,0.0,1.6673804223537445
নো,0.6673658192157745,0.0,1.6673658192157745
বার্তা,0.6672885417938232,0.0,1.6672885417938232
দৌড়াদৌড়ি,0.667212188243866,0.0,1.667212188243866
উচিয়ে,0.6670170724391937,0.0,1.6670170724391937
প্রেরণা,0.6669802367687225,0.0,1.6669802367687225
উন্টে,0.6669778823852539,0.0,1.666977882385254
করেছি৷,0.6669710278511047,0.0,1.6669710278511047
বাতিল,0.6669346392154694,0.0,1.6669346392154694
বাঁ,0.6669245958328247,0.0,1.6669245958328247
বিচলিত,0.6668669879436493,0.0,1.6668669879436493
বীজ,0.6668111979961395,0.0,1.6668111979961395
খালি৷,0.6667774617671967,0.0,1.6667774617671967
ছেলেপিলে,0.6667239665985107,0.0,1.6667239665985107
চেষ্ট,0.666657567024231,0.0,1.666657567024231
পেয়েছিল,0.6766377091407776,0.010101010101010102,1.6665366990397676
পবিত্র,0.6665069758892059,0.0,1.666506975889206
জীবিত,0.6664723455905914,0.0,1.6664723455905914
লোভ,0.6664312481880188,0.0,1.6664312481880188
আধুনিক,0.6664268672466278,0.0,1.6664268672466278
ঘ্রাণ,0.6663914024829865,0.0,1.6663914024829865
মায়া,0.6764132380485535,0.010101010101010102,1.6663122279475435
দাদাজান,0.676383376121521,0.010101010101010102,1.666282366020511
দেখো,0.6662126183509827,0.0,1.6662126183509827
হরি,0.6661758422851562,0.0,1.6661758422851562
ভালো৷,0.666009247303009,0.0,1.666009247303009
পড়েছে৷,0.6659701764583588,0.0,1.6659701764583588
ঝরনা,0.6659464538097382,0.0,1.6659464538097382
ফু,0.6659015417098999,0.0,1.6659015417099
কোড,0.66587695479393,0.0,1.66587695479393
ফিট,0.6657209396362305,0.0,1.6657209396362305
ধুর,0.665695071220398,0.0,1.665695071220398
পারো,0.6656586825847626,0.0,1.6656586825847626
বাড়াবাড়ি,0.6656372547149658,0.0,1.6656372547149658
পাঠালে,0.6656213998794556,0.0,1.6656213998794556
বাক্সে,0.6655979454517365,0.0,1.6655979454517365
অতিথি,0.6655865907669067,0.0,1.6655865907669067
নীচে,0.6655315160751343,0.0,1.6655315160751343
নাগাল,0.6653637588024139,0.0,1.665363758802414
দাবি,0.6651864349842072,0.0,1.6651864349842072
খাটে,0.6650237143039703,0.0,1.6650237143039703
নাও,0.6649122536182404,0.0,1.6649122536182404
মাথ৷,0.6649117171764374,0.0,1.6649117171764374
রবে,0.6648925542831421,0.0,1.664892554283142
দুনিয়া,0.6648139357566833,0.0,1.6648139357566833
গান্ধী,0.6647052764892578,0.0,1.6647052764892578
তােমর৷,0.6646872162818909,0.0,1.6646872162818909
পারেনি,0.6646850407123566,0.0,1.6646850407123566
শুনবে,0.6646782755851746,0.0,1.6646782755851746
ফেললে,0.6646454930305481,0.0,1.664645493030548
মারলে,0.6646101176738739,0.0,1.664610117673874
এখানক,0.6646067798137665,0.0,1.6646067798137665
জুনিয়র,0.6645838022232056,0.0,1.6645838022232056
এও,0.6645833551883698,0.0,1.6645833551883698
উদ্যান,0.6645503640174866,0.0,1.6645503640174866
করুণ,0.6645309925079346,0.0,1.6645309925079346
লেখ৷,0.6645067036151886,0.0,1.6645067036151886
বাঙা,0.6644785106182098,0.0,1.6644785106182098
মেলা,0.6644186079502106,0.0,1.6644186079502106
হত্যাকাণ্ড,0.6640732288360596,0.0,1.6640732288360596
চাওয়া,0.6741477251052856,0.010101010101010102,1.6640467150042757
যেটি,0.6640425622463226,0.0,1.6640425622463226
সাই,0.6639924049377441,0.0,1.6639924049377441
ইচ্ছ,0.6639727652072906,0.0,1.6639727652072906
লরির,0.6638799011707306,0.0,1.6638799011707306
কোণে,0.6638067960739136,0.0,1.6638067960739136
পাঞ্জাবী,0.6638013124465942,0.0,1.6638013124465942
পেনসিল,0.6637734174728394,0.0,1.6637734174728394
উঠলো,0.6637497544288635,0.0,1.6637497544288635
ভেতরক,0.663644552230835,0.0,1.663644552230835
লেগেছে৷,0.6635783612728119,0.0,1.663578361272812
সঙ্গিনী,0.6635644435882568,0.0,1.6635644435882568
ভালোবাসে,0.6635153889656067,0.0,1.6635153889656067
আনে,0.6635091304779053,0.0,1.6635091304779053
থাকবে৷,0.6634890735149384,0.0,1.6634890735149384
অপরাধে,0.6634510159492493,0.0,1.6634510159492493
একাধিক,0.6634215116500854,0.0,1.6634215116500854
অচল,0.6633952260017395,0.0,1.6633952260017395
মিলা,0.6633870899677277,0.0,1.6633870899677277
ইস্পাত,0.6633782386779785,0.0,1.6633782386779785
দুব,0.663375198841095,0.0,1.663375198841095
বাড়া,0.6633480489253998,0.0,1.6633480489253998
তুলি,0.6632916629314423,0.0,1.6632916629314423
হোম,0.6632504761219025,0.0,1.6632504761219025
বাড়ু,0.6632217168807983,0.0,1.6632217168807983
দামী,0.6631483137607574,0.0,1.6631483137607574
অকারণে,0.6631337702274323,0.0,1.6631337702274323
চান৷,0.6630831658840179,0.0,1.663083165884018
কোনদি,0.6630747020244598,0.0,1.6630747020244598
পুরুষমানুষ,0.6630634069442749,0.0,1.663063406944275
বিক্রি,0.6731113791465759,0.010101010101010102,1.663010369045566
মাঝে৷,0.6629984676837921,0.0,1.6629984676837921
শনে,0.6629458963871002,0.0,1.6629458963871002
মাল,0.6629073321819305,0.0,1.6629073321819305
আড়া,0.6629029214382172,0.0,1.6629029214382172
হি,0.6729750037193298,0.010101010101010102,1.66287399361832
শান্ত,0.662720799446106,0.0,1.662720799446106
সুবিধ,0.6626878380775452,0.0,1.6626878380775452
আনবে,0.6626447141170502,0.0,1.6626447141170502
পিছু,0.6625666320323944,0.0,1.6625666320323944
বালা,0.662526398897171,0.0,1.662526398897171
বইতে,0.6624913215637207,0.0,1.6624913215637207
অনিয়মিত,0.6624583303928375,0.0,1.6624583303928375
পরিপূর্ণ,0.6624503135681152,0.0,1.6624503135681152
লুন,0.662391185760498,0.0,1.662391185760498
বিপ্লবী,0.6623275876045227,0.0,1.6623275876045227
ভালে,0.6622884273529053,0.0,1.6622884273529053
নাড়া,0.6622839868068695,0.0,1.6622839868068695
মাসুম,0.6622702777385712,0.0,1.6622702777385712
অপরাধী,0.6622616648674011,0.0,1.6622616648674011
বিস্ময়,0.6622333228588104,0.0,1.6622333228588104
প্রয়োগ,0.6621700823307037,0.0,1.6621700823307037
কমপক্ষে,0.6621561944484711,0.0,1.662156194448471
জের,0.6621371805667877,0.0,1.6621371805667877
বিকল,0.6621121764183044,0.0,1.6621121764183044
আশি,0.6620443761348724,0.0,1.6620443761348724
বাদল,0.6620182991027832,0.0,1.6620182991027832
ঘুরেফিরে,0.6619902849197388,0.0,1.6619902849197388
এতদূর,0.6619857549667358,0.0,1.6619857549667358
গুঁ,0.6619553565979004,0.0,1.6619553565979004
সেফ,0.6619501411914825,0.0,1.6619501411914825
আখি,0.6618617475032806,0.0,1.6618617475032806
পেশা,0.6618326306343079,0.0,1.6618326306343079
ভদ্রমহিলা,0.6617798507213593,0.0,1.6617798507213593
কয়েকট,0.6617594659328461,0.0,1.661759465932846
দোষ,0.6617462933063507,0.0,1.6617462933063507
মাপ,0.6617036163806915,0.0,1.6617036163806915
বসেছে৷,0.6616705656051636,0.0,1.6616705656051636
প্রচুর,0.6616524457931519,0.0,1.6616524457931519
লোকালয়ে,0.6616294682025909,0.0,1.661629468202591
হীর,0.6615859270095825,0.0,1.6615859270095825
পারছেন,0.6615749001502991,0.0,1.661574900150299
চাঙ্গা,0.6615659296512604,0.0,1.6615659296512604
হরিণ,0.6615518927574158,0.0,1.6615518927574158
কোম্পানি,0.6615193784236908,0.0,1.6615193784236908
বড়লোক,0.6715811192989349,0.010101010101010102,1.661480109197925
হাজারো,0.6614760160446167,0.0,1.6614760160446167
কারে,0.6614608764648438,0.0,1.6614608764648438
দুর্গম,0.6613954305648804,0.0,1.6613954305648804
রুক্ষ,0.6613724827766418,0.0,1.6613724827766418
চিকিৎসা,0.6612949073314667,0.0,1.6612949073314667
ফেললাম৷,0.6612704694271088,0.0,1.6612704694271088
চিনে,0.6612687408924103,0.0,1.6612687408924103
সেন্স,0.6612632870674133,0.0,1.6612632870674133
দরিদ্র,0.6612549424171448,0.0,1.6612549424171448
করেছিলেন৷,0.6612516939640045,0.0,1.6612516939640045
ব্যা,0.6611911058425903,0.0,1.6611911058425903
সেসব,0.6611836850643158,0.0,1.6611836850643158
থাবা,0.6611533164978027,0.0,1.6611533164978027
উৎসবে,0.6611380577087402,0.0,1.6611380577087402
অর,0.6610963046550751,0.0,1.661096304655075
অনুরোধে,0.6610493361949921,0.0,1.661049336194992
থেলা,0.6609987914562225,0.0,1.6609987914562225
এতসব,0.660973459482193,0.0,1.660973459482193
অধিনায়ক,0.6609672009944916,0.0,1.6609672009944916
বর্তমানে,0.6609631776809692,0.0,1.6609631776809692
ভাবনা,0.6609418988227844,0.0,1.6609418988227844
হাতে,0.6608635485172272,0.0,1.6608635485172272
ফাঁ,0.6608031690120697,0.0,1.6608031690120697
রফিক,0.6607376635074615,0.0,1.6607376635074615
রাখেন৷,0.6607216000556946,0.0,1.6607216000556946
ইন্ডিয়া,0.6607115268707275,0.0,1.6607115268707275
মিশন,0.6606845259666443,0.0,1.6606845259666443
হায়,0.6606183350086212,0.0,1.6606183350086212
ধা,0.6606077253818512,0.0,1.6606077253818512
খুঁটিনাটি,0.6604970693588257,0.0,1.6604970693588257
প্রত্যেক,0.6603994965553284,0.0,1.6603994965553284
তুলসী,0.6603663861751556,0.0,1.6603663861751556
উদ্দেশ্যে,0.660336822271347,0.0,1.660336822271347
চাকু,0.6602600514888763,0.0,1.6602600514888763
মানিয়ে,0.6602538228034973,0.0,1.6602538228034973
নেয়৷,0.6601407825946808,0.0,1.6601407825946808
মহিল,0.6702091097831726,0.010101010101010102,1.6601080996821627
জবুথবু,0.660106748342514,0.0,1.660106748342514
ঘুণাক্ষরে,0.6600108742713928,0.0,1.6600108742713928
কোণ,0.6598990559577942,0.0,1.6598990559577942
রাঙামা,0.6598901450634003,0.0,1.6598901450634003
ফাসি,0.659859299659729,0.0,1.659859299659729
কৃতজ্ঞতা,0.6598372459411621,0.0,1.659837245941162
দেখামাত্র,0.6598014831542969,0.0,1.6598014831542969
প্রত্যেকব,0.6597930192947388,0.0,1.6597930192947388
পরিপূর্ণভাবে,0.6597164571285248,0.0,1.6597164571285248
চেন,0.6596621572971344,0.0,1.6596621572971344
জানত,0.6595117747783661,0.0,1.659511774778366
হাঁপা,0.6594804227352142,0.0,1.6594804227352142
সুবিধা,0.6594098508358002,0.0,1.6594098508358002
ভে,0.6593703031539917,0.0,1.6593703031539917
গিয়েছিলে,0.6592963933944702,0.0,1.6592963933944702
সন্দেহ৷,0.6592659652233124,0.0,1.6592659652233124
বিপুল,0.659260630607605,0.0,1.659260630607605
অপরাধীর,0.6591571569442749,0.0,1.659157156944275
করিডোরে,0.6591279804706573,0.0,1.6591279804706573
মহাশয়,0.6591029465198517,0.0,1.6591029465198517
জটিল,0.6591021716594696,0.0,1.6591021716594696
চিরকাল,0.6590736210346222,0.0,1.6590736210346222
আলোড়ন,0.658960610628128,0.0,1.658960610628128
শুনিয়ে,0.6589604020118713,0.0,1.6589604020118713
যুক্তি,0.6588915586471558,0.0,1.6588915586471558
হতাম,0.6588893532752991,0.0,1.658889353275299
বিজয়,0.6588744819164276,0.0,1.6588744819164276
মারাত্মক,0.6688808500766754,0.010101010101010102,1.6587798399756655
শ্রোতা,0.6688577234745026,0.010101010101010102,1.6587567133734926
হাউজ,0.6586781740188599,0.0,1.6586781740188599
সরকারী,0.658373236656189,0.0,1.658373236656189
নিষ্ঠুরত,0.6582728624343872,0.0,1.6582728624343872
যাচ্ছেঃ,0.6582591533660889,0.0,1.6582591533660889
বাইশ,0.6581895351409912,0.0,1.6581895351409912
অভ্যর্থনা,0.6581867635250092,0.0,1.6581867635250092
কৌশল,0.658096045255661,0.0,1.658096045255661
প্রবাহ,0.6580597162246704,0.0,1.6580597162246704
বাড়ানো,0.6580579876899719,0.0,1.658057987689972
খু,0.6681122779846191,0.010101010101010102,1.6580112678836092
বন্ধুবান্ধব,0.6578695774078369,0.0,1.657869577407837
আলোচন,0.6577913165092468,0.0,1.6577913165092468
ধরি,0.6577231287956238,0.0,1.6577231287956238
পেয়েছে৷,0.6575011014938354,0.0,1.6575011014938354
তারে,0.6574395895004272,0.0,1.6574395895004272
হয়েছেঃ,0.65742626786232,0.0,1.65742626786232
বোঝে,0.6574193835258484,0.0,1.6574193835258484
মেল,0.6573722064495087,0.0,1.6573722064495087
চাইলেও,0.657296746969223,0.0,1.657296746969223
অনুসরণ,0.6572417616844177,0.0,1.6572417616844177
ঠাকুর,0.6673223078250885,0.010101010101010102,1.6572212977240786
বাচ্চ,0.65721195936203,0.0,1.65721195936203
খেয়া,0.6571090519428253,0.0,1.6571090519428253
কোম্পানির,0.6570720374584198,0.0,1.6570720374584198
কুৎসিত,0.6570160686969757,0.0,1.6570160686969757
অতিষ্ঠ,0.656977117061615,0.0,1.656977117061615
আক্রান্ত,0.6569730043411255,0.0,1.6569730043411255
ক্ষণে,0.6569090783596039,0.0,1.6569090783596039
রাখবি,0.6568855941295624,0.0,1.6568855941295624
ঘটেছিল,0.6567844152450562,0.0,1.6567844152450562
পাঁচজন,0.6567762792110443,0.0,1.6567762792110443
বাবু,0.6668750941753387,0.010101010101010102,1.6567740840743288
গাদাগাদি,0.6567682921886444,0.0,1.6567682921886444
সামনে৷,0.6566710472106934,0.0,1.6566710472106934
তাদেরকে,0.6566448211669922,0.0,1.6566448211669922
আসছি৷,0.6564266085624695,0.0,1.6564266085624695
হয়েছিস,0.6563867628574371,0.0,1.6563867628574371
বানায়,0.6563076376914978,0.0,1.6563076376914978
থিকথি,0.6561248898506165,0.0,1.6561248898506165
বাঁচিয়ে,0.6559816598892212,0.0,1.6559816598892212
তর্কবিতর্ক,0.6660709977149963,0.010101010101010102,1.6559699876139864
পারলাম৷,0.6559461355209351,0.0,1.655946135520935
উকিল,0.6559022963047028,0.0,1.6559022963047028
কোনদিন,0.6558923423290253,0.0,1.6558923423290253
বিভ্রান্ত,0.6558762490749359,0.0,1.655876249074936
এতবড়,0.655868798494339,0.0,1.655868798494339
থাকি৷,0.6558679640293121,0.0,1.6558679640293121
গিয়েছে৷,0.65584796667099,0.0,1.65584796667099
সামলা,0.6558131873607635,0.0,1.6558131873607635
গুহা,0.6558012068271637,0.0,1.6558012068271637
মিটা,0.6658828556537628,0.010101010101010102,1.6557818455527529
ব্যাটারি,0.6555774211883545,0.0,1.6555774211883545
ডি,0.6554381847381592,0.0,1.6554381847381592
কঠিন৷,0.6554355323314667,0.0,1.6554355323314667
দিয়েছেন৷,0.6553574502468109,0.0,1.655357450246811
অঙ্ক,0.6553184390068054,0.0,1.6553184390068054
গুরুত্ব,0.6552271246910095,0.0,1.6552271246910095
ভেবেছি,0.655224472284317,0.0,1.655224472284317
শুক,0.6552192568778992,0.0,1.6552192568778992
বিবেচনা,0.6552110314369202,0.0,1.6552110314369202
ঘুরছে৷,0.6551897823810577,0.0,1.6551897823810577
অনুষ,0.6551516056060791,0.0,1.655151605606079
খাপ,0.6550923883914948,0.0,1.6550923883914948
ছুটোছু,0.6550850570201874,0.0,1.6550850570201874
ফেলল৷,0.6549834609031677,0.0,1.6549834609031677
এঁটে,0.654955267906189,0.0,1.654955267906189
উত্তেজিত,0.6549222767353058,0.0,1.6549222767353058
অবলম্বন,0.6650190949440002,0.010101010101010102,1.6549180848429903
উঁড়িয়ে,0.6548460125923157,0.0,1.6548460125923157
কোমল,0.6547757089138031,0.0,1.654775708913803
নামি,0.6547698080539703,0.0,1.6547698080539703
শোনে,0.6547012329101562,0.0,1.6547012329101562
হরতাল,0.6546810269355774,0.0,1.6546810269355774
কার্তিক,0.6546728312969208,0.0,1.6546728312969208
ক্ষীণ,0.6546704471111298,0.0,1.6546704471111298
পুর,0.6546680629253387,0.0,1.6546680629253387
আচমকা,0.6546468734741211,0.0,1.654646873474121
সৈনিক,0.6646185517311096,0.010101010101010102,1.6545175416300997
পূর্ণ,0.6544622182846069,0.0,1.654462218284607
এনেছেন৷,0.6543312072753906,0.0,1.6543312072753906
সামনাসামনি,0.6542296707630157,0.0,1.6542296707630157
নিয়োজিত,0.6541476249694824,0.0,1.6541476249694824
এইট,0.6541411876678467,0.0,1.6541411876678467
বিশিষ্ট,0.6541110277175903,0.0,1.6541110277175903
করলাম৷,0.6541073024272919,0.0,1.6541073024272919
দেখালেন৷,0.6539537608623505,0.0,1.6539537608623505
বিকাল,0.6539089977741241,0.0,1.6539089977741241
দেন৷,0.6538912355899811,0.0,1.653891235589981
এরা,0.6538547575473785,0.0,1.6538547575473785
সিস্,0.6538534760475159,0.0,1.6538534760475159
ঝাক,0.6538415253162384,0.0,1.6538415253162384
ছুড়,0.6538284718990326,0.0,1.6538284718990326
আচরণ,0.6538051962852478,0.0,1.6538051962852478
ইমাম,0.6638794243335724,0.010101010101010102,1.6537784142325624
নেশায়,0.6537377238273621,0.0,1.653737723827362
খিলা,0.6537308096885681,0.0,1.6537308096885681
তূলে,0.6536940932273865,0.0,1.6536940932273865
বুলু,0.6536310315132141,0.0,1.6536310315132141
জানতাম,0.653624415397644,0.0,1.653624415397644
জানব,0.6536204218864441,0.0,1.653620421886444
সায়,0.6535205543041229,0.0,1.653520554304123
দোকানি,0.6534982323646545,0.0,1.6534982323646545
এলো,0.6534452736377716,0.0,1.6534452736377716
জন্মদিনে,0.6533799469470978,0.0,1.6533799469470978
রবার,0.6533659398555756,0.0,1.6533659398555756
পোকামাকড়,0.6531066596508026,0.0,1.6531066596508026
বাসন,0.6530413031578064,0.0,1.6530413031578064
একক,0.6530026793479919,0.0,1.653002679347992
রেডিওতে,0.6529555320739746,0.0,1.6529555320739746
বরাবর,0.6529045701026917,0.0,1.6529045701026917
দেবতা,0.6630027592182159,0.010101010101010102,1.652901749117206
অবিকল,0.6525934338569641,0.0,1.6525934338569641
হও,0.6524814665317535,0.0,1.6524814665317535
একসাথে,0.6524346470832825,0.0,1.6524346470832825
তে৷,0.6524247229099274,0.0,1.6524247229099274
ইনজেকশান,0.6523723006248474,0.0,1.6523723006248474
ফার্মগেট,0.6523239612579346,0.0,1.6523239612579346
যতদূর,0.6522783935070038,0.0,1.6522783935070038
পরিবেশের,0.6522469818592072,0.0,1.6522469818592072
মুনি,0.6522402763366699,0.0,1.65224027633667
সার্চ,0.6521894037723541,0.0,1.6521894037723541
একটুখানি,0.6520987153053284,0.0,1.6520987153053284
কষ্টে,0.66217902302742,0.010101010101010102,1.65207801292641
রাজশাহী,0.6520709693431854,0.0,1.6520709693431854
তাবে,0.65202397108078,0.0,1.65202397108078
বিনয়,0.6520127356052399,0.0,1.6520127356052399
শোক,0.651969701051712,0.0,1.651969701051712
পিট,0.651947557926178,0.0,1.651947557926178
পারে৷,0.6519444584846497,0.0,1.6519444584846497
কেট,0.6518947780132294,0.0,1.6518947780132294
কাটানো,0.661952942609787,0.010101010101010102,1.651851932508777
ক্ষেপ,0.6517170369625092,0.0,1.6517170369625092
কোরো,0.6517140865325928,0.0,1.6517140865325928
শিখ,0.6516230702400208,0.0,1.6516230702400208
ধইরা,0.6515879333019257,0.0,1.6515879333019257
আব্বু,0.6515879333019257,0.0,1.6515879333019257
কবির,0.6515378057956696,0.0,1.6515378057956696
চায়৷,0.6515254974365234,0.0,1.6515254974365234
হিমালয়,0.6515187919139862,0.0,1.6515187919139862
করছিলে,0.651459276676178,0.0,1.651459276676178
কাম,0.6514496207237244,0.0,1.6514496207237244
বাই,0.6514315605163574,0.0,1.6514315605163574
পাচ্ছে৷,0.6513111293315887,0.0,1.6513111293315887
নিঃসন্দেহ,0.6512743830680847,0.0,1.6512743830680847
ধরেছিল,0.6512703001499176,0.0,1.6512703001499176
বৈজ্ঞানিক,0.651248425245285,0.0,1.651248425245285
রাখব,0.6511938571929932,0.0,1.6511938571929932
পাওনা,0.6511890888214111,0.0,1.6511890888214111
ঘোরা,0.651181697845459,0.0,1.651181697845459
মোষ,0.65110182762146,0.0,1.65110182762146
পূর্ণিমা,0.6510980427265167,0.0,1.6510980427265167
চ্যাপ্,0.651087075471878,0.0,1.651087075471878
অন্ধ,0.6509788930416107,0.0,1.6509788930416107
লিভ,0.6509592235088348,0.0,1.6509592235088348
চারজন,0.6509175300598145,0.0,1.6509175300598145
নিশ্চিত,0.6508944928646088,0.0,1.6508944928646088
জানােয়ার,0.6508735418319702,0.0,1.6508735418319702
মিলিয়ন,0.6508525013923645,0.0,1.6508525013923645
ধাই,0.650673121213913,0.0,1.650673121213913
শ্রদ্ধা,0.6505818963050842,0.0,1.6505818963050842
স্নেহ,0.6505734026432037,0.0,1.6505734026432037
সুপ,0.6505506932735443,0.0,1.6505506932735443
খাটা,0.6505201458930969,0.0,1.650520145893097
মনসুর,0.660610020160675,0.010101010101010102,1.650509010059665
প্রসঙ্গে,0.6505001485347748,0.0,1.6505001485347748
রশ্মি,0.6504858136177063,0.0,1.6504858136177063
প্রমাণিত,0.6504181921482086,0.0,1.6504181921482086
থালি,0.6504178643226624,0.0,1.6504178643226624
কর্মকাণ্ড,0.650322824716568,0.0,1.650322824716568
দৈনন্দিন,0.6503118276596069,0.0,1.650311827659607
নমুনা,0.6502934694290161,0.0,1.6502934694290161
চাইছ,0.6502684056758881,0.0,1.650268405675888
সিংহ,0.6502592265605927,0.0,1.6502592265605927
পুণ্য,0.6502445936203003,0.0,1.6502445936203003
বেস,0.6501580774784088,0.0,1.6501580774784088
ভয়ানক,0.650126576423645,0.0,1.650126576423645
আব্বা,0.6601356565952301,0.010101010101010102,1.6500346464942202
বাকা,0.6499036848545074,0.0,1.6499036848545074
স্নায়ু,0.6498743891716003,0.0,1.6498743891716003
অগ্রাহ্য,0.6498655080795288,0.0,1.6498655080795288
হাসি৷,0.6498300731182098,0.0,1.6498300731182098
বডি,0.6498155891895294,0.0,1.6498155891895294
টাক,0.6497517824172974,0.0,1.6497517824172974
অস্বাভাবিক,0.6497514545917511,0.0,1.649751454591751
মহা,0.6597817540168762,0.010101010101010102,1.6496807439158663
কাদেরের,0.6496602594852448,0.0,1.6496602594852448
টিকিট,0.6496455669403076,0.0,1.6496455669403076
পাইনি,0.6495727896690369,0.0,1.6495727896690369
বলেনি,0.6494522094726562,0.0,1.6494522094726562
বাদশা,0.6493955552577972,0.0,1.6493955552577972
শিশির,0.6490761339664459,0.0,1.649076133966446
সময়টুকু,0.6490748822689056,0.0,1.6490748822689056
দাড়,0.6489803791046143,0.0,1.6489803791046143
সত্যিকার,0.6489631533622742,0.0,1.6489631533622742
ওয়ে,0.6489131152629852,0.0,1.6489131152629852
ইট,0.6489047110080719,0.0,1.648904711008072
প্রাইভেট,0.6488514244556427,0.0,1.6488514244556427
সিল,0.6487557590007782,0.0,1.6487557590007782
মরু,0.6487331688404083,0.0,1.6487331688404083
ছুটিয়ে,0.648620069026947,0.0,1.648620069026947
থুশি,0.648563027381897,0.0,1.648563027381897
অন্যান্য,0.6485515534877777,0.0,1.6485515534877777
খোদ,0.6485510468482971,0.0,1.6485510468482971
বাছা,0.6484816074371338,0.0,1.6484816074371338
তোমায়,0.648480087518692,0.0,1.648480087518692
বিলে,0.6484335362911224,0.0,1.6484335362911224
তফাৎ,0.6484275162220001,0.0,1.6484275162220001
বু,0.6484103500843048,0.0,1.6484103500843048
হঠাং,0.6484043598175049,0.0,1.6484043598175049
আড়াল,0.648350179195404,0.0,1.648350179195404
গু,0.6483474969863892,0.0,1.6483474969863892
করেছিলে,0.6483257710933685,0.0,1.6483257710933685
টেলিফোনে,0.648231714963913,0.0,1.648231714963913
রাখবে,0.6482182443141937,0.0,1.6482182443141937
কঠোর,0.6481970548629761,0.0,1.648197054862976
ঘামায়,0.6481561660766602,0.0,1.6481561660766602
জানবে,0.6481537818908691,0.0,1.6481537818908691
বেটা,0.648138701915741,0.0,1.648138701915741
কথাবার্তার,0.6481371819972992,0.0,1.6481371819972992
টেচিয়ে,0.647969663143158,0.0,1.647969663143158
সাগর,0.6479325890541077,0.0,1.6479325890541077
মহানন্দে,0.658006876707077,0.010101010101010102,1.647905866606067
ধরলাম৷,0.647896409034729,0.0,1.647896409034729
সাময়িক,0.6477819085121155,0.0,1.6477819085121155
চি,0.6477807462215424,0.0,1.6477807462215424
অনেকদূর,0.6477445363998413,0.0,1.6477445363998413
হাফিজ,0.647710770368576,0.0,1.647710770368576
দাঁড়িয়,0.6476176083087921,0.0,1.6476176083087921
মুশকিল৷,0.6476099491119385,0.0,1.6476099491119385
পাস্প,0.6475837528705597,0.0,1.6475837528705597
পেরেছি,0.6475087106227875,0.0,1.6475087106227875
বোঝানো,0.6474792063236237,0.0,1.6474792063236237
অসম্ভব,0.6474725008010864,0.0,1.6474725008010864
বোম,0.6474714279174805,0.0,1.6474714279174805
হৃদয়ে,0.6474255323410034,0.0,1.6474255323410034
সেকেণ্ড,0.6473812758922577,0.0,1.6473812758922577
অমিত,0.6473046839237213,0.0,1.6473046839237213
অস্থিরতায়,0.6472992599010468,0.0,1.6472992599010468
ধরলে,0.6472734212875366,0.0,1.6472734212875366
দাঁড়ালে,0.6472600996494293,0.0,1.6472600996494293
ফেলেছেন,0.647254228591919,0.0,1.647254228591919
চারি,0.6472140252590179,0.0,1.647214025259018
তলায়,0.6472120583057404,0.0,1.6472120583057404
হয়তা,0.6471140086650848,0.0,1.6471140086650848
ঝিম,0.6471060812473297,0.0,1.6471060812473297
খানিকট,0.6470859050750732,0.0,1.6470859050750732
ছা,0.6469888687133789,0.0,1.646988868713379
আত্মীয়স্বজন,0.6469699740409851,0.0,1.646969974040985
বোঝায়,0.6468681991100311,0.0,1.6468681991100311
পচিশ,0.6468345522880554,0.0,1.6468345522880554
নির্দোষ,0.6568848490715027,0.010101010101010102,1.6467838389704927
জায়গ,0.646750420331955,0.0,1.646750420331955
দৈনিক,0.6568345725536346,0.010101010101010102,1.6467335624526247
উঠবে৷,0.6466357409954071,0.0,1.646635740995407
সেজন্য,0.6466191411018372,0.0,1.6466191411018372
ইন,0.6465412974357605,0.0,1.6465412974357605
শয়তান,0.6566397547721863,0.010101010101010102,1.6465387446711763
ভাগে,0.6565964221954346,0.010101010101010102,1.6464954120944246
শুয়,0.6464588940143585,0.0,1.6464588940143585
প্রতিষ্ঠান,0.6463874280452728,0.0,1.6463874280452728
সোলায়মান,0.6463102996349335,0.0,1.6463102996349335
আমিন,0.6462073028087616,0.0,1.6462073028087616
জহির,0.6461902856826782,0.0,1.6461902856826782
পেশ,0.6461743414402008,0.0,1.6461743414402008
দেড়,0.6461323499679565,0.0,1.6461323499679565
পাগলা,0.64608034491539,0.0,1.64608034491539
কীভাবে,0.6460506021976471,0.0,1.646050602197647
ফেললেন৷,0.6459548771381378,0.0,1.6459548771381378
সোজা,0.6459223031997681,0.0,1.645922303199768
বোধহয়,0.6458074748516083,0.0,1.6458074748516083
অফিসার,0.645797997713089,0.0,1.645797997713089
সম্ভাবনা,0.6457527279853821,0.0,1.645752727985382
ফেল৷,0.6456758081912994,0.0,1.6456758081912994
লাগায়,0.6556695401668549,0.010101010101010102,1.645568530065845
তাকালে,0.6455094814300537,0.0,1.6455094814300537
পারদশী,0.6454879641532898,0.0,1.6454879641532898
অবিশ্বাস্য,0.6454519629478455,0.0,1.6454519629478455
ভগবান,0.6454412341117859,0.0,1.6454412341117859
রাখে৷,0.6454008519649506,0.0,1.6454008519649506
রিলিফ,0.6553083956241608,0.010101010101010102,1.6452073855231508
ঘুষ,0.6451768279075623,0.0,1.6451768279075623
তেমনি,0.6451554894447327,0.0,1.6451554894447327
বদি,0.6451250910758972,0.0,1.6451250910758972
আম্ম,0.6451161503791809,0.0,1.645116150379181
ম্যাপ,0.6449404954910278,0.0,1.6449404954910278
লেজ,0.654967337846756,0.010101010101010102,1.644866327745746
সীমা,0.6549647152423859,0.010101010101010102,1.644863705141376
কৌতূহলী,0.654916375875473,0.010101010101010102,1.644815365774463
যাবেঃ,0.6447819769382477,0.0,1.6447819769382477
আধাআধি,0.6447596549987793,0.0,1.6447596549987793
রেখেছি৷,0.6447241902351379,0.0,1.644724190235138
অবহেল,0.6446428298950195,0.0,1.6446428298950195
সেরকম৷,0.6446352899074554,0.0,1.6446352899074554
টিয়,0.6446256041526794,0.0,1.6446256041526794
অনিচ্ছ,0.6446090340614319,0.0,1.6446090340614319
পাল্লা,0.6445590555667877,0.0,1.6445590555667877
বুঝতে,0.6445522904396057,0.0,1.6445522904396057
বাল,0.6444216966629028,0.0,1.6444216966629028
ঘোরাঘুরি,0.6444136500358582,0.0,1.6444136500358582
জড়া,0.6443530917167664,0.0,1.6443530917167664
শেয়াল,0.6442953944206238,0.0,1.6442953944206238
তওবা,0.6442719101905823,0.0,1.6442719101905823
আসামী,0.6442470848560333,0.0,1.6442470848560333
মেডিক্যাল,0.6442293524742126,0.0,1.6442293524742126
নিয়মকানুন,0.6441555321216583,0.0,1.6441555321216583
মিটি,0.644149512052536,0.0,1.644149512052536
সরানো,0.6441100239753723,0.0,1.6441100239753723
গোলাপ,0.6541868448257446,0.010101010101010102,1.6440858347247347
রকমে,0.6439296305179596,0.0,1.6439296305179596
শ্বশুর,0.6439278423786163,0.0,1.6439278423786163
চোর,0.6438768208026886,0.0,1.6438768208026886
দেখাবে,0.6438604891300201,0.0,1.6438604891300201
তোলা,0.6438327431678772,0.0,1.6438327431678772
পাড়ি,0.6437743604183197,0.0,1.6437743604183197
গভীরে,0.6437568664550781,0.0,1.6437568664550781
জলজ্যান্ত,0.6437016427516937,0.0,1.6437016427516937
পিছ,0.6436117887496948,0.0,1.6436117887496948
স্যান্ডেল,0.6435785293579102,0.0,1.6435785293579102
নিখুঁত,0.6434441208839417,0.0,1.6434441208839417
লাগলো,0.6433932185173035,0.0,1.6433932185173035
দেখাশোনা,0.6433862447738647,0.0,1.6433862447738647
উপদ্র,0.643373966217041,0.0,1.643373966217041
দশদিন,0.6534737050533295,0.010101010101010102,1.6433726949523195
মনোয়,0.643371969461441,0.0,1.643371969461441
জীর্ণ,0.6433375477790833,0.0,1.6433375477790833
দিয়েছিলে,0.6433330774307251,0.0,1.643333077430725
প্রচলিত,0.6432745456695557,0.0,1.6432745456695557
উত্তাপ,0.6432500183582306,0.0,1.6432500183582306
অক্ষম,0.6431256830692291,0.0,1.6431256830692291
হিংস্র,0.653141975402832,0.010101010101010102,1.643040965301822
দুটা,0.6429152190685272,0.0,1.6429152190685272
কাটানোর,0.6429140865802765,0.0,1.6429140865802765
ওঠো,0.6429069638252258,0.0,1.6429069638252258
ফেনা,0.6429051756858826,0.0,1.6429051756858826
খালে,0.6428978145122528,0.0,1.6428978145122528
সংক্ষেপ,0.6427884995937347,0.0,1.6427884995937347
ছোবল,0.6427871286869049,0.0,1.642787128686905
অর্থহীন,0.6426839232444763,0.0,1.6426839232444763
কুই,0.6425047218799591,0.0,1.642504721879959
মধুর,0.6423822343349457,0.0,1.6423822343349457
দেবী,0.6523694097995758,0.010101010101010102,1.6422683996985659
আদব,0.642191469669342,0.0,1.642191469669342
বলি৷,0.6421857476234436,0.0,1.6421857476234436
আছেন৷,0.6421785652637482,0.0,1.6421785652637482
গনি,0.6421640813350677,0.0,1.6421640813350677
ভার,0.6522536873817444,0.010101010101010102,1.6421526772807344
মতো৷,0.642128050327301,0.0,1.642128050327301
ফেলেছি,0.6421172618865967,0.0,1.6421172618865967
সাপ্লা,0.642071396112442,0.0,1.642071396112442
শহীদ,0.6420690417289734,0.0,1.6420690417289734
ধরো,0.642047792673111,0.0,1.642047792673111
ফোর্স,0.6420423686504364,0.0,1.6420423686504364
পচা,0.6419122219085693,0.0,1.6419122219085693
মাওলানা,0.6727294027805328,0.030927835051546393,1.6418015677289866
আশ্রম,0.641604870557785,0.0,1.641604870557785
মানুষকে,0.6415937542915344,0.0,1.6415937542915344
আলগো,0.641588568687439,0.0,1.641588568687439
প্রাকৃতিক,0.6415491700172424,0.0,1.6415491700172424
সেভ,0.6415360569953918,0.0,1.6415360569953918
মোবাইল,0.6414965391159058,0.0,1.6414965391159058
মতামত,0.6414516270160675,0.0,1.6414516270160675
উদাহরণ,0.6414276361465454,0.0,1.6414276361465454
অংশটুকু,0.6414187252521515,0.0,1.6414187252521515
গেছি৷,0.6413861811161041,0.0,1.6413861811161041
শিউরে,0.6413756310939789,0.0,1.6413756310939789
প্রথমদি,0.6413585841655731,0.0,1.6413585841655731
ওঠা,0.6413359344005585,0.0,1.6413359344005585
তক্ষুণি,0.6413300335407257,0.0,1.6413300335407257
ভোররা,0.6413042843341827,0.0,1.6413042843341827
উদ্দাম,0.6412583291530609,0.0,1.641258329153061
বাংলায়,0.6511056125164032,0.010101010101010102,1.6410046024153933
বিশ্ময়,0.6409928202629089,0.0,1.640992820262909
শূন্য,0.6409542560577393,0.0,1.6409542560577393
মিটিয়ে,0.6409132182598114,0.0,1.6409132182598114
সাহেব৷,0.6409090757369995,0.0,1.6409090757369995
ফেরার,0.64085853099823,0.0,1.64085853099823
মস্তিষ্ক,0.6408237218856812,0.0,1.6408237218856812
মাঠে,0.6408145725727081,0.0,1.6408145725727081
কাকা,0.6407953202724457,0.0,1.6407953202724457
শিখে,0.6508575975894928,0.010101010101010102,1.6407565874884829
নিলে,0.6407422721385956,0.0,1.6407422721385956
তদ্রলোক,0.6407379508018494,0.0,1.6407379508018494
হাতির,0.6406990885734558,0.0,1.6406990885734558
হাউস,0.6406896412372589,0.0,1.640689641237259
রাস্তাঘাট,0.6404886543750763,0.0,1.6404886543750763
দেড়েক,0.6404632329940796,0.0,1.6404632329940796
শুনেছি,0.6404487788677216,0.0,1.6404487788677216
পোড়,0.640414297580719,0.0,1.640414297580719
ভেদ,0.640410989522934,0.0,1.640410989522934
আতা,0.6403676569461823,0.0,1.6403676569461823
দাড়ান,0.6403093338012695,0.0,1.6403093338012695
পুলিস,0.640306144952774,0.0,1.640306144952774
এনেছিল,0.6403017938137054,0.0,1.6403017938137054
কেক,0.6503980457782745,0.010101010101010102,1.6402970356772646
আমাদের৷,0.6402536034584045,0.0,1.6402536034584045
শুনতে,0.6402513086795807,0.0,1.6402513086795807
কোনায়,0.6401718854904175,0.0,1.6401718854904175
শাস্তি,0.650271475315094,0.010101010101010102,1.640170465214084
উপক,0.6401458978652954,0.0,1.6401458978652954
অভিজ্ঞতা,0.6401430070400238,0.0,1.6401430070400238
বাড়,0.6501838564872742,0.010101010101010102,1.6400828463862642
এয়,0.650138646364212,0.010101010101010102,1.640037636263202
ছেলেটি,0.6400361359119415,0.0,1.6400361359119415
সারা,0.6400116980075836,0.0,1.6400116980075836
ঝুঁকি,0.6400101780891418,0.0,1.6400101780891418
অধিক,0.6399683654308319,0.0,1.639968365430832
প্রিয়,0.6399547457695007,0.0,1.6399547457695007
হই,0.6399518549442291,0.0,1.6399518549442291
আমল,0.6500518918037415,0.010101010101010102,1.6399508817027315
লাঠি,0.6399466097354889,0.0,1.639946609735489
বক্তৃতা,0.6399383246898651,0.0,1.6399383246898651
নাতনি,0.6399160921573639,0.0,1.639916092157364
ছাদের,0.6499967277050018,0.010101010101010102,1.6398957176039919
অভিযানে,0.6398654282093048,0.0,1.6398654282093048
শিখিয়ে,0.6398424208164215,0.0,1.6398424208164215
মই,0.6398364901542664,0.0,1.6398364901542664
দুর,0.6398186981678009,0.0,1.639818698167801
ছাড়ল,0.6397300958633423,0.0,1.6397300958633423
আসে৷,0.6396740078926086,0.0,1.6396740078926086
টানে,0.6497362554073334,0.010101010101010102,1.6396352453063234
পাঠাবে,0.6396157443523407,0.0,1.6396157443523407
পনেরো,0.6396112442016602,0.0,1.6396112442016602
কাবু,0.6395989656448364,0.0,1.6395989656448364
একেক,0.6495716273784637,0.010101010101010102,1.6394706172774538
পৌছু,0.6394589841365814,0.0,1.6394589841365814
ক্যা,0.6394529044628143,0.0,1.6394529044628143
রাখলে,0.6394276022911072,0.0,1.6394276022911072
শিষ,0.6393469572067261,0.0,1.639346957206726
ছোটে,0.63918337225914,0.0,1.63918337225914
স্বর্গে,0.6391831040382385,0.0,1.6391831040382385
এরপরে,0.6391692161560059,0.0,1.6391692161560059
পারেন৷,0.6391495168209076,0.0,1.6391495168209076
রাথ,0.6390164792537689,0.0,1.639016479253769
সাজিয়ে,0.6389661729335785,0.0,1.6389661729335785
ভিত্তি,0.6389542818069458,0.0,1.6389542818069458
জাগানো,0.6389429569244385,0.0,1.6389429569244385
সেও,0.6389231085777283,0.0,1.6389231085777283
বেলাতে,0.6388418972492218,0.0,1.6388418972492218
সালামের,0.6387597322463989,0.0,1.638759732246399
পাক,0.6386910378932953,0.0,1.6386910378932953
অনিচ্ছা,0.638657957315445,0.0,1.638657957315445
সদরঘাট,0.6386257112026215,0.0,1.6386257112026215
দেখতে,0.6386196911334991,0.0,1.6386196911334991
এদিকওদিক,0.6386195123195648,0.0,1.6386195123195648
কতদূর,0.6486325263977051,0.010101010101010102,1.6385315162966951
জমজমাট,0.6385132968425751,0.0,1.638513296842575
গাম,0.6384355127811432,0.0,1.6384355127811432
যাচ্ছে৷,0.6384140253067017,0.0,1.6384140253067017
চান্স,0.6383987069129944,0.0,1.6383987069129944
চাষ,0.6484687328338623,0.010101010101010102,1.6383677227328524
পূর্ব,0.6383226215839386,0.0,1.6383226215839386
অনেককে,0.6382754147052765,0.0,1.6382754147052765
নানান,0.6382498145103455,0.0,1.6382498145103455
স্যার৷,0.6382454335689545,0.0,1.6382454335689545
ব্যাপারটি,0.6483019590377808,0.010101010101010102,1.6382009489367708
দেখব,0.6381863653659821,0.0,1.638186365365982
দেখিয়,0.6380924582481384,0.0,1.6380924582481384
দোল,0.6380093991756439,0.0,1.638009399175644
জুড়ি,0.637999027967453,0.0,1.637999027967453
বিস্ময়কর,0.637995034456253,0.0,1.637995034456253
পারফেক্ট,0.637920618057251,0.0,1.637920618057251
মুশকিল,0.6378554701805115,0.0,1.6378554701805115
ভাসা,0.6378536820411682,0.0,1.6378536820411682
হেড,0.647923082113266,0.010101010101010102,1.637822072012256
দেখছ,0.6378062665462494,0.0,1.6378062665462494
সম্বন্ধে,0.6478476226329803,0.010101010101010102,1.6377466125319704
উদ্দিন,0.6376652717590332,0.0,1.6376652717590332
দেখত,0.6376380622386932,0.0,1.6376380622386932
ধাতব,0.6376099288463593,0.0,1.6376099288463593
পোক,0.6477059423923492,0.010101010101010102,1.6376049322913393
ভাবি,0.6375931203365326,0.0,1.6375931203365326
বুদ্ধিজীবী,0.6375776827335358,0.0,1.6375776827335358
যেরকম,0.6375291049480438,0.0,1.6375291049480438
বুদ্ধিমান,0.647607296705246,0.010101010101010102,1.637506286604236
সেদিক,0.6375033855438232,0.0,1.6375033855438232
যাক৷,0.6374173164367676,0.0,1.6374173164367676
কর্মকান্ড,0.6374172866344452,0.0,1.6374172866344452
বোমা,0.6373979151248932,0.0,1.6373979151248932
লরি,0.6373751163482666,0.0,1.6373751163482666
ক্রিকেট,0.637350857257843,0.0,1.637350857257843
ঘাট,0.647429883480072,0.010101010101010102,1.637328873379062
চিরে,0.6373230814933777,0.0,1.6373230814933777
বনে,0.6373215019702911,0.0,1.6373215019702911
দুইব,0.6373072564601898,0.0,1.6373072564601898
দৃশ্যে,0.6372992396354675,0.0,1.6372992396354675
বেশিদূর,0.6372902989387512,0.0,1.6372902989387512
আরোপ,0.6372660398483276,0.0,1.6372660398483276
পাকিয়ে,0.6473285257816315,0.010101010101010102,1.6372275156806215
ওদিক,0.6372056901454926,0.0,1.6372056901454926
সেকেন্ড,0.637191891670227,0.0,1.637191891670227
সরানোর,0.6371792256832123,0.0,1.6371792256832123
মজিদ,0.6575457155704498,0.02040816326530612,1.6371375523051437
দুয়েকের,0.637058824300766,0.0,1.637058824300766
পরি,0.6370300948619843,0.0,1.6370300948619843
ঝুলে,0.6369609534740448,0.0,1.6369609534740448
একদৃষ্টে,0.6368962824344635,0.0,1.6368962824344635
শরু,0.6368393301963806,0.0,1.6368393301963806
আসন্ন,0.6367376148700714,0.0,1.6367376148700714
হেলিকগ্টারে,0.6367176175117493,0.0,1.6367176175117493
টুকটুক,0.6367141902446747,0.0,1.6367141902446747
নার্স,0.6366793811321259,0.0,1.6366793811321259
সারানোর,0.6366741359233856,0.0,1.6366741359233856
শোনামাত্র,0.6366382539272308,0.0,1.6366382539272308
ছাতি,0.6366046369075775,0.0,1.6366046369075775
তালুকদ,0.6365423202514648,0.0,1.6365423202514648
খুঁটিয়ে,0.6365307569503784,0.0,1.6365307569503784
জরুরী,0.6365074217319489,0.0,1.6365074217319489
একদি,0.6466036736965179,0.010101010101010102,1.636502663595508
দীর্ঘনিশ্বাস,0.6364472508430481,0.0,1.636447250843048
টেক,0.6364234387874603,0.0,1.6364234387874603
ভাবল,0.636417806148529,0.0,1.636417806148529
পাকানো,0.6363633573055267,0.0,1.6363633573055267
বিষণ্ন,0.6363590955734253,0.0,1.6363590955734253
প্রকাণ্ড,0.6363582611083984,0.0,1.6363582611083984
কৌতূহল,0.6464155614376068,0.010101010101010102,1.6363145513365969
করছিল৷,0.6362975835800171,0.0,1.636297583580017
জার্মান,0.636289119720459,0.0,1.636289119720459
যথারীতি,0.6362719535827637,0.0,1.6362719535827637
পিচ,0.6463294327259064,0.010101010101010102,1.6362284226248964
পাঠিয়,0.6362243890762329,0.0,1.636224389076233
বাছুর,0.6361721754074097,0.0,1.6361721754074097
ঘামা,0.6361367106437683,0.0,1.6361367106437683
থাকতাম৷,0.6361047327518463,0.0,1.6361047327518463
গুহ,0.6360264718532562,0.0,1.6360264718532562
দুশ্চিন্ত,0.6360170841217041,0.0,1.636017084121704
আত্নীয়স্বজন,0.6359073221683502,0.0,1.6359073221683502
লাই,0.6358546018600464,0.0,1.6358546018600464
শো,0.6358419954776764,0.0,1.6358419954776764
শাখ,0.6358410716056824,0.0,1.6358410716056824
দিতে,0.63582843542099,0.0,1.63582843542099
খাতিরে,0.6357781291007996,0.0,1.6357781291007996
খাটো,0.6356657147407532,0.0,1.6356657147407532
ফাকি,0.6356271207332611,0.0,1.635627120733261
ক্রুদ্ধ,0.6356186270713806,0.0,1.6356186270713806
মাইক্রোবাস,0.6355243921279907,0.0,1.6355243921279907
বাঁকা,0.6354313790798187,0.0,1.6354313790798187
ক্যান,0.6354286074638367,0.0,1.6354286074638367
সরি,0.6354132294654846,0.0,1.6354132294654846
বাঘ,0.645511120557785,0.010101010101010102,1.635410110456775
ভয়াবহ,0.6353575587272644,0.0,1.6353575587272644
সিরিয়াস,0.6353528201580048,0.0,1.6353528201580048
সাধন,0.6557333469390869,0.02040816326530612,1.6353251836737808
বেত,0.6353071928024292,0.0,1.6353071928024292
বিড়,0.635306179523468,0.0,1.635306179523468
জীপে,0.6351718306541443,0.0,1.6351718306541443
ক্যাশ,0.6351481676101685,0.0,1.6351481676101685
সুবিধে,0.6351331174373627,0.0,1.6351331174373627
ততদিনে,0.6351318061351776,0.0,1.6351318061351776
রক্তশূন্য,0.6350490152835846,0.0,1.6350490152835846
মতিন,0.6350431740283966,0.0,1.6350431740283966
পাত,0.6348547339439392,0.0,1.6348547339439392
বুলেট,0.6348531544208527,0.0,1.6348531544208527
দাড়ালে,0.6348411738872528,0.0,1.6348411738872528
গলির,0.6347946524620056,0.0,1.6347946524620056
অগ্যুৎপাত,0.634766548871994,0.0,1.634766548871994
নিবে,0.6347090601921082,0.0,1.6347090601921082
গোয়েন্দা,0.6346772313117981,0.0,1.634677231311798
উঠিয়ে,0.6346645951271057,0.0,1.6346645951271057
প্রেস,0.6550377309322357,0.02040816326530612,1.6346295676669296
গুজব,0.6346254348754883,0.0,1.6346254348754883
ভুতুড়ে,0.6345777809619904,0.0,1.6345777809619904
মেনি,0.634576141834259,0.0,1.634576141834259
হাজারের,0.6345421671867371,0.0,1.634542167186737
উদ্দেশ,0.6344990432262421,0.0,1.634499043226242
দারুণ,0.6344221234321594,0.0,1.6344221234321594
ডিউ,0.6444689929485321,0.010101010101010102,1.6343679828475222
অবসান,0.6343550682067871,0.0,1.634355068206787
যেটা,0.6342267096042633,0.0,1.6342267096042633
জামা,0.6443021893501282,0.010101010101010102,1.6342011792491182
বলেছিস,0.6442267298698425,0.010101010101010102,1.6341257197688326
মোবারক,0.6341013312339783,0.0,1.6341013312339783
ভাগাভাগি,0.6340901255607605,0.0,1.6340901255607605
বুঝলে,0.6340573132038116,0.0,1.6340573132038116
হিমশিম,0.6340436637401581,0.0,1.634043663740158
দীর্ঘশ্বাস,0.6340356767177582,0.0,1.6340356767177582
অবস্থান,0.6339815855026245,0.0,1.6339815855026245
কলা,0.6339737772941589,0.0,1.633973777294159
চূপ,0.633955329656601,0.0,1.633955329656601
তারকা,0.633939802646637,0.0,1.633939802646637
গুণ,0.6338908076286316,0.0,1.6338908076286316
সমাজে,0.633872389793396,0.0,1.633872389793396
সেরকমভাবে,0.6338584721088409,0.0,1.633858472108841
বাসে,0.6338507831096649,0.0,1.633850783109665
সর্বদা,0.6338186860084534,0.0,1.6338186860084534
আনন্দিত,0.6438751816749573,0.010101010101010102,1.6337741715739473
হারানো,0.633771151304245,0.0,1.633771151304245
হাতে৷,0.6337306797504425,0.0,1.6337306797504425
ট্রা,0.6337165236473083,0.0,1.6337165236473083
ডিকি,0.633674830198288,0.0,1.633674830198288
ভাগনে,0.6336179375648499,0.0,1.6336179375648499
কিরকম,0.6336159408092499,0.0,1.6336159408092499
ঘাবড়ে,0.6335723400115967,0.0,1.6335723400115967
জেনেছি,0.6335491836071014,0.0,1.6335491836071014
আজিজ,0.6335367262363434,0.0,1.6335367262363434
জীবাণুর,0.6334486305713654,0.0,1.6334486305713654
মৃতদেহ,0.6334185600280762,0.0,1.6334185600280762
আয়ন,0.6332906186580658,0.0,1.6332906186580658
খোজখবর,0.6332780718803406,0.0,1.6332780718803406
তিনদিন,0.6332773566246033,0.0,1.6332773566246033
সাক্ষাত,0.6332471370697021,0.0,1.6332471370697021
বাচে,0.633238822221756,0.0,1.633238822221756
বন্ধুর,0.6331718266010284,0.0,1.6331718266010284
সাগরে,0.6331264674663544,0.0,1.6331264674663544
বিখ্যাত,0.633105456829071,0.0,1.633105456829071
দুর্গ,0.6431724727153778,0.010101010101010102,1.6330714626143679
একএক,0.6330701112747192,0.0,1.6330701112747192
রাখুন,0.6329664885997772,0.0,1.6329664885997772
দিই৷,0.6329541504383087,0.0,1.6329541504383087
মুখোমুখি,0.6329286694526672,0.0,1.6329286694526672
পৌছা,0.6329004764556885,0.0,1.6329004764556885
ঘুমিয়েছিল,0.6328074634075165,0.0,1.6328074634075165
শতাব্দী,0.6428546011447906,0.010101010101010102,1.6327535910437807
আশঙ্কা,0.6327519118785858,0.0,1.6327519118785858
উনা,0.6327323615550995,0.0,1.6327323615550995
কাটিয়েছি,0.6327266097068787,0.0,1.6327266097068787
শেকল,0.6326987445354462,0.0,1.6326987445354462
বেশিরভাগ,0.6326750814914703,0.0,1.6326750814914703
নির্ভুল,0.6326741874217987,0.0,1.6326741874217987
ইয়,0.6326739192008972,0.0,1.6326739192008972
কিছুর,0.6325955986976624,0.0,1.6325955986976624
কৌতুক,0.6325823664665222,0.0,1.6325823664665222
তুলব,0.6426318287849426,0.010101010101010102,1.6325308186839327
আসিয়া,0.6324834823608398,0.0,1.6324834823608398
অমুক,0.6324714422225952,0.0,1.6324714422225952
অভিজ্ঞত,0.6323837339878082,0.0,1.6323837339878082
সামাল,0.6323478519916534,0.0,1.6323478519916534
জামান,0.6323441863059998,0.0,1.6323441863059998
বারবার,0.6424412131309509,0.010101010101010102,1.632340203029941
বীর,0.6322784423828125,0.0,1.6322784423828125
আপাতত,0.6321205496788025,0.0,1.6321205496788025
ত্রু,0.6422203481197357,0.010101010101010102,1.6321193380187258
বসবে,0.6421869695186615,0.010101010101010102,1.6320859594176516
তিনব,0.6320554614067078,0.0,1.6320554614067078
মজনু,0.6421304941177368,0.010101010101010102,1.6320294840167269
শির,0.6319504082202911,0.0,1.6319504082202911
শামসুদ্দিন,0.6318602561950684,0.0,1.6318602561950684
বাথরুম,0.6318279206752777,0.0,1.6318279206752777
নে,0.6315948665142059,0.0,1.631594866514206
চারপাশ,0.6315737664699554,0.0,1.6315737664699554
চাইতেই,0.6315558850765228,0.0,1.6315558850765228
সজ্ঞানে,0.631520539522171,0.0,1.631520539522171
বিন্দুমাত্র,0.6314935982227325,0.0,1.6314935982227325
আসআস,0.6314704418182373,0.0,1.6314704418182373
থিয়ে,0.6314674913883209,0.0,1.631467491388321
আপনজন,0.6314320862293243,0.0,1.6314320862293243
কেয়,0.6415326297283173,0.010101010101010102,1.6314316196273073
তাগ,0.6313953697681427,0.0,1.6313953697681427
দুলাল,0.6313447952270508,0.0,1.6313447952270508
খাবারদাবার,0.6313249468803406,0.0,1.6313249468803406
ভিক্ষুক,0.6414055824279785,0.010101010101010102,1.6313045723269686
সচরাচর,0.6313012540340424,0.0,1.6313012540340424
কাবাব,0.6312293410301208,0.0,1.6312293410301208
ভাবভঙ্গি,0.631180465221405,0.0,1.631180465221405
বোন,0.6311348378658295,0.0,1.6311348378658295
রাজা,0.6311108767986298,0.0,1.6311108767986298
আগায়,0.6310782432556152,0.0,1.6310782432556152
অর্ড,0.6310510039329529,0.0,1.6310510039329529
সাদেকের,0.6411305367946625,0.010101010101010102,1.6310295266936525
চল্লিশ,0.6310277581214905,0.0,1.6310277581214905
অজান্তে,0.6310132443904877,0.0,1.6310132443904877
ছে,0.6310099363327026,0.0,1.6310099363327026
জানােয়,0.6310032904148102,0.0,1.6310032904148102
উন্মাদ,0.6309425234794617,0.0,1.6309425234794617
মিলিটারিদের,0.6309196949005127,0.0,1.6309196949005127
কোনোরকমে,0.6308875679969788,0.0,1.6308875679969788
কয়ে,0.6308498680591583,0.0,1.6308498680591583
পড়ি৷,0.6308434307575226,0.0,1.6308434307575226
যাচ্ছি৷,0.6308319270610809,0.0,1.630831927061081
মাবাবা,0.6307982206344604,0.0,1.6307982206344604
ভূল,0.630708783864975,0.0,1.630708783864975
হতচকিত,0.6306691467761993,0.0,1.6306691467761993
হাদি,0.6306191086769104,0.0,1.6306191086769104
দুঃখকষ্ট,0.6305998861789703,0.0,1.6305998861789703
নিজস্ব,0.6305895745754242,0.0,1.6305895745754242
চাক,0.6305238604545593,0.0,1.6305238604545593
ফুটবল,0.6304892301559448,0.0,1.6304892301559448
আবা,0.6304773688316345,0.0,1.6304773688316345
আহা,0.6304191648960114,0.0,1.6304191648960114
বাপ,0.6303876340389252,0.0,1.6303876340389252
মূর্তি,0.6303848028182983,0.0,1.6303848028182983
কাছেঃ,0.6303775012493134,0.0,1.6303775012493134
জাহাজ,0.6303534507751465,0.0,1.6303534507751465
সম্বোধন,0.6303529441356659,0.0,1.630352944135666
পশু,0.6404251158237457,0.010101010101010102,1.6303241057227358
বেঁধেছে৷,0.6302549839019775,0.0,1.6302549839019775
তেলের,0.6302104294300079,0.0,1.630210429430008
বাঁচা,0.6301897466182709,0.0,1.6301897466182709
রেশন,0.6301626563072205,0.0,1.6301626563072205
দোজখ,0.6402457058429718,0.010101010101010102,1.6301446957419619
কাঠ,0.6300283074378967,0.0,1.6300283074378967
চুক,0.629991739988327,0.0,1.629991739988327
দুলাভা,0.6299231946468353,0.0,1.6299231946468353
নীরবে,0.6298995316028595,0.0,1.6298995316028595
কার্যকর,0.6502647697925568,0.02040816326530612,1.6298566065272506
নড়াচড়া,0.6298133134841919,0.0,1.629813313484192
মিস্,0.6298040747642517,0.0,1.6298040747642517
পদ্ধতি,0.6297811567783356,0.0,1.6297811567783356
কারণটি,0.6296417713165283,0.0,1.6296417713165283
কাটাকা,0.6295797824859619,0.0,1.629579782485962
রীনা,0.6295468509197235,0.0,1.6295468509197235
কুমারী,0.629503071308136,0.0,1.629503071308136
পদক্ষেপ,0.6294867992401123,0.0,1.6294867992401123
ছাড়,0.6294730305671692,0.0,1.6294730305671692
বেরু,0.62944096326828,0.0,1.62944096326828
টাইপ,0.6293259859085083,0.0,1.6293259859085083
অনুবাদ,0.6292977035045624,0.0,1.6292977035045624
হার্ট,0.6292780935764313,0.0,1.6292780935764313
তি,0.6292348206043243,0.0,1.6292348206043243
তাতে,0.6291843950748444,0.0,1.6291843950748444
চুরি,0.6291647255420685,0.0,1.6291647255420685
মানি,0.6291556358337402,0.0,1.6291556358337402
মোড়া,0.6291534602642059,0.0,1.629153460264206
এসেছেন৷,0.6291525065898895,0.0,1.6291525065898895
ঢুকতে,0.6289862394332886,0.0,1.6289862394332886
এনেছে৷,0.6289659738540649,0.0,1.628965973854065
দেখিনি,0.6289418935775757,0.0,1.6289418935775757
সেবা,0.6289376020431519,0.0,1.6289376020431519
মাসে,0.6389825642108917,0.010101010101010102,1.6288815541098818
মরিয়া,0.6288098692893982,0.0,1.6288098692893982
অনুভূতি,0.6287935078144073,0.0,1.6287935078144073
আড়াআড়িভাবে,0.6388859152793884,0.010101010101010102,1.6287849051783785
দাঁড়ায়,0.6287431418895721,0.0,1.6287431418895721
সৌভাগ্য,0.6287413537502289,0.0,1.6287413537502289
পাঞ্জাবি,0.6387801766395569,0.010101010101010102,1.628679166538547
সংবাদ,0.6387334167957306,0.010101010101010102,1.6286324066947206
সংগঠিত,0.6286261975765228,0.0,1.6286261975765228
গবেষণা,0.6386483311653137,0.010101010101010102,1.6285473210643038
রূপে,0.6285440027713776,0.0,1.6285440027713776
বেবী,0.6285429298877716,0.0,1.6285429298877716
ছেলেমানুষি,0.6285078525543213,0.0,1.6285078525543213
বসতে,0.6284982860088348,0.0,1.6284982860088348
পরিস্থিতি,0.628413736820221,0.0,1.628413736820221
উদ্বেগ,0.628399521112442,0.0,1.628399521112442
মূল,0.6283645033836365,0.0,1.6283645033836365
আইনস্টাইন,0.6283479332923889,0.0,1.628347933292389
বইপত্র,0.628344714641571,0.0,1.628344714641571
আমেরিকা,0.6283243596553802,0.0,1.6283243596553802
ব্যক্তি,0.628294825553894,0.0,1.628294825553894
আয়নায়,0.6282696723937988,0.0,1.6282696723937988
পুলিশে,0.6282628774642944,0.0,1.6282628774642944
ঐদিন,0.6282451152801514,0.0,1.6282451152801514
দা,0.6282093822956085,0.0,1.6282093822956085
ওরকম,0.6281946301460266,0.0,1.6281946301460266
অন,0.6281603276729584,0.0,1.6281603276729584
হিংসা,0.6281412839889526,0.0,1.6281412839889526
চলা,0.6280619502067566,0.0,1.6280619502067566
মাহ,0.6280049085617065,0.0,1.6280049085617065
ম্যানেজ,0.6279883682727814,0.0,1.6279883682727814
বাজনা,0.6279695332050323,0.0,1.6279695332050323
ভাঙাচো,0.6279615461826324,0.0,1.6279615461826324
অবিশ্বাস,0.6279488801956177,0.0,1.6279488801956177
জী,0.6279097497463226,0.0,1.6279097497463226
খাতির,0.6482963562011719,0.02040816326530612,1.6278881929358657
মিডি,0.6278803646564484,0.0,1.6278803646564484
ইতিমধ্যে,0.6278687417507172,0.0,1.6278687417507172
পর্যায়,0.6278581023216248,0.0,1.6278581023216248
বদমাশ,0.6278561055660248,0.0,1.6278561055660248
উঠবে,0.6277932226657867,0.0,1.6277932226657867
অন্যরকম,0.6277637779712677,0.0,1.6277637779712677
বাঁদর,0.6277332305908203,0.0,1.6277332305908203
থাল,0.6275663375854492,0.0,1.6275663375854492
রুটিন,0.6275199949741364,0.0,1.6275199949741364
শুনল,0.6274937093257904,0.0,1.6274937093257904
যথার্থ,0.6273929178714752,0.0,1.6273929178714752
কর্তা,0.627386063337326,0.0,1.627386063337326
সােজা,0.627344936132431,0.0,1.627344936132431
আগেভাগে,0.6273299753665924,0.0,1.6273299753665924
ফেলেছি৷,0.6272634267807007,0.0,1.6272634267807007
পাত্তা,0.627210408449173,0.0,1.627210408449173
রাখত,0.6271614134311676,0.0,1.6271614134311676
বাজি,0.6271488964557648,0.0,1.6271488964557648
শুত,0.6270837187767029,0.0,1.6270837187767029
ওড়,0.6270802915096283,0.0,1.6270802915096283
মৃত্যুসংবাদ,0.62706059217453,0.0,1.62706059217453
হিসাবনিকাশ,0.6270390450954437,0.0,1.6270390450954437
প্রতিদিন,0.6270107328891754,0.0,1.6270107328891754
যাও৷,0.6269972324371338,0.0,1.6269972324371338
খুড়ে,0.6268865764141083,0.0,1.6268865764141083
উৎসাহী,0.6267732679843903,0.0,1.6267732679843903
আকৃতি,0.626754641532898,0.0,1.626754641532898
তাছাড়া,0.6267504394054413,0.0,1.6267504394054413
মিথ্য,0.6267344355583191,0.0,1.626734435558319
সিট,0.6267215609550476,0.0,1.6267215609550476
পার্থক্য,0.626707136631012,0.0,1.626707136631012
বান্ধবী,0.6266261339187622,0.0,1.6266261339187622
বুলিয়ে,0.6265368461608887,0.0,1.6265368461608887
ঠাণ্ড,0.6265175640583038,0.0,1.6265175640583038
দুলিয়ে,0.6265053749084473,0.0,1.6265053749084473
খার,0.6264035105705261,0.0,1.6264035105705261
তেরি,0.6263837814331055,0.0,1.6263837814331055
ভাটা,0.6263601779937744,0.0,1.6263601779937744
ঘুরা,0.6262573897838593,0.0,1.6262573897838593
ছিটিয়ে,0.6261961758136749,0.0,1.626196175813675
হচ্ছেঃ,0.6362906694412231,0.010101010101010102,1.6261896593402132
হাম,0.6261149942874908,0.0,1.6261149942874908
বোধ,0.636210024356842,0.010101010101010102,1.626109014255832
ইতিমধ্যেই,0.6259180009365082,0.0,1.6259180009365082
মিসেস,0.625905454158783,0.0,1.625905454158783
কিনব,0.6258812546730042,0.0,1.6258812546730042
জানি৷,0.625852108001709,0.0,1.625852108001709
কড়া,0.6358328461647034,0.010101010101010102,1.6257318360636934
আলীর,0.6358134150505066,0.010101010101010102,1.6257124049494966
সযত্বে,0.6256214082241058,0.0,1.6256214082241058
জামাকাপড়,0.6255959868431091,0.0,1.6255959868431091
হু,0.6255662441253662,0.0,1.6255662441253662
ঝিনুর,0.6356587111949921,0.010101010101010102,1.6255577010939821
বুলবুল,0.6255202293395996,0.0,1.6255202293395996
ব্যবসায়ী,0.6255003213882446,0.0,1.6255003213882446
বিষয়ক,0.6254591345787048,0.0,1.6254591345787048
পরিচ্ছন্ন,0.6254538893699646,0.0,1.6254538893699646
বছরে,0.6254408061504364,0.0,1.6254408061504364
নিশানা,0.6254376173019409,0.0,1.625437617301941
সকালবেলা,0.6254347860813141,0.0,1.625434786081314
ব্যাপারট,0.6253856718540192,0.0,1.6253856718540192
বানানো,0.6253854334354401,0.0,1.62538543343544
ফলাফল,0.6252603530883789,0.0,1.625260353088379
ভাগ্য,0.6353450119495392,0.010101010101010102,1.6252440018485292
জিজ্ঞাসা,0.6252263784408569,0.0,1.625226378440857
ভালোমানুষ,0.6251929998397827,0.0,1.6251929998397827
নাড়ে,0.6251872479915619,0.0,1.625187247991562
এসেম্ব,0.6251872181892395,0.0,1.6251872181892395
বিক্ষোভ,0.6251712739467621,0.0,1.625171273946762
সভা,0.6251632273197174,0.0,1.6251632273197174
বাংল,0.6251627802848816,0.0,1.6251627802848816
আমারো,0.6250371336936951,0.0,1.625037133693695
উঠলে,0.6250243782997131,0.0,1.6250243782997131
ফেলি,0.6248672306537628,0.0,1.6248672306537628
প্রতীক,0.6248241662979126,0.0,1.6248241662979126
খাচ্ছে৷,0.6247451603412628,0.0,1.6247451603412628
সম্ভাবন,0.6247260868549347,0.0,1.6247260868549347
শোধ,0.6348170340061188,0.010101010101010102,1.6247160239051088
চিথক,0.6247142255306244,0.0,1.6247142255306244
আনা,0.6247067451477051,0.0,1.624706745147705
গুড়,0.6246732771396637,0.0,1.6246732771396637
মিছিল,0.6246667504310608,0.0,1.6246667504310608
পড়ি,0.6246665120124817,0.0,1.6246665120124817
বুড়োর,0.6246555149555206,0.0,1.6246555149555206
রইল৷,0.6246110796928406,0.0,1.6246110796928406
এমনকি,0.6246059834957123,0.0,1.6246059834957123
লোকেরা,0.624602347612381,0.0,1.624602347612381
চাইছি,0.6245867908000946,0.0,1.6245867908000946
কয়েকব,0.6245760321617126,0.0,1.6245760321617126
লাগাবে,0.6244120895862579,0.0,1.624412089586258
কাঁচা,0.6244060695171356,0.0,1.6244060695171356
তালি,0.6243746280670166,0.0,1.6243746280670166
লাগত,0.6243398189544678,0.0,1.6243398189544678
পাহারায়,0.6242406070232391,0.0,1.6242406070232391
জুলেখা,0.6242108941078186,0.0,1.6242108941078186
দাড়ানো,0.6241967976093292,0.0,1.6241967976093292
পুতুল,0.624194473028183,0.0,1.624194473028183
লোভে,0.6241746246814728,0.0,1.6241746246814728
ফা,0.6240797340869904,0.0,1.6240797340869904
ব্যাটারির,0.6240793466567993,0.0,1.6240793466567993
শাল,0.6240116655826569,0.0,1.6240116655826569
সত্যি৷,0.6239552199840546,0.0,1.6239552199840546
ঘটনায়,0.6239213943481445,0.0,1.6239213943481445
গৌ,0.6239089667797089,0.0,1.6239089667797089
নিয়ন,0.6238795220851898,0.0,1.6238795220851898
বিশ,0.6238760054111481,0.0,1.623876005411148
গান৷,0.6237834095954895,0.0,1.6237834095954895
ঠেকা,0.6237793564796448,0.0,1.6237793564796448
যুগে,0.6237097382545471,0.0,1.6237097382545471
পশুর,0.6236451268196106,0.0,1.6236451268196106
কমবয়সী,0.6337063908576965,0.010101010101010102,1.6236053807566866
গতরা,0.6336736381053925,0.010101010101010102,1.6235726280043825
চুক্তি,0.6233490407466888,0.0,1.6233490407466888
একশ,0.623327761888504,0.0,1.623327761888504
স্টেজ,0.6233173906803131,0.0,1.623317390680313
আগলে,0.6232394576072693,0.0,1.6232394576072693
তারা৷,0.6231679022312164,0.0,1.6231679022312164
অভিজ্ঞ,0.6231571733951569,0.0,1.6231571733951569
প্রেসের,0.6230493485927582,0.0,1.6230493485927582
বারাে,0.6229493916034698,0.0,1.6229493916034698
পোষা,0.6329449415206909,0.010101010101010102,1.622843931419681
আশ্রয়ে,0.6228376924991608,0.0,1.6228376924991608
আখির,0.6227363646030426,0.0,1.6227363646030426
লাত,0.622697114944458,0.0,1.622697114944458
বিষম,0.6226576566696167,0.0,1.6226576566696167
জ্বালিয়ে,0.622648298740387,0.0,1.622648298740387
জনপ্রিয়,0.62263223528862,0.0,1.62263223528862
বিপজ্জনক,0.6226261258125305,0.0,1.6226261258125305
ভোল,0.6225939989089966,0.0,1.6225939989089966
ঘটবে,0.6225924789905548,0.0,1.6225924789905548
আত,0.622543603181839,0.0,1.622543603181839
ফিক,0.6225332021713257,0.0,1.6225332021713257
আন্দোলন,0.6225144565105438,0.0,1.6225144565105438
টিকেট,0.6225072741508484,0.0,1.6225072741508484
নেন৷,0.6224392950534821,0.0,1.622439295053482
বিপ্লব,0.6224204003810883,0.0,1.6224204003810883
অভিযোগ,0.6224064230918884,0.0,1.6224064230918884
পপি,0.6223932504653931,0.0,1.622393250465393
স্টোক,0.6223864257335663,0.0,1.6223864257335663
ছায়া,0.6324536502361298,0.010101010101010102,1.6223526401351198
রেখেছিল,0.6223183572292328,0.0,1.6223183572292328
প্রস্তুতি,0.6223149299621582,0.0,1.6223149299621582
মুগ্ধ,0.6222587525844574,0.0,1.6222587525844574
বস্তা,0.6222241520881653,0.0,1.6222241520881653
প্রান্তরে,0.6222044229507446,0.0,1.6222044229507446
নেটওয়ার্ক,0.6221486330032349,0.0,1.6221486330032349
লাখি,0.6221088171005249,0.0,1.622108817100525
যখনি,0.6220820546150208,0.0,1.6220820546150208
হুজুর,0.6220691502094269,0.0,1.6220691502094269
পুল,0.6320925652980804,0.010101010101010102,1.6219915551970705
চলবে,0.6320181787014008,0.010101010101010102,1.6219171686003908
বিস্তারিত,0.6218925416469574,0.0,1.6218925416469574
আগামীকাল,0.6218254268169403,0.0,1.6218254268169403
নোটিশ,0.6216894090175629,0.0,1.6216894090175629
আড্ডা,0.6216152608394623,0.0,1.6216152608394623
সৈন্য,0.6215732991695404,0.0,1.6215732991695404
বাঁচানোর,0.6215384006500244,0.0,1.6215384006500244
ইতোমধ্যে,0.6215297877788544,0.0,1.6215297877788544
আবদুল্লাহ,0.6215132176876068,0.0,1.6215132176876068
সৌন্দর্য,0.6316095888614655,0.010101010101010102,1.6215085787604555
জেলখানায়,0.6214154958724976,0.0,1.6214154958724976
যাবে৷,0.6315150260925293,0.010101010101010102,1.6214140159915194
নামবে,0.6213726997375488,0.0,1.6213726997375488
পড়ুলে,0.6213141679763794,0.0,1.6213141679763794
আঃ,0.6212680339813232,0.0,1.6212680339813232
আন্দাজে,0.6212644279003143,0.0,1.6212644279003143
বিদ্রোহী,0.6212539672851562,0.0,1.6212539672851562
ব্যাখ্যা,0.6211868226528168,0.0,1.6211868226528168
শাসন,0.6211856305599213,0.0,1.6211856305599213
বিস্ষোরক,0.6312288343906403,0.010101010101010102,1.6211278242896303
অবশিষ্ট,0.621097058057785,0.0,1.621097058057785
আসছ,0.6210867762565613,0.0,1.6210867762565613
গবেষণ,0.6210581660270691,0.0,1.621058166027069
আচরণে,0.6210403442382812,0.0,1.6210403442382812
বেচারা,0.6209731996059418,0.0,1.6209731996059418
ঠাণ্ডায়,0.6209354102611542,0.0,1.6209354102611542
মুহূর্তে,0.6209330856800079,0.0,1.620933085680008
বিকাশ,0.6208747029304504,0.0,1.6208747029304504
আবহাওয়,0.6208216547966003,0.0,1.6208216547966003
আলিঙ্গন,0.6206768751144409,0.0,1.620676875114441
হিসাব,0.6206415295600891,0.0,1.6206415295600891
জানাল,0.6206357777118683,0.0,1.6206357777118683
শুনছি,0.6205979883670807,0.0,1.6205979883670807
পায়৷,0.6205951571464539,0.0,1.6205951571464539
মিশিয়ে,0.6205683052539825,0.0,1.6205683052539825
একদিক,0.6205485165119171,0.0,1.6205485165119171
একইভাবে,0.620481938123703,0.0,1.620481938123703
টঙ্গী,0.6204482018947601,0.0,1.6204482018947601
ধন্যবাদ,0.6204269230365753,0.0,1.6204269230365753
দিনকাল,0.6203874051570892,0.0,1.6203874051570892
কণিকা,0.6203866302967072,0.0,1.6203866302967072
ব্যবসা,0.6203354895114899,0.0,1.6203354895114899
ধূ,0.6203352212905884,0.0,1.6203352212905884
বিতৃষ্ণা,0.6203325390815735,0.0,1.6203325390815735
পাউন্ড,0.6203283965587616,0.0,1.6203283965587616
বানা,0.620323121547699,0.0,1.620323121547699
ধ্বনির,0.6202704012393951,0.0,1.6202704012393951
কানা,0.62025186419487,0.0,1.62025186419487
সন্ধ্যায়,0.6201212704181671,0.0,1.6201212704181671
সামা,0.6201087832450867,0.0,1.6201087832450867
ভবিষ্য,0.6201072335243225,0.0,1.6201072335243225
কুঞ্চিত,0.6200814843177795,0.0,1.6200814843177795
ফেলো,0.6200191378593445,0.0,1.6200191378593445
আসুক,0.6200189888477325,0.0,1.6200189888477325
ফুটপাত,0.6199650168418884,0.0,1.6199650168418884
গ্যাস,0.6403573155403137,0.02040816326530612,1.6199491522750076
ব্রাশ,0.6199165284633636,0.0,1.6199165284633636
বোঝাবে,0.6198745369911194,0.0,1.6198745369911194
চুপি,0.6197808384895325,0.0,1.6197808384895325
ব্যাক,0.6197153925895691,0.0,1.619715392589569
বিহারি,0.619678407907486,0.0,1.619678407907486
কাঁপা,0.6196162700653076,0.0,1.6196162700653076
ফৌস,0.6195965111255646,0.0,1.6195965111255646
বিল,0.6195423901081085,0.0,1.6195423901081085
দমে,0.6195020973682404,0.0,1.6195020973682404
তুলনায়,0.6194519400596619,0.0,1.6194519400596619
ছাপিয়ে,0.619451105594635,0.0,1.619451105594635
রাণী,0.6194356381893158,0.0,1.6194356381893158
আমেরিকায়,0.6194277405738831,0.0,1.619427740573883
সাহ,0.6194227933883667,0.0,1.6194227933883667
নির্দিষ্ট,0.6193787455558777,0.0,1.6193787455558777
পরিব্রাজক,0.6193534135818481,0.0,1.6193534135818481
বিশেষজ্ঞ,0.6193479299545288,0.0,1.6193479299545288
কোরবানি,0.6193108558654785,0.0,1.6193108558654785
পৌছায়,0.6192885935306549,0.0,1.619288593530655
গড়া,0.6192595064640045,0.0,1.6192595064640045
অসাধারণ,0.6293548345565796,0.010101010101010102,1.6192538244555696
ক্যামেরাটা,0.6192506849765778,0.0,1.6192506849765778
প্যান্ট,0.6396364271640778,0.02040816326530612,1.6192282638987716
দায়,0.61922487616539,0.0,1.61922487616539
আনলে,0.6192164719104767,0.0,1.6192164719104767
লাজুক,0.6191498041152954,0.0,1.6191498041152954
চুলকা,0.6191384494304657,0.0,1.6191384494304657
বইয়ে,0.6191275417804718,0.0,1.6191275417804718
বাম,0.6190526783466339,0.0,1.619052678346634
রাখো,0.6189838945865631,0.0,1.618983894586563
মণি,0.618983656167984,0.0,1.618983656167984
তাপমাত্রায়,0.6189773082733154,0.0,1.6189773082733154
হুকুম,0.6189756393432617,0.0,1.6189756393432617
বাব,0.6189501583576202,0.0,1.6189501583576202
ডাক্তারি,0.6188847422599792,0.0,1.6188847422599792
হুবহু,0.6188657283782959,0.0,1.618865728378296
গঙ্ভীর,0.6188515722751617,0.0,1.6188515722751617
আশপাশ,0.6187697649002075,0.0,1.6187697649002075
কুদ্দুস,0.6187316179275513,0.0,1.6187316179275513
গ্রুপ,0.6187292337417603,0.0,1.6187292337417603
পরামর্শ,0.6187072396278381,0.0,1.6187072396278381
রিড,0.6186806261539459,0.0,1.618680626153946
খেলায়,0.628771036863327,0.010101010101010102,1.618670026762317
ঠিকম,0.6186676323413849,0.0,1.6186676323413849
নাড়ুল,0.649594783782959,0.030927835051546393,1.6186669487314127
ছুলে,0.6186658143997192,0.0,1.6186658143997192
দেখাব,0.6186535656452179,0.0,1.618653565645218
পিছিয়ে,0.61863774061203,0.0,1.61863774061203
খাবারের,0.6186274886131287,0.0,1.6186274886131287
ফ্যামি,0.6186038851737976,0.0,1.6186038851737976
গুণে,0.6186020076274872,0.0,1.6186020076274872
অভাব,0.6286389529705048,0.010101010101010102,1.6185379428694948
একবারে,0.6184780299663544,0.0,1.6184780299663544
স্বাধীন,0.6184417605400085,0.0,1.6184417605400085
ডালা,0.6184410750865936,0.0,1.6184410750865936
সন্ধ্যা,0.6184345781803131,0.0,1.618434578180313
আনল৷,0.6184306442737579,0.0,1.618430644273758
মুখস্থ,0.6184282898902893,0.0,1.6184282898902893
কাক,0.6183891594409943,0.0,1.6183891594409943
ঝাঁকা,0.6183582246303558,0.0,1.6183582246303558
সাংঘাতিক,0.6183088421821594,0.0,1.6183088421821594
আহ্বান,0.6182874441146851,0.0,1.618287444114685
কিঞ্চিৎ,0.6182144582271576,0.0,1.6182144582271576
হয়েছিল৷,0.6181818246841431,0.0,1.618181824684143
মিতুর,0.6181575357913971,0.0,1.618157535791397
চাইবে,0.6181550621986389,0.0,1.618155062198639
ভাবছিল,0.6181091964244843,0.0,1.6181091964244843
মোটামু,0.6181072890758514,0.0,1.6181072890758514
পেয়েছি৷,0.6281940639019012,0.010101010101010102,1.6180930538008913
ঠুক,0.6180538535118103,0.0,1.6180538535118103
গরুর,0.6180392801761627,0.0,1.6180392801761627
নালিশ,0.6180367469787598,0.0,1.6180367469787598
রক্তাক্ত,0.6179093420505524,0.0,1.6179093420505524
ভালব,0.6179014146327972,0.0,1.6179014146327972
ষোল,0.6178991794586182,0.0,1.6178991794586182
আত্মীয়,0.6178227961063385,0.0,1.6178227961063385
ভাবনাচিন্তা,0.6278955042362213,0.010101010101010102,1.6177944941352114
সাল,0.6278772354125977,0.010101010101010102,1.6177762253115877
ঝুপ,0.6177460849285126,0.0,1.6177460849285126
তোল,0.6278363466262817,0.010101010101010102,1.6177353365252718
জিজ্ঞাসাবাদ,0.6177176237106323,0.0,1.6177176237106323
হৈচৈ,0.6176564395427704,0.0,1.6176564395427704
বুলা,0.6176552772521973,0.0,1.6176552772521973
অভিযাত্রী,0.6176266670227051,0.0,1.617626667022705
অসুবিধে,0.6175945401191711,0.0,1.6175945401191711
শপিং,0.6175841391086578,0.0,1.6175841391086578
নাব,0.6175542175769806,0.0,1.6175542175769806
পোকা,0.6175111532211304,0.0,1.6175111532211304
চাদের,0.6275933086872101,0.010101010101010102,1.6174922985862001
বাঁধা,0.617455929517746,0.0,1.617455929517746
অবিরাম,0.6174296140670776,0.0,1.6174296140670776
আকবর,0.6174151003360748,0.0,1.6174151003360748
মাসখানেক,0.61741504073143,0.0,1.61741504073143
দুঃখিত,0.6174078285694122,0.0,1.6174078285694122
হাতেপায়ে,0.61739581823349,0.0,1.61739581823349
কার্যকলাপ,0.6173930764198303,0.0,1.6173930764198303
দেখেন৷,0.6173708438873291,0.0,1.617370843887329
চার্জ,0.6173580288887024,0.0,1.6173580288887024
শোনাল,0.6173271238803864,0.0,1.6173271238803864
দাহ,0.6273917853832245,0.010101010101010102,1.6172907752822145
আশেপাশ,0.6172471642494202,0.0,1.6172471642494202
বেন্ট,0.6172436475753784,0.0,1.6172436475753784
দফা,0.6172200739383698,0.0,1.6172200739383698
পড়ুল,0.6172166764736176,0.0,1.6172166764736176
আগেক,0.6171974539756775,0.0,1.6171974539756775
অনুসন্ধান,0.6171813011169434,0.0,1.6171813011169434
পৌঁচিয়ে,0.6171754598617554,0.0,1.6171754598617554
চাওয়াচাওয়ি,0.617169588804245,0.0,1.617169588804245
উপদেশ,0.6171334385871887,0.0,1.6171334385871887
সত্যিক,0.6171265244483948,0.0,1.6171265244483948
ক্ষুদ্র,0.6171101927757263,0.0,1.6171101927757263
ডালিম,0.6170997023582458,0.0,1.6170997023582458
অবচেতন,0.6170671582221985,0.0,1.6170671582221985
ছবি৷,0.617048054933548,0.0,1.617048054933548
দেখতাম,0.6169999539852142,0.0,1.6169999539852142
যাচা,0.6169723272323608,0.0,1.6169723272323608
হাপা,0.616896778345108,0.0,1.616896778345108
গোড়,0.6168748140335083,0.0,1.6168748140335083
এড়া,0.6168200671672821,0.0,1.616820067167282
গুটিয়ে,0.616816520690918,0.0,1.616816520690918
চট্টগ্রাম,0.6167410016059875,0.0,1.6167410016059875
পরিবার,0.6167409121990204,0.0,1.6167409121990204
কামা,0.616731733083725,0.0,1.616731733083725
অনুসারে,0.6167221069335938,0.0,1.6167221069335938
টাইম,0.6370931565761566,0.02040816326530612,1.6166849933108505
বারো,0.6166544854640961,0.0,1.616654485464096
সমান,0.6267453134059906,0.010101010101010102,1.6166443033049807
প্রেমের,0.616635262966156,0.0,1.616635262966156
ডাকা,0.6166305840015411,0.0,1.6166305840015411
রেল,0.6166248619556427,0.0,1.6166248619556427
কাত,0.6166192591190338,0.0,1.6166192591190338
মিহি,0.6166167855262756,0.0,1.6166167855262756
দেখবে,0.6165889203548431,0.0,1.6165889203548431
প্রার্থনা,0.6165731847286224,0.0,1.6165731847286224
আলমারি,0.6165010929107666,0.0,1.6165010929107666
আকশ্মিকতায়,0.6164502203464508,0.0,1.6164502203464508
হৈ,0.6265397071838379,0.010101010101010102,1.616438697082828
ব্যাপারঃ,0.616436779499054,0.0,1.616436779499054
গিয়া,0.616429477930069,0.0,1.616429477930069
ঠিকঠাক,0.6164069771766663,0.0,1.6164069771766663
আবর্জন,0.6164059340953827,0.0,1.6164059340953827
একফা,0.6163973212242126,0.0,1.6163973212242126
সুখী,0.6163217127323151,0.0,1.616321712732315
নিয়েছিল,0.616235613822937,0.0,1.616235613822937
পথচারী,0.6162165403366089,0.0,1.6162165403366089
ইয়ে,0.6162154376506805,0.0,1.6162154376506805
বৃহস্পতি,0.6162000596523285,0.0,1.6162000596523285
চালায়,0.6161880195140839,0.0,1.6161880195140839
ঘাঁ,0.6161694228649139,0.0,1.616169422864914
ব্যাপার,0.616132378578186,0.0,1.616132378578186
পারব৷,0.6161303818225861,0.0,1.616130381822586
যাইব,0.6160909235477448,0.0,1.6160909235477448
তালাবদ্ধ,0.6160622239112854,0.0,1.6160622239112854
ফাঁসির,0.6261343359947205,0.010101010101010102,1.6160333258937105
বলেছেন৷,0.6160313785076141,0.0,1.6160313785076141
পাহ,0.6159850656986237,0.0,1.6159850656986237
সে৷,0.6159572303295135,0.0,1.6159572303295135
উল্লাস,0.6159567832946777,0.0,1.6159567832946777
খোকা,0.6159465312957764,0.0,1.6159465312957764
জিনা,0.615940660238266,0.0,1.615940660238266
মুখোশ,0.6159165501594543,0.0,1.6159165501594543
মুজিব,0.6362760663032532,0.02040816326530612,1.615867903037947
ধরতে,0.6158431172370911,0.0,1.615843117237091
ভালোমন্দ,0.6157602071762085,0.0,1.6157602071762085
কাশির,0.6157399713993073,0.0,1.6157399713993073
দেখানো,0.6157116591930389,0.0,1.615711659193039
ঘোড়,0.6157068610191345,0.0,1.6157068610191345
উনিশ,0.615696132183075,0.0,1.615696132183075
অসুখ,0.6156681478023529,0.0,1.615668147802353
থেত,0.6156622171401978,0.0,1.6156622171401978
অনেকদিন,0.6256549954414368,0.010101010101010102,1.6155539853404268
গালাগা,0.6155260503292084,0.0,1.6155260503292084
ফেলি৷,0.6154797077178955,0.0,1.6154797077178955
পে,0.6154756546020508,0.0,1.6154756546020508
ওটা,0.6154394745826721,0.0,1.6154394745826721
অসংখ্য,0.6154316663742065,0.0,1.6154316663742065
ওসব,0.6154245734214783,0.0,1.6154245734214783
গ্রাহক,0.6254216134548187,0.010101010101010102,1.6153206033538088
সর্বোচ্চ,0.6153011322021484,0.0,1.6153011322021484
যেখান,0.6152594089508057,0.0,1.6152594089508057
বাঁধ,0.6152458786964417,0.0,1.6152458786964417
ঘেঁষে,0.615209311246872,0.0,1.615209311246872
অরণ্যে,0.6152015924453735,0.0,1.6152015924453735
করছিলাম৷,0.6151948273181915,0.0,1.6151948273181915
বিনিময়ে,0.6151502132415771,0.0,1.6151502132415771
থ্রি,0.6151085495948792,0.0,1.6151085495948792
সুলতানা,0.6150853037834167,0.0,1.6150853037834167
থাকে৷,0.6150425970554352,0.0,1.6150425970554352
সাইকেল,0.6149981915950775,0.0,1.6149981915950775
মেয়েরা,0.6149953603744507,0.0,1.6149953603744507
ন্যাড়া,0.6149939298629761,0.0,1.614993929862976
সুরে,0.6149882972240448,0.0,1.6149882972240448
বশে,0.6149400174617767,0.0,1.6149400174617767
চাঞ্চল্য,0.6149389147758484,0.0,1.6149389147758484
রেড,0.6149374842643738,0.0,1.6149374842643738
দায়দায়িত্ব,0.6148724555969238,0.0,1.6148724555969238
শি,0.6148272752761841,0.0,1.614827275276184
হয়া,0.614737868309021,0.0,1.614737868309021
স্তরে,0.6248289942741394,0.010101010101010102,1.6147279841731295
ঘনিষ্ঠ,0.614663302898407,0.0,1.614663302898407
নির্ভর,0.6246933341026306,0.010101010101010102,1.6145923240016207
মিরপুরে,0.6145685017108917,0.0,1.6145685017108917
বলায়,0.6145342886447906,0.0,1.6145342886447906
পরিবেশ,0.6144489943981171,0.0,1.614448994398117
কিটি,0.6143972277641296,0.0,1.6143972277641296
আলাপআলোচনা,0.6143808364868164,0.0,1.6143808364868164
কেবিন,0.6143741607666016,0.0,1.6143741607666016
ডাই,0.614330381155014,0.0,1.614330381155014
পশ্চিম,0.6143131852149963,0.0,1.6143131852149963
বিরক্তি,0.6142780780792236,0.0,1.6142780780792236
পড়লাম৷,0.6142703294754028,0.0,1.6142703294754028
টেলিস্কোপ,0.6142629981040955,0.0,1.6142629981040955
সতেরো,0.614242285490036,0.0,1.614242285490036
দাঁড়াল,0.6243302524089813,0.010101010101010102,1.6142292423079714
স্তম্ভিত,0.6141870617866516,0.0,1.6141870617866516
চাইলে,0.6141839325428009,0.0,1.614183932542801
মেরো,0.6141350865364075,0.0,1.6141350865364075
তিনেক,0.614121824502945,0.0,1.614121824502945
স্বাস্থ্য,0.6140781342983246,0.0,1.6140781342983246
চাই৷,0.6140348017215729,0.0,1.6140348017215729
তারচেয়ে,0.6139795482158661,0.0,1.613979548215866
কোণায়,0.613961935043335,0.0,1.613961935043335
সাহা,0.6139442920684814,0.0,1.6139442920684814
দ্বিগুণ,0.6138904690742493,0.0,1.6138904690742493
গুঁড়িয়ে,0.6138798892498016,0.0,1.6138798892498016
অপূর্ব,0.6239330470561981,0.010101010101010102,1.6138320369551882
চৌদ্দ,0.6137995421886444,0.0,1.6137995421886444
পর্যায়ে,0.6136867702007294,0.0,1.6136867702007294
অস্বস্তির,0.6136704385280609,0.0,1.613670438528061
দিলেন৷,0.6136602163314819,0.0,1.613660216331482
আল্লাহপাক,0.6136450171470642,0.0,1.6136450171470642
আক্রমণে,0.6135961711406708,0.0,1.6135961711406708
খাত,0.6135507225990295,0.0,1.6135507225990295
ফেলেছে৷,0.6134793758392334,0.0,1.6134793758392334
কোনোম,0.6235329508781433,0.010101010101010102,1.6134319407771334
থ্যাংকস,0.6134280860424042,0.0,1.6134280860424042
ভালবাসায়,0.6133879721164703,0.0,1.6133879721164703
ধাকা,0.6133862435817719,0.0,1.6133862435817719
বিধান,0.6234674155712128,0.010101010101010102,1.6133664054702028
গেছিস,0.6133594214916229,0.0,1.613359421491623
খারিজ,0.6133383214473724,0.0,1.6133383214473724
ভাবির,0.6133292317390442,0.0,1.6133292317390442
রাত্রে,0.6133215129375458,0.0,1.6133215129375458
ক্ষিপ্র,0.6133111715316772,0.0,1.6133111715316772
ক্লিক,0.6133067011833191,0.0,1.613306701183319
চোখমুখ,0.6131802499294281,0.0,1.613180249929428
খোজ,0.6232354640960693,0.010101010101010102,1.6131344539950594
ঘোষণা,0.6231322586536407,0.010101010101010102,1.6130312485526308
চারবার,0.6130031943321228,0.0,1.6130031943321228
সাইড,0.6130020916461945,0.0,1.6130020916461945
নিবি,0.61294025182724,0.0,1.61294025182724
আধঘন্,0.6129140555858612,0.0,1.6129140555858612
খা,0.6230027675628662,0.010101010101010102,1.6129017574618563
মার্কেট,0.6128995418548584,0.0,1.6128995418548584
কতদিন,0.6128093302249908,0.0,1.6128093302249908
কক্ষে,0.6127806305885315,0.0,1.6127806305885315
নোবেল,0.6126452088356018,0.0,1.6126452088356018
নেশ,0.6126387417316437,0.0,1.6126387417316437
ডাবল,0.6226997077465057,0.010101010101010102,1.6125986976454958
পাড়,0.6125956177711487,0.0,1.6125956177711487
কামড়া,0.6125810444355011,0.0,1.612581044435501
আজেবাজে,0.6125150322914124,0.0,1.6125150322914124
দিস,0.6124449670314789,0.0,1.6124449670314789
মোটর,0.6124199628829956,0.0,1.6124199628829956
বিকালবেলা,0.6123976707458496,0.0,1.6123976707458496
বর্তমান,0.612359344959259,0.0,1.612359344959259
ঘণ্টাখানেকের,0.6123468577861786,0.0,1.6123468577861786
দেখে৷,0.6123416721820831,0.0,1.6123416721820831
ট্রেনের,0.6123211681842804,0.0,1.6123211681842804
লিকলি,0.6123116314411163,0.0,1.6123116314411163
পার্ক,0.6122517883777618,0.0,1.6122517883777618
কিনা৷,0.6122237741947174,0.0,1.6122237741947174
টিম,0.6122231185436249,0.0,1.6122231185436249
সুবেহ,0.6120867729187012,0.0,1.6120867729187012
উদয়,0.6120314002037048,0.0,1.6120314002037048
রুগী,0.6120155155658722,0.0,1.6120155155658722
পাউড,0.6120120286941528,0.0,1.6120120286941528
আসমান,0.6119907796382904,0.0,1.6119907796382904
চললে,0.6119819581508636,0.0,1.6119819581508636
ইউ,0.611903965473175,0.0,1.611903965473175
বিদ্যুৎ,0.611868292093277,0.0,1.611868292093277
আলম,0.6118555665016174,0.0,1.6118555665016174
ক্যাসেট,0.6117295622825623,0.0,1.6117295622825623
আগমন,0.61164391040802,0.0,1.61164391040802
মাখানো,0.6116421520709991,0.0,1.6116421520709991
বাচব,0.6216891407966614,0.010101010101010102,1.6115881306956514
উৎসাহ,0.6115857660770416,0.0,1.6115857660770416
খুললে,0.6115708351135254,0.0,1.6115708351135254
কোলকাতা,0.6216667890548706,0.010101010101010102,1.6115657789538607
ইঙ্গিত,0.6115193963050842,0.0,1.6115193963050842
আপা,0.6115118861198425,0.0,1.6115118861198425
ডাক্তার,0.6114992797374725,0.0,1.6114992797374725
বেড়াচ্,0.6215848326683044,0.010101010101010102,1.6114838225672945
বিস্ফোরিত,0.6114806532859802,0.0,1.6114806532859802
চৌধুরীর,0.6114071607589722,0.0,1.6114071607589722
উপস্থিত,0.6113851964473724,0.0,1.6113851964473724
চোখেমুখে,0.6214698255062103,0.010101010101010102,1.6113688154052004
গামছায়,0.6113569140434265,0.0,1.6113569140434265
করবেন৷,0.6113563776016235,0.0,1.6113563776016235
বেলুন,0.6113386452198029,0.0,1.6113386452198029
টায়,0.6113298833370209,0.0,1.6113298833370209
আমন্ত্রণ,0.611322671175003,0.0,1.611322671175003
বলে৷,0.6113097667694092,0.0,1.6113097667694092
আত্মা,0.6112357079982758,0.0,1.6112357079982758
নিরাশ,0.611216276884079,0.0,1.611216276884079
প্রক্রিয়া,0.6111885607242584,0.0,1.6111885607242584
প্রয়োজনে,0.611177384853363,0.0,1.611177384853363
চাইর,0.6110535562038422,0.0,1.6110535562038422
পাবি,0.6110116243362427,0.0,1.6110116243362427
সেকেণ্ডের,0.6110100746154785,0.0,1.6110100746154785
বিজ্ঞানী,0.6110091507434845,0.0,1.6110091507434845
কিশলয়,0.6110050678253174,0.0,1.6110050678253174
এলেন৷,0.6110049784183502,0.0,1.6110049784183502
তের,0.6109897196292877,0.0,1.6109897196292877
শেষবার,0.6109618842601776,0.0,1.6109618842601776
গালিগালাজ,0.6109166145324707,0.0,1.6109166145324707
কতটুকু,0.6109165847301483,0.0,1.6109165847301483
ব্যক্তিগত,0.610878974199295,0.0,1.610878974199295
সীমানা,0.6108611226081848,0.0,1.6108611226081848
গরীব,0.6108426153659821,0.0,1.610842615365982
ভাসিয়ে,0.6108367443084717,0.0,1.6108367443084717
কারিগর,0.6108106076717377,0.0,1.6108106076717377
সচেতন,0.6108061671257019,0.0,1.610806167125702
ক্লার্ক,0.6108056306838989,0.0,1.610805630683899
চলছে৷,0.6107752621173859,0.0,1.6107752621173859
এলাম৷,0.6107485890388489,0.0,1.6107485890388489
পাঠিয়েছিলে,0.6105677485466003,0.0,1.6105677485466003
অচেনা,0.6105385422706604,0.0,1.6105385422706604
রেঞ্জ,0.6105373501777649,0.0,1.610537350177765
মজি,0.6105354130268097,0.0,1.6105354130268097
আবদুর,0.620590329170227,0.010101010101010102,1.610489319069217
আপ্যায়ন,0.6104655563831329,0.0,1.610465556383133
পুরস্ক,0.6205551326274872,0.010101010101010102,1.6104541225264772
প্রকৃতি,0.6104417145252228,0.0,1.6104417145252228
পরাজিত,0.6104246973991394,0.0,1.6104246973991394
হারা,0.610276609659195,0.0,1.610276609659195
ট্রেস,0.610191285610199,0.0,1.610191285610199
ছোটাছু,0.6101342141628265,0.0,1.6101342141628265
দ্বিতীয়ত,0.6100898087024689,0.0,1.6100898087024689
রূপ,0.6100452542304993,0.0,1.6100452542304993
দাদা,0.6100442707538605,0.0,1.6100442707538605
বলুন,0.6099496483802795,0.0,1.6099496483802795
চারটা,0.6098149418830872,0.0,1.6098149418830872
বুড়ি,0.609813392162323,0.0,1.609813392162323
বিকেলবেলা,0.6097667217254639,0.0,1.6097667217254639
পর্দা,0.6097372770309448,0.0,1.6097372770309448
জন্মদিন,0.6096929311752319,0.0,1.609692931175232
নিকট,0.6096835434436798,0.0,1.6096835434436798
আনতে৷,0.6096592247486115,0.0,1.6096592247486115
ক্ষতি,0.6096536219120026,0.0,1.6096536219120026
কারখানা,0.6096189916133881,0.0,1.609618991613388
প্লেনের,0.6096101701259613,0.0,1.6096101701259613
মশা,0.6095692217350006,0.0,1.6095692217350006
পাড়া,0.6196534633636475,0.010101010101010102,1.6095524532626375
বসালে,0.6095418632030487,0.0,1.6095418632030487
চিরদিন,0.609496682882309,0.0,1.609496682882309
রাস্তাঘাটে,0.609481543302536,0.0,1.609481543302536
ধরবে,0.6094709932804108,0.0,1.6094709932804108
পারিনি,0.6094176769256592,0.0,1.6094176769256592
নিচতলায়,0.6094127893447876,0.0,1.6094127893447876
ওভাবে,0.6194608509540558,0.010101010101010102,1.6093598408530458
অন্যরা,0.6093422770500183,0.0,1.6093422770500183
পাঞ্জাবির,0.609329879283905,0.0,1.609329879283905
গলে,0.6093290150165558,0.0,1.6093290150165558
সেন্টারে,0.6093275845050812,0.0,1.6093275845050812
যুবক,0.6092554926872253,0.0,1.6092554926872253
বিব্রত,0.6092188060283661,0.0,1.609218806028366
হাটাহা,0.609218418598175,0.0,1.609218418598175
আরেকব,0.6091761291027069,0.0,1.609176129102707
ধারণ,0.6192417144775391,0.010101010101010102,1.6091407043765291
কথাবার্তা,0.6191392838954926,0.010101010101010102,1.6090382737944826
সরবরাহ,0.6090296506881714,0.0,1.6090296506881714
ইতি,0.6190952062606812,0.010101010101010102,1.6089941961596712
খোঁড়া,0.6089913249015808,0.0,1.6089913249015808
ওদেরকে,0.6089718043804169,0.0,1.6089718043804169
সের,0.6089255213737488,0.0,1.6089255213737488
আলাপ,0.6088916659355164,0.0,1.6088916659355164
ভাবতাম,0.6087811589241028,0.0,1.6087811589241028
আব্বুর,0.608680009841919,0.0,1.608680009841919
সুখে,0.6086125373840332,0.0,1.6086125373840332
দেখছি৷,0.60859614610672,0.0,1.60859614610672
এমনিতে,0.6085912585258484,0.0,1.6085912585258484
নাচা,0.608528733253479,0.0,1.608528733253479
ফাক,0.608523041009903,0.0,1.608523041009903
সাথ,0.6085227429866791,0.0,1.608522742986679
দুপুরবেলা,0.6085038483142853,0.0,1.6085038483142853
সুন্দরবন,0.6084835529327393,0.0,1.6084835529327393
টেচামেচি,0.6084761619567871,0.0,1.608476161956787
ভরাট,0.608473002910614,0.0,1.608473002910614
ঢাক,0.6084107160568237,0.0,1.6084107160568237
দেখেন,0.6084044873714447,0.0,1.6084044873714447
কম্পাউন্ড,0.6083618402481079,0.0,1.608361840248108
জন্মে,0.6083316504955292,0.0,1.6083316504955292
যেটুকু,0.6184265911579132,0.010101010101010102,1.6083255810569033
দুঃসাহসিক,0.608236163854599,0.0,1.608236163854599
আস্ত,0.6082274913787842,0.0,1.6082274913787842
ছোটখাট,0.6081947386264801,0.0,1.60819473862648
গোড়ায়,0.6081705391407013,0.0,1.6081705391407013
জলে,0.608166515827179,0.0,1.608166515827179
ডিরেক্টর,0.6081329882144928,0.0,1.6081329882144928
সারাদিনে,0.6081063747406006,0.0,1.6081063747406006
শারীরিক,0.6080552339553833,0.0,1.6080552339553833
আনোয়,0.6080200672149658,0.0,1.6080200672149658
টিপি,0.6080075204372406,0.0,1.6080075204372406
আত্মবিশ্বাস,0.6079964935779572,0.0,1.6079964935779572
খুঁড়িয়ে,0.6079861521720886,0.0,1.6079861521720886
চিন্তিত,0.6079833209514618,0.0,1.6079833209514618
চেয়েছিলে,0.607932060956955,0.0,1.607932060956955
চিহ্ন,0.6079173386096954,0.0,1.6079173386096954
হাসিমুখে,0.618002861738205,0.010101010101010102,1.607901851637195
চাপিয়ে,0.6078978478908539,0.0,1.6078978478908539
যতটুকু,0.6179858446121216,0.010101010101010102,1.6078848345111116
যাই৷,0.6078725159168243,0.0,1.6078725159168243
আবেগ,0.607844889163971,0.0,1.607844889163971
রাগী,0.6077920198440552,0.0,1.6077920198440552
মেরেছি,0.6077752411365509,0.0,1.607775241136551
গুলশান,0.6077605485916138,0.0,1.6077605485916138
কুচ,0.6178585588932037,0.010101010101010102,1.6077575487921938
পেরেছিল,0.6077288687229156,0.0,1.6077288687229156
চোথে,0.6076138019561768,0.0,1.6076138019561768
রশী,0.6075820028781891,0.0,1.607582002878189
আজকে,0.6075803339481354,0.0,1.6075803339481354
প্রিয়জন,0.6176640689373016,0.010101010101010102,1.6075630588362917
আয়তন,0.6075336933135986,0.0,1.6075336933135986
ভাইরা,0.6074628531932831,0.0,1.607462853193283
খানেক,0.6175256371498108,0.010101010101010102,1.6074246270488008
আদৌ,0.6073994934558868,0.0,1.6073994934558868
সতেজ,0.6073795258998871,0.0,1.607379525899887
নাপিত,0.6072640717029572,0.0,1.6072640717029572
ভান,0.6072221398353577,0.0,1.6072221398353577
সমানে,0.6071996986865997,0.0,1.6071996986865997
গো,0.6071856617927551,0.0,1.6071856617927551
পুরান,0.6070674657821655,0.0,1.6070674657821655
ছিনিয়ে,0.6070148944854736,0.0,1.6070148944854736
অভিনন্দন,0.6069983839988708,0.0,1.6069983839988708
ঢুকলে,0.6069953441619873,0.0,1.6069953441619873
বিয়ার,0.6069792807102203,0.0,1.6069792807102203
ঘরবাড়ি,0.60695680975914,0.0,1.60695680975914
মাগো,0.6069489419460297,0.0,1.6069489419460297
এরপর,0.6068915128707886,0.0,1.6068915128707886
গতিপথ,0.6169826984405518,0.010101010101010102,1.6068816883395418
বসেছিল,0.6068767607212067,0.0,1.6068767607212067
আত্মরক্ষ,0.6067848801612854,0.0,1.6067848801612854
দুনিয়ায়,0.6067649722099304,0.0,1.6067649722099304
লৌহ,0.6067574918270111,0.0,1.606757491827011
প্রদীপ,0.6067303419113159,0.0,1.606730341911316
লাগছিল,0.6066977083683014,0.0,1.6066977083683014
বাসায়৷,0.6065971553325653,0.0,1.6065971553325653
এইখানেই,0.6065636575222015,0.0,1.6065636575222015
বাবা৷,0.60638028383255,0.0,1.60638028383255
খুলবে,0.6063644886016846,0.0,1.6063644886016846
শ্রেণীর,0.6062735617160797,0.0,1.6062735617160797
জনতা,0.6062251031398773,0.0,1.6062251031398773
থামাল,0.6062086820602417,0.0,1.6062086820602417
কমি,0.6062068939208984,0.0,1.6062068939208984
ছোটবড়,0.6062047481536865,0.0,1.6062047481536865
একসঙ্গে,0.6162935495376587,0.010101010101010102,1.6061925394366487
উকি,0.6061839759349823,0.0,1.6061839759349823
অকারণ,0.6061660349369049,0.0,1.606166034936905
শুড়,0.6061648428440094,0.0,1.6061648428440094
দিয়েছেঃ,0.6061161458492279,0.0,1.606116145849228
উদ্দেশ্য,0.6060009896755219,0.0,1.6060009896755219
দোকানদ,0.6059598922729492,0.0,1.6059598922729492
ইঞ্চি,0.6059355437755585,0.0,1.6059355437755585
মালা,0.6160323619842529,0.010101010101010102,1.605931351883243
ডগা,0.605848491191864,0.0,1.605848491191864
চেতন,0.6058124005794525,0.0,1.6058124005794525
বসবাস,0.6058016121387482,0.0,1.6058016121387482
বিশ্মিত,0.6057859063148499,0.0,1.6057859063148499
এসেছি৷,0.6057456433773041,0.0,1.605745643377304
মান্ধাতা,0.6261418461799622,0.02040816326530612,1.605733682914656
চাও,0.615823358297348,0.010101010101010102,1.605722348196338
কোনে,0.6056810617446899,0.0,1.60568106174469
যুক্ত,0.6056175231933594,0.0,1.6056175231933594
সাতা,0.6056034862995148,0.0,1.6056034862995148
পার্ট,0.6055244505405426,0.0,1.6055244505405426
আবারো,0.6054926812648773,0.0,1.6054926812648773
মাঝেমধ্যে,0.6054902970790863,0.0,1.6054902970790863
তৈরী,0.6054434180259705,0.0,1.6054434180259705
পাও,0.6054312586784363,0.0,1.6054312586784363
পাল্টে,0.6053899526596069,0.0,1.605389952659607
বাচবে,0.6053710877895355,0.0,1.6053710877895355
তুলনা,0.6053456962108612,0.0,1.6053456962108612
খুনোখুনি,0.605332762002945,0.0,1.605332762002945
মধ্যরাত,0.6053224503993988,0.0,1.6053224503993988
ফুসফুস,0.6053100526332855,0.0,1.6053100526332855
দুষ্ট,0.6052951514720917,0.0,1.6052951514720917
গিয়েছি৷,0.6052926182746887,0.0,1.6052926182746887
বৈঠ,0.6052464544773102,0.0,1.6052464544773102
পাতাল,0.6052194535732269,0.0,1.605219453573227
চালানো,0.605166107416153,0.0,1.605166107416153
দশেক,0.6051138043403625,0.0,1.6051138043403625
ভিত,0.6050935685634613,0.0,1.6050935685634613
নগরীর,0.6050318777561188,0.0,1.6050318777561188
অবিশ্যি,0.6050276756286621,0.0,1.605027675628662
উঠতে,0.6050013601779938,0.0,1.6050013601779938
শ্ৰেণীর,0.6049270927906036,0.0,1.6049270927906036
কাধে,0.6048804223537445,0.0,1.6048804223537445
সাইনবোর্ড,0.6048719882965088,0.0,1.6048719882965088
বেঞ্চি,0.6048456430435181,0.0,1.604845643043518
ঘা,0.6047704815864563,0.0,1.6047704815864563
যাত্রী,0.614799827337265,0.010101010101010102,1.604698817236255
লে,0.6045202016830444,0.0,1.6045202016830444
স্টিল,0.6145961880683899,0.010101010101010102,1.60449517796738
টুকটাক,0.6044865250587463,0.0,1.6044865250587463
ভয়েস,0.6145810782909393,0.010101010101010102,1.6044800681899294
নামানোর,0.6044796705245972,0.0,1.6044796705245972
মাই,0.6145360469818115,0.010101010101010102,1.6044350368808016
পৌঁ,0.6044163703918457,0.0,1.6044163703918457
অন্যসব,0.6044141352176666,0.0,1.6044141352176666
কাজকারবার,0.6043446660041809,0.0,1.604344666004181
স্যা,0.6043287515640259,0.0,1.6043287515640259
বোকা,0.6042527556419373,0.0,1.6042527556419373
নেন,0.6041885018348694,0.0,1.6041885018348694
প্রান্ত,0.6041547954082489,0.0,1.604154795408249
উবু,0.6040923893451691,0.0,1.604092389345169
উঠানে,0.6040879786014557,0.0,1.6040879786014557
দুরূহ,0.6040827929973602,0.0,1.6040827929973602
সপ্রতিভ,0.6039778888225555,0.0,1.6039778888225555
চূর্ণ,0.6038466691970825,0.0,1.6038466691970825
শেখায়,0.603796660900116,0.0,1.603796660900116
হ্যামবার্গার,0.6037915349006653,0.0,1.6037915349006653
কাঙাল,0.6037901639938354,0.0,1.6037901639938354
কোরান,0.6138596832752228,0.010101010101010102,1.6037586731742128
আদায়,0.6037358045578003,0.0,1.6037358045578003
বৈঠক,0.6037148833274841,0.0,1.6037148833274841
ম্যান,0.6037141978740692,0.0,1.6037141978740692
কই,0.603705108165741,0.0,1.603705108165741
রোগী,0.6036551594734192,0.0,1.6036551594734192
অপমান,0.6035923957824707,0.0,1.6035923957824707
বেঁটে,0.6035901010036469,0.0,1.6035901010036469
এগো,0.6035204231739044,0.0,1.6035204231739044
ক্ষুধার্ত,0.6035186350345612,0.0,1.6035186350345612
অপর,0.613607794046402,0.010101010101010102,1.603506783945392
হাটব,0.6034983396530151,0.0,1.6034983396530151
নিলাম৷,0.6034481525421143,0.0,1.6034481525421143
ছোটবেলায়,0.6034260988235474,0.0,1.6034260988235474
রাত্রি,0.603409469127655,0.0,1.603409469127655
লাফা,0.6033823788166046,0.0,1.6033823788166046
ছেলেমানুষ,0.6032978594303131,0.0,1.603297859430313
কোনোরূপ,0.6032882630825043,0.0,1.6032882630825043
সর্বনাশ,0.61337810754776,0.010101010101010102,1.60327709744675
যেই,0.6032702326774597,0.0,1.6032702326774597
অজ্ঞাত,0.6032508313655853,0.0,1.6032508313655853
হাঁ,0.6032460629940033,0.0,1.6032460629940033
বোরহান,0.6032099425792694,0.0,1.6032099425792694
জীবনযাত্,0.6031967103481293,0.0,1.6031967103481293
স্বাধীনভাবে,0.6031951308250427,0.0,1.6031951308250427
সাফ,0.6031455993652344,0.0,1.6031455993652344
চুকচুক,0.6031027138233185,0.0,1.6031027138233185
আশ্বাস,0.6030725538730621,0.0,1.6030725538730621
গুপ্তচর,0.6030599772930145,0.0,1.6030599772930145
ডাক্তারে,0.6030599176883698,0.0,1.6030599176883698
সালে,0.6030584573745728,0.0,1.6030584573745728
এখন৷,0.6030356287956238,0.0,1.6030356287956238
এতদিনে,0.6030301749706268,0.0,1.6030301749706268
উচ্চস্বরে,0.6030228435993195,0.0,1.6030228435993195
শ্বাস,0.6029975414276123,0.0,1.6029975414276123
আরিফ,0.6029337346553802,0.0,1.6029337346553802
এগারো,0.6029182374477386,0.0,1.6029182374477386
থাকুন,0.6028526127338409,0.0,1.602852612733841
ঝি,0.6028475761413574,0.0,1.6028475761413574
মেজাজ,0.6028352081775665,0.0,1.6028352081775665
ক্যাম্প,0.6232265830039978,0.02040816326530612,1.6028184197386917
লেবু,0.6028077006340027,0.0,1.6028077006340027
পাহা,0.6028038859367371,0.0,1.602803885936737
ঘোর,0.602792501449585,0.0,1.602792501449585
ছুত,0.6027779281139374,0.0,1.6027779281139374
মদ্যপান,0.6027181148529053,0.0,1.6027181148529053
দেশী,0.602683961391449,0.0,1.602683961391449
উচ্চবাচ্য,0.6026725172996521,0.0,1.602672517299652
বোঝানোর,0.6026539504528046,0.0,1.6026539504528046
মানুষ৷,0.6026411056518555,0.0,1.6026411056518555
মানত,0.6026286780834198,0.0,1.6026286780834198
স্পেশাল,0.6026124358177185,0.0,1.6026124358177185
যথাসম্ভব,0.6025435328483582,0.0,1.6025435328483582
ভাবন,0.6126345098018646,0.010101010101010102,1.6025334997008547
ভালোয়,0.6025080382823944,0.0,1.6025080382823944
গুলু,0.6024866700172424,0.0,1.6024866700172424
শক্তির,0.6024813950061798,0.0,1.6024813950061798
পুরানো,0.612527996301651,0.010101010101010102,1.602426986200641
ভাবব,0.6024234592914581,0.0,1.6024234592914581
আকারে,0.6024215221405029,0.0,1.602421522140503
নগরী,0.6024105548858643,0.0,1.6024105548858643
পেরেছি৷,0.6023951172828674,0.0,1.6023951172828674
দেয়নি,0.6023702323436737,0.0,1.6023702323436737
রেলওয়ে,0.6023669540882111,0.0,1.602366954088211
দিচ্ছি৷,0.6023437976837158,0.0,1.6023437976837158
শরিফ,0.6124410927295685,0.010101010101010102,1.6023400826285585
কুড়িয়ে,0.6023392975330353,0.0,1.6023392975330353
জানাজানি,0.6023389399051666,0.0,1.6023389399051666
ইনি,0.6023257970809937,0.0,1.6023257970809937
বলো,0.6023137271404266,0.0,1.6023137271404266
মাত্র৷,0.6022903323173523,0.0,1.6022903323173523
বনানী,0.6022552251815796,0.0,1.6022552251815796
কেন্,0.6022303700447083,0.0,1.6022303700447083
জুল,0.6022284626960754,0.0,1.6022284626960754
কোট,0.6123172640800476,0.010101010101010102,1.6022162539790377
বানাবে,0.6021135151386261,0.0,1.602113515138626
আরেকটু,0.6020287871360779,0.0,1.6020287871360779
প্রবলভাবে,0.6121017038822174,0.010101010101010102,1.6020006937812075
সাফল্য,0.6019543707370758,0.0,1.6019543707370758
বিস্ফষোরিত,0.601891040802002,0.0,1.601891040802002
বিশ্ময়ে,0.6018275916576385,0.0,1.6018275916576385
আঁচ,0.6018202900886536,0.0,1.6018202900886536
আটলান্টিক,0.6119071841239929,0.010101010101010102,1.601806174022983
নানারকম,0.6017967462539673,0.0,1.6017967462539673
জায়গাট,0.6017695069313049,0.0,1.601769506931305
মাত্রায়,0.6017220914363861,0.0,1.601722091436386
হাক,0.6016003787517548,0.0,1.6016003787517548
বিদেশ,0.6015639007091522,0.0,1.6015639007091522
রুমে,0.6015371680259705,0.0,1.6015371680259705
সিভিল,0.6014582514762878,0.0,1.6014582514762878
বুট,0.6014405190944672,0.0,1.6014405190944672
প্রাণপণ,0.6014209985733032,0.0,1.6014209985733032
খাক,0.6013902127742767,0.0,1.6013902127742767
তীব্র,0.6013336479663849,0.0,1.6013336479663849
শিং,0.6012851893901825,0.0,1.6012851893901825
সম্মান,0.6012700796127319,0.0,1.601270079612732
দাড়িগোফ,0.6012500822544098,0.0,1.6012500822544098
ধের্য,0.6012479960918427,0.0,1.6012479960918427
তরুণী,0.6012292504310608,0.0,1.6012292504310608
রাতদিন,0.6012080609798431,0.0,1.6012080609798431
আইডিয়া,0.6011773645877838,0.0,1.6011773645877838
অনবরত,0.6011766791343689,0.0,1.601176679134369
পাচ্ছি৷,0.6112112104892731,0.010101010101010102,1.6011102003882631
অপ্রাসঙ্গিক,0.6010971367359161,0.0,1.6010971367359161
ঘুরবে,0.6010825037956238,0.0,1.6010825037956238
ডাকাডাকি,0.6010640561580658,0.0,1.6010640561580658
দাড়িগৌফ,0.6009671986103058,0.0,1.6009671986103058
ভারী,0.6110408008098602,0.010101010101010102,1.6009397907088503
কাঁচ,0.6009140312671661,0.0,1.6009140312671661
ভাবতে,0.6009104549884796,0.0,1.6009104549884796
মূর্তির,0.6008733808994293,0.0,1.6008733808994293
ধীরেসুস্থে,0.6008656620979309,0.0,1.600865662097931
ফৌটা,0.6008362472057343,0.0,1.6008362472057343
অভুক্ত,0.6008224189281464,0.0,1.6008224189281464
চাইছিল,0.6008029878139496,0.0,1.6008029878139496
সম্ভাব্য,0.6008028388023376,0.0,1.6008028388023376
উপক্রম,0.6109035611152649,0.010101010101010102,1.600802551014255
মাত্,0.6007746756076813,0.0,1.6007746756076813
হামাগুড়ি,0.600756973028183,0.0,1.600756973028183
বাজারে,0.6007265746593475,0.0,1.6007265746593475
ঘটা,0.6007241606712341,0.0,1.6007241606712341
একদল,0.6006971001625061,0.0,1.600697100162506
বেঞ্চে,0.610790878534317,0.010101010101010102,1.600689868433307
হোটেলের,0.6006735265254974,0.0,1.6006735265254974
ফ্যাট,0.6005364656448364,0.0,1.6005364656448364
কাচঘরে,0.6005012094974518,0.0,1.6005012094974518
বাণী,0.6004759967327118,0.0,1.6004759967327118
সা,0.6004405319690704,0.0,1.6004405319690704
দৈত্য,0.6104893684387207,0.010101010101010102,1.6003883583377108
পায়া,0.6003518104553223,0.0,1.6003518104553223
মালিক,0.6002887487411499,0.0,1.60028874874115
পালানোর,0.6002466082572937,0.0,1.6002466082572937
নিশ্চিহ্ন,0.6002242267131805,0.0,1.6002242267131805
চিকিৎসক,0.6002177894115448,0.0,1.6002177894115448
অঙ্গ,0.6002160310745239,0.0,1.600216031074524
ঝিনু,0.6103031933307648,0.010101010101010102,1.6002021832297548
বিষণু,0.6001909375190735,0.0,1.6001909375190735
খুঁজ,0.6001293063163757,0.0,1.6001293063163757
অঞ্চল,0.6101503074169159,0.010101010101010102,1.600049297315906
হাটে,0.6000362932682037,0.0,1.6000362932682037
বেসিন,0.5999359786510468,0.0,1.5999359786510468
করিব,0.5999269485473633,0.0,1.5999269485473633
ট্যাঙ্ক,0.5998824238777161,0.0,1.599882423877716
ঘেয়ে,0.5998693108558655,0.0,1.5998693108558655
নামকরণ,0.5997715890407562,0.0,1.5997715890407562
দাড়াল,0.5997503101825714,0.0,1.5997503101825714
সায়েন্স,0.5997310876846313,0.0,1.5997310876846313
অসহযোগ,0.5997204780578613,0.0,1.5997204780578613
তাকানো,0.6098163723945618,0.010101010101010102,1.5997153622935518
বিস্মিত,0.5996875762939453,0.0,1.5996875762939453
সোয়ে,0.5996841788291931,0.0,1.5996841788291931
আসর,0.599626749753952,0.0,1.599626749753952
স্মৃতি,0.5996052026748657,0.0,1.5996052026748657
শাসনে,0.5994882583618164,0.0,1.5994882583618164
সাব,0.6095776259899139,0.010101010101010102,1.599476615888904
বসুন,0.5994594097137451,0.0,1.5994594097137451
কনফারেন্স,0.6095144152641296,0.010101010101010102,1.5994134051631197
সম্পত্তি,0.5993375182151794,0.0,1.5993375182151794
নিশ্চিন্ত,0.6094307899475098,0.010101010101010102,1.5993297798464998
ছেলেটা,0.5993229150772095,0.0,1.5993229150772095
চাচা,0.5992841124534607,0.0,1.5992841124534607
জাফর,0.609284371137619,0.010101010101010102,1.599183361036609
মুক্তিযোদ্ধা,0.5991734266281128,0.0,1.5991734266281128
তক্তা,0.5991729199886322,0.0,1.5991729199886322
উপকারী,0.5991181135177612,0.0,1.5991181135177612
ডাকি,0.5990778207778931,0.0,1.599077820777893
বিশ্রী,0.5990614593029022,0.0,1.5990614593029022
হোক৷,0.5990029275417328,0.0,1.5990029275417328
ঢাকায়,0.5989916324615479,0.0,1.5989916324615479
রূপান্তর,0.5989056825637817,0.0,1.5989056825637817
ফ্যামিলির,0.5988940298557281,0.0,1.5988940298557281
পেতাম,0.5988833904266357,0.0,1.5988833904266357
বেছ,0.5988330841064453,0.0,1.5988330841064453
টিলে,0.5988122820854187,0.0,1.5988122820854187
প্রক্রিয়,0.5987958610057831,0.0,1.598795861005783
দুলে,0.6088811159133911,0.010101010101010102,1.5987801058123812
কীট,0.5987562835216522,0.0,1.5987562835216522
অতীশ,0.5987264811992645,0.0,1.5987264811992645
বর্ণনা,0.5987249314785004,0.0,1.5987249314785004
টিতি,0.5987191498279572,0.0,1.5987191498279572
দৌড়,0.5986998677253723,0.0,1.5986998677253723
ছোট্ট,0.5986914038658142,0.0,1.5986914038658142
দিই,0.5986401438713074,0.0,1.5986401438713074
বুজে,0.5986183285713196,0.0,1.5986183285713196
শিক,0.5986175835132599,0.0,1.5986175835132599
তােদের,0.5986100435256958,0.0,1.5986100435256958
ফিটফাট,0.5985327064990997,0.0,1.5985327064990997
সামলে,0.5985291302204132,0.0,1.5985291302204132
প্রাণীরা,0.5985274612903595,0.0,1.5985274612903595
আর্ট,0.6086044907569885,0.010101010101010102,1.5985034806559786
দুর্বলতা,0.5984866917133331,0.0,1.5984866917133331
কাঁদো,0.5984817743301392,0.0,1.5984817743301392
আন্দাজ,0.5984655916690826,0.0,1.5984655916690826
টিকটিকির,0.5984416306018829,0.0,1.598441630601883
মরি,0.5984262526035309,0.0,1.5984262526035309
প্রতিপক্ষ,0.5982745885848999,0.0,1.5982745885849
করিডোর,0.6083483994007111,0.010101010101010102,1.5982473892997011
ক্যাচ,0.5982312560081482,0.0,1.5982312560081482
গুড,0.5982186794281006,0.0,1.5982186794281006
নাও৷,0.5981910824775696,0.0,1.5981910824775696
অতিকায়,0.5981467962265015,0.0,1.5981467962265015
উৎস,0.5980203449726105,0.0,1.5980203449726105
আর্থ,0.5979711413383484,0.0,1.5979711413383484
আবর্জনা,0.5979687571525574,0.0,1.5979687571525574
অস্পষ্ট,0.5979634523391724,0.0,1.5979634523391724
নিশ্বাসে,0.6080569624900818,0.010101010101010102,1.5979559523890718
নিরাপত্তা,0.5979118645191193,0.0,1.5979118645191193
আবিষ্কার,0.5979079902172089,0.0,1.5979079902172089
পেয়েছেন,0.6079913079738617,0.010101010101010102,1.5978902978728518
চাটা,0.5978253185749054,0.0,1.5978253185749054
ঝাকুনি,0.5978247821331024,0.0,1.5978247821331024
করো,0.597809910774231,0.0,1.597809910774231
উদ্ধ,0.5977737605571747,0.0,1.5977737605571747
কাণ্ডকারখানা,0.5976917147636414,0.0,1.5976917147636414
সেকি,0.5976916253566742,0.0,1.5976916253566742
কয়লা,0.5976552069187164,0.0,1.5976552069187164
ফেন,0.5976107120513916,0.0,1.5976107120513916
গন্ধে,0.5975777804851532,0.0,1.5975777804851532
পুষিয়ে,0.5975768864154816,0.0,1.5975768864154816
গালাগাল,0.5975707769393921,0.0,1.597570776939392
বুঝিনি,0.5975488126277924,0.0,1.5975488126277924
টানাটানি,0.597544938325882,0.0,1.597544938325882
ততদিন,0.6076109707355499,0.010101010101010102,1.59750996063454
হলি,0.5974918007850647,0.0,1.5974918007850647
বেদানা,0.6075857877731323,0.010101010101010102,1.5974847776721224
লুঙ্গি,0.5973761677742004,0.0,1.5973761677742004
মিলিত,0.5973637700080872,0.0,1.5973637700080872
বুদ্ধির,0.5973598062992096,0.0,1.5973598062992096
তো৷,0.5973271131515503,0.0,1.5973271131515503
লাগলেন৷,0.5973173081874847,0.0,1.5973173081874847
জীবন্ত,0.5973070561885834,0.0,1.5973070561885834
ফরিদ,0.5972993671894073,0.0,1.5972993671894073
সেইখানে,0.5972340703010559,0.0,1.597234070301056
হন্যে,0.5971784293651581,0.0,1.597178429365158
বিল্ডিং,0.5971580743789673,0.0,1.5971580743789673
কোনে৷,0.6072381436824799,0.010101010101010102,1.59713713358147
টান৷,0.5971307754516602,0.0,1.5971307754516602
ভীষণভাবে,0.5971069633960724,0.0,1.5971069633960724
প্রকাশ্যে,0.5971013903617859,0.0,1.5971013903617859
দিন৷,0.6071030795574188,0.010101010101010102,1.5970020694564089
ছুরি,0.5969880819320679,0.0,1.5969880819320679
গুরুতর,0.5969716608524323,0.0,1.5969716608524323
পাটি,0.6173495054244995,0.02040816326530612,1.5969413421591934
সমাধান,0.5969159603118896,0.0,1.5969159603118896
দুধ,0.5968456566333771,0.0,1.596845656633377
শুনুন,0.5968136787414551,0.0,1.596813678741455
ট্যা,0.5968128442764282,0.0,1.5968128442764282
দাড়ায়,0.5967919230461121,0.0,1.596791923046112
দেই,0.5967138707637787,0.0,1.5967138707637787
নামল,0.5966283679008484,0.0,1.5966283679008484
বৃথা,0.5965601801872253,0.0,1.5965601801872253
চোরাবা,0.5965366065502167,0.0,1.5965366065502167
গেছেন৷,0.5964972972869873,0.0,1.5964972972869873
ডোর,0.5964930951595306,0.0,1.5964930951595306
ঘুরপাক,0.5964910089969635,0.0,1.5964910089969635
কণ্ঠস্বরে,0.5963718295097351,0.0,1.596371829509735
ফাদে,0.5963609218597412,0.0,1.5963609218597412
বাংলাদেশের,0.5963238477706909,0.0,1.596323847770691
লাট,0.5962835252285004,0.0,1.5962835252285004
ছলাৎ,0.5962667763233185,0.0,1.5962667763233185
আয়না,0.5962530970573425,0.0,1.5962530970573425
দেখছিল,0.5962345600128174,0.0,1.5962345600128174
প্রতিবাদ,0.6063310503959656,0.010101010101010102,1.5962300402949556
কৈ,0.5961726605892181,0.0,1.5961726605892181
ঢাকাতে,0.596073180437088,0.0,1.596073180437088
মান্,0.5960314571857452,0.0,1.5960314571857452
উপেক্ষা,0.5960065424442291,0.0,1.5960065424442291
পয়েন্টে,0.595960408449173,0.0,1.595960408449173
আপনারে,0.606027752161026,0.010101010101010102,1.595926742060016
রােজ,0.6060231924057007,0.010101010101010102,1.5959221823046907
ফোম,0.5959162414073944,0.0,1.5959162414073944
যেদিন,0.5958841741085052,0.0,1.5958841741085052
ইজ,0.6059706807136536,0.010101010101010102,1.5958696706126436
কাচা,0.5958688259124756,0.0,1.5958688259124756
ধান,0.5958273112773895,0.0,1.5958273112773895
সুস্থ,0.59579998254776,0.0,1.59579998254776
চোট,0.5957874059677124,0.0,1.5957874059677124
থায়,0.5957395434379578,0.0,1.5957395434379578
সাড়া,0.5957394540309906,0.0,1.5957394540309906
বাড়তি,0.5957157611846924,0.0,1.5957157611846924
ইলেকট্রিক,0.6057564318180084,0.010101010101010102,1.5956554217169985
টেলিভিশন,0.6057261526584625,0.010101010101010102,1.5956251425574526
মোজা,0.5956017673015594,0.0,1.5956017673015594
মৃত্যুদণ্ড,0.6056405305862427,0.010101010101010102,1.5955395204852327
কিউ,0.5955086052417755,0.0,1.5955086052417755
সামিল,0.5954892933368683,0.0,1.5954892933368683
নিচ্ছে৷,0.5954861342906952,0.0,1.5954861342906952
ঘ্যানঘ্যান,0.5954410433769226,0.0,1.5954410433769226
বড়ুলোক,0.5953885912895203,0.0,1.5953885912895203
কিচ্ছু,0.5953781604766846,0.0,1.5953781604766846
স্কু,0.6054602861404419,0.010101010101010102,1.595359276039432
থানায়,0.6054550111293793,0.010101010101010102,1.5953540010283693
দুর্ঘটনায়,0.5952775776386261,0.0,1.595277577638626
গামা,0.5952652096748352,0.0,1.5952652096748352
ওপাশ,0.5952408313751221,0.0,1.595240831375122
আঙল,0.6053099632263184,0.010101010101010102,1.5952089531253084
বিভাগ,0.5952039659023285,0.0,1.5952039659023285
কুটি,0.5952001512050629,0.0,1.5952001512050629
আছাড়,0.5951937437057495,0.0,1.5951937437057495
ছেলেমেয়ে,0.5951500535011292,0.0,1.5951500535011292
চলাে,0.5951492786407471,0.0,1.595149278640747
আসছে৷,0.5950750708580017,0.0,1.5950750708580017
চেয়েছিল,0.5950542092323303,0.0,1.5950542092323303
সবাই৷,0.5950287580490112,0.0,1.5950287580490112
গড়ে,0.5950280129909515,0.0,1.5950280129909515
জরুরি,0.5949450433254242,0.0,1.5949450433254242
মারধোর,0.5949424803256989,0.0,1.5949424803256989
অস্বস্তিকর,0.6049262881278992,0.010101010101010102,1.5948252780268892
বুঝব,0.594819188117981,0.0,1.594819188117981
সাংবাদিক,0.6048897802829742,0.010101010101010102,1.5947887701819643
নেইএই,0.594779908657074,0.0,1.594779908657074
ভুরু,0.6151695549488068,0.02040816326530612,1.5947613916835006
অভিশাপ,0.5947604775428772,0.0,1.5947604775428772
ব্যাকুল,0.5947565138339996,0.0,1.5947565138339996
প্রাচীন,0.5947338342666626,0.0,1.5947338342666626
কার্পেটের,0.5946857035160065,0.0,1.5946857035160065
মৃদু,0.5946733951568604,0.0,1.5946733951568604
বাগ,0.5946345329284668,0.0,1.5946345329284668
বত্রিশ,0.5945894718170166,0.0,1.5945894718170166
দুএকজন,0.5945860147476196,0.0,1.5945860147476196
অ্যাকসিডেন্ট,0.594556599855423,0.0,1.594556599855423
সেথানে,0.5944862067699432,0.0,1.5944862067699432
মেয়ের৷,0.5944671034812927,0.0,1.5944671034812927
পরিণত,0.5944340527057648,0.0,1.5944340527057648
বাড়বে,0.594422310590744,0.0,1.594422310590744
খেয়াল,0.5944042503833771,0.0,1.594404250383377
পাল্স্,0.5943617522716522,0.0,1.5943617522716522
উৎসব,0.5943496227264404,0.0,1.5943496227264404
সন্যাসী,0.5943472981452942,0.0,1.5943472981452942
ঠিকভাবে,0.5943425595760345,0.0,1.5943425595760345
আব্ব,0.5942805409431458,0.0,1.5942805409431458
ছিলে,0.594278484582901,0.0,1.594278484582901
বোরকা,0.5942706167697906,0.0,1.5942706167697906
একাডেমি,0.5941774249076843,0.0,1.5941774249076843
পরলে,0.5941752791404724,0.0,1.5941752791404724
পিঠে,0.5941745638847351,0.0,1.594174563884735
ঢুকে,0.6042202115058899,0.010101010101010102,1.59411920140488
লিয়,0.5940880477428436,0.0,1.5940880477428436
টেকনিক,0.5940679013729095,0.0,1.5940679013729095
আপ,0.5940600037574768,0.0,1.5940600037574768
থরে,0.594033271074295,0.0,1.594033271074295
কাজী,0.6041289269924164,0.010101010101010102,1.5940279168914064
ছুয়ে,0.5940147638320923,0.0,1.5940147638320923
সংকেতের,0.5939116775989532,0.0,1.5939116775989532
অসম,0.5939067602157593,0.0,1.5939067602157593
গৌতম,0.5939024388790131,0.0,1.593902438879013
রাজকন্যা,0.5938914716243744,0.0,1.5938914716243744
পড়াশোন,0.5938871800899506,0.0,1.5938871800899506
বললেন৷,0.5938740372657776,0.0,1.5938740372657776
অভিমানী,0.5938509106636047,0.0,1.5938509106636047
বিধায়,0.5938333868980408,0.0,1.5938333868980408
ফেলা,0.5937781929969788,0.0,1.5937781929969788
আউট,0.5937772393226624,0.0,1.5937772393226624
চরিত্র,0.5937756299972534,0.0,1.5937756299972534
ততটুকু,0.60386061668396,0.010101010101010102,1.59375960658295
মানা,0.5937537848949432,0.0,1.5937537848949432
ভোগ,0.5937219262123108,0.0,1.5937219262123108
শুনেছেন,0.5936876833438873,0.0,1.5936876833438873
ফার্মে,0.5936734080314636,0.0,1.5936734080314636
ভিতরক,0.5935775339603424,0.0,1.5935775339603424
ঘরে৷,0.5935603082180023,0.0,1.5935603082180023
উচিত৷,0.5935414135456085,0.0,1.5935414135456085
ছেলেবেলায়,0.5935400426387787,0.0,1.5935400426387787
অক্ষরে,0.5935169458389282,0.0,1.5935169458389282
নিশ্বাস,0.5934189260005951,0.0,1.593418926000595
ওয়াক,0.6035143733024597,0.010101010101010102,1.5934133632014498
যুক্তির,0.5933526456356049,0.0,1.5933526456356049
জিয়া,0.5932913720607758,0.0,1.5932913720607758
ঝুল,0.5932864248752594,0.0,1.5932864248752594
জানতে,0.5931755304336548,0.0,1.5931755304336548
হাউসে,0.5931742787361145,0.0,1.5931742787361145
উঠত,0.5931423902511597,0.0,1.5931423902511597
একরােখা,0.5931418538093567,0.0,1.5931418538093567
বড়া,0.5931367576122284,0.0,1.5931367576122284
অদ্ভুত,0.5931268036365509,0.0,1.593126803636551
আয়োজন,0.603222131729126,0.010101010101010102,1.593121121628116
মূল্যবান,0.5930435657501221,0.0,1.593043565750122
যেতেন,0.5929933786392212,0.0,1.5929933786392212
রেডিও,0.5929676592350006,0.0,1.5929676592350006
মামি,0.5929600596427917,0.0,1.5929600596427917
উদ্যানে,0.5929564237594604,0.0,1.5929564237594604
খুলল,0.5929463505744934,0.0,1.5929463505744934
খেয়,0.6030164957046509,0.010101010101010102,1.592915485603641
তারিয়ে,0.5928965210914612,0.0,1.5928965210914612
সঞ্চিত,0.5928780734539032,0.0,1.5928780734539032
বাজে,0.5928646326065063,0.0,1.5928646326065063
দুমাস,0.5928602814674377,0.0,1.5928602814674377
চিড়িয়াখানা,0.5928426682949066,0.0,1.5928426682949066
মানুষজন,0.5928406119346619,0.0,1.5928406119346619
স্থানে,0.5927630662918091,0.0,1.592763066291809
ধান্ধায়,0.6028606593608856,0.010101010101010102,1.5927596492598757
অবস্থ,0.6131500601768494,0.02040816326530612,1.5927418969115432
বেগম,0.6028303503990173,0.010101010101010102,1.5927293402980074
করছে৷,0.5927188098430634,0.0,1.5927188098430634
কোমরে,0.592692494392395,0.0,1.592692494392395
রাখি৷,0.592666894197464,0.0,1.592666894197464
তাকান,0.5926517844200134,0.0,1.5926517844200134
আজক,0.5925920903682709,0.0,1.5925920903682709
বসি,0.5925796926021576,0.0,1.5925796926021576
আটক,0.5925341248512268,0.0,1.5925341248512268
বারােটা,0.5925238728523254,0.0,1.5925238728523254
রেখেছেন৷,0.5925149917602539,0.0,1.592514991760254
দিব্যি,0.5924707651138306,0.0,1.5924707651138306
লাভ,0.5924091935157776,0.0,1.5924091935157776
বরাদ্দ,0.5923559665679932,0.0,1.5923559665679932
রায়,0.6024409830570221,0.010101010101010102,1.5923399729560122
মফিজ,0.5923309624195099,0.0,1.5923309624195099
ঝুলানো,0.6024145483970642,0.010101010101010102,1.5923135382960543
পিপড়,0.5923081040382385,0.0,1.5923081040382385
বেড়ানো,0.5922941267490387,0.0,1.5922941267490387
কেলেঙ্কারি,0.5922898054122925,0.0,1.5922898054122925
রান,0.5922806262969971,0.0,1.592280626296997
ক্ষেত্র,0.592242568731308,0.0,1.592242568731308
নিঃশব্দ,0.5922397077083588,0.0,1.5922397077083588
মেটানো,0.5921953618526459,0.0,1.5921953618526459
সপ্তাহথানেক,0.5921842753887177,0.0,1.5921842753887177
থামল,0.592113733291626,0.0,1.592113733291626
সেভাবে,0.6021753549575806,0.010101010101010102,1.5920743448565706
উদাসীন,0.5919893383979797,0.0,1.5919893383979797
আধ,0.5919260382652283,0.0,1.5919260382652283
ঝাপিয়ে,0.5919150114059448,0.0,1.5919150114059448
হবে৷,0.5918974280357361,0.0,1.591897428035736
নাআম,0.5918940007686615,0.0,1.5918940007686615
কেবিনে,0.5918912589550018,0.0,1.5918912589550018
নতূন,0.5918768346309662,0.0,1.5918768346309662
লাগছে৷,0.591863751411438,0.0,1.591863751411438
মুসলমান,0.6019577980041504,0.010101010101010102,1.5918567879031404
আশীর্বাদ,0.591853529214859,0.0,1.591853529214859
উপস্থিতি,0.6019534766674042,0.010101010101010102,1.5918524665663942
বেশিকিছু,0.5918228328227997,0.0,1.5918228328227997
কিলোমি,0.5918205678462982,0.0,1.5918205678462982
নূর,0.5918105840682983,0.0,1.5918105840682983
প্রশংসা,0.5917336344718933,0.0,1.5917336344718933
এনেছি,0.5916842520236969,0.0,1.591684252023697
মাঝপথে,0.5916795432567596,0.0,1.5916795432567596
নেগেটিভ,0.5916283130645752,0.0,1.5916283130645752
ডানে,0.5916135311126709,0.0,1.591613531112671
সাধক,0.5915927290916443,0.0,1.5915927290916443
খটকা,0.5915791094303131,0.0,1.591579109430313
বেরুচ্,0.5915535092353821,0.0,1.591553509235382
কিংব,0.591538280248642,0.0,1.591538280248642
খোঁজখবর,0.5915335714817047,0.0,1.5915335714817047
চৈ,0.6016335189342499,0.010101010101010102,1.59153250883324
মামা,0.5915132462978363,0.0,1.5915132462978363
ফেলেছিল,0.5915101170539856,0.0,1.5915101170539856
বন্দোবস্তু,0.6016070544719696,0.010101010101010102,1.5915060443709597
দুটে৷,0.5914968550205231,0.0,1.591496855020523
তিনজন,0.5914368033409119,0.0,1.5914368033409119
গানবাজন,0.5914323031902313,0.0,1.5914323031902313
কিনবে,0.6015318632125854,0.010101010101010102,1.5914308531115755
চিনবে,0.5913620293140411,0.0,1.5913620293140411
অমাবস্যা,0.5913440883159637,0.0,1.5913440883159637
সেন,0.5913394689559937,0.0,1.5913394689559937
প্রাণীর,0.5913292765617371,0.0,1.591329276561737
সূচক,0.5912151336669922,0.0,1.5912151336669922
টিল,0.5911917686462402,0.0,1.5911917686462402
ডা,0.5911502242088318,0.0,1.5911502242088318
ফলা,0.5910325348377228,0.0,1.5910325348377228
হয়নি৷,0.6011195778846741,0.010101010101010102,1.5910185677836641
পিস,0.5910097658634186,0.0,1.5910097658634186
ফিরবে,0.6011102199554443,0.010101010101010102,1.5910092098544344
পূর্বপুরুষ,0.5909985601902008,0.0,1.5909985601902008
কলোনির,0.6010807156562805,0.010101010101010102,1.5909797055552706
নিয়ত,0.5909481346607208,0.0,1.5909481346607208
অপারেশনে,0.5909231007099152,0.0,1.5909231007099152
কাপড়জামা,0.5909070670604706,0.0,1.5909070670604706
বেজ,0.5908975601196289,0.0,1.590897560119629
যেন৷,0.5908007025718689,0.0,1.590800702571869
আবেদনে,0.5907115936279297,0.0,1.5907115936279297
আর্মির,0.590692788362503,0.0,1.590692788362503
লিখন,0.5906897187232971,0.0,1.5906897187232971
বাধ্য,0.590684324502945,0.0,1.590684324502945
আইসক্রিম,0.5906699597835541,0.0,1.590669959783554
আশংকা,0.5906331837177277,0.0,1.5906331837177277
নিয়মিত,0.590626984834671,0.0,1.590626984834671
মোঃ,0.5905807316303253,0.0,1.5905807316303253
বিস্তৃত,0.5905600786209106,0.0,1.5905600786209106
সংঘর্ষে,0.5904993116855621,0.0,1.5904993116855621
কেউ৷,0.5904679000377655,0.0,1.5904679000377655
বুলেটের,0.5904475152492523,0.0,1.5904475152492523
প্রোফাইল,0.5904422700405121,0.0,1.590442270040512
ক্ষুধা,0.5904190242290497,0.0,1.5904190242290497
স্বয়ংক্রিয়,0.5904186069965363,0.0,1.5904186069965363
টেলিভিশনে,0.5904086232185364,0.0,1.5904086232185364
দাঁড়াল৷,0.5903996825218201,0.0,1.59039968252182
সাউন্ড,0.5903840661048889,0.0,1.590384066104889
আলে৷,0.590381920337677,0.0,1.590381920337677
ত্যাগ,0.5903714001178741,0.0,1.5903714001178741
থামা,0.5903229415416718,0.0,1.5903229415416718
আভাস,0.5903092324733734,0.0,1.5903092324733734
করছেঃ,0.590303510427475,0.0,1.590303510427475
সম্মানিত,0.5902651846408844,0.0,1.5902651846408844
নির্মমভাবে,0.5902510285377502,0.0,1.5902510285377502
গাচ,0.5902010500431061,0.0,1.590201050043106
টেনশান,0.590169221162796,0.0,1.590169221162796
এর৷,0.5901451706886292,0.0,1.5901451706886292
আবৃত্তি,0.5901351273059845,0.0,1.5901351273059845
ভ্যান,0.5901166498661041,0.0,1.5901166498661041
সুখদুঃখ,0.590084046125412,0.0,1.590084046125412
গাঝাড়া,0.590073972940445,0.0,1.590073972940445
আরেকজন,0.5900484621524811,0.0,1.590048462152481
উঁকি,0.6001238226890564,0.010101010101010102,1.5900228125880465
ক্যামেরায়,0.590020477771759,0.0,1.590020477771759
খোজাখুজি,0.589922696352005,0.0,1.589922696352005
খেলোয়াড়,0.5898998975753784,0.0,1.5898998975753784
ধরা,0.5998836159706116,0.010101010101010102,1.5897826058696016
গোড়া,0.5897562801837921,0.0,1.5897562801837921
সরাসরি,0.5897528231143951,0.0,1.5897528231143951
ইশারা,0.589743435382843,0.0,1.589743435382843
ঝামেলায়,0.5897327363491058,0.0,1.5897327363491058
জন্মালে,0.5897245407104492,0.0,1.5897245407104492
শীর্ণ,0.5897031426429749,0.0,1.5897031426429749
হকচকিয়ে,0.5896947681903839,0.0,1.589694768190384
দিলাম৷,0.5997474491596222,0.010101010101010102,1.5896464390586122
সন্ধান,0.5895644724369049,0.0,1.589564472436905
রাজনীতি,0.5895597636699677,0.0,1.5895597636699677
ঘাঁট,0.5895013213157654,0.0,1.5895013213157654
দীড়িয়ে,0.5894669890403748,0.0,1.5894669890403748
পারবি,0.5894656181335449,0.0,1.589465618133545
দাড়াতে,0.5894027352333069,0.0,1.5894027352333069
শৈশব,0.5893954336643219,0.0,1.589395433664322
বনি,0.5893793404102325,0.0,1.5893793404102325
জাগুন,0.5893575847148895,0.0,1.5893575847148895
দয়া,0.589346319437027,0.0,1.589346319437027
পরিয়ে,0.5892887711524963,0.0,1.5892887711524963
হেলান,0.599360466003418,0.010101010101010102,1.589259455902408
আসছিল,0.5892354846000671,0.0,1.5892354846000671
বাচ,0.5891645550727844,0.0,1.5891645550727844
নাশতা,0.5891385674476624,0.0,1.5891385674476624
পাশে৷,0.5891056060791016,0.0,1.5891056060791016
খাচ্ছি,0.5890888869762421,0.0,1.589088886976242
মাছি,0.5890796780586243,0.0,1.5890796780586243
বছরখানেক,0.5890631079673767,0.0,1.5890631079673767
শান্তির,0.5888952910900116,0.0,1.5888952910900116
পয়ত্রিশ,0.588881105184555,0.0,1.588881105184555
শোন৷,0.5888804495334625,0.0,1.5888804495334625
ছাত্রী,0.5989633798599243,0.010101010101010102,1.5888623697589144
রুদ্ধশ্বাসে,0.5888447463512421,0.0,1.588844746351242
ফোনে,0.5888180732727051,0.0,1.588818073272705
রমণী,0.5887946784496307,0.0,1.5887946784496307
যোগ,0.5887771248817444,0.0,1.5887771248817444
হাসান,0.5887598693370819,0.0,1.588759869337082
প্রকৃতির,0.588752031326294,0.0,1.588752031326294
ভূগোল,0.5887248814105988,0.0,1.5887248814105988
নিচ,0.5887087285518646,0.0,1.5887087285518646
ভিজ,0.5886924266815186,0.0,1.5886924266815186
ঝাকিয়ে,0.5886857211589813,0.0,1.5886857211589813
কোনোক্রমে,0.5886681079864502,0.0,1.5886681079864502
পড়া,0.5886204242706299,0.0,1.5886204242706299
অন্যদি,0.598720133304596,0.010101010101010102,1.588619123203586
গোবর,0.5886125564575195,0.0,1.5886125564575195
পড়েছিল,0.5886004567146301,0.0,1.5886004567146301
কল্পনা,0.5885592699050903,0.0,1.5885592699050903
কৃত্রিম,0.5885393023490906,0.0,1.5885393023490906
ক্যাম্পে,0.5884242057800293,0.0,1.5884242057800293
খাইয়ে,0.5984913408756256,0.010101010101010102,1.5883903307746157
সাহায্যে,0.5883452594280243,0.0,1.5883452594280243
ঘামিয়ে,0.58834108710289,0.0,1.58834108710289
গভীরভাবে,0.5883091688156128,0.0,1.5883091688156128
ময়ূর,0.5882860720157623,0.0,1.5882860720157623
আমায়,0.5882757604122162,0.0,1.5882757604122162
নিষ্পাপ,0.5882522463798523,0.0,1.5882522463798523
হাওয়ায়,0.5882041752338409,0.0,1.588204175233841
হিটা,0.5882017016410828,0.0,1.5882017016410828
রাগারাগি,0.5882004201412201,0.0,1.58820042014122
পরী,0.5881781578063965,0.0,1.5881781578063965
চাদ,0.5881757438182831,0.0,1.588175743818283
মিথ্যা,0.5881689488887787,0.0,1.5881689488887787
ছাই,0.6085273921489716,0.02040816326530612,1.5881192288836654
শান্তি,0.5881127417087555,0.0,1.5881127417087555
মারা,0.5880420506000519,0.0,1.5880420506000519
গগনবিদারী,0.5880391895771027,0.0,1.5880391895771027
উল্টে,0.5880388617515564,0.0,1.5880388617515564
চেতনা,0.5981167554855347,0.010101010101010102,1.5880157453845247
দেখেছেন৷,0.5880002677440643,0.0,1.5880002677440643
নিশ্চল,0.5879782140254974,0.0,1.5879782140254974
ড্রাইভারকে,0.5980737507343292,0.010101010101010102,1.5879727406333193
উত্তেজনায়,0.5879538059234619,0.0,1.587953805923462
বজায়,0.5879396498203278,0.0,1.5879396498203278
নেয়,0.5879088342189789,0.0,1.5879088342189789
পারিবারিক,0.597912460565567,0.010101010101010102,1.587811450464557
কৌতূহলে,0.5878074765205383,0.0,1.5878074765205383
মারবে,0.5877789855003357,0.0,1.5877789855003357
কলকারখানা,0.5877151489257812,0.0,1.5877151489257812
চালানোর,0.5876974165439606,0.0,1.5876974165439606
ঝাঁ,0.5876777172088623,0.0,1.5876777172088623
বলেছিল,0.5876651406288147,0.0,1.5876651406288147
শেভ,0.5876442193984985,0.0,1.5876442193984985
নারায়ণগঞ্জ,0.5875759422779083,0.0,1.5875759422779083
ধানমন্ডি,0.587575763463974,0.0,1.587575763463974
হিন্দু,0.6079416275024414,0.02040816326530612,1.5875334642371353
গানে,0.5875095129013062,0.0,1.5875095129013062
সাহসী,0.5975774526596069,0.010101010101010102,1.587476442558597
ছাড়িয়ে,0.5975656807422638,0.010101010101010102,1.5874646706412538
গার্ড,0.5874477028846741,0.0,1.587447702884674
পোড়া,0.5874262750148773,0.0,1.5874262750148773
বিমান,0.5974844098091125,0.010101010101010102,1.5873833997081026
দায়ী,0.5873694717884064,0.0,1.5873694717884064
চলাচল,0.587366372346878,0.0,1.587366372346878
শিক্ষা,0.5873047709465027,0.0,1.5873047709465027
কণ্ঠে,0.5872308611869812,0.0,1.5872308611869812
দুর্ভেদ্য,0.5872297883033752,0.0,1.5872297883033752
ডোব,0.587222695350647,0.0,1.587222695350647
জিত,0.5871806740760803,0.0,1.5871806740760803
স্যুট,0.5871708989143372,0.0,1.5871708989143372
অংশে,0.5871532261371613,0.0,1.5871532261371613
রাজধানী,0.5870344340801239,0.0,1.587034434080124
ফকির,0.5870126783847809,0.0,1.5870126783847809
গ্রেপ্ত,0.5869878828525543,0.0,1.5869878828525543
খোচা,0.5970731377601624,0.010101010101010102,1.5869721276591524
দাড়ানোর,0.5869103372097015,0.0,1.5869103372097015
নির্যাতন,0.5868761241436005,0.0,1.5868761241436005
আপত্তি,0.5868462920188904,0.0,1.5868462920188904
মাকড়সা,0.5868017971515656,0.0,1.5868017971515656
হলকা,0.5867633819580078,0.0,1.5867633819580078
মুহম্মদ,0.5867365598678589,0.0,1.5867365598678589
গুলিবিদ্ধ,0.5866557955741882,0.0,1.5866557955741882
যাইতে,0.586605966091156,0.0,1.586605966091156
অনুগ্রহ,0.5866043865680695,0.0,1.5866043865680695
ইলেকট্রিসি,0.5865502655506134,0.0,1.5865502655506134
মালিশ,0.5865199267864227,0.0,1.5865199267864227
চাষী,0.5864909589290619,0.0,1.586490958929062
নাচ,0.5864786803722382,0.0,1.5864786803722382
বিস্ফোরক,0.5864686369895935,0.0,1.5864686369895935
প্রতিযোগিতা,0.5864661633968353,0.0,1.5864661633968353
মেশিনগান,0.5965593159198761,0.010101010101010102,1.5864583058188662
রেডি,0.5864422619342804,0.0,1.5864422619342804
একপাশে,0.5864326059818268,0.0,1.5864326059818268
সভ্যতা,0.5864141881465912,0.0,1.5864141881465912
আমাকে,0.5864048600196838,0.0,1.5864048600196838
নিরীহ,0.5964949727058411,0.010101010101010102,1.5863939626048311
আজান,0.6173184216022491,0.030927835051546393,1.5863905865507029
মানবিক,0.5863847434520721,0.0,1.5863847434520721
লাগলে,0.5964541137218475,0.010101010101010102,1.5863531036208376
চেক,0.5863246023654938,0.0,1.5863246023654938
মালপত্র,0.5862936675548553,0.0,1.5862936675548553
লাগা,0.5862348675727844,0.0,1.5862348675727844
রিভলভ,0.5862174332141876,0.0,1.5862174332141876
বেড়াবে,0.5861247777938843,0.0,1.5861247777938843
ড্রাইভার,0.5961860120296478,0.010101010101010102,1.5860850019286379
রেখেছেন,0.5860582888126373,0.0,1.5860582888126373
দিয়েছিলাম৷,0.5860357880592346,0.0,1.5860357880592346
ফ্যাকাশে,0.5859997272491455,0.0,1.5859997272491455
দেবীর,0.5859761834144592,0.0,1.5859761834144592
পরশু,0.5859516263008118,0.0,1.5859516263008118
হানাহানি,0.5858725011348724,0.0,1.5858725011348724
প্রশ্নে,0.5858723521232605,0.0,1.5858723521232605
মুড়ি,0.585789293050766,0.0,1.585789293050766
ততক্ষণে,0.5857799351215363,0.0,1.5857799351215363
মেয়েছেলে,0.5958057940006256,0.010101010101010102,1.5857047838996157
সবকিছুর,0.5856874287128448,0.0,1.5856874287128448
টুকরে,0.5856711268424988,0.0,1.5856711268424988
পরিবর্তন,0.5856650173664093,0.0,1.5856650173664093
আজো,0.5856402814388275,0.0,1.5856402814388275
ঘণ্টাখানেক,0.5957365334033966,0.010101010101010102,1.5856355233023867
ঝুঁকিয়ে,0.5957165658473969,0.010101010101010102,1.585615555746387
ওপাশে,0.6059871017932892,0.02040816326530612,1.585578938527983
নারীপুরুষ,0.5854552090167999,0.0,1.5854552090168
নড়লে,0.58543661236763,0.0,1.58543661236763
রশীদ,0.5854230523109436,0.0,1.5854230523109436
হাসিখুশি,0.5955021381378174,0.010101010101010102,1.5854011280368074
বলেছেঃ,0.5853833556175232,0.0,1.5853833556175232
লেখালেখি,0.5954764783382416,0.010101010101010102,1.5853754682372316
গোলা,0.5853720307350159,0.0,1.5853720307350159
উচ্চপদস্থ,0.5853671729564667,0.0,1.5853671729564667
পৌছে,0.5853503048419952,0.0,1.5853503048419952
লাঞ্চ,0.5853477716445923,0.0,1.5853477716445923
ঝিঝি,0.5853035151958466,0.0,1.5853035151958466
থিয়েটারের,0.585286021232605,0.0,1.585286021232605
সদরঘাটে,0.5852727591991425,0.0,1.5852727591991425
বেগ,0.5953411161899567,0.010101010101010102,1.5852401060889467
মুড়ে,0.5852273106575012,0.0,1.5852273106575012
রাত্রির,0.5952776968479156,0.010101010101010102,1.5851766867469057
বলছি,0.5851483047008514,0.0,1.5851483047008514
সেখানক,0.5851230621337891,0.0,1.585123062133789
থেয়াল,0.5850807130336761,0.0,1.5850807130336761
রাস্তাতে,0.5849786102771759,0.0,1.584978610277176
স্বাধীনত,0.5849470794200897,0.0,1.5849470794200897
কর্মচারীর,0.5849350988864899,0.0,1.5849350988864899
ছেলেমেয়ের,0.5849322080612183,0.0,1.5849322080612183
বানু,0.58492711186409,0.0,1.58492711186409
ফুপু,0.5848632156848907,0.0,1.5848632156848907
ফেলবে,0.5848533809185028,0.0,1.5848533809185028
ঘটিয়ে,0.5848214626312256,0.0,1.5848214626312256
বকাবকি,0.58481365442276,0.0,1.58481365442276
অসম্পূর্ণ,0.584791362285614,0.0,1.584791362285614
দুঃখী,0.5847809612751007,0.0,1.5847809612751007
ইঞ্জিনিয়,0.5847379267215729,0.0,1.5847379267215729
মমতা,0.5846623480319977,0.0,1.5846623480319977
শিশু,0.5846482515335083,0.0,1.5846482515335083
ছবিসহ,0.5846143960952759,0.0,1.5846143960952759
কারে৷,0.5845874845981598,0.0,1.5845874845981598
আত্ম,0.5845071971416473,0.0,1.5845071971416473
চেচিয়ে,0.5845012664794922,0.0,1.5845012664794922
আড়চোখে,0.584495335817337,0.0,1.584495335817337
একেকব,0.58446004986763,0.0,1.58446004986763
জমা,0.5944976210594177,0.010101010101010102,1.5843966109584078
থামে,0.5843856334686279,0.0,1.584385633468628
চোপ,0.584297776222229,0.0,1.584297776222229
ওখান,0.5842968821525574,0.0,1.5842968821525574
কামড়,0.5842766761779785,0.0,1.5842766761779785
চেহার৷,0.5842287242412567,0.0,1.5842287242412567
দুলাভাইয়,0.5842227339744568,0.0,1.5842227339744568
সমবেদনা,0.5841245949268341,0.0,1.584124594926834
প্রজাতি,0.5841244757175446,0.0,1.5841244757175446
আবেদন,0.5841208696365356,0.0,1.5841208696365356
গাওয়া,0.5840110778808594,0.0,1.5840110778808594
উচ্চারিত,0.5840069353580475,0.0,1.5840069353580475
দীপংকর,0.5839958190917969,0.0,1.5839958190917969
একগাল,0.5839443504810333,0.0,1.5839443504810333
ভূমি,0.5839388370513916,0.0,1.5839388370513916
অন্তিত্ব,0.5939840078353882,0.010101010101010102,1.5838829977343782
বিচিত্র,0.5838593244552612,0.0,1.5838593244552612
ওঠানামা,0.5838522017002106,0.0,1.5838522017002106
গোছা,0.5838141739368439,0.0,1.5838141739368439
হ্যান্ডবিল,0.5837335884571075,0.0,1.5837335884571075
লেখায়,0.5837192237377167,0.0,1.5837192237377167
দরজাজানালা,0.5837070643901825,0.0,1.5837070643901825
আমগা,0.5836763381958008,0.0,1.5836763381958008
শিউলির,0.5836396217346191,0.0,1.5836396217346191
সন্দেহজনক,0.5835722386837006,0.0,1.5835722386837006
হাড়ে,0.5834853947162628,0.0,1.5834853947162628
চৌধুরী,0.583479642868042,0.0,1.583479642868042
চলিয়া,0.5834414958953857,0.0,1.5834414958953857
দুর্গন্ধ,0.583429753780365,0.0,1.583429753780365
হুটোপু,0.5833738744258881,0.0,1.583373874425888
মাথ,0.5933803021907806,0.010101010101010102,1.5832792920897707
নাম৷,0.5832434594631195,0.0,1.5832434594631195
চাবাগান,0.5832337141036987,0.0,1.5832337141036987
দুর্ঘটন,0.5832149386405945,0.0,1.5832149386405945
বেরিয়েছিল,0.5831897556781769,0.0,1.5831897556781769
বিরক্তির,0.583165854215622,0.0,1.583165854215622
নামানো,0.583119124174118,0.0,1.583119124174118
শ্বশুরবাড়ি,0.5830996036529541,0.0,1.583099603652954
আঁকড়ে,0.5829505026340485,0.0,1.5829505026340485
উচ্ছসিত,0.5829416513442993,0.0,1.5829416513442993
তীক্ষ,0.582930862903595,0.0,1.582930862903595
বাক্স,0.5829159915447235,0.0,1.5829159915447235
সাহিত্য,0.5929676294326782,0.010101010101010102,1.5828666193316683
খোলামেলা,0.5828272104263306,0.0,1.5828272104263306
বিন্দুর,0.5827878713607788,0.0,1.5827878713607788
ব্যবহারে,0.5827542543411255,0.0,1.5827542543411255
মেলামেশা,0.5826710164546967,0.0,1.5826710164546967
রাজপথে,0.5826569199562073,0.0,1.5826569199562073
ইংরেজিতে,0.5826409757137299,0.0,1.5826409757137299
ঘুরঘুর,0.5826184451580048,0.0,1.5826184451580048
এবারে,0.5825978815555573,0.0,1.5825978815555573
মানসিকভাবে,0.5926751494407654,0.010101010101010102,1.5825741393397554
খুজ,0.5825690031051636,0.0,1.5825690031051636
খাঁচায়,0.5825678706169128,0.0,1.5825678706169128
চিত্র,0.5825617909431458,0.0,1.5825617909431458
বিজ্ঞানীর,0.5825575292110443,0.0,1.5825575292110443
আমতা,0.5825510919094086,0.0,1.5825510919094086
বাঁচবে,0.5825425386428833,0.0,1.5825425386428833
বেকুব,0.5825085043907166,0.0,1.5825085043907166
অপেক্ষায়,0.5824992656707764,0.0,1.5824992656707764
ফিরি,0.5824384987354279,0.0,1.5824384987354279
নিয়ন্ত্রণ,0.5823558568954468,0.0,1.5823558568954468
উল্টোদি,0.5823366343975067,0.0,1.5823366343975067
একরকম,0.5822773873806,0.0,1.5822773873806
থাকত,0.5822676718235016,0.0,1.5822676718235016
বাড়ে,0.5822242498397827,0.0,1.5822242498397827
দিবে,0.5923079252243042,0.010101010101010102,1.5822069151232943
ডিপার্টমেন্ট,0.5923000574111938,0.010101010101010102,1.582199047310184
শার্ট,0.5922893285751343,0.010101010101010102,1.5821883184741243
আনন্দে,0.5922511219978333,0.010101010101010102,1.5821501118968233
কয়দিনে,0.5821161270141602,0.0,1.5821161270141602
ফ্যালফ্যাল,0.5821135938167572,0.0,1.5821135938167572
যাবি,0.5922097861766815,0.010101010101010102,1.5821087760756716
বন্যা,0.582061767578125,0.0,1.582061767578125
কবীর,0.5820240378379822,0.0,1.5820240378379822
শেষরা,0.5819692015647888,0.0,1.5819692015647888
পাইপ,0.5920343399047852,0.010101010101010102,1.5819333298037752
কসমেটিক,0.581890732049942,0.0,1.581890732049942
প্রতিচ্ছবির,0.5817417800426483,0.0,1.5817417800426483
দীর্ঘদিন,0.5817351341247559,0.0,1.5817351341247559
অতীত,0.581718236207962,0.0,1.581718236207962
মতে৷,0.5816995203495026,0.0,1.5816995203495026
শতাব্দীর,0.5917109847068787,0.010101010101010102,1.5816099746058687
দেওয়াল,0.5815964341163635,0.0,1.5815964341163635
সমস্যায়,0.5815929174423218,0.0,1.5815929174423218
চেঞ্জ,0.5815801024436951,0.0,1.581580102443695
মনমেজাজ,0.5815644562244415,0.0,1.5815644562244415
শিল,0.5815620422363281,0.0,1.5815620422363281
কাহিল,0.5815576314926147,0.0,1.5815576314926147
দ্বিধা,0.5815174877643585,0.0,1.5815174877643585
বলেছি৷,0.5814656615257263,0.0,1.5814656615257263
হচ্ছিল,0.5814463198184967,0.0,1.5814463198184967
উপকণ্ঠে,0.5813600718975067,0.0,1.5813600718975067
ধোকা,0.5813525915145874,0.0,1.5813525915145874
জাম,0.5813505053520203,0.0,1.5813505053520203
এলাকা,0.5813401639461517,0.0,1.5813401639461517
জাতি,0.581337034702301,0.0,1.581337034702301
সার্ভ,0.5813177525997162,0.0,1.5813177525997162
আশ্রমে,0.5812617838382721,0.0,1.581261783838272
নাড়িভুড়ি,0.5812530815601349,0.0,1.5812530815601349
বিভাগে,0.5812526941299438,0.0,1.5812526941299438
আনন্,0.581220954656601,0.0,1.581220954656601
ধ্বংসাবশেষ,0.5812182128429413,0.0,1.5812182128429413
এ্যা,0.5811760723590851,0.0,1.581176072359085
গুটি,0.5811701416969299,0.0,1.58117014169693
রান্নাঘরে,0.5912703573703766,0.010101010101010102,1.5811693472693666
আং,0.5912413001060486,0.010101010101010102,1.5811402900050386
জোছন,0.5811364054679871,0.0,1.581136405467987
বিপন্ন,0.58111172914505,0.0,1.58111172914505
লোকাল,0.5811024904251099,0.0,1.5811024904251099
শ্বাসকষ্ট,0.5810808837413788,0.0,1.5810808837413788
পয়সায়,0.5809961557388306,0.0,1.5809961557388306
পরিস্থিতির,0.5809842646121979,0.0,1.5809842646121979
কো,0.5809737741947174,0.0,1.5809737741947174
পোষাক,0.5910623073577881,0.010101010101010102,1.5809612972567781
টুল,0.5809241533279419,0.0,1.580924153327942
উত্তেজন,0.5809080898761749,0.0,1.580908089876175
নাইন,0.5808700025081635,0.0,1.5808700025081635
নারকীয়,0.580754816532135,0.0,1.580754816532135
পূর্বে,0.5807437002658844,0.0,1.5807437002658844
মারি,0.5807148516178131,0.0,1.580714851617813
অভ্যাস,0.5806960463523865,0.0,1.5806960463523865
করবেঃ,0.5806688964366913,0.0,1.5806688964366913
ঠাট্,0.5806640386581421,0.0,1.580664038658142
জ্যোতি,0.5806559920310974,0.0,1.5806559920310974
কিডনি,0.5806446969509125,0.0,1.5806446969509125
মণির,0.580568790435791,0.0,1.580568790435791
থাকতাম,0.580535888671875,0.0,1.580535888671875
থানিক,0.5805147588253021,0.0,1.5805147588253021
গোলক,0.5804254114627838,0.0,1.5804254114627838
মর্নিং,0.5802660584449768,0.0,1.5802660584449768
বসেছি,0.5802425444126129,0.0,1.580242544412613
ছুড়ে,0.5802114307880402,0.0,1.5802114307880402
কে৷,0.5801881849765778,0.0,1.5801881849765778
অস্বস্তি,0.5801311433315277,0.0,1.5801311433315277
রসুন,0.5801185667514801,0.0,1.58011856675148
সাধ্য,0.580106109380722,0.0,1.580106109380722
সাধু,0.5800923407077789,0.0,1.580092340707779
পশ্চিমা,0.5800902843475342,0.0,1.5800902843475342
ব্যবহার,0.5800856947898865,0.0,1.5800856947898865
অনুমান,0.5800168216228485,0.0,1.5800168216228485
তেজ,0.5799752771854401,0.0,1.57997527718544
কোর্ট,0.5798703730106354,0.0,1.5798703730106354
টম্যাটো,0.5798566341400146,0.0,1.5798566341400146
দীড়া,0.5798378884792328,0.0,1.5798378884792328
চড়ে,0.5899292528629303,0.010101010101010102,1.5798282427619204
এথন,0.5797872543334961,0.0,1.579787254333496
চেয়ারটা,0.5797713398933411,0.0,1.579771339893341
ঢাকনা,0.5898379981517792,0.010101010101010102,1.5797369880507692
রাতারাতি,0.5796957015991211,0.0,1.579695701599121
বিকেলের,0.5796847343444824,0.0,1.5796847343444824
খাদের,0.5796798765659332,0.0,1.5796798765659332
খাওয়াদাওয়া,0.5796434581279755,0.0,1.5796434581279755
রকেট,0.5897001624107361,0.010101010101010102,1.5795991523097261
রান্নাঘর,0.5795711576938629,0.0,1.579571157693863
খবরাখবর,0.5795451700687408,0.0,1.5795451700687408
থারাপ,0.579544872045517,0.0,1.579544872045517
রেকর্ড,0.5795043408870697,0.0,1.5795043408870697
আফসােস,0.5794884562492371,0.0,1.579488456249237
স্ত্রীর,0.5794644057750702,0.0,1.5794644057750702
উপুড়,0.579445093870163,0.0,1.579445093870163
সম্ভাবনায়,0.5793933570384979,0.0,1.579393357038498
রাজি৷,0.5793622136116028,0.0,1.5793622136116028
লাম,0.5791743397712708,0.0,1.5791743397712708
রামগরুড়,0.5791645050048828,0.0,1.5791645050048828
দুএকদিন,0.5791638791561127,0.0,1.5791638791561127
আসাযাওয়া,0.57907435297966,0.0,1.57907435297966
দিচ্ছে৷,0.579046756029129,0.0,1.579046756029129
সাক্ষী,0.5789020359516144,0.0,1.5789020359516144
মেহমান,0.5788388550281525,0.0,1.5788388550281525
আখত,0.5788117945194244,0.0,1.5788117945194244
গুঞ্জন,0.5787939429283142,0.0,1.5787939429283142
স্বেচ্ছায়,0.5787457227706909,0.0,1.578745722770691
ডাঙায়,0.5787449777126312,0.0,1.5787449777126312
অন্যরকম৷,0.5787439942359924,0.0,1.5787439942359924
মাংসপেশী,0.5787182450294495,0.0,1.5787182450294495
খিচিয়ে,0.5786582231521606,0.0,1.5786582231521606
অভিনব,0.5786474049091339,0.0,1.578647404909134
অদম্য,0.5786428451538086,0.0,1.5786428451538086
আশাভঙ্গ,0.5887361168861389,0.010101010101010102,1.578635106785129
এদেশের,0.5785749554634094,0.0,1.5785749554634094
আনন্দময়,0.5785581469535828,0.0,1.5785581469535828
ওয়ার্ক,0.5785312354564667,0.0,1.5785312354564667
বলুক,0.5785288512706757,0.0,1.5785288512706757
পারছিল,0.5785142481327057,0.0,1.5785142481327057
যাচ্ছিল,0.5784487128257751,0.0,1.5784487128257751
আক্রোশ,0.578419953584671,0.0,1.578419953584671
কারণটা,0.5783196091651917,0.0,1.5783196091651917
লাফ,0.578311562538147,0.0,1.578311562538147
আসেন৷,0.5782837271690369,0.0,1.5782837271690369
উদ্ধারকারী,0.578283280134201,0.0,1.578283280134201
অক্ষর,0.5782720446586609,0.0,1.5782720446586609
ট্যাপ,0.5782631635665894,0.0,1.5782631635665894
আন্তানায়,0.578252762556076,0.0,1.578252762556076
চুলা,0.5883478224277496,0.010101010101010102,1.5782468123267397
পীড়াপীড়ি,0.5782403349876404,0.0,1.5782403349876404
তালিক,0.588329017162323,0.010101010101010102,1.578228007061313
সারাজীবন,0.5782272815704346,0.0,1.5782272815704346
মরবে,0.578198105096817,0.0,1.578198105096817
কারাে,0.5781855583190918,0.0,1.5781855583190918
সারাটা,0.5781735181808472,0.0,1.5781735181808472
সাবধানবাণী,0.5781423449516296,0.0,1.5781423449516296
সুর,0.5781376957893372,0.0,1.5781376957893372
রইলাম৷,0.5781253278255463,0.0,1.5781253278255463
ভেবেচিন্,0.5781070590019226,0.0,1.5781070590019226
টানা,0.578089565038681,0.0,1.578089565038681
মাঝামাঝি,0.5780721604824066,0.0,1.5780721604824066
শত্রু,0.5780694782733917,0.0,1.5780694782733917
কমান্ড,0.5779722034931183,0.0,1.5779722034931183
চন্দ্রশেখর,0.5779097378253937,0.0,1.5779097378253937
শোয়া,0.5779056549072266,0.0,1.5779056549072266
বুড়ো,0.5779006779193878,0.0,1.5779006779193878
শিল্প,0.5778627991676331,0.0,1.577862799167633
সম্মেলন,0.5778148174285889,0.0,1.5778148174285889
ঘড়ি,0.5778094530105591,0.0,1.577809453010559
প্রতিক্রিয়া,0.5778050124645233,0.0,1.5778050124645233
অন্যমনস্ক,0.5778004229068756,0.0,1.5778004229068756
হানা,0.577788919210434,0.0,1.577788919210434
গবেষণাগারে,0.5777652859687805,0.0,1.5777652859687805
ট্রাঙ্সমি,0.5777015388011932,0.0,1.5777015388011932
দুঃখে,0.5776724219322205,0.0,1.5776724219322205
খাটি,0.577666312456131,0.0,1.577666312456131
ভাবত,0.5776507258415222,0.0,1.5776507258415222
মারামারি,0.5776257514953613,0.0,1.5776257514953613
জাহিদ,0.5775651633739471,0.0,1.5775651633739471
পরিচালক,0.5774132311344147,0.0,1.5774132311344147
যাছ,0.5774095356464386,0.0,1.5774095356464386
কামিয়ে,0.5874723494052887,0.010101010101010102,1.5773713393042788
সঠিক,0.577347069978714,0.0,1.577347069978714
গানবাজনা,0.5773110687732697,0.0,1.5773110687732697
জোনাকি,0.5977075695991516,0.02040816326530612,1.5772994063338455
অর্ধেক,0.5772880017757416,0.0,1.5772880017757416
ঘুমু,0.5772856175899506,0.0,1.5772856175899506
অণু,0.5772736966609955,0.0,1.5772736966609955
থাই,0.5772666931152344,0.0,1.5772666931152344
বেহেশ,0.5772474110126495,0.0,1.5772474110126495
কোথ,0.5772274732589722,0.0,1.5772274732589722
দরকারি,0.5772212743759155,0.0,1.5772212743759155
পাকিস্তানি,0.5873135030269623,0.010101010101010102,1.5772124929259523
একঘণ্,0.5771846771240234,0.0,1.5771846771240234
পাব,0.5771556496620178,0.0,1.5771556496620178
প্রকৃতপক্ষে,0.5771545171737671,0.0,1.577154517173767
হোমিওপ্যাথিক,0.5770722329616547,0.0,1.5770722329616547
শ্যামলী,0.5770359337329865,0.0,1.5770359337329865
সঙ্গীত,0.5770339667797089,0.0,1.5770339667797089
তুইই,0.5770311057567596,0.0,1.5770311057567596
চারপাশে,0.5770082175731659,0.0,1.577008217573166
পতাকা,0.5770079791545868,0.0,1.5770079791545868
গুঁড়ো,0.5769641995429993,0.0,1.5769641995429993
বাহিনীর,0.576941192150116,0.0,1.576941192150116
শোধন,0.5768567025661469,0.0,1.5768567025661469
ক্লিনিক,0.5767907500267029,0.0,1.5767907500267029
খাওয়াও,0.5767649114131927,0.0,1.5767649114131927
অবর্ণনীয়,0.5767206847667694,0.0,1.5767206847667694
কামাল,0.5766271352767944,0.0,1.5766271352767944
দুঃসংবাদ,0.576623797416687,0.0,1.576623797416687
জীবাণু,0.5765531957149506,0.0,1.5765531957149506
কদিনে,0.576487123966217,0.0,1.576487123966217
নামলে,0.5764670670032501,0.0,1.5764670670032501
নিয়ো,0.5764012038707733,0.0,1.5764012038707733
যুবা,0.5762919187545776,0.0,1.5762919187545776
স্বস্তি,0.5762217938899994,0.0,1.5762217938899994
ভিখিরি,0.5762163400650024,0.0,1.5762163400650024
প্রাণপণে,0.5762083232402802,0.0,1.5762083232402802
যান৷,0.5761679112911224,0.0,1.5761679112911224
আসাদ,0.5761496722698212,0.0,1.5761496722698212
স্নেহের,0.576129674911499,0.0,1.576129674911499
নামা,0.5760757327079773,0.0,1.5760757327079773
এগু,0.5760350227355957,0.0,1.5760350227355957
খোল,0.586135745048523,0.010101010101010102,1.576034734947513
পেয়েছেঃ,0.5760303437709808,0.0,1.5760303437709808
আনমনা,0.5760256052017212,0.0,1.5760256052017212
নাচায়,0.5759865045547485,0.0,1.5759865045547485
বিবেচন,0.5759737491607666,0.0,1.5759737491607666
দুঘন্,0.5759700536727905,0.0,1.5759700536727905
বিশ্বাসে,0.5759598910808563,0.0,1.5759598910808563
মহাসাগর,0.5859441757202148,0.010101010101010102,1.575843165619205
বিচ,0.5758320689201355,0.0,1.5758320689201355
কার্ডটি,0.5757879316806793,0.0,1.5757879316806793
পারতেন৷,0.5757839679718018,0.0,1.5757839679718018
সম্মোহিত,0.5757688283920288,0.0,1.5757688283920288
ভাজ,0.5757681131362915,0.0,1.5757681131362915
বসানো,0.5756756961345673,0.0,1.5756756961345673
প্রথমদিন,0.5756686329841614,0.0,1.5756686329841614
বালিশ,0.575627475976944,0.0,1.575627475976944
প্রয়োজনীয়,0.5755951106548309,0.0,1.575595110654831
নিই,0.5755939781665802,0.0,1.5755939781665802
গুলিয়ে,0.5755015313625336,0.0,1.5755015313625336
হলুদ,0.575496643781662,0.0,1.575496643781662
অমান্য,0.5754364430904388,0.0,1.5754364430904388
কাপড়চোপড়,0.57543084025383,0.0,1.57543084025383
থান,0.5753216743469238,0.0,1.5753216743469238
কাকু,0.57527294754982,0.0,1.57527294754982
হচ্ছি,0.5752554535865784,0.0,1.5752554535865784
বুদ্ধ,0.5752242207527161,0.0,1.575224220752716
কাচে,0.5752125084400177,0.0,1.5752125084400177
ক্ষমতাবান,0.5852782428264618,0.010101010101010102,1.5751772327254518
ফেলছ,0.575173944234848,0.0,1.575173944234848
উঠেছি,0.5751378238201141,0.0,1.5751378238201141
টিভির,0.5751330256462097,0.0,1.5751330256462097
কুয়,0.5751101672649384,0.0,1.5751101672649384
স্রী,0.5750624537467957,0.0,1.5750624537467957
টগবগে,0.5750167071819305,0.0,1.5750167071819305
নাগরিক,0.5749881267547607,0.0,1.5749881267547607
কাটালে,0.5749776065349579,0.0,1.5749776065349579
নাবল,0.5749627947807312,0.0,1.5749627947807312
তালে,0.5749562680721283,0.0,1.5749562680721283
হুমকি,0.5748751759529114,0.0,1.5748751759529114
প্রেয়,0.5748188197612762,0.0,1.5748188197612762
মানবে,0.5748090147972107,0.0,1.5748090147972107
প্যাকট,0.5746946930885315,0.0,1.5746946930885315
মাস্ক,0.5746585726737976,0.0,1.5746585726737976
হেই,0.5746444165706635,0.0,1.5746444165706635
কাদায়,0.5745956897735596,0.0,1.5745956897735596
মিছেমি,0.5745893120765686,0.0,1.5745893120765686
বুনে,0.5745838582515717,0.0,1.5745838582515717
কচলে,0.5745605230331421,0.0,1.574560523033142
রাক্ষস,0.5745227038860321,0.0,1.574522703886032
হামলা,0.5744985342025757,0.0,1.5744985342025757
নিন,0.5744377374649048,0.0,1.5744377374649048
বিবর্তন,0.574313759803772,0.0,1.574313759803772
সরু,0.574278861284256,0.0,1.574278861284256
বোকামি,0.5742760002613068,0.0,1.5742760002613068
চাঁদা,0.5742397606372833,0.0,1.5742397606372833
রেখেছে৷,0.5843377113342285,0.010101010101010102,1.5742367012332186
হাতলে,0.5741466879844666,0.0,1.5741466879844666
এখুনি,0.5741430222988129,0.0,1.5741430222988129
সুপারিশ,0.584236204624176,0.010101010101010102,1.574135194523166
এটাচি,0.5741308331489563,0.0,1.5741308331489563
অসুবিধা,0.5741261541843414,0.0,1.5741261541843414
লাইট,0.5741251707077026,0.0,1.5741251707077026
টাকা৷,0.5741007626056671,0.0,1.5741007626056671
বিস্ফোরণে,0.574059009552002,0.0,1.574059009552002
স্থানীয়,0.574031263589859,0.0,1.574031263589859
দিনতারিখ,0.5739858746528625,0.0,1.5739858746528625
জবাবে,0.5739818513393402,0.0,1.5739818513393402
ক্ষিপ্ত,0.5739583671092987,0.0,1.5739583671092987
টোক,0.5739494860172272,0.0,1.5739494860172272
গম্ভীর,0.5738682448863983,0.0,1.5738682448863983
যার৷,0.573852151632309,0.0,1.573852151632309
বাপজান,0.5738331973552704,0.0,1.5738331973552704
উদ্ধার,0.5737939178943634,0.0,1.5737939178943634
মিইয়ে,0.5737860202789307,0.0,1.5737860202789307
লাগলাম৷,0.5737500786781311,0.0,1.573750078678131
কালক,0.5737200677394867,0.0,1.5737200677394867
অবুঝ,0.5737038850784302,0.0,1.5737038850784302
দেহের,0.5737003087997437,0.0,1.5737003087997437
সুদর্শন,0.583750993013382,0.010101010101010102,1.573649982912372
হেভি,0.573628157377243,0.0,1.573628157377243
চতুর্থ,0.573614776134491,0.0,1.573614776134491
মাইক,0.5736139714717865,0.0,1.5736139714717865
সইতে,0.5736096501350403,0.0,1.5736096501350403
তীব্রভাবে,0.5736005306243896,0.0,1.5736005306243896
ভারসাম্য,0.5735942423343658,0.0,1.5735942423343658
শাশুড়ি,0.5735751092433929,0.0,1.573575109243393
পরিশ্রমী,0.5735622644424438,0.0,1.5735622644424438
পরীক্ষ,0.6044141948223114,0.030927835051546393,1.5734863597707651
বিজ্ঞাপনে,0.5734685659408569,0.0,1.573468565940857
জিলিপি,0.5734076499938965,0.0,1.5734076499938965
বিবিসির,0.5734013319015503,0.0,1.5734013319015503
এদিক,0.5937961339950562,0.02040816326530612,1.57338797072975
চিবো,0.5733791291713715,0.0,1.5733791291713715
বলেছি,0.5733701586723328,0.0,1.5733701586723328
জনাব,0.5733291208744049,0.0,1.573329120874405
চাকরির,0.5733219683170319,0.0,1.5733219683170319
যেসব,0.5733166635036469,0.0,1.5733166635036469
জোয়ারদার,0.573291689157486,0.0,1.573291689157486
ব্যথায়,0.5732868015766144,0.0,1.5732868015766144
মুক্তিযোদ্ধ,0.5732286870479584,0.0,1.5732286870479584
বেলের,0.5732011497020721,0.0,1.5732011497020721
অঞ্চলে,0.5731940865516663,0.0,1.5731940865516663
যাহা,0.5731890201568604,0.0,1.5731890201568604
জেনারেল,0.573186069726944,0.0,1.573186069726944
প্রতিধ্বনি,0.5731552839279175,0.0,1.5731552839279175
সুটকেস,0.5730705559253693,0.0,1.5730705559253693
পড়ে৷,0.5831357538700104,0.010101010101010102,1.5730347437690004
ভাবছি৷,0.5729963779449463,0.0,1.5729963779449463
এম,0.5729890763759613,0.0,1.5729890763759613
অর্থে,0.5830285251140594,0.010101010101010102,1.5729275150130495
বহাল,0.572918176651001,0.0,1.572918176651001
জাহানা,0.5830176472663879,0.010101010101010102,1.572916637165378
ঘুরি,0.5728718936443329,0.0,1.5728718936443329
ছাতা,0.572853684425354,0.0,1.572853684425354
সংখ্যা,0.5727811455726624,0.0,1.5727811455726624
চলছিল,0.5727715790271759,0.0,1.572771579027176
রিকশাওয়,0.5727556645870209,0.0,1.5727556645870209
কাসেমের,0.5727552473545074,0.0,1.5727552473545074
খুনী,0.5726970136165619,0.0,1.572697013616562
ভোরবেলা,0.5726600587368011,0.0,1.5726600587368011
জ্ঞানী,0.5726578235626221,0.0,1.572657823562622
করুক,0.5726428627967834,0.0,1.5726428627967834
পাত্রে,0.5725488066673279,0.0,1.5725488066673279
দুহা,0.5725276470184326,0.0,1.5725276470184326
জানালে,0.5725260376930237,0.0,1.5725260376930237
রেশম,0.5724973678588867,0.0,1.5724973678588867
চিন্ত,0.5724844634532928,0.0,1.5724844634532928
এলি,0.5724251568317413,0.0,1.5724251568317413
তালিকা,0.5825039744377136,0.010101010101010102,1.5724029643367037
যুগ,0.5723767876625061,0.0,1.572376787662506
নিয়েছেঃ,0.5722380876541138,0.0,1.5722380876541138
আসতে,0.5822569131851196,0.010101010101010102,1.5721559030841097
মশাল,0.5821887850761414,0.010101010101010102,1.5720877749751314
বাগানে,0.571985274553299,0.0,1.571985274553299
হাসির,0.5719237923622131,0.0,1.5719237923622131
শূন্যে,0.5718772113323212,0.0,1.5718772113323212
প্রতিনিয়ত,0.5718600153923035,0.0,1.5718600153923035
অলৌকিক,0.5718399286270142,0.0,1.5718399286270142
কদমবুসি,0.5717975497245789,0.0,1.5717975497245789
মেটাল,0.5717799663543701,0.0,1.5717799663543701
পালা,0.5717673003673553,0.0,1.5717673003673553
কেড়ে,0.5717570185661316,0.0,1.5717570185661316
চোটে,0.5717552304267883,0.0,1.5717552304267883
নিজেক,0.5717351734638214,0.0,1.5717351734638214
হ্যা,0.5717230141162872,0.0,1.5717230141162872
বাচিয়,0.571702778339386,0.0,1.571702778339386
বিস্ত,0.5716828107833862,0.0,1.5716828107833862
রঙিন,0.5716548264026642,0.0,1.5716548264026642
গুনে,0.5715899765491486,0.0,1.5715899765491486
আগ্রহী,0.571554034948349,0.0,1.571554034948349
জগলুল,0.5714684426784515,0.0,1.5714684426784515
সিনেম,0.5714612007141113,0.0,1.5714612007141113
গোবেচা,0.5714371800422668,0.0,1.5714371800422668
ইহাটতে,0.5713940560817719,0.0,1.5713940560817719
পড়িয়া,0.5713938474655151,0.0,1.5713938474655151
অশিক্ষিত,0.5713538527488708,0.0,1.5713538527488708
কাঠি,0.5713488459587097,0.0,1.5713488459587097
বারে,0.5713145732879639,0.0,1.5713145732879639
শুদ্ধ,0.5712615847587585,0.0,1.5712615847587585
আটাশ,0.5712574422359467,0.0,1.5712574422359467
ভুগ,0.5712497532367706,0.0,1.5712497532367706
অতী,0.5712253153324127,0.0,1.5712253153324127
থুলে,0.57117959856987,0.0,1.57117959856987
ভৌতিক,0.5711746215820312,0.0,1.5711746215820312
প্রেম,0.5711580514907837,0.0,1.5711580514907837
পিশাচ,0.5711567103862762,0.0,1.5711567103862762
বে,0.571124255657196,0.0,1.571124255657196
ডেকেছেন,0.5711077153682709,0.0,1.5711077153682709
জাতির,0.5711031258106232,0.0,1.5711031258106232
বসলেন৷,0.5710918605327606,0.0,1.5710918605327606
সেনাবাহিনীর,0.5710850954055786,0.0,1.5710850954055786
কর্মী,0.5710330307483673,0.0,1.5710330307483673
কাঁধে,0.5710224807262421,0.0,1.571022480726242
আশ্য়,0.570982038974762,0.0,1.570982038974762
সরকারি,0.5913729667663574,0.02040816326530612,1.5709648035010513
গড়ি,0.5709474682807922,0.0,1.5709474682807922
হাততালির,0.5708856284618378,0.0,1.5708856284618378
জিনস,0.5708407163619995,0.0,1.5708407163619995
পিস্তুল,0.5808853805065155,0.010101010101010102,1.5707843704055056
তোকে,0.5707381069660187,0.0,1.5707381069660187
কামড়ে,0.5807926952838898,0.010101010101010102,1.5706916851828798
মেত,0.5706773102283478,0.0,1.5706773102283478
আসায়,0.5706110298633575,0.0,1.5706110298633575
এতটুকু,0.5705281496047974,0.0,1.5705281496047974
আলি,0.5704972743988037,0.0,1.5704972743988037
নজরে,0.5704889595508575,0.0,1.5704889595508575
মহাকাশচারী,0.5704481601715088,0.0,1.5704481601715088
থাট,0.5704342126846313,0.0,1.5704342126846313
নেশা,0.5804738998413086,0.010101010101010102,1.5703728897402986
সংগ্রাম,0.5703589916229248,0.0,1.5703589916229248
এদেশ,0.5703001022338867,0.0,1.5703001022338867
সম্প্রদায়,0.5702790319919586,0.0,1.5702790319919586
জ্যান্ত,0.5702745318412781,0.0,1.570274531841278
জমি,0.570218563079834,0.0,1.570218563079834
বুঝল,0.5702093541622162,0.0,1.5702093541622162
বাশি,0.5701792240142822,0.0,1.5701792240142822
ফাস,0.5701763331890106,0.0,1.5701763331890106
আতদ্কিত,0.5701756179332733,0.0,1.5701756179332733
রওন৷,0.570071280002594,0.0,1.570071280002594
দক্ষিণ,0.5700581669807434,0.0,1.5700581669807434
ইঁদুর,0.5801391899585724,0.010101010101010102,1.5700381798575624
আসো,0.5700113475322723,0.0,1.5700113475322723
উচু,0.569964736700058,0.0,1.569964736700058
এখনক,0.5699618458747864,0.0,1.5699618458747864
অভূতপূর্ব,0.5699277222156525,0.0,1.5699277222156525
বাদ,0.5699173212051392,0.0,1.5699173212051392
চিনিয়ে,0.5698636472225189,0.0,1.569863647222519
লজ্জিত,0.5698113441467285,0.0,1.5698113441467285
হ্যালো,0.5696614682674408,0.0,1.5696614682674408
বসেছেন,0.5797408521175385,0.010101010101010102,1.5696398420165285
ফুক,0.5696190595626831,0.0,1.569619059562683
লতাপাতা,0.5695572793483734,0.0,1.5695572793483734
ফুসে,0.5695478022098541,0.0,1.5695478022098541
কটু,0.569543182849884,0.0,1.569543182849884
ছটফটে,0.569534569978714,0.0,1.569534569978714
বােতল,0.5796025991439819,0.010101010101010102,1.569501589042972
ক্লাবে,0.5694844424724579,0.0,1.5694844424724579
নৌকা,0.5694539546966553,0.0,1.5694539546966553
পাঠানো,0.5795447528362274,0.010101010101010102,1.5694437427352175
সুট,0.5795072019100189,0.010101010101010102,1.569406191809009
নিবেদন,0.5693467557430267,0.0,1.5693467557430267
শুক্রবারে,0.5693296790122986,0.0,1.5693296790122986
শোব,0.5693196356296539,0.0,1.569319635629654
ঋণ,0.5794129967689514,0.010101010101010102,1.5693119866679415
আক্রোশে,0.5692804753780365,0.0,1.5692804753780365
ব্রিটিশ,0.5692711174488068,0.0,1.5692711174488068
কফিন,0.5692597031593323,0.0,1.5692597031593323
লেখা৷,0.5793411433696747,0.010101010101010102,1.5692401332686647
ভালোম,0.5691792070865631,0.0,1.569179207086563
ঘোষক,0.5691435635089874,0.0,1.5691435635089874
রাজনৈতিক,0.569106787443161,0.0,1.569106787443161
ফার,0.5691011846065521,0.0,1.5691011846065521
থেকেছি,0.5690609514713287,0.0,1.5690609514713287
স্বপ্নে,0.5689505338668823,0.0,1.5689505338668823
চেয়ারম্যান,0.568943202495575,0.0,1.568943202495575
আলুর,0.568863719701767,0.0,1.568863719701767
রান্ন,0.5892690122127533,0.02040816326530612,1.5688608489474472
কোনোদিন,0.5789556801319122,0.010101010101010102,1.5688546700309023
ঝরে,0.5688376426696777,0.0,1.5688376426696777
দে,0.5688189566135406,0.0,1.5688189566135406
বাধ্যতামূলক,0.5687596797943115,0.0,1.5687596797943115
কায়দা,0.5687210857868195,0.0,1.5687210857868195
ফেরত,0.5687157809734344,0.0,1.5687157809734344
তাপমাত্,0.5787373781204224,0.010101010101010102,1.5686363680194124
হাতল,0.5686302483081818,0.0,1.5686302483081818
নিভ,0.5686294138431549,0.0,1.568629413843155
লিফট,0.5686174929141998,0.0,1.5686174929141998
আদরে,0.5686094760894775,0.0,1.5686094760894775
বায়ু,0.5685819983482361,0.0,1.568581998348236
স্বরূপ,0.568571537733078,0.0,1.568571537733078
বঞ্চিত,0.5685084164142609,0.0,1.5685084164142609
কমে,0.5685012638568878,0.0,1.5685012638568878
ক্যান্স,0.5684449076652527,0.0,1.5684449076652527
মৃতপ্রায়,0.5684331655502319,0.0,1.568433165550232
ঝুমুর,0.5683771967887878,0.0,1.5683771967887878
শত্রুতা,0.5683399438858032,0.0,1.5683399438858032
দুসপ্তাহ,0.5683316886425018,0.0,1.5683316886425018
পারত,0.5783979892730713,0.010101010101010102,1.5682969791720613
দুর্বল,0.5783941745758057,0.010101010101010102,1.5682931644747957
দাড়িয়েছিল,0.5682859718799591,0.0,1.568285971879959
ইসলামকে,0.568221241235733,0.0,1.568221241235733
মেয়েমানুষ,0.5682134926319122,0.0,1.5682134926319122
ফার্ম,0.5682125985622406,0.0,1.5682125985622406
বিরক্ত,0.5682015419006348,0.0,1.5682015419006348
সাহচর্য,0.5681577920913696,0.0,1.5681577920913696
আসল,0.5681564211845398,0.0,1.5681564211845398
উক্তি,0.5782064199447632,0.010101010101010102,1.5681054098437532
নিউট্রন,0.568092942237854,0.0,1.568092942237854
উদ,0.5680797100067139,0.0,1.5680797100067139
গুটিসুটি,0.5680546462535858,0.0,1.5680546462535858
জায়গাটায়,0.5680310130119324,0.0,1.5680310130119324
আহমে,0.5680223703384399,0.0,1.56802237033844
কলেজ,0.578036367893219,0.010101010101010102,1.567935357792209
তেজি,0.5679133236408234,0.0,1.5679133236408234
ভাড়,0.5679112374782562,0.0,1.5679112374782562
পাইন,0.5679094791412354,0.0,1.5679094791412354
কোর্স,0.577976256608963,0.010101010101010102,1.567875246507953
পাতলা,0.5678232312202454,0.0,1.5678232312202454
অর্জন,0.5678115487098694,0.0,1.5678115487098694
হাজির৷,0.5677740275859833,0.0,1.5677740275859833
সত্যজিৎ,0.5677556991577148,0.0,1.5677556991577148
দিয়েছিল৷,0.5677490532398224,0.0,1.5677490532398224
শূন্যত,0.5677345991134644,0.0,1.5677345991134644
খামাখা,0.5677261352539062,0.0,1.5677261352539062
রিং,0.5677168965339661,0.0,1.567716896533966
আলিম,0.5677123963832855,0.0,1.5677123963832855
নেহাত,0.5677109956741333,0.0,1.5677109956741333
গুছিয়ে,0.5675380527973175,0.0,1.5675380527973175
উল্লেখ,0.567518562078476,0.0,1.567518562078476
গ্রামে,0.5674919784069061,0.0,1.5674919784069061
এলাকায়,0.5674602091312408,0.0,1.5674602091312408
শুনলে,0.5674514174461365,0.0,1.5674514174461365
ফাটে,0.5674391090869904,0.0,1.5674391090869904
চাইতে,0.567435622215271,0.0,1.567435622215271
অর্ধেকের,0.5674129724502563,0.0,1.5674129724502563
বিসমিল্লাহ,0.5673719048500061,0.0,1.567371904850006
মাড়িয়ে,0.5673157274723053,0.0,1.5673157274723053
কেন৷,0.5673132836818695,0.0,1.5673132836818695
পরদিন,0.5774089097976685,0.010101010101010102,1.5673078996966585
রিটায়,0.5672995448112488,0.0,1.5672995448112488
ক্যালেন্ডার,0.5672884583473206,0.0,1.5672884583473206
ভিড়ে,0.5672836601734161,0.0,1.5672836601734161
চেয়েছেন,0.567268431186676,0.0,1.567268431186676
যৌবনে,0.5672399401664734,0.0,1.5672399401664734
উচ্চারণ,0.5671880543231964,0.0,1.5671880543231964
লোকালয়,0.5671803951263428,0.0,1.5671803951263428
সাইকেলের,0.5671743154525757,0.0,1.5671743154525757
অভিভূত,0.5671448111534119,0.0,1.5671448111534119
স্যারঃ,0.5670791566371918,0.0,1.5670791566371918
বাহুল্য,0.5670592486858368,0.0,1.5670592486858368
ট্রেন,0.56703782081604,0.0,1.56703782081604
কোনোরকম,0.5670092105865479,0.0,1.5670092105865479
গেছেন,0.5670090615749359,0.0,1.567009061574936
দিতাম,0.5669974982738495,0.0,1.5669974982738495
মারব,0.5669879913330078,0.0,1.5669879913330078
ওঠে৷,0.5669748187065125,0.0,1.5669748187065125
বহুত,0.5669485032558441,0.0,1.5669485032558441
নিরস্ত্র,0.5669293403625488,0.0,1.5669293403625488
হাঁটু,0.5769830346107483,0.010101010101010102,1.5668820245097383
সাইরেনের,0.566859096288681,0.0,1.566859096288681
শিকড়,0.5668584704399109,0.0,1.5668584704399109
চিন্তিতভাবে,0.5769051313400269,0.010101010101010102,1.566804121239017
নিম,0.5667481124401093,0.0,1.5667481124401093
বাটিটা,0.5667131841182709,0.0,1.5667131841182709
হাওড়,0.5667070150375366,0.0,1.5667070150375366
ছটা,0.5667069554328918,0.0,1.5667069554328918
আত্,0.5666684508323669,0.0,1.566668450832367
জিপ,0.5666276216506958,0.0,1.5666276216506958
হালুয়া,0.5666019320487976,0.0,1.5666019320487976
দারােয়ান,0.5665647983551025,0.0,1.5665647983551025
ঘন্টায়,0.5665519833564758,0.0,1.5665519833564758
মনোরম,0.5665467977523804,0.0,1.5665467977523804
কিস,0.5664940774440765,0.0,1.5664940774440765
বুধবারে,0.5664697587490082,0.0,1.5664697587490082
এভিনিউ,0.5664651691913605,0.0,1.5664651691913605
ইাট,0.566460520029068,0.0,1.566460520029068
এলোমেলো,0.5664006769657135,0.0,1.5664006769657135
আসবি,0.5663621425628662,0.0,1.5663621425628662
স্বীক,0.5663606226444244,0.0,1.5663606226444244
রিপোর্ট,0.5663535892963409,0.0,1.566353589296341
লাখ,0.5663284361362457,0.0,1.5663284361362457
কাটলে,0.5663022994995117,0.0,1.5663022994995117
অসুখবিসুখ,0.5663006603717804,0.0,1.5663006603717804
প্রচেষ্,0.5662605166435242,0.0,1.5662605166435242
বিক্ষিপ্ত,0.5662464201450348,0.0,1.5662464201450348
নৌক,0.5763430297374725,0.010101010101010102,1.5662420196364626
সামলানো,0.5662137567996979,0.0,1.5662137567996979
সীমিত,0.5661099255084991,0.0,1.5661099255084991
সমুদ্রতীরে,0.5660988688468933,0.0,1.5660988688468933
কোনভাবে,0.5660964846611023,0.0,1.5660964846611023
অবলীলায়,0.5660560131072998,0.0,1.5660560131072998
গোনা,0.5660460591316223,0.0,1.5660460591316223
নাস,0.5660342276096344,0.0,1.5660342276096344
যৌবন,0.5660141408443451,0.0,1.566014140844345
বলবে৷,0.5659495890140533,0.0,1.5659495890140533
মুষড়ে,0.565948098897934,0.0,1.565948098897934
পাট,0.5659334659576416,0.0,1.5659334659576416
ভালে৷,0.5760290324687958,0.010101010101010102,1.5659280223677858
পরিবর্,0.5658536851406097,0.0,1.5658536851406097
তৃমি,0.565843790769577,0.0,1.565843790769577
জ্বালা,0.5658348202705383,0.0,1.5658348202705383
অসভ্য,0.565804660320282,0.0,1.565804660320282
প্রমাণ,0.5758992433547974,0.010101010101010102,1.5657982332537874
শুভ,0.5657974183559418,0.0,1.5657974183559418
ক্যামে,0.5758611857891083,0.010101010101010102,1.5657601756880983
হতভাগা,0.5657140016555786,0.0,1.5657140016555786
স্বাধীনতা,0.5757944583892822,0.010101010101010102,1.5656934482882723
অনুষ্ঠান,0.5656514763832092,0.0,1.5656514763832092
ফ্লাশ,0.5656484663486481,0.0,1.565648466348648
এসেছিল,0.565627247095108,0.0,1.565627247095108
একবার৷,0.5655840933322906,0.0,1.5655840933322906
রেবা,0.5655387043952942,0.0,1.5655387043952942
বগলে,0.5654723644256592,0.0,1.5654723644256592
খুঁত,0.5654661953449249,0.0,1.565466195344925
ফিল্ম,0.5654391050338745,0.0,1.5654391050338745
মাফ,0.5653933584690094,0.0,1.5653933584690094
দুইজনে,0.565377950668335,0.0,1.565377950668335
গুলির,0.5653314888477325,0.0,1.5653314888477325
বিষ,0.5653014481067657,0.0,1.5653014481067657
পারছিস,0.5652724802494049,0.0,1.565272480249405
শোনায়,0.5652626752853394,0.0,1.5652626752853394
নিস্তরঙ্গ,0.565247118473053,0.0,1.565247118473053
নড়ে,0.565194308757782,0.0,1.565194308757782
চলবে৷,0.565168559551239,0.0,1.565168559551239
অসহায়ভাবে,0.5651518702507019,0.0,1.565151870250702
চিঠিপত্র,0.5651295483112335,0.0,1.5651295483112335
ভীত,0.5650694370269775,0.0,1.5650694370269775
আলতা,0.5649735629558563,0.0,1.5649735629558563
মিটিঙ,0.5648747086524963,0.0,1.5648747086524963
ধারণার,0.5648421049118042,0.0,1.5648421049118042
বসলে,0.5648004412651062,0.0,1.5648004412651062
মন্ত্রমুগ্ধ,0.564746081829071,0.0,1.564746081829071
গুটিগুটি,0.5647392868995667,0.0,1.5647392868995667
দুঃখজনক,0.5646710395812988,0.0,1.5646710395812988
কাটবে,0.5646416246891022,0.0,1.5646416246891022
মর্যাদা,0.5646063685417175,0.0,1.5646063685417175
মিলাদে,0.5645928382873535,0.0,1.5645928382873535
রাখে,0.5645908713340759,0.0,1.564590871334076
অনুষ্ঠানে,0.5645668804645538,0.0,1.5645668804645538
এমনভাবে,0.5645555555820465,0.0,1.5645555555820465
উসখুস,0.5645297765731812,0.0,1.5645297765731812
উত্তেজনা,0.5745881199836731,0.010101010101010102,1.5644871098826632
স্পা,0.5644188821315765,0.0,1.5644188821315765
ঝোক,0.5644126534461975,0.0,1.5644126534461975
খাড়া,0.5643961727619171,0.0,1.5643961727619171
ঘেরা,0.5643506050109863,0.0,1.5643506050109863
শোষণ,0.5642887949943542,0.0,1.5642887949943542
শিখি,0.5642569363117218,0.0,1.5642569363117218
বিপ,0.5642508864402771,0.0,1.564250886440277
ঢুকবে,0.5642070472240448,0.0,1.5642070472240448
হুম,0.564206451177597,0.0,1.564206451177597
জিনিসে,0.5641941130161285,0.0,1.5641941130161285
রেখেছি,0.5641883015632629,0.0,1.564188301563263
অফিসারটি,0.5641747713088989,0.0,1.564174771308899
কারখানায়,0.5641628205776215,0.0,1.5641628205776215
ডিভিশন,0.5641610026359558,0.0,1.5641610026359558
দশগুণ,0.5641399621963501,0.0,1.56413996219635
হ্যান্ডেল,0.5641274452209473,0.0,1.5641274452209473
লিখবে,0.564066469669342,0.0,1.564066469669342
শুনি,0.5640239417552948,0.0,1.5640239417552948
আঘা,0.5949413478374481,0.030927835051546393,1.5640135127859018
রাখি,0.564010888338089,0.0,1.564010888338089
পড়লে,0.5640107691287994,0.0,1.5640107691287994
জিব,0.5639534294605255,0.0,1.5639534294605255
চৌত্রিশ,0.5639455616474152,0.0,1.5639455616474152
ফর্সা,0.5638709664344788,0.0,1.5638709664344788
বেড়েছে৷,0.5739545524120331,0.010101010101010102,1.5638535423110231
একুশ,0.5739525258541107,0.010101010101010102,1.5638515157531008
দর্শনীয়,0.5637828707695007,0.0,1.5637828707695007
বেঢপ,0.5637432634830475,0.0,1.5637432634830475
ফাকা,0.5637317001819611,0.0,1.563731700181961
পরিকল্পন,0.5637079179286957,0.0,1.5637079179286957
ভীষণ,0.5636988878250122,0.0,1.5636988878250122
ফিসফিস,0.5636889338493347,0.0,1.5636889338493347
ধাধিয়ে,0.5636671781539917,0.0,1.5636671781539917
পাথরে,0.5840390026569366,0.02040816326530612,1.5636308393916305
এজন্যে,0.5636155009269714,0.0,1.5636155009269714
বিপর্যয়,0.5636124610900879,0.0,1.563612461090088
ঘাঘু,0.56361123919487,0.0,1.56361123919487
হাঁটে,0.5635609328746796,0.0,1.5635609328746796
ঠা,0.563540130853653,0.0,1.563540130853653
বাজা,0.5635233521461487,0.0,1.5635233521461487
প্লেনটা,0.5634651482105255,0.0,1.5634651482105255
প্রত্যেকদিন,0.5634602904319763,0.0,1.5634602904319763
আসত,0.5634572803974152,0.0,1.5634572803974152
দোয়াদরুদ,0.5634222328662872,0.0,1.5634222328662872
লইয়া,0.5634199678897858,0.0,1.5634199678897858
মোল্লা,0.5633337199687958,0.0,1.5633337199687958
মাঠ,0.573393315076828,0.010101010101010102,1.563292304975818
খারাপ৷,0.5632303953170776,0.0,1.5632303953170776
দুদিন,0.5632214844226837,0.0,1.5632214844226837
পয়সা,0.5733128190040588,0.010101010101010102,1.563211808903049
পদ্ধতির,0.5631815493106842,0.0,1.5631815493106842
দোয়া,0.5631804466247559,0.0,1.5631804466247559
দেখা৷,0.5631725788116455,0.0,1.5631725788116455
আরেকট,0.5631457269191742,0.0,1.5631457269191742
পাচ্ছি,0.5631405115127563,0.0,1.5631405115127563
রাজত্ব,0.563115268945694,0.0,1.563115268945694
হাটু,0.5630525350570679,0.0,1.5630525350570679
ধসে,0.5629788339138031,0.0,1.562978833913803
হাউ,0.5629738569259644,0.0,1.5629738569259644
চৌকি,0.56297367811203,0.0,1.56297367811203
রাজি,0.573038637638092,0.010101010101010102,1.562937627537082
আদি,0.562912791967392,0.0,1.562912791967392
বানান,0.5628890693187714,0.0,1.5628890693187714
ঐটা,0.5628363490104675,0.0,1.5628363490104675
ভারে,0.5728981196880341,0.010101010101010102,1.5627971095870241
কান্নাকা,0.5627431869506836,0.0,1.5627431869506836
অযোগ্য,0.56268510222435,0.0,1.56268510222435
গোছানো,0.5626660585403442,0.0,1.5626660585403442
প্রেসিডেন্ট,0.5626322627067566,0.0,1.5626322627067566
লোহ,0.562606543302536,0.0,1.562606543302536
সোফায়,0.5726962089538574,0.010101010101010102,1.5625951988528475
বিলুপ্ত,0.5625874698162079,0.0,1.5625874698162079
পানীয়,0.5625613033771515,0.0,1.5625613033771515
মুক্তিযুদ্ধ,0.5625438690185547,0.0,1.5625438690185547
খাট,0.5624969303607941,0.0,1.562496930360794
পরিমাণ,0.5725321173667908,0.010101010101010102,1.5624311072657808
ছিলঃ,0.5624074041843414,0.0,1.5624074041843414
নির্ভরশীল,0.5623816251754761,0.0,1.562381625175476
দূষিত,0.5623814761638641,0.0,1.5623814761638641
প্রফেসর,0.5623668730258942,0.0,1.5623668730258942
বুড়া,0.5622633099555969,0.0,1.562263309955597
সুখ,0.5622259974479675,0.0,1.5622259974479675
জানো,0.5622067749500275,0.0,1.5622067749500275
দেখেশুনে,0.5622039437294006,0.0,1.5622039437294006
হাতছাড়া,0.5621935427188873,0.0,1.5621935427188873
পড়িয়ে,0.5621919333934784,0.0,1.5621919333934784
নুইয়ে,0.572236955165863,0.010101010101010102,1.562135945064853
চিকিৎসায়,0.5621145367622375,0.0,1.5621145367622375
ধারে,0.5621084570884705,0.0,1.5621084570884705
মহিষ,0.5722050964832306,0.010101010101010102,1.5621040863822206
কার্যকরী,0.5620906949043274,0.0,1.5620906949043274
নেতৃত্ব,0.5620611310005188,0.0,1.5620611310005188
মেয়েছেলের,0.5620253682136536,0.0,1.5620253682136536
গলি,0.5620130002498627,0.0,1.5620130002498627
যাব৷,0.5620019435882568,0.0,1.5620019435882568
অঙ্গীক,0.561871349811554,0.0,1.561871349811554
উপার্জন,0.5618683993816376,0.0,1.5618683993816376
সেদি,0.5618353486061096,0.0,1.5618353486061096
নাআমি,0.5618196427822113,0.0,1.5618196427822113
অতিথির,0.5618085265159607,0.0,1.5618085265159607
হায়াত,0.5617377460002899,0.0,1.56173774600029
অজ্ঞান,0.5616838932037354,0.0,1.5616838932037354
খোড়া,0.5616403520107269,0.0,1.561640352010727
বাসিন্দা,0.5616210699081421,0.0,1.561621069908142
রুমাল,0.5717088580131531,0.010101010101010102,1.5616078479121431
হতাশাগ্রস্ত,0.5615955293178558,0.0,1.5615955293178558
নিস্তেজ,0.5615859627723694,0.0,1.5615859627723694
বলবি,0.5716817378997803,0.010101010101010102,1.5615807277987703
ঝুঁচ,0.5615667998790741,0.0,1.561566799879074
প্রুফ,0.56154665350914,0.0,1.56154665350914
স্টিয়ারিং,0.5715517401695251,0.010101010101010102,1.5614507300685152
প্রস্তাবে,0.561425119638443,0.0,1.561425119638443
আসব৷,0.5614154934883118,0.0,1.5614154934883118
মতিঝিল,0.5613715648651123,0.0,1.5613715648651123
ওঠায়,0.5613608062267303,0.0,1.5613608062267303
ডাকত,0.5613316893577576,0.0,1.5613316893577576
অনুপস্থিত,0.5613186061382294,0.0,1.5613186061382294
জড়িত,0.5613027811050415,0.0,1.5613027811050415
আজাদ,0.561274379491806,0.0,1.561274379491806
পুড়ে,0.5816670656204224,0.02040816326530612,1.5612589023551162
ক্রিম,0.5612009167671204,0.0,1.5612009167671204
দাত,0.5712711811065674,0.010101010101010102,1.5611701710055574
করেছিলাম৷,0.561155378818512,0.0,1.561155378818512
ঘন্টাখানেক,0.5610966384410858,0.0,1.5610966384410858
প্রধান,0.5610407888889313,0.0,1.5610407888889313
পুলিশটা,0.5610363781452179,0.0,1.561036378145218
নজির,0.5609863698482513,0.0,1.5609863698482513
প্রাণে,0.5609549880027771,0.0,1.560954988002777
রাতে,0.5609084963798523,0.0,1.5609084963798523
কুচি,0.5608654320240021,0.0,1.560865432024002
নাড়ল,0.5811296999454498,0.02040816326530612,1.5607215366801437
কোমর,0.560712993144989,0.0,1.560712993144989
ভিজিয়ে,0.5810879468917847,0.02040816326530612,1.5606797836264785
অপেক্ষাকৃত,0.5707189738750458,0.010101010101010102,1.5606179637740358
বৈশিষ্ট্য,0.560606986284256,0.0,1.560606986284256
রওয়ানা,0.560579240322113,0.0,1.560579240322113
মিটিং,0.5706598162651062,0.010101010101010102,1.5605588061640963
রুম,0.5705918371677399,0.010101010101010102,1.56049082706673
দানব,0.5604636669158936,0.0,1.5604636669158936
সপরিবারে,0.5604236423969269,0.0,1.5604236423969269
আয়৷,0.560321718454361,0.0,1.560321718454361
ভিত্তিহীন,0.5603149831295013,0.0,1.5603149831295013
ডায়াবেট,0.5602991878986359,0.0,1.5602991878986359
খোঁজা,0.5602882504463196,0.0,1.5602882504463196
ওরে,0.5602449178695679,0.0,1.5602449178695679
খবরে,0.5602427423000336,0.0,1.5602427423000336
পাগলামি,0.5602399408817291,0.0,1.5602399408817291
মীমাংসা,0.5602245330810547,0.0,1.5602245330810547
আলাপে,0.5602025985717773,0.0,1.5602025985717773
বাচা,0.5600969195365906,0.0,1.5600969195365906
দামি,0.5600881278514862,0.0,1.5600881278514862
মিলিয়ে,0.5600052773952484,0.0,1.5600052773952484
কবি,0.5700993835926056,0.010101010101010102,1.5599983734915956
দিয়েছ৷,0.5599942207336426,0.0,1.5599942207336426
নিউক্লিয়,0.5599931180477142,0.0,1.5599931180477142
কান্না,0.5909203588962555,0.030927835051546393,1.5599925238447092
বাছাধন,0.5599448680877686,0.0,1.5599448680877686
ফিচ,0.5598603785037994,0.0,1.5598603785037994
খোয়াবে,0.5598430037498474,0.0,1.5598430037498474
একলা,0.5597811937332153,0.0,1.5597811937332153
একাকী,0.559779018163681,0.0,1.559779018163681
বাসাতে,0.5597691535949707,0.0,1.5597691535949707
চিজ,0.5597619414329529,0.0,1.5597619414329529
হাততা,0.5698411762714386,0.010101010101010102,1.5597401661704287
রাধা,0.5698398649692535,0.010101010101010102,1.5597388548682436
ফাইল,0.5597270131111145,0.0,1.5597270131111145
বিশেক,0.5596897602081299,0.0,1.5596897602081299
বিড়াল,0.5596823990345001,0.0,1.5596823990345001
ছাড়বে,0.5596527755260468,0.0,1.5596527755260468
বিচ্ছিরি,0.5596435070037842,0.0,1.5596435070037842
বিসর্জন,0.5595654249191284,0.0,1.5595654249191284
ভাষা,0.579971969127655,0.02040816326530612,1.5595638058623489
য়া,0.5594992339611053,0.0,1.5594992339611053
মেথর,0.5594033896923065,0.0,1.5594033896923065
বিদ্যা,0.5593977272510529,0.0,1.5593977272510529
পাস,0.5593488216400146,0.0,1.5593488216400146
নিষ্ঠুর,0.569441944360733,0.010101010101010102,1.559340934259723
বালক,0.5593173503875732,0.0,1.5593173503875732
পারি৷,0.5693935751914978,0.010101010101010102,1.5592925650904879
সীট,0.5592890977859497,0.0,1.5592890977859497
কাহিনী,0.5592700242996216,0.0,1.5592700242996216
দুঃসাহসী,0.5592641830444336,0.0,1.5592641830444336
নাড়াচাড়া,0.559141993522644,0.0,1.559141993522644
আজকাল,0.5591232180595398,0.0,1.5591232180595398
রোড,0.5795169174671173,0.02040816326530612,1.5591087542018112
ফাইনাল,0.559091180562973,0.0,1.559091180562973
চেইন,0.5590895712375641,0.0,1.559089571237564
তৃষ্ণা,0.5590860247612,0.0,1.5590860247612
আম্মা,0.5590539574623108,0.0,1.5590539574623108
কাজকর্মে,0.5590533912181854,0.0,1.5590533912181854
ভাবলে,0.5590256750583649,0.0,1.5590256750583649
শোভা,0.5590143501758575,0.0,1.5590143501758575
আয়,0.5690889954566956,0.010101010101010102,1.5589879853556856
হবি,0.558987557888031,0.0,1.558987557888031
পুব,0.5589673817157745,0.0,1.5589673817157745
পেয়েছি,0.5589425563812256,0.0,1.5589425563812256
অত্যধিক,0.5589332580566406,0.0,1.5589332580566406
আন্তরিকত,0.5589298903942108,0.0,1.5589298903942108
দানা,0.5589281022548676,0.0,1.5589281022548676
করুণা,0.5589205026626587,0.0,1.5589205026626587
ট্রিটমেন্ট,0.5589156448841095,0.0,1.5589156448841095
কনুইয়,0.5588977932929993,0.0,1.5588977932929993
কাল্পনিক,0.5588620007038116,0.0,1.5588620007038116
ঘটিয়,0.5588215887546539,0.0,1.558821588754654
কাটে৷,0.5588138699531555,0.0,1.5588138699531555
আবির্ভাব,0.5588021576404572,0.0,1.5588021576404572
কার্ড,0.5791478455066681,0.02040816326530612,1.558739682241362
গৌর,0.5688283443450928,0.010101010101010102,1.5587273342440828
বেগের,0.5687903761863708,0.010101010101010102,1.558689366085361
খাঁর,0.5586748123168945,0.0,1.5586748123168945
পরিবেশন,0.5586054027080536,0.0,1.5586054027080536
ত্রাস,0.5585837364196777,0.0,1.5585837364196777
টু,0.5585365891456604,0.0,1.5585365891456604
নিরাপদে,0.5585072934627533,0.0,1.5585072934627533
চকােলেট,0.5585069954395294,0.0,1.5585069954395294
পালিয়,0.558403342962265,0.0,1.558403342962265
অংক,0.5583516359329224,0.0,1.5583516359329224
য়ে,0.5583091080188751,0.0,1.5583091080188751
পাবা,0.5582436919212341,0.0,1.5582436919212341
কামান,0.5581960082054138,0.0,1.5581960082054138
লুকোচুরি,0.5581875145435333,0.0,1.5581875145435333
নকশা,0.568238377571106,0.010101010101010102,1.558137367470096
অপরাধ,0.558118999004364,0.0,1.558118999004364
ইউনিভার্সিটি,0.5581183731555939,0.0,1.5581183731555939
ফাটিয়ে,0.5580809414386749,0.0,1.558080941438675
সর্বশ্রেষ্ঠ,0.5580426752567291,0.0,1.5580426752567291
দিয়া,0.5580027997493744,0.0,1.5580027997493744
খাদে,0.5579860508441925,0.0,1.5579860508441925
খাওয়াদাওয়,0.5579764544963837,0.0,1.5579764544963837
সিগারেটটা,0.5579268336296082,0.0,1.5579268336296082
তাল,0.5679983496665955,0.010101010101010102,1.5578973395655855
অপরিচিত,0.5578970313072205,0.0,1.5578970313072205
গজায়,0.5578649044036865,0.0,1.5578649044036865
চু,0.5578324198722839,0.0,1.557832419872284
নিল৷,0.5578271150588989,0.0,1.557827115058899
আকার,0.5679220259189606,0.010101010101010102,1.5578210158179506
থুথু,0.5578207671642303,0.0,1.5578207671642303
বিশেষত্ব,0.5577069520950317,0.0,1.5577069520950317
পিঠ,0.5678035020828247,0.010101010101010102,1.5577024919818148
রাখল,0.5576062202453613,0.0,1.5576062202453613
মীন,0.5575864315032959,0.0,1.557586431503296
দাড়িয়,0.5575758218765259,0.0,1.5575758218765259
চাপাচাপি,0.5575568675994873,0.0,1.5575568675994873
ছিট,0.5575523376464844,0.0,1.5575523376464844
ইস,0.5779147446155548,0.02040816326530612,1.5575065813502487
দেওয়ালে,0.5675990581512451,0.010101010101010102,1.5574980480502352
কবজি,0.5574592649936676,0.0,1.5574592649936676
খেল৷,0.5574463307857513,0.0,1.5574463307857513
আশ্রয়,0.5574252307415009,0.0,1.5574252307415009
অদৃশ্য,0.567512720823288,0.010101010101010102,1.557411710722278
মেট,0.5574082732200623,0.0,1.5574082732200623
পৃষ্ঠা,0.5778058171272278,0.02040816326530612,1.5573976538619216
ভাগ্যে,0.5573546886444092,0.0,1.5573546886444092
টলে,0.557339996099472,0.0,1.557339996099472
এসেছিল৷,0.5572932362556458,0.0,1.5572932362556458
ছিল৷,0.5572916269302368,0.0,1.5572916269302368
এটুকু,0.5572887659072876,0.0,1.5572887659072876
হাসলেন৷,0.5572545826435089,0.0,1.557254582643509
তাকিয়েছিল,0.5672673881053925,0.010101010101010102,1.5571663780043825
খোলো,0.5571245849132538,0.0,1.5571245849132538
পশ্চিমে,0.5570490658283234,0.0,1.5570490658283234
ভেবেছিস,0.5570303201675415,0.0,1.5570303201675415
কমলা,0.5569547414779663,0.0,1.5569547414779663
আলোর,0.5670066773891449,0.010101010101010102,1.556905667288135
বান্দর,0.556858479976654,0.0,1.556858479976654
ভূত,0.5568566620349884,0.0,1.5568566620349884
মশারির,0.5568497478961945,0.0,1.5568497478961945
দুদি,0.5568391978740692,0.0,1.5568391978740692
বেতন,0.5568317472934723,0.0,1.5568317472934723
অজানা,0.566909521818161,0.010101010101010102,1.556808511717151
ঘোরাফেরা,0.5567924380302429,0.0,1.556792438030243
ছেলেখেলা,0.5567770004272461,0.0,1.556777000427246
করিনি,0.556770384311676,0.0,1.556770384311676
দিলীপ,0.5567647516727448,0.0,1.5567647516727448
ইতিহাস,0.5668032169342041,0.010101010101010102,1.5567022068331942
টানটান,0.5566714107990265,0.0,1.5566714107990265
সেইভাবেই,0.5566569268703461,0.0,1.556656926870346
প্রতিশোধ,0.5565895140171051,0.0,1.556589514017105
বিচি,0.5565756261348724,0.0,1.5565756261348724
প্রধানমন্রীর,0.5565548837184906,0.0,1.5565548837184906
আন্,0.566646546125412,0.010101010101010102,1.556545536024402
লােভ,0.5565037131309509,0.0,1.556503713130951
কেশ,0.5565008819103241,0.0,1.556500881910324
পিছুপিছু,0.5564959645271301,0.0,1.5564959645271301
নামব,0.5564253926277161,0.0,1.556425392627716
সরকার,0.5665228962898254,0.010101010101010102,1.5564218861888155
পাল্লায়,0.556398868560791,0.0,1.556398868560791
খনি,0.5563671886920929,0.0,1.556367188692093
করিয়েছেন,0.5563613176345825,0.0,1.5563613176345825
মামলা,0.5563151836395264,0.0,1.5563151836395264
একটুআধটু,0.5563149750232697,0.0,1.5563149750232697
আক্ষরিক,0.5664102435112,0.010101010101010102,1.55630923341019
ভেরি,0.5767063796520233,0.02040816326530612,1.5562982163867172
চুড়ি,0.5562860369682312,0.0,1.5562860369682312
খে,0.5562321841716766,0.0,1.5562321841716766
চারিদি,0.5562244653701782,0.0,1.5562244653701782
ফলস্বরূপ,0.5562035441398621,0.0,1.556203544139862
শিশি,0.5561729073524475,0.0,1.5561729073524475
ঘুমোব,0.5561656057834625,0.0,1.5561656057834625
ডালপালা,0.5561519265174866,0.0,1.5561519265174866
কনস্টেবল,0.5561148524284363,0.0,1.5561148524284363
রান্নাবান্না,0.5561079382896423,0.0,1.5561079382896423
বেরিয়েছি,0.5560891926288605,0.0,1.5560891926288605
নিমন্ত্রণ,0.5560175478458405,0.0,1.5560175478458405
গুঁজে,0.556006669998169,0.0,1.556006669998169
ফেলে৷,0.5660613775253296,0.010101010101010102,1.5559603674243196
বেডরুম,0.5559374690055847,0.0,1.5559374690055847
বিষাক্ত,0.5558648109436035,0.0,1.5558648109436035
পেরেছেঃ,0.5558448433876038,0.0,1.5558448433876038
বঙ্গবন্ধু,0.5558191537857056,0.0,1.5558191537857056
আহ,0.5558118522167206,0.0,1.5558118522167206
মাখা,0.5558107197284698,0.0,1.5558107197284698
বিক,0.5557979047298431,0.0,1.5557979047298431
লাগালে,0.5557953417301178,0.0,1.5557953417301178
কায়দাকানুন,0.5557362735271454,0.0,1.5557362735271454
কখনে৷,0.5557301044464111,0.0,1.5557301044464111
পেলি,0.5557158887386322,0.0,1.5557158887386322
কথাতে,0.5557152330875397,0.0,1.5557152330875397
ভ্যাবাচ্যাকা,0.5557055771350861,0.0,1.555705577135086
হারালে,0.5556272268295288,0.0,1.5556272268295288
অনুপস্থিতি,0.5556106567382812,0.0,1.5556106567382812
চিবু,0.5556047856807709,0.0,1.5556047856807709
দাও৷,0.5555980503559113,0.0,1.5555980503559113
মৃত্যুবরণ,0.5555890202522278,0.0,1.5555890202522278
তলা,0.5555786788463593,0.0,1.5555786788463593
দক্ষতা,0.5555309355258942,0.0,1.5555309355258942
যাহ,0.5555224716663361,0.0,1.555522471666336
ডানদিক,0.5554013550281525,0.0,1.5554013550281525
কেঁদেকেটে,0.5552032589912415,0.0,1.5552032589912415
কাঁধ,0.5552007555961609,0.0,1.5552007555961609
যুদ্ধে,0.5551958382129669,0.0,1.555195838212967
তোরে,0.5550907552242279,0.0,1.555090755224228
পালাব,0.5550538897514343,0.0,1.5550538897514343
করেনি৷,0.5550376772880554,0.0,1.5550376772880554
হিন্দী,0.5549813210964203,0.0,1.5549813210964203
মনিব,0.5549576282501221,0.0,1.554957628250122
নেয়া,0.5650435984134674,0.010101010101010102,1.5549425883124575
দলিল,0.5650310218334198,0.010101010101010102,1.5549300117324099
চৌকস,0.55491504073143,0.0,1.55491504073143
অসহ্য,0.5649945139884949,0.010101010101010102,1.554893503887485
আঁচল,0.5548890233039856,0.0,1.5548890233039856
উৎপাদন,0.5548882186412811,0.0,1.5548882186412811
মাষ্,0.5548726618289948,0.0,1.5548726618289948
খালুজান,0.5548425018787384,0.0,1.5548425018787384
ব্যাঙ,0.5649225115776062,0.010101010101010102,1.5548215014765963
গিলে,0.5548043847084045,0.0,1.5548043847084045
অত্য,0.5548028945922852,0.0,1.5548028945922852
ভেজা,0.5547805726528168,0.0,1.5547805726528168
ভাগ্নে,0.554742306470871,0.0,1.554742306470871
স্থির,0.5547241568565369,0.0,1.5547241568565369
প্রবাল,0.5546720623970032,0.0,1.5546720623970032
তারস্বরে,0.5546150505542755,0.0,1.5546150505542755
খোসা,0.5545836985111237,0.0,1.5545836985111237
হেডলাইন,0.5545836389064789,0.0,1.5545836389064789
মাতামাতি,0.5545566082000732,0.0,1.5545566082000732
ফুটিয়ে,0.5545084774494171,0.0,1.5545084774494171
রান্না,0.5544985830783844,0.0,1.5544985830783844
তৈরির,0.5544677674770355,0.0,1.5544677674770355
আমেরিকার,0.5645522177219391,0.010101010101010102,1.5544512076209291
স্বস্তির,0.5645474791526794,0.010101010101010102,1.5544464690516695
অন্ধকার,0.5544420778751373,0.0,1.5544420778751373
পড়ু,0.5544290840625763,0.0,1.5544290840625763
বিছু,0.5544110834598541,0.0,1.5544110834598541
দশা,0.5543971359729767,0.0,1.5543971359729767
ডুব,0.5543783903121948,0.0,1.5543783903121948
এলোপাতাড়ি,0.5542477369308472,0.0,1.5542477369308472
ট্রাফিক,0.5542472004890442,0.0,1.5542472004890442
পাঠাতে,0.5541837513446808,0.0,1.5541837513446808
আলন,0.5541819632053375,0.0,1.5541819632053375
নিরিবি,0.5541653335094452,0.0,1.5541653335094452
হাতড়ে,0.5541459321975708,0.0,1.5541459321975708
ঝুড়ি,0.5541283190250397,0.0,1.5541283190250397
স্কাউট,0.5540774464607239,0.0,1.5540774464607239
ফুলদানি,0.5540752410888672,0.0,1.5540752410888672
এক্ষুণি,0.5540448129177094,0.0,1.5540448129177094
গাদা,0.5539286136627197,0.0,1.5539286136627197
উঠান,0.5539279580116272,0.0,1.5539279580116272
স্বামীর,0.5539211928844452,0.0,1.5539211928844452
হাটা,0.5538410246372223,0.0,1.5538410246372223
পরা,0.5537866055965424,0.0,1.5537866055965424
নির্মম,0.5537651479244232,0.0,1.5537651479244232
পড়ছে৷,0.5536972284317017,0.0,1.5536972284317017
সোফা,0.5536273419857025,0.0,1.5536273419857025
চেয়,0.5536245405673981,0.0,1.553624540567398
ম্যাডাম,0.5535922050476074,0.0,1.5535922050476074
জোগাড়,0.5535733103752136,0.0,1.5535733103752136
উন,0.5534603297710419,0.0,1.5534603297710419
পরো,0.5533775985240936,0.0,1.5533775985240936
পশুপাখি,0.5533179342746735,0.0,1.5533179342746735
দাবা,0.5533088743686676,0.0,1.5533088743686676
ইউনিটে,0.5532199740409851,0.0,1.553219974040985
টাওয়ার,0.55321004986763,0.0,1.55321004986763
উচ্চারণে,0.5531554222106934,0.0,1.5531554222106934
স্টেনগান,0.55314040184021,0.0,1.55314040184021
মূল্য,0.5531198978424072,0.0,1.5531198978424072
শালা,0.5531141757965088,0.0,1.5531141757965088
টাই,0.5631803274154663,0.010101010101010102,1.5530793173144564
চাখ,0.5530480146408081,0.0,1.553048014640808
দেখায়৷,0.5530309081077576,0.0,1.5530309081077576
হাওয়৷,0.5530156493186951,0.0,1.553015649318695
বিশ্ব,0.5529882609844208,0.0,1.5529882609844208
বিকালে,0.5630646646022797,0.010101010101010102,1.5529636545012697
পরিষ,0.5630530714988708,0.010101010101010102,1.552952061397861
নেতৃত্বে,0.5529316067695618,0.0,1.5529316067695618
সাইর,0.5630135238170624,0.010101010101010102,1.5529125137160524
উপলক্ষ,0.5528611838817596,0.0,1.5528611838817596
আরাম,0.552850067615509,0.0,1.552850067615509
পিয়ন,0.5527747869491577,0.0,1.5527747869491577
লেখাপড়া,0.5527287125587463,0.0,1.5527287125587463
পাণয়া,0.5527119040489197,0.0,1.5527119040489197
এজ,0.5627448558807373,0.010101010101010102,1.5526438457797274
চাস,0.552611380815506,0.0,1.552611380815506
নইলে,0.5525922477245331,0.0,1.552592247724533
ধানমণ্ডি,0.5525123775005341,0.0,1.552512377500534
আজগুবি,0.5524831116199493,0.0,1.5524831116199493
গদি,0.5625648498535156,0.010101010101010102,1.5524638397525057
ইনজেকশন,0.5524588525295258,0.0,1.5524588525295258
স্বীকৃতি,0.5524583458900452,0.0,1.5524583458900452
ক্লিনি,0.562505692243576,0.010101010101010102,1.552404682142566
তারা,0.5523865818977356,0.0,1.5523865818977356
সপ্তাহ,0.5624255239963531,0.010101010101010102,1.5523245138953432
অস্থির,0.552321046590805,0.0,1.552321046590805
হারিকেন,0.5523140132427216,0.0,1.5523140132427216
মহাকাশ,0.552295982837677,0.0,1.552295982837677
দেখি৷,0.5521430969238281,0.0,1.5521430969238281
দোষে,0.5520965456962585,0.0,1.5520965456962585
সুপুরুষ,0.55209019780159,0.0,1.55209019780159
নির্বিচারে,0.5520440340042114,0.0,1.5520440340042114
চারপাঁচটা,0.5520257651805878,0.0,1.5520257651805878
খুঁটে,0.5520136654376984,0.0,1.5520136654376984
শোচনীয়,0.5520102977752686,0.0,1.5520102977752686
বোক,0.5519778728485107,0.0,1.5519778728485107
যাস,0.5519484579563141,0.0,1.551948457956314
জাহাঙ্গীর,0.5519417226314545,0.0,1.5519417226314545
জোরালো,0.5519353449344635,0.0,1.5519353449344635
টাক৷,0.5518951714038849,0.0,1.5518951714038849
জাগা,0.5518022775650024,0.0,1.5518022775650024
দেওয়ায়,0.5517490208148956,0.0,1.5517490208148956
বাটি,0.5618481636047363,0.010101010101010102,1.5517471535037264
আটি,0.5517162382602692,0.0,1.5517162382602692
নিহত,0.5516131818294525,0.0,1.5516131818294525
কল্পনায়,0.5515978336334229,0.0,1.5515978336334229
ড্রাগ,0.5515829622745514,0.0,1.5515829622745514
উজ্জ্বল,0.5515722632408142,0.0,1.5515722632408142
ভোরে,0.5515288710594177,0.0,1.5515288710594177
স্টোর,0.5515239834785461,0.0,1.5515239834785461
নিশ্য়,0.5514970421791077,0.0,1.5514970421791077
নিউ,0.5615682005882263,0.010101010101010102,1.5514671904872164
হারামজাদা,0.5615300536155701,0.010101010101010102,1.5514290435145601
সুনির্দিষ্ট,0.5513978898525238,0.0,1.5513978898525238
অকল্পনীয়,0.5513777434825897,0.0,1.5513777434825897
খোয়া,0.5613822937011719,0.010101010101010102,1.551281283600162
আরামে,0.5512669682502747,0.0,1.5512669682502747
ছেলেপুলে,0.5512492060661316,0.0,1.5512492060661316
মরিচ,0.5512382090091705,0.0,1.5512382090091705
বয়সী,0.5511616766452789,0.0,1.551161676645279
সেন্টিমেন্ট,0.551080048084259,0.0,1.551080048084259
ম্যানেজার,0.5611761510372162,0.010101010101010102,1.5510751409362062
কৌতুহল,0.5510534346103668,0.0,1.5510534346103668
ঝোলা,0.5510493814945221,0.0,1.551049381494522
জিনে,0.5510217249393463,0.0,1.5510217249393463
কামর,0.5509971976280212,0.0,1.5509971976280212
মেশ,0.5509573817253113,0.0,1.5509573817253113
অবাস্তব,0.550952136516571,0.0,1.550952136516571
শতাংশ,0.550947904586792,0.0,1.550947904586792
তামাশা,0.5509286820888519,0.0,1.550928682088852
জিজ্ঞাসু,0.5610177218914032,0.010101010101010102,1.5509167117903933
তাগিদ,0.550915539264679,0.0,1.550915539264679
বেঞ্চ,0.5508970618247986,0.0,1.5508970618247986
ভেবেছেন,0.5508880317211151,0.0,1.5508880317211151
অসম্ভব৷,0.5508808195590973,0.0,1.5508808195590973
নেমেছি,0.5508507490158081,0.0,1.550850749015808
বিলাপ,0.5508408546447754,0.0,1.5508408546447754
মহাত্মা,0.5508288741111755,0.0,1.5508288741111755
বাহা,0.550814151763916,0.0,1.550814151763916
অনিশ্চয়ত,0.5507442355155945,0.0,1.5507442355155945
নেই৷,0.5506598353385925,0.0,1.5506598353385925
হিউয়,0.5506584048271179,0.0,1.550658404827118
অনুমতি,0.550646960735321,0.0,1.550646960735321
গরিব,0.550639271736145,0.0,1.550639271736145
সংশোধন,0.550631582736969,0.0,1.550631582736969
উট,0.550593376159668,0.0,1.550593376159668
খাঁজ,0.5505684912204742,0.0,1.5505684912204742
থাকলাম৷,0.5505427122116089,0.0,1.5505427122116089
বাগে,0.5505404472351074,0.0,1.5505404472351074
একে,0.5505145192146301,0.0,1.5505145192146301
লিখেছেন,0.5505121350288391,0.0,1.5505121350288391
ভোতা,0.5504117608070374,0.0,1.5504117608070374
চেহারা৷,0.5503626465797424,0.0,1.5503626465797424
নাটকীয়,0.5503301322460175,0.0,1.5503301322460175
দৌড়ে,0.5503010749816895,0.0,1.5503010749816895
নিঝুম,0.5502938628196716,0.0,1.5502938628196716
মাক,0.5502907931804657,0.0,1.5502907931804657
নিয়মে,0.5502863228321075,0.0,1.5502863228321075
ঘাড়,0.5501972734928131,0.0,1.550197273492813
ফুলিয়ে,0.5501016974449158,0.0,1.5501016974449158
মারধর,0.5500991940498352,0.0,1.5500991940498352
উপলক্ষে,0.5601329505443573,0.010101010101010102,1.5500319404433474
বেকায়দা,0.5500314235687256,0.0,1.5500314235687256
দাম,0.5500273406505585,0.0,1.5500273406505585
আলোচনায়,0.5500203967094421,0.0,1.5500203967094421
একা৷,0.5500054955482483,0.0,1.5500054955482483
নাওয়াখাওয়া,0.5499991774559021,0.0,1.549999177455902
ভয়ার্ত,0.549973726272583,0.0,1.549973726272583
ধন্তাধন্তি,0.5498707294464111,0.0,1.5498707294464111
তাকায়৷,0.5498512089252472,0.0,1.5498512089252472
ট্রানজিস্,0.5599481165409088,0.010101010101010102,1.5498471064398989
শাড়ির,0.5702520608901978,0.02040816326530612,1.5498438976248916
মারে,0.5498099625110626,0.0,1.5498099625110626
যাত্,0.5497039258480072,0.0,1.5497039258480072
অবিচার,0.5496449768543243,0.0,1.5496449768543243
গয়না,0.5496422350406647,0.0,1.5496422350406647
রোমাঞ্চ,0.54963019490242,0.0,1.54963019490242
ডানদি,0.5496247708797455,0.0,1.5496247708797455
কেন্দ্র,0.5495755672454834,0.0,1.5495755672454834
ঠেকিয়ে,0.5596741139888763,0.010101010101010102,1.5495731038878664
হইলে,0.5495609641075134,0.0,1.5495609641075134
আপসেট,0.5495608448982239,0.0,1.5495608448982239
দেশপ্রেমিক,0.5495156943798065,0.0,1.5495156943798065
আরে,0.5495119690895081,0.0,1.549511969089508
সম্মতির,0.5494897961616516,0.0,1.5494897961616516
পিটপিট,0.5595768094062805,0.010101010101010102,1.5494757993052706
ধাক্কা,0.549414873123169,0.0,1.549414873123169
কচি,0.5494024455547333,0.0,1.5494024455547333
বিষয়বস্তু,0.54936283826828,0.0,1.54936283826828
পড়বে,0.5492776036262512,0.0,1.5492776036262512
কাদের,0.5492444038391113,0.0,1.5492444038391113
দীর্ঘ,0.549231618642807,0.0,1.549231618642807
লাফে,0.5492165386676788,0.0,1.5492165386676788
এসো,0.5490832030773163,0.0,1.5490832030773163
বিরতি,0.5490411520004272,0.0,1.5490411520004272
ইশারায়,0.5489124059677124,0.0,1.5489124059677124
শহরে,0.5488566756248474,0.0,1.5488566756248474
তখনো,0.5488100647926331,0.0,1.548810064792633
গোন,0.5488094091415405,0.0,1.5488094091415405
ভোর,0.5488072037696838,0.0,1.5488072037696838
স্টেটমেন্ট,0.5487913191318512,0.0,1.5487913191318512
পশলা,0.548612505197525,0.0,1.548612505197525
নাতি,0.5485984981060028,0.0,1.5485984981060028
আজব,0.5485737919807434,0.0,1.5485737919807434
রাখল৷,0.5483739078044891,0.0,1.5483739078044891
কাটিয়েছেন,0.5483600497245789,0.0,1.5483600497245789
মেস,0.5483294725418091,0.0,1.548329472541809
সাজে,0.5483120381832123,0.0,1.5483120381832123
মার্চ,0.5482954978942871,0.0,1.548295497894287
ঢলে,0.5583043396472931,0.010101010101010102,1.5482033295462831
শাহবাগ,0.5481786727905273,0.0,1.5481786727905273
ষাট,0.5481564700603485,0.0,1.5481564700603485
বালুর,0.5481247007846832,0.0,1.5481247007846832
যেদিকে,0.5480748116970062,0.0,1.5480748116970062
নৌকায়,0.5480473041534424,0.0,1.5480473041534424
লাইসেন্স,0.5479751527309418,0.0,1.5479751527309418
বেইমানি,0.547966867685318,0.0,1.547966867685318
কেনা,0.5479439795017242,0.0,1.5479439795017242
ধৃষ্টতা,0.5479039251804352,0.0,1.5479039251804352
কেরোসিন,0.5478790998458862,0.0,1.5478790998458862
জড়াজড়ি,0.5478790700435638,0.0,1.5478790700435638
মাছির,0.5478788614273071,0.0,1.5478788614273071
জমে,0.5478402674198151,0.0,1.547840267419815
করছি,0.5478343665599823,0.0,1.5478343665599823
উঠল৷,0.5579197108745575,0.010101010101010102,1.5478187007735476
মেইন,0.5477892756462097,0.0,1.5477892756462097
মজা,0.5578807592391968,0.010101010101010102,1.5477797491381868
অর্থ,0.547755241394043,0.0,1.547755241394043
সূহ্ম,0.5477426946163177,0.0,1.5477426946163177
অনুনয়,0.547742635011673,0.0,1.547742635011673
তারিখে,0.5578040182590485,0.010101010101010102,1.5477030081580385
যেয়ো,0.5476815700531006,0.0,1.5476815700531006
নির্দেশ,0.5476714968681335,0.0,1.5476714968681335
গণিত,0.5476070940494537,0.0,1.5476070940494537
ক্ষণিক,0.5475956499576569,0.0,1.5475956499576569
মিশে,0.5475944876670837,0.0,1.5475944876670837
রোডে,0.5679193139076233,0.02040816326530612,1.5475111506423171
ডায়াল,0.5576029419898987,0.010101010101010102,1.5475019318888887
গে,0.547462522983551,0.0,1.547462522983551
দুহাত,0.5474618971347809,0.0,1.5474618971347809
ঘুমায়,0.5474226474761963,0.0,1.5474226474761963
পচিয়ে,0.5473974943161011,0.0,1.547397494316101
কাঁটায়,0.5472797155380249,0.0,1.547279715538025
চূড়ান্ত,0.5472435355186462,0.0,1.5472435355186462
ফুটো,0.5573245882987976,0.010101010101010102,1.5472235781977877
জুটে,0.5472084581851959,0.0,1.547208458185196
পিটিয়ে,0.5471917986869812,0.0,1.5471917986869812
সত্যতা,0.5471576452255249,0.0,1.547157645225525
হতাশায়,0.5471073985099792,0.0,1.5471073985099792
কৌটা,0.5470951497554779,0.0,1.547095149755478
উড়িয়ে,0.5470930933952332,0.0,1.5470930933952332
লাগোয়া,0.5470559298992157,0.0,1.5470559298992157
কথাট,0.5470556914806366,0.0,1.5470556914806366
দুমড়ে,0.5470380485057831,0.0,1.547038048505783
দেখাচ্ছিল,0.5470110774040222,0.0,1.5470110774040222
অস্বন্তি,0.547003984451294,0.0,1.547003984451294
ইন্টেলিজেন্স,0.5470034778118134,0.0,1.5470034778118134
ফলো,0.5469879508018494,0.0,1.5469879508018494
চুলো,0.5469409823417664,0.0,1.5469409823417664
বিদ্যালয়,0.5469309985637665,0.0,1.5469309985637665
উপসর্গ,0.5469255745410919,0.0,1.546925574541092
ইস্টার্ন,0.5469037294387817,0.0,1.5469037294387817
নিরাসক্ত,0.5468972325325012,0.0,1.5468972325325012
গতকাল,0.5468915104866028,0.0,1.5468915104866028
ইহ,0.5468602180480957,0.0,1.5468602180480957
খায়,0.546833872795105,0.0,1.546833872795105
সম্পর্কে,0.5569104552268982,0.010101010101010102,1.5468094451258882
তালাক,0.546786367893219,0.0,1.546786367893219
বিছানা,0.5568785965442657,0.010101010101010102,1.5467775864432558
খাঁচ,0.5467610955238342,0.0,1.5467610955238342
উপযোগী,0.5467605590820312,0.0,1.5467605590820312
বহুদূর,0.5467082560062408,0.0,1.5467082560062408
বুঝে,0.5467067956924438,0.0,1.5467067956924438
আশঙ্ক,0.5466766655445099,0.0,1.5466766655445099
জানতাম৷,0.5466543436050415,0.0,1.5466543436050415
অসুবিধ,0.5566679239273071,0.010101010101010102,1.5465669138262972
ইদুর,0.5465545952320099,0.0,1.5465545952320099
শুঁ,0.5465361773967743,0.0,1.5465361773967743
ফাইলপত্র,0.5465101003646851,0.0,1.546510100364685
বামে,0.5464527308940887,0.0,1.5464527308940887
তাবিজ,0.5464062392711639,0.0,1.546406239271164
ভাঙতে,0.5463920533657074,0.0,1.5463920533657074
টর্চলাইট,0.5463768839836121,0.0,1.546376883983612
সংকেত,0.5463705956935883,0.0,1.5463705956935883
হাফেজের,0.5463321506977081,0.0,1.5463321506977081
ভালোর,0.5462644994258881,0.0,1.546264499425888
শুনিনি,0.5462514758110046,0.0,1.5462514758110046
ছানাবড়া,0.5462427139282227,0.0,1.5462427139282227
মেশানো,0.5461656749248505,0.0,1.5461656749248505
কাউন্সিল,0.5461584031581879,0.0,1.5461584031581879
সক্রিয়,0.5461095571517944,0.0,1.5461095571517944
নারীর,0.5460904538631439,0.0,1.546090453863144
দিয়েছিল,0.5460708737373352,0.0,1.5460708737373352
আদেশের,0.5459953844547272,0.0,1.5459953844547272
মাড়া,0.5459352731704712,0.0,1.5459352731704712
গাধা,0.5459093749523163,0.0,1.5459093749523163
কিছুদূর,0.5458860397338867,0.0,1.5458860397338867
এফ,0.5458678901195526,0.0,1.5458678901195526
তানা,0.5458444058895111,0.0,1.545844405889511
হাতা,0.5559353232383728,0.010101010101010102,1.5458343131373629
উৎফুল্ল,0.5457409620285034,0.0,1.5457409620285034
মোমবাতি,0.5457260012626648,0.0,1.5457260012626648
রােদের,0.545673131942749,0.0,1.545673131942749
নেমেছেন,0.54566490650177,0.0,1.54566490650177
মুখট,0.5456611514091492,0.0,1.5456611514091492
তাকাল,0.5456514358520508,0.0,1.5456514358520508
সিটা,0.5456381440162659,0.0,1.5456381440162659
গর্ভে,0.5455415546894073,0.0,1.5455415546894073
ঘড়ির,0.5556230247020721,0.010101010101010102,1.5455220146010622
জোয়ার্দার,0.5455171167850494,0.0,1.5455171167850494
চুকিয়ে,0.545514851808548,0.0,1.545514851808548
চশমা,0.5659095942974091,0.02040816326530612,1.545501431032103
টেপ,0.545465350151062,0.0,1.545465350151062
ফৌপা,0.5453997850418091,0.0,1.545399785041809
মাইক্রোস্কোপ,0.5453596711158752,0.0,1.5453596711158752
আপনাকে,0.5453570783138275,0.0,1.5453570783138275
ফাঁকি,0.5453540980815887,0.0,1.5453540980815887
কিরে,0.5453514158725739,0.0,1.5453514158725739
থামলে,0.5453362166881561,0.0,1.5453362166881561
ব্যক্তির,0.5452639758586884,0.0,1.5452639758586884
পাচ্ছিল,0.5452367961406708,0.0,1.5452367961406708
দ্যাখ,0.5452168583869934,0.0,1.5452168583869934
সান,0.5452083945274353,0.0,1.5452083945274353
আপনমনে,0.5451724231243134,0.0,1.5451724231243134
মনপ্রাণ,0.5451421439647675,0.0,1.5451421439647675
অফ,0.545139878988266,0.0,1.545139878988266
সোনা,0.5451340079307556,0.0,1.5451340079307556
বাদাম,0.5451132953166962,0.0,1.5451132953166962
পিটুনি,0.5451065301895142,0.0,1.5451065301895142
উচ্চশ্রেণীর,0.5451008379459381,0.0,1.545100837945938
রোদ,0.5450906157493591,0.0,1.5450906157493591
পত্রিকা,0.5551885366439819,0.010101010101010102,1.545087526542972
বেচা,0.5551541745662689,0.010101010101010102,1.545053164465259
অরণ্য,0.5450478196144104,0.0,1.5450478196144104
এতে,0.5450384020805359,0.0,1.5450384020805359
মোটা,0.5450270771980286,0.0,1.5450270771980286
দ্যাট,0.5550270676612854,0.010101010101010102,1.5449260575602755
মগবাজারের,0.544913113117218,0.0,1.544913113117218
এগুলে,0.544867068529129,0.0,1.544867068529129
পড়েছিল৷,0.5448144674301147,0.0,1.5448144674301147
কোর,0.5447871685028076,0.0,1.5447871685028076
মাট,0.5447828471660614,0.0,1.5447828471660614
আবদ্ধ,0.5548019409179688,0.010101010101010102,1.5447009308169588
সিদ্ধান্,0.5446590781211853,0.0,1.5446590781211853
তসবি,0.5446032881736755,0.0,1.5446032881736755
গেলাস,0.5445961654186249,0.0,1.5445961654186249
তোরা,0.5445803701877594,0.0,1.5445803701877594
নিখুত,0.5445630848407745,0.0,1.5445630848407745
বাবুর্চি,0.5445581078529358,0.0,1.5445581078529358
কাদা,0.5445273220539093,0.0,1.5445273220539093
রকমভাবে,0.5444853901863098,0.0,1.5444853901863098
চালাবে,0.5444565415382385,0.0,1.5444565415382385
ভাপ,0.5444103181362152,0.0,1.5444103181362152
বী,0.5444028675556183,0.0,1.5444028675556183
সেমিন,0.5443906784057617,0.0,1.5443906784057617
গায়ক,0.5443600118160248,0.0,1.5443600118160248
এতক্ষণ,0.5544497668743134,0.010101010101010102,1.5443487567733034
দরকারটা,0.5443331599235535,0.0,1.5443331599235535
খিল,0.5443255603313446,0.0,1.5443255603313446
ছাড়৷,0.5442350804805756,0.0,1.5442350804805756
অঙ্,0.5442182123661041,0.0,1.5442182123661041
নিরামিষ,0.5441907644271851,0.0,1.544190764427185
কাতর,0.5441679060459137,0.0,1.5441679060459137
উপকূল,0.5542612373828888,0.010101010101010102,1.5441602272818788
ব্যাগ,0.5542488396167755,0.010101010101010102,1.5441478295157656
সামান্য,0.554125964641571,0.010101010101010102,1.544024954540561
মোলায়েম,0.5439774394035339,0.0,1.543977439403534
উই,0.5439501404762268,0.0,1.5439501404762268
ডিশ,0.5439455807209015,0.0,1.5439455807209015
মাস্,0.5439258217811584,0.0,1.5439258217811584
মোস্তফা,0.5438929796218872,0.0,1.5438929796218872
বাস্তবে,0.5438813865184784,0.0,1.5438813865184784
পূর্ণিম,0.5438540875911713,0.0,1.5438540875911713
খাওয়ানো,0.5437154769897461,0.0,1.543715476989746
গরমে,0.5436535477638245,0.0,1.5436535477638245
ব্রিজ,0.543530136346817,0.0,1.543530136346817
পাড়িয়ে,0.5435296297073364,0.0,1.5435296297073364
ফেজ,0.5435273349285126,0.0,1.5435273349285126
মানসিকতা,0.5435266494750977,0.0,1.5435266494750977
পরশুদিন,0.5434669256210327,0.0,1.5434669256210327
বেতারে,0.5434644520282745,0.0,1.5434644520282745
দিচ্,0.5434182584285736,0.0,1.5434182584285736
উপাদান,0.543409138917923,0.0,1.543409138917923
চুইয়ে,0.5433694124221802,0.0,1.5433694124221802
পারিনি৷,0.5433518588542938,0.0,1.5433518588542938
পুঁ,0.5433320701122284,0.0,1.5433320701122284
আশ্চর্যজনক,0.5433024168014526,0.0,1.5433024168014526
মামলায়,0.5432597696781158,0.0,1.5432597696781158
তাংৎক্ষণিক,0.5432556867599487,0.0,1.5432556867599487
দাশ,0.5533554553985596,0.010101010101010102,1.5432544452975496
সংঘাত,0.5432463884353638,0.0,1.5432463884353638
হাতেনাতে,0.5432052314281464,0.0,1.5432052314281464
তীক্ষভাবে,0.5431989133358002,0.0,1.5431989133358002
উত্তাল,0.5431903600692749,0.0,1.543190360069275
লোমে,0.5431771278381348,0.0,1.5431771278381348
পড়তে,0.5431751608848572,0.0,1.5431751608848572
আয়ু,0.5431223213672638,0.0,1.5431223213672638
হতাশা,0.5430682003498077,0.0,1.5430682003498077
শিক্ষক,0.5430594980716705,0.0,1.5430594980716705
বটগাছ,0.5531268417835236,0.010101010101010102,1.5430258316825136
আনোয়ার,0.5430254638195038,0.0,1.5430254638195038
মাঝারি,0.5634132325649261,0.02040816326530612,1.54300506929962
খাবে,0.5429961085319519,0.0,1.542996108531952
রােবব,0.5429917275905609,0.0,1.542991727590561
খিলখিল,0.5429517030715942,0.0,1.5429517030715942
কষে,0.5633522272109985,0.02040816326530612,1.5429440639456924
ডাকাতির,0.5429432988166809,0.0,1.542943298816681
নেহায়েৎ,0.5429246127605438,0.0,1.5429246127605438
খানেকের,0.5429194569587708,0.0,1.5429194569587708
ভাজে,0.5428940057754517,0.0,1.5428940057754517
ব্রিলিয়ান্ট,0.5428631603717804,0.0,1.5428631603717804
অতিক্রম,0.5528871417045593,0.010101010101010102,1.5427861316035494
সেরকম,0.5427151918411255,0.0,1.5427151918411255
লজ্জায়,0.5426404774188995,0.0,1.5426404774188995
অজান্,0.5426231920719147,0.0,1.5426231920719147
থাকব,0.5425892472267151,0.0,1.542589247226715
বদরুদ্দিন,0.5425696969032288,0.0,1.5425696969032288
ভয়ভীতি,0.5425101220607758,0.0,1.5425101220607758
সিলিন্ড,0.5425026416778564,0.0,1.5425026416778564
দুজনে,0.5424763560295105,0.0,1.5424763560295105
ক্যান্টিনে,0.5525665879249573,0.010101010101010102,1.5424655778239473
আত্মরক্ষা,0.5424273610115051,0.0,1.5424273610115051
অহেতুক,0.5424214601516724,0.0,1.5424214601516724
বিকেল,0.5422906875610352,0.0,1.5422906875610352
কাচুমাচু,0.5422802567481995,0.0,1.5422802567481995
হুমড়ি,0.5422447621822357,0.0,1.5422447621822357
উঠেছিল,0.5422433018684387,0.0,1.5422433018684387
নিক,0.5422393381595612,0.0,1.5422393381595612
জাতীয়,0.5422365069389343,0.0,1.5422365069389343
মার্কা,0.542214572429657,0.0,1.542214572429657
শিল্পী,0.5522866249084473,0.010101010101010102,1.5421856148074373
কারেন্ট,0.5420278310775757,0.0,1.5420278310775757
মিনমিন,0.5419617593288422,0.0,1.5419617593288422
ধার,0.541919469833374,0.0,1.541919469833374
আড়ালে,0.5520165860652924,0.010101010101010102,1.5419155759642824
বুধ,0.541861355304718,0.0,1.541861355304718
দার্শনিক,0.541859358549118,0.0,1.541859358549118
ফ্লাইট,0.5418175458908081,0.0,1.541817545890808
সাজগোজ,0.5417710542678833,0.0,1.5417710542678833
উপায়ে,0.541766494512558,0.0,1.541766494512558
মাইকেল,0.5416554808616638,0.0,1.5416554808616638
আবেগের,0.5416407883167267,0.0,1.5416407883167267
আসা,0.5416282117366791,0.0,1.541628211736679
হোল,0.5416167974472046,0.0,1.5416167974472046
হাসিমুখ,0.541554868221283,0.0,1.541554868221283
অল্পবয়সে,0.5415385663509369,0.0,1.541538566350937
পেন্সিল,0.5415372550487518,0.0,1.5415372550487518
মদের,0.5414974689483643,0.0,1.5414974689483643
করিলে,0.5414562821388245,0.0,1.5414562821388245
বাতাসে,0.5723479986190796,0.030927835051546393,1.5414201635675333
পুত্র,0.5514865815639496,0.010101010101010102,1.5413855714629396
লিখছ,0.5413661003112793,0.0,1.5413661003112793
সীমাবদ্ধ,0.5413310527801514,0.0,1.5413310527801514
পড়েছি৷,0.5413111746311188,0.0,1.5413111746311188
পাছ,0.5412441194057465,0.0,1.5412441194057465
আহমদ,0.5412372350692749,0.0,1.541237235069275
উদ্ধৃত,0.5412059426307678,0.0,1.5412059426307678
আমারে,0.5615416467189789,0.02040816326530612,1.5411334834536727
উঠি,0.5411240458488464,0.0,1.5411240458488464
সেটুকু,0.5411116182804108,0.0,1.5411116182804108
রমনা,0.5409962832927704,0.0,1.5409962832927704
মাঝথানে,0.5409362316131592,0.0,1.5409362316131592
পায়নি,0.5408996045589447,0.0,1.5408996045589447
আত্নীয়,0.5408246517181396,0.0,1.5408246517181396
ক্রোধ,0.5612120628356934,0.02040816326530612,1.5408038995703872
সশব্দে,0.5407154560089111,0.0,1.5407154560089111
আছিস,0.5406499207019806,0.0,1.5406499207019806
টাকাপয়সা,0.5406358242034912,0.0,1.5406358242034912
কাপড়ে,0.5406237244606018,0.0,1.5406237244606018
রাগে,0.5507141947746277,0.010101010101010102,1.5406131846736177
শুরুতে,0.5406093895435333,0.0,1.5406093895435333
ছিলি,0.5405535101890564,0.0,1.5405535101890564
এন,0.5405192971229553,0.0,1.5405192971229553
পাকিস্তানে,0.5405078828334808,0.0,1.5405078828334808
ইচ্ছেমতো,0.5505885779857635,0.010101010101010102,1.5404875678847536
ফিউজ,0.550565779209137,0.010101010101010102,1.540464769108127
বারান্দা,0.5404566526412964,0.0,1.5404566526412964
মিল,0.5404514074325562,0.0,1.5404514074325562
চেয়ার,0.5713469088077545,0.030927835051546393,1.5404190737562082
নারী,0.5505050718784332,0.010101010101010102,1.5404040617774233
চলাফেরার,0.5403872430324554,0.0,1.5403872430324554
ডেকের,0.5403070747852325,0.0,1.5403070747852325
বুদ্ধিমত্ত,0.5402500629425049,0.0,1.5402500629425049
তাচ্ছিল্য,0.5401624143123627,0.0,1.5401624143123627
নেতা,0.5605640411376953,0.02040816326530612,1.5401558778723892
ঠান্ডা,0.5401535332202911,0.0,1.5401535332202911
মেম্ব,0.5400573909282684,0.0,1.5400573909282684
ব্যান্ড,0.5400453209877014,0.0,1.5400453209877014
বদরাগী,0.5400435626506805,0.0,1.5400435626506805
রানী,0.5400062203407288,0.0,1.5400062203407288
শ্যামল,0.5399906933307648,0.0,1.5399906933307648
জেট,0.5399646461009979,0.0,1.539964646100998
লেখক,0.5500237345695496,0.010101010101010102,1.5399227244685396
কারবার,0.5399186909198761,0.0,1.539918690919876
মৃত্যুর,0.5398921370506287,0.0,1.5398921370506287
অস্বীক,0.5398751497268677,0.0,1.5398751497268677
একটায়,0.5398303866386414,0.0,1.5398303866386414
চিনচিনে,0.539697140455246,0.0,1.539697140455246
আনাচেকানাচে,0.5396517813205719,0.0,1.539651781320572
থাকি,0.5396510660648346,0.0,1.5396510660648346
ব্যারিস্,0.5396286249160767,0.0,1.5396286249160767
যথাসময়ে,0.5396239459514618,0.0,1.5396239459514618
বিজনেস,0.5395775735378265,0.0,1.5395775735378265
নেড়ি,0.5395737290382385,0.0,1.5395737290382385
দরবারে,0.5496563911437988,0.010101010101010102,1.5395553810427889
আসামি,0.5394762754440308,0.0,1.5394762754440308
আদর্শ,0.5394600629806519,0.0,1.5394600629806519
হতবাক,0.5394368469715118,0.0,1.5394368469715118
হইল,0.539389967918396,0.0,1.539389967918396
পালক,0.5393457114696503,0.0,1.5393457114696503
ব্যাজ,0.5393120050430298,0.0,1.5393120050430298
পারঃ,0.5392902791500092,0.0,1.5392902791500092
সেন্,0.5392756164073944,0.0,1.5392756164073944
ডেকেছি,0.5392353534698486,0.0,1.5392353534698486
জমিজমা,0.5392303466796875,0.0,1.5392303466796875
ভোট,0.5392031371593475,0.0,1.5392031371593475
হওয়৷,0.5391957759857178,0.0,1.5391957759857178
ধূসর,0.5391756594181061,0.0,1.539175659418106
কিক,0.5391755402088165,0.0,1.5391755402088165
উঠেছে৷,0.53916996717453,0.0,1.53916996717453
পেটের,0.5391671061515808,0.0,1.5391671061515808
ঘাস,0.5391532778739929,0.0,1.539153277873993
অযথা,0.5391435325145721,0.0,1.5391435325145721
ফারুক,0.5390932559967041,0.0,1.539093255996704
ধুত,0.5390736162662506,0.0,1.5390736162662506
সংরক্ষিত,0.5390285849571228,0.0,1.5390285849571228
ভাড়া,0.5697776675224304,0.030927835051546393,1.5388498324708841
ধোয়,0.5489380955696106,0.010101010101010102,1.5388370854686007
রেপ,0.5387974977493286,0.0,1.5387974977493286
সোনাদানা,0.5387908518314362,0.0,1.5387908518314362
চালাক,0.5488699674606323,0.010101010101010102,1.5387689573596224
উঠেছেন,0.5387351214885712,0.0,1.5387351214885712
হারানোর,0.5387093424797058,0.0,1.5387093424797058
অনেকট,0.5386766493320465,0.0,1.5386766493320465
সাতজন,0.5386721789836884,0.0,1.5386721789836884
কৌন,0.5386629104614258,0.0,1.5386629104614258
হাওয়,0.559068113565445,0.02040816326530612,1.5386599503001388
বাঁচ,0.5386489927768707,0.0,1.5386489927768707
শুনি৷,0.5386286377906799,0.0,1.53862863779068
ছাপ,0.5486976504325867,0.010101010101010102,1.5385966403315767
টিনে,0.5385178625583649,0.0,1.5385178625583649
গ্রাস,0.5385015606880188,0.0,1.5385015606880188
সাতেক,0.5384233891963959,0.0,1.5384233891963959
ফিত,0.5384072065353394,0.0,1.5384072065353394
চালা,0.5384069383144379,0.0,1.5384069383144379
কর্মচারী,0.5484185218811035,0.010101010101010102,1.5383175117800936
মালী,0.5382808744907379,0.0,1.538280874490738
রেখা,0.5483706295490265,0.010101010101010102,1.5382696194480165
আসুন,0.5381683707237244,0.0,1.5381683707237244
বাহিনী,0.538165956735611,0.0,1.538165956735611
বাথরুমে,0.5482423007488251,0.010101010101010102,1.5381412906478151
লিখছি,0.5380663871765137,0.0,1.5380663871765137
সহকারে,0.5380643606185913,0.0,1.5380643606185913
পাঠিয়েছেন,0.5379996597766876,0.0,1.5379996597766876
ডগায়,0.5379820466041565,0.0,1.5379820466041565
প্রয়োজন৷,0.5379723608493805,0.0,1.5379723608493805
হ্যাঁ,0.5379578471183777,0.0,1.5379578471183777
থেতলে,0.5379352271556854,0.0,1.5379352271556854
গ্যারান্টি,0.5378865897655487,0.0,1.5378865897655487
সঙ্গতি,0.5378697216510773,0.0,1.5378697216510773
বেশিদিন,0.5580890774726868,0.02040816326530612,1.5376809142073806
প্রত্যাখ্যান,0.5376702845096588,0.0,1.5376702845096588
চিনা,0.5376620590686798,0.0,1.5376620590686798
তখনে,0.5376468300819397,0.0,1.5376468300819397
কিসিম,0.5376296043395996,0.0,1.5376296043395996
তিনমাস,0.5376177430152893,0.0,1.5376177430152893
স্বার্থে,0.5375264883041382,0.0,1.5375264883041382
জ্বালাতন,0.537526398897171,0.0,1.537526398897171
হাফ,0.5374884605407715,0.0,1.5374884605407715
বেয়া,0.5475426614284515,0.010101010101010102,1.5374416513274416
শিম্পাঞ্জি,0.5374363362789154,0.0,1.5374363362789154
শুয়েছি,0.5373784005641937,0.0,1.5373784005641937
হারিয়,0.5373371541500092,0.0,1.5373371541500092
ধরাশায়ী,0.5373187363147736,0.0,1.5373187363147736
তাকাবে,0.5373159945011139,0.0,1.537315994501114
ফেলতাম,0.5373143553733826,0.0,1.5373143553733826
সুতা,0.537310779094696,0.0,1.537310779094696
কাটাবে,0.5372579097747803,0.0,1.5372579097747803
দুঃখবোধ,0.5372444093227386,0.0,1.5372444093227386
ঝাপ,0.5576522350311279,0.02040816326530612,1.5372440717658218
বিভীষিক,0.5371744632720947,0.0,1.5371744632720947
জামিন,0.5371696054935455,0.0,1.5371696054935455
মাংস,0.5371484160423279,0.0,1.5371484160423279
বয়সে,0.5370680391788483,0.0,1.5370680391788483
তিনতলায়,0.5370476543903351,0.0,1.537047654390335
এইবারে,0.5471466779708862,0.010101010101010102,1.5370456678698763
পুড়িয়ে,0.5471161007881165,0.010101010101010102,1.5370150906871065
থেকো,0.5370130240917206,0.0,1.5370130240917206
লেটা,0.5370075702667236,0.0,1.5370075702667236
পূরণ,0.5369692146778107,0.0,1.5369692146778107
অর্থনৈতিক,0.5369540154933929,0.0,1.536954015493393
বেড়ায়,0.5469249486923218,0.010101010101010102,1.5368239385913118
তাের,0.5469208061695099,0.010101010101010102,1.5368197960685
চিন্তায়,0.5367878079414368,0.0,1.5367878079414368
খেললে,0.5367595851421356,0.0,1.5367595851421356
নিক্ষল,0.5367546081542969,0.0,1.5367546081542969
যাচ্ছিল৷,0.5367421507835388,0.0,1.5367421507835388
উঠছি,0.5367169380187988,0.0,1.5367169380187988
বলছিস,0.5468136370182037,0.010101010101010102,1.5367126269171938
কাগ,0.5366926193237305,0.0,1.5366926193237305
হত্যা,0.5366599857807159,0.0,1.536659985780716
ফালতু,0.5366067886352539,0.0,1.536606788635254
পায়চারি,0.5365752279758453,0.0,1.5365752279758453
নিস,0.5365535914897919,0.0,1.5365535914897919
পাঠানোর,0.5365314483642578,0.0,1.5365314483642578
ওপর৷,0.5365069508552551,0.0,1.5365069508552551
দিল৷,0.5364870131015778,0.0,1.5364870131015778
হাড়,0.5465769469738007,0.010101010101010102,1.5364759368727907
এসেছিস,0.5364484786987305,0.0,1.5364484786987305
সানগ্লাস,0.5363730192184448,0.0,1.5363730192184448
তাতা,0.5363505780696869,0.0,1.536350578069687
র্যাক,0.5363117754459381,0.0,1.536311775445938
তুষ,0.5463963150978088,0.010101010101010102,1.536295304996799
তিনতল,0.5362711250782013,0.0,1.5362711250782013
রাইত,0.5362297892570496,0.0,1.5362297892570496
ঘের,0.5362153947353363,0.0,1.5362153947353363
স্টেশন,0.5462921559810638,0.010101010101010102,1.536191145880054
দোতলা,0.536190927028656,0.0,1.536190927028656
ডিঙিয়ে,0.5361888408660889,0.0,1.5361888408660889
ফিরিয়া,0.5361700057983398,0.0,1.5361700057983398
ভোজ,0.5361392498016357,0.0,1.5361392498016357
রকেটের,0.5360549986362457,0.0,1.5360549986362457
মাগ,0.5360499322414398,0.0,1.5360499322414398
নির্ভরতা,0.5360490381717682,0.0,1.5360490381717682
ছোর,0.5359793901443481,0.0,1.5359793901443481
ভীতি,0.5359348952770233,0.0,1.5359348952770233
বহুব,0.5359334051609039,0.0,1.535933405160904
কাপিয়ে,0.5358665883541107,0.0,1.5358665883541107
মড়া,0.5358565151691437,0.0,1.5358565151691437
নেট,0.5358049869537354,0.0,1.5358049869537354
ছুঁ,0.5357626974582672,0.0,1.5357626974582672
গরু,0.5457259714603424,0.010101010101010102,1.5356249613593325
সরঞ্জাম,0.5356004238128662,0.0,1.5356004238128662
সিগারেটের,0.5560004115104675,0.02040816326530612,1.5355922482451614
বাজারের,0.5355542898178101,0.0,1.53555428981781
উঠলাম৷,0.5355005860328674,0.0,1.5355005860328674
হোটেল,0.5354249775409698,0.0,1.5354249775409698
ভর্তি,0.535420686006546,0.0,1.535420686006546
আগুনে,0.566263735294342,0.030927835051546393,1.5353359002427958
ট্রিগ,0.5352421998977661,0.0,1.5352421998977661
অভিযান,0.5352344810962677,0.0,1.5352344810962677
কালে৷,0.5352242588996887,0.0,1.5352242588996887
সিলেটের,0.5352132320404053,0.0,1.5352132320404053
ডুবিয়ে,0.5351507067680359,0.0,1.5351507067680359
মিলিটারির,0.5351476967334747,0.0,1.5351476967334747
আড়ি,0.5350643694400787,0.0,1.5350643694400787
ধূর্ত,0.5350256562232971,0.0,1.5350256562232971
তুমুল,0.5350139141082764,0.0,1.5350139141082764
গাড়িতে,0.5350016057491302,0.0,1.5350016057491302
আবিষ্কৃত,0.5349901020526886,0.0,1.5349901020526886
খোলে,0.534982830286026,0.0,1.534982830286026
লো,0.53496253490448,0.0,1.53496253490448
ঘাসে,0.534959465265274,0.0,1.534959465265274
চাপে,0.5349394381046295,0.0,1.5349394381046295
ছাইয়,0.5349254906177521,0.0,1.534925490617752
কলেজের,0.5349107980728149,0.0,1.534910798072815
খাতা,0.5449931025505066,0.010101010101010102,1.5348920924494966
খাতায়,0.5449797809123993,0.010101010101010102,1.5348787708113893
নাস্তা,0.5348700284957886,0.0,1.5348700284957886
ভালবাসে,0.5348677635192871,0.0,1.534867763519287
এমপি,0.53485506772995,0.0,1.53485506772995
সিক্স,0.5348248183727264,0.0,1.5348248183727264
ইেট,0.5347655117511749,0.0,1.534765511751175
কূলকিনা,0.5347111523151398,0.0,1.5347111523151398
প্রতিপত্তি,0.5347079634666443,0.0,1.5347079634666443
প্রাণহীন,0.5346658825874329,0.0,1.5346658825874329
পরিচিত,0.5447462797164917,0.010101010101010102,1.5346452696154818
ভিক্ষা,0.5447250306606293,0.010101010101010102,1.5346240205596193
রাষ্ট্রপতি,0.5345782935619354,0.0,1.5345782935619354
আসব,0.5446675419807434,0.010101010101010102,1.5345665318797335
অনেকভাবে,0.5446325242519379,0.010101010101010102,1.534531514150928
ডাকব,0.5345199108123779,0.0,1.534519910812378
তারপরে,0.5344556272029877,0.0,1.5344556272029877
ঝাড়া,0.5343679785728455,0.0,1.5343679785728455
তারিখ,0.5343331098556519,0.0,1.5343331098556519
বিস্ফোরণ,0.5342987179756165,0.0,1.5342987179756165
করতে,0.5342761278152466,0.0,1.5342761278152466
ভাবী,0.5443766117095947,0.010101010101010102,1.5342756016085848
জন্মায়,0.5342712700366974,0.0,1.5342712700366974
মঞ্চে,0.5443700551986694,0.010101010101010102,1.5342690450976595
চেন৷,0.5341905951499939,0.0,1.534190595149994
আঁ,0.5341302454471588,0.0,1.5341302454471588
সার্জন,0.534083366394043,0.0,1.534083366394043
শে,0.5340475738048553,0.0,1.5340475738048553
শোওয়,0.534035325050354,0.0,1.534035325050354
দিকে৷,0.5441184341907501,0.010101010101010102,1.5340174240897402
মুড়িয়ে,0.534002959728241,0.0,1.534002959728241
মাগী,0.533985823392868,0.0,1.533985823392868
যেতেন৷,0.5339790284633636,0.0,1.5339790284633636
হাফেজ,0.5865624845027924,0.05263157894736842,1.533930905555424
বিরক্তিকর,0.5338587164878845,0.0,1.5338587164878845
পেগ,0.5439191460609436,0.010101010101010102,1.5338181359599337
ক্লাসে,0.5439106225967407,0.010101010101010102,1.5338096124957308
ঝাঁকিয়ে,0.533787876367569,0.0,1.533787876367569
প্রাণী,0.5438655018806458,0.010101010101010102,1.5337644917796358
বিজ্ঞান,0.5337616503238678,0.0,1.5337616503238678
পিছন,0.5337540209293365,0.0,1.5337540209293365
সপ্তাহখানেক,0.5337360203266144,0.0,1.5337360203266144
চর্চা,0.5337292850017548,0.0,1.5337292850017548
ক্ষতিকর,0.533723920583725,0.0,1.533723920583725
বালতি,0.5336683690547943,0.0,1.5336683690547943
ব্যান্ডেজ,0.5336329638957977,0.0,1.5336329638957977
চাপাস্বরে,0.5335980355739594,0.0,1.5335980355739594
খাওয়৷,0.5335895121097565,0.0,1.5335895121097565
এইসব,0.5335812866687775,0.0,1.5335812866687775
ঘ্যাচ,0.5335647463798523,0.0,1.5335647463798523
রসিক,0.5335347950458527,0.0,1.5335347950458527
রাইতে,0.5436242520809174,0.010101010101010102,1.5335232419799074
লাগানোর,0.5334767401218414,0.0,1.5334767401218414
বুঝিয়ে,0.5334349870681763,0.0,1.5334349870681763
ঘাড়ে,0.5333888530731201,0.0,1.5333888530731201
১৯শে,0.5333675742149353,0.0,1.5333675742149353
ভঙ্গিতে,0.5333632230758667,0.0,1.5333632230758667
বোঝ,0.5332744121551514,0.0,1.5332744121551514
জামিল,0.5433613061904907,0.010101010101010102,1.5332602960894808
বিলিয়ে,0.5332512557506561,0.0,1.5332512557506561
এলিফ্যান্ট,0.5748904645442963,0.041666666666666664,1.5332237978776297
বান্দা,0.5331479012966156,0.0,1.5331479012966156
পত্রিক,0.5331332385540009,0.0,1.5331332385540009
ট্রেনিং,0.5535189211368561,0.02040816326530612,1.53311075787155
ল্যাম্প,0.5331004858016968,0.0,1.5331004858016968
চলুন,0.5330966114997864,0.0,1.5330966114997864
পুঁট,0.5330267250537872,0.0,1.5330267250537872
কিছুদিন,0.5330034792423248,0.0,1.5330034792423248
ফিরেছেন,0.5329835414886475,0.0,1.5329835414886475
বাজখা,0.5329753458499908,0.0,1.5329753458499908
আনল,0.5329397618770599,0.0,1.53293976187706
মা৷,0.5329311490058899,0.0,1.53293114900589
পরক্ষণে,0.5329176187515259,0.0,1.5329176187515259
আক্রমণ,0.532913863658905,0.0,1.532913863658905
প্রবলেম,0.5329013764858246,0.0,1.5329013764858246
পূর্ণাঙ্গ,0.5328919291496277,0.0,1.5328919291496277
অনেকগুলে,0.5328734517097473,0.0,1.5328734517097473
বিছ,0.5328678488731384,0.0,1.5328678488731384
অপমানে,0.5328671932220459,0.0,1.532867193222046
লাগব,0.532866358757019,0.0,1.532866358757019
দুঃসাহস,0.5328411161899567,0.0,1.5328411161899567
বাংলা,0.5429394841194153,0.010101010101010102,1.5328384740184053
মুড়ির,0.5327583253383636,0.0,1.5327583253383636
দুচোখে,0.5326795876026154,0.0,1.5326795876026154
ব্যতিক্রম,0.5326496660709381,0.0,1.532649666070938
গেলি,0.532618373632431,0.0,1.532618373632431
এয়ারপোর্ট,0.5326043665409088,0.0,1.5326043665409088
আকর্ষণীয়,0.5326020121574402,0.0,1.5326020121574402
গুহায়,0.5325858891010284,0.0,1.5325858891010284
অঢেল,0.5325851738452911,0.0,1.5325851738452911
দড়ি,0.5426569283008575,0.010101010101010102,1.5325559181998476
এধরন,0.5325469672679901,0.0,1.5325469672679901
কাটাব,0.5324480831623077,0.0,1.5324480831623077
ন্যায়,0.532314658164978,0.0,1.532314658164978
ছেলের,0.5323020219802856,0.0,1.5323020219802856
তুলল,0.5322803258895874,0.0,1.5322803258895874
রিফ্লেক্স,0.5322433710098267,0.0,1.5322433710098267
ধুলা,0.5322431027889252,0.0,1.5322431027889252
চারদিক,0.5322203934192657,0.0,1.5322203934192657
পড়ান,0.5321282148361206,0.0,1.5321282148361206
সত্তা,0.5321106016635895,0.0,1.5321106016635895
বিপদে,0.5321027636528015,0.0,1.5321027636528015
একজন৷,0.5320771038532257,0.0,1.5320771038532257
কনু,0.5320703387260437,0.0,1.5320703387260437
বিরোধ,0.5320624709129333,0.0,1.5320624709129333
আদর,0.5421395897865295,0.010101010101010102,1.5320385796855196
মৃতদেহের,0.5320093929767609,0.0,1.5320093929767609
সহকারী,0.5320079922676086,0.0,1.5320079922676086
সতর্কতা,0.5319854915142059,0.0,1.531985491514206
নিঃ,0.5319842994213104,0.0,1.5319842994213104
চলাফে,0.5319580435752869,0.0,1.5319580435752869
রাজপুত্র,0.5319565832614899,0.0,1.5319565832614899
ছিটকিনি,0.531810998916626,0.0,1.531810998916626
আস্থা,0.5317767560482025,0.0,1.5317767560482025
দেখল,0.5521350502967834,0.02040816326530612,1.5317268870314773
দাসী,0.5317140221595764,0.0,1.5317140221595764
ভালোবাসি,0.5317099988460541,0.0,1.531709998846054
অঘটন,0.5316746830940247,0.0,1.5316746830940247
কাকুর,0.5316664576530457,0.0,1.5316664576530457
সর্দি,0.5316451191902161,0.0,1.531645119190216
মৃত্যু,0.5316351354122162,0.0,1.5316351354122162
লজ্জা,0.5316181480884552,0.0,1.5316181480884552
নিশ্চয়তা,0.5316140055656433,0.0,1.5316140055656433
লাইন,0.5315731763839722,0.0,1.5315731763839722
দুল,0.5416693389415741,0.010101010101010102,1.5315683288405642
বহুকাল,0.5315520167350769,0.0,1.531552016735077
সর্বশেষ,0.5315285623073578,0.0,1.5315285623073578
পরিবারে,0.5315000414848328,0.0,1.5315000414848328
তালায়,0.531497448682785,0.0,1.531497448682785
বেক,0.5313383936882019,0.0,1.531338393688202
বলছিলে,0.5414296984672546,0.010101010101010102,1.5313286883662447
টাটকা,0.5312915444374084,0.0,1.5312915444374084
নীচু,0.5312224328517914,0.0,1.5312224328517914
বর্ষা,0.5311646461486816,0.0,1.5311646461486816
বালু,0.5311527848243713,0.0,1.5311527848243713
যা৷,0.5311107039451599,0.0,1.53111070394516
ঈদের,0.5310963988304138,0.0,1.5310963988304138
বিতর্ক,0.5310437977313995,0.0,1.5310437977313995
স্নান,0.5410858392715454,0.010101010101010102,1.5309848291705355
পঞ্চাশ,0.5410008132457733,0.010101010101010102,1.5308998031447634
পৌঁছানোর,0.530848503112793,0.0,1.530848503112793
পুকুরে,0.5308396220207214,0.0,1.5308396220207214
অভিভাবক,0.5307754576206207,0.0,1.5307754576206207
মেরিন,0.5307638347148895,0.0,1.5307638347148895
লাগছিল৷,0.5407971441745758,0.010101010101010102,1.5306961340735659
নিদারুণ,0.5306942462921143,0.0,1.5306942462921143
দৌড়া,0.5306845009326935,0.0,1.5306845009326935
জেলখানা,0.5306424200534821,0.0,1.530642420053482
ওর৷,0.5306147933006287,0.0,1.5306147933006287
অবিচ,0.5306006968021393,0.0,1.5306006968021393
বউয়,0.5305688381195068,0.0,1.5305688381195068
দাগ,0.5305445790290833,0.0,1.5305445790290833
মশারি,0.5305102467536926,0.0,1.5305102467536926
ময়লা,0.5509168207645416,0.02040816326530612,1.5305086574992355
গিয়েছিলাম৷,0.5304979085922241,0.0,1.5304979085922241
গড়াগড়ি,0.5304476320743561,0.0,1.530447632074356
নিষ্ঠুরভাবে,0.5303727388381958,0.0,1.5303727388381958
প্রস্তুতির,0.5404202044010162,0.010101010101010102,1.5303191943000063
ছুট,0.5302950441837311,0.0,1.530295044183731
জবা,0.5302741825580597,0.0,1.5302741825580597
কালকে,0.5302287638187408,0.0,1.5302287638187408
সাদা,0.550636887550354,0.02040816326530612,1.5302287242850479
টার্গেট,0.5301937460899353,0.0,1.5301937460899353
দ্বীপ,0.5402910709381104,0.010101010101010102,1.5301900608371004
কায়দায়,0.5401901006698608,0.010101010101010102,1.530089090568851
লোভী,0.5300642848014832,0.0,1.5300642848014832
অনুভব,0.5300589501857758,0.0,1.5300589501857758
ম্যাসাজ,0.5300443470478058,0.0,1.5300443470478058
জমাট,0.5300321877002716,0.0,1.5300321877002716
করতাম,0.5299813747406006,0.0,1.5299813747406006
খোঁজ,0.5299729108810425,0.0,1.5299729108810425
দ্বীপে,0.529894083738327,0.0,1.529894083738327
লিড,0.5298691391944885,0.0,1.5298691391944885
কুলি,0.5298244655132294,0.0,1.5298244655132294
ভালবাসা,0.5297302603721619,0.0,1.5297302603721619
আসি৷,0.5297273695468903,0.0,1.5297273695468903
ঢালা,0.5297116637229919,0.0,1.529711663722992
লাগে৷,0.5297086834907532,0.0,1.5297086834907532
চাইছে৷,0.5296927392482758,0.0,1.5296927392482758
নিঃশব্দে,0.5296918451786041,0.0,1.5296918451786041
একতলায়,0.5397903621196747,0.010101010101010102,1.5296893520186647
বেলা,0.550091952085495,0.02040816326530612,1.5296837888201889
পাঁচ,0.5296695232391357,0.0,1.5296695232391357
ধ্বনি,0.5296430885791779,0.0,1.5296430885791779
ভাগ্যবান,0.5296086668968201,0.0,1.52960866689682
বাটা,0.5296037793159485,0.0,1.5296037793159485
স্লান,0.5295942723751068,0.0,1.5295942723751068
অবধারিত,0.5295488238334656,0.0,1.5295488238334656
পাপ,0.5295224487781525,0.0,1.5295224487781525
রেলিং,0.5293837487697601,0.0,1.5293837487697601
ধাপ,0.5293435752391815,0.0,1.5293435752391815
চেনাজানা,0.5293123722076416,0.0,1.5293123722076416
সীসা,0.5292234122753143,0.0,1.5292234122753143
দিঘির,0.5291708111763,0.0,1.5291708111763
লাইব্রেরির,0.5291559100151062,0.0,1.5291559100151062
ইয়ারে,0.5291553735733032,0.0,1.5291553735733032
আস৷,0.5291061103343964,0.0,1.5291061103343964
খাস,0.52907595038414,0.0,1.52907595038414
দিবি,0.529013454914093,0.0,1.529013454914093
টাকাটা,0.5288127362728119,0.0,1.528812736272812
উপহ,0.5389061570167542,0.010101010101010102,1.5288051469157442
সারি,0.5288005173206329,0.0,1.528800517320633
সম্রান্ত,0.5287818908691406,0.0,1.5287818908691406
প্রাপ্য,0.5287725925445557,0.0,1.5287725925445557
দিবস,0.5287685990333557,0.0,1.5287685990333557
উদ্যত,0.5287520885467529,0.0,1.528752088546753
ধীরস্থির,0.528741717338562,0.0,1.528741717338562
সেজেগুজে,0.52871373295784,0.0,1.52871373295784
খাপছাড়া,0.5287066698074341,0.0,1.528706669807434
নিশাচর,0.5286876857280731,0.0,1.5286876857280731
মিটিঙে,0.5286680161952972,0.0,1.5286680161952972
নামিয়,0.5286659598350525,0.0,1.5286659598350525
বেশকিছু,0.528654158115387,0.0,1.528654158115387
শনিবারে,0.5286212265491486,0.0,1.5286212265491486
আলসার,0.5286181271076202,0.0,1.5286181271076202
সেক্রেটারি,0.5285882949829102,0.0,1.5285882949829102
হস্তান্তর,0.5285826623439789,0.0,1.5285826623439789
যারে,0.5285638570785522,0.0,1.5285638570785522
বিয়,0.5284998118877411,0.0,1.528499811887741
ভরদুপুরে,0.5284906029701233,0.0,1.5284906029701233
করুন,0.528433620929718,0.0,1.528433620929718
আটকা,0.528419703245163,0.0,1.528419703245163
উইল,0.5284092128276825,0.0,1.5284092128276825
কুলখানি,0.5283424258232117,0.0,1.5283424258232117
বানিয়,0.5282646119594574,0.0,1.5282646119594574
উৎকট,0.5282593071460724,0.0,1.5282593071460724
করছিস,0.5383503437042236,0.010101010101010102,1.5282493336032137
করতেন৷,0.5282271206378937,0.0,1.5282271206378937
কেঁদো,0.528168797492981,0.0,1.528168797492981
সেনা,0.528147280216217,0.0,1.528147280216217
পর্দায়,0.5280776917934418,0.0,1.5280776917934418
গাবা,0.5280696153640747,0.0,1.5280696153640747
মহাকাশে,0.5381690859794617,0.010101010101010102,1.5280680758784517
ভুলি,0.5280641615390778,0.0,1.5280641615390778
বারােটি,0.52797931432724,0.0,1.52797931432724
আল্লাহর,0.5380383431911469,0.010101010101010102,1.527937333090137
হাঁটুর,0.5279266834259033,0.0,1.5279266834259033
আর্মি,0.5279220938682556,0.0,1.5279220938682556
ভাবলেশহীন,0.5278598368167877,0.0,1.5278598368167877
সবকিছুতে,0.5278292894363403,0.0,1.5278292894363403
পাইয়া,0.5278217792510986,0.0,1.5278217792510986
ডানা,0.5379197597503662,0.010101010101010102,1.5278187496493563
স্পর্শে,0.5278099775314331,0.0,1.527809977531433
দিয়ো,0.5278089642524719,0.0,1.527808964252472
দক্ষিণে,0.5277822911739349,0.0,1.527782291173935
দাঁত,0.5378789901733398,0.010101010101010102,1.52777798007233
থাকত৷,0.5277767777442932,0.0,1.5277767777442932
হাসল,0.5377740561962128,0.010101010101010102,1.5276730460952028
সিকিউরি,0.5377605259418488,0.010101010101010102,1.5276595158408388
খুনজখম,0.5276546776294708,0.0,1.5276546776294708
ঝালাপালা,0.52765092253685,0.0,1.52765092253685
আশ্চর্যরকম,0.5276241898536682,0.0,1.5276241898536682
ছয়েক,0.5276091992855072,0.0,1.5276091992855072
এইজন্যে,0.527574896812439,0.0,1.527574896812439
দেখছে৷,0.527532309293747,0.0,1.527532309293747
আস,0.5274519622325897,0.0,1.5274519622325897
পাইলট,0.5274414420127869,0.0,1.5274414420127869
প্রতিরোধ,0.5273764133453369,0.0,1.527376413345337
দুদ্দাড়,0.5273307263851166,0.0,1.5273307263851166
স্বাভাবিক,0.5273127853870392,0.0,1.5273127853870392
আলগা,0.5272908508777618,0.0,1.5272908508777618
আন্ত,0.527269184589386,0.0,1.527269184589386
মরণাপন্ন,0.5272667407989502,0.0,1.5272667407989502
অচেতন,0.5476620197296143,0.02040816326530612,1.5272538564643081
নায়ক,0.5272349417209625,0.0,1.5272349417209625
জানাবে,0.5272296369075775,0.0,1.5272296369075775
ঈদ,0.527068018913269,0.0,1.527068018913269
যন্ত্রপাতি,0.5270390808582306,0.0,1.5270390808582306
সকালবেল,0.5270206034183502,0.0,1.5270206034183502
ঝোলানো,0.5371096432209015,0.010101010101010102,1.5270086331198915
যাওয়াও,0.5269243121147156,0.0,1.5269243121147156
গেড়ে,0.5370047986507416,0.010101010101010102,1.5269037885497316
সিদ্ধ,0.5268721580505371,0.0,1.526872158050537
শুকনা,0.5268720090389252,0.0,1.5268720090389252
ধারণাটা,0.5268540382385254,0.0,1.5268540382385254
সৌভাগ্যবান,0.5268279314041138,0.0,1.5268279314041138
ভাইজান,0.5267792344093323,0.0,1.5267792344093323
বলেছিলে,0.5267729759216309,0.0,1.5267729759216309
একবাক্যে,0.5267276465892792,0.0,1.5267276465892792
শায়েস্তা,0.5266801714897156,0.0,1.5266801714897156
আশীর্বা,0.5266660451889038,0.0,1.5266660451889038
কবিরাজ,0.5265586674213409,0.0,1.526558667421341
ম্যাগাজিন,0.5265385806560516,0.0,1.5265385806560516
করতা,0.5264768898487091,0.0,1.526476889848709
কোলে,0.5264571011066437,0.0,1.5264571011066437
একমাত্র,0.5264325737953186,0.0,1.5264325737953186
জিনিসপত্র,0.5264002084732056,0.0,1.5264002084732056
যথাক্রমে,0.5263543725013733,0.0,1.5263543725013733
বেকায়দায়,0.5263281166553497,0.0,1.5263281166553497
খ্যাতি,0.526307612657547,0.0,1.526307612657547
অধিপতি,0.5262966454029083,0.0,1.5262966454029083
এক্স,0.5262622237205505,0.0,1.5262622237205505
পরিণতি,0.526259571313858,0.0,1.526259571313858
আপনারা,0.5262449383735657,0.0,1.5262449383735657
রক্ষা,0.5262357294559479,0.0,1.5262357294559479
বাশ,0.5362832248210907,0.010101010101010102,1.5261822147200808
নেতিয়ে,0.5261302888393402,0.0,1.5261302888393402
হননি,0.5260389447212219,0.0,1.526038944721222
শোরগোল,0.5260290801525116,0.0,1.5260290801525116
চিনলে,0.5260258913040161,0.0,1.5260258913040161
কাটান,0.5259764194488525,0.0,1.5259764194488525
ইটতে,0.525949239730835,0.0,1.525949239730835
প্রোগাম,0.525944322347641,0.0,1.525944322347641
চিঠির,0.5360107421875,0.010101010101010102,1.52590973208649
সাধ্যি,0.5258972942829132,0.0,1.5258972942829132
তৃতীয়,0.5462867915630341,0.02040816326530612,1.525878628297728
দুশ্চিন্তায়,0.5258541405200958,0.0,1.5258541405200958
ইংরেজি,0.525846928358078,0.0,1.525846928358078
তিনে,0.5258243680000305,0.0,1.5258243680000305
ভাই৷,0.5258133709430695,0.0,1.5258133709430695
ব্লাউজ,0.5257986187934875,0.0,1.5257986187934875
বিদ্বেষ,0.5257766246795654,0.0,1.5257766246795654
প্রান্,0.5257209539413452,0.0,1.5257209539413452
সকালে,0.5256926119327545,0.0,1.5256926119327545
আশা,0.5256869494915009,0.0,1.5256869494915009
লেখেন,0.5357486009597778,0.010101010101010102,1.5256475908587679
ভিজে,0.5460172593593597,0.02040816326530612,1.5256090960940536
ভাইয়াকে,0.5255710780620575,0.0,1.5255710780620575
কোদাল,0.5254793167114258,0.0,1.5254793167114258
জেনারেলের,0.5254563391208649,0.0,1.5254563391208649
সংসারে,0.5254263579845428,0.0,1.5254263579845428
ভাইস,0.5355231761932373,0.010101010101010102,1.5254221660922274
একবার,0.5354887247085571,0.010101010101010102,1.5253877146075472
ভালোবাসা,0.525343656539917,0.0,1.525343656539917
ভক্তি,0.5253028273582458,0.0,1.5253028273582458
সংখ্যায়,0.5353851020336151,0.010101010101010102,1.5252840919326052
সাহিত্যিক,0.5252639949321747,0.0,1.5252639949321747
কাপন,0.525204598903656,0.0,1.525204598903656
শেখা,0.525184839963913,0.0,1.525184839963913
সৌজন্য,0.5251082479953766,0.0,1.5251082479953766
কাঁপ,0.5250980854034424,0.0,1.5250980854034424
ভরসা,0.5351698994636536,0.010101010101010102,1.5250688893626436
পরিক্ষ,0.5250575840473175,0.0,1.5250575840473175
আঘাত,0.5351454615592957,0.010101010101010102,1.5250444514582857
কান্দ,0.5250329077243805,0.0,1.5250329077243805
একজোড়া,0.5250058472156525,0.0,1.5250058472156525
অবহেলায়,0.5249736905097961,0.0,1.5249736905097961
তাজ্জব,0.524971216917038,0.0,1.524971216917038
জন্মানোর,0.524954617023468,0.0,1.524954617023468
ঘুমন্ত,0.5249525606632233,0.0,1.5249525606632233
পাকা,0.5249156057834625,0.0,1.5249156057834625
ফুলে,0.5348940193653107,0.010101010101010102,1.5247930092643007
ব্লাড,0.5347974002361298,0.010101010101010102,1.5246963901351198
বিচরণ,0.5246362090110779,0.0,1.5246362090110779
অধিবেশন,0.5245810747146606,0.0,1.5245810747146606
জোর,0.524559885263443,0.0,1.524559885263443
সবুজ,0.5244992971420288,0.0,1.5244992971420288
দেখিয়েছিল,0.5244981646537781,0.0,1.524498164653778
সার্থক,0.5244752764701843,0.0,1.5244752764701843
মুখমণ্ডল,0.534565269947052,0.010101010101010102,1.524464259846042
মোড়,0.5244389474391937,0.0,1.5244389474391937
ভঙ্গিমায়,0.5345324873924255,0.010101010101010102,1.5244314772914156
আগ্রহ,0.5244228541851044,0.0,1.5244228541851044
হয়েছি৷,0.5244186222553253,0.0,1.5244186222553253
দূরত্বে,0.5244183838367462,0.0,1.5244183838367462
পালন,0.5243827998638153,0.0,1.5243827998638153
বেল,0.576988697052002,0.05263157894736842,1.5243571181046336
ব্যাগে,0.5344338715076447,0.010101010101010102,1.5243328614066347
লেকের,0.5243113934993744,0.0,1.5243113934993744
বাকবিতণ্ডা,0.5243104994297028,0.0,1.5243104994297028
ঢেউ,0.5445421040058136,0.02040816326530612,1.5241339407405075
মহাদেশ,0.5241304934024811,0.0,1.524130493402481
বন্দুক,0.5241207480430603,0.0,1.5241207480430603
মাখামাখি,0.5241038203239441,0.0,1.524103820323944
শ্লোক,0.5240802764892578,0.0,1.5240802764892578
প্রবাহিত,0.5240788459777832,0.0,1.5240788459777832
শিমুল,0.5240693390369415,0.0,1.5240693390369415
বড়ি,0.5240542888641357,0.0,1.5240542888641357
পাহাড়ী,0.5240058302879333,0.0,1.5240058302879333
সাত,0.5340975224971771,0.010101010101010102,1.5239965123961672
ফুর্তি,0.5238885283470154,0.0,1.5238885283470154
পুরোপুরি,0.523858368396759,0.0,1.523858368396759
দোহা,0.5339494943618774,0.010101010101010102,1.5238484842608675
বিসদৃশ,0.5238431692123413,0.0,1.5238431692123413
অনির্দিষ্ট,0.5237688720226288,0.0,1.5237688720226288
ফাঁকা,0.5237665176391602,0.0,1.5237665176391602
দাঁড়া,0.52373868227005,0.0,1.52373868227005
হাসফাস,0.5237219333648682,0.0,1.5237219333648682
ক্রমে,0.5338118672370911,0.010101010101010102,1.5237108571360811
ঢুকব,0.533745676279068,0.010101010101010102,1.523644666178058
স্কলারশিপ,0.5236212611198425,0.0,1.5236212611198425
কূট,0.5235612690448761,0.0,1.523561269044876
ছোক,0.5235139727592468,0.0,1.5235139727592468
অজুহাত,0.523513674736023,0.0,1.523513674736023
অতঃপর,0.5235010087490082,0.0,1.5235010087490082
দেখেছিস,0.5234364569187164,0.0,1.5234364569187164
লোম,0.523427814245224,0.0,1.523427814245224
সহজাত,0.5233879387378693,0.0,1.5233879387378693
সাদামা,0.5233742892742157,0.0,1.5233742892742157
চালাকি,0.5233629047870636,0.0,1.5233629047870636
ঘোড়া,0.5333972573280334,0.010101010101010102,1.5232962472270235
এলে,0.5231960713863373,0.0,1.5231960713863373
বলছেন৷,0.5231723487377167,0.0,1.5231723487377167
খেয়েছে৷,0.5230888724327087,0.0,1.5230888724327087
মিথ্যে,0.5230083465576172,0.0,1.5230083465576172
শাট,0.522964745759964,0.0,1.522964745759964
প্রাচীনকালে,0.5228928923606873,0.0,1.5228928923606873
নড়বড়ে,0.5228719115257263,0.0,1.5228719115257263
প্রজাপতি,0.5228572189807892,0.0,1.5228572189807892
চিন্তাধা,0.5226573050022125,0.0,1.5226573050022125
ডাব,0.5226404368877411,0.0,1.522640436887741
মিছ,0.5226143300533295,0.0,1.5226143300533295
জিন্দা,0.5226143002510071,0.0,1.522614300251007
ফিস্ফিস্,0.5226094722747803,0.0,1.5226094722747803
চেহারায়,0.5326991081237793,0.010101010101010102,1.5225980980227694
চাওয়,0.5225591659545898,0.0,1.5225591659545898
আনতে,0.5225521624088287,0.0,1.5225521624088287
সাহস,0.5224946439266205,0.0,1.5224946439266205
বটি,0.5224801301956177,0.0,1.5224801301956177
কিল,0.5428861379623413,0.02040816326530612,1.5224779746970352
লাফিয়ে,0.5325587391853333,0.010101010101010102,1.5224577290843233
মাকড়স,0.522441178560257,0.0,1.522441178560257
টিন,0.5324232876300812,0.010101010101010102,1.5223222775290712
এপাশে,0.5222980082035065,0.0,1.5222980082035065
আবিষ্ক,0.5323988795280457,0.010101010101010102,1.5222978694270357
একমত,0.5222601890563965,0.0,1.5222601890563965
আক,0.5322795510292053,0.010101010101010102,1.5221785409281954
প্রত্যে,0.5221707820892334,0.0,1.5221707820892334
সম্ভুষ্,0.5221620798110962,0.0,1.5221620798110962
বড়ভা,0.5221512317657471,0.0,1.522151231765747
স্থলে,0.5221362113952637,0.0,1.5221362113952637
পলাতক,0.5221180021762848,0.0,1.5221180021762848
দেখাচ্ছে৷,0.5220714509487152,0.0,1.5220714509487152
জানানোর,0.5220472812652588,0.0,1.5220472812652588
কিছুতে,0.5220212042331696,0.0,1.5220212042331696
পদার্থ,0.5424283444881439,0.02040816326530612,1.5220201812228378
ভিড়িয়ে,0.5220009386539459,0.0,1.522000938653946
চূড়ায়,0.521959513425827,0.0,1.521959513425827
ডোবা,0.5219578444957733,0.0,1.5219578444957733
হাপ,0.5219495892524719,0.0,1.521949589252472
পাঠ,0.5423280298709869,0.02040816326530612,1.5219198666056808
বসলাম৷,0.5219139456748962,0.0,1.5219139456748962
ভাবীর,0.5218810737133026,0.0,1.5218810737133026
ঘটলে,0.5218141973018646,0.0,1.5218141973018646
কাগজপত্র,0.5318922102451324,0.010101010101010102,1.5217912001441225
ইনজিন,0.5217679440975189,0.0,1.521767944097519
পাড়ে,0.5217556953430176,0.0,1.5217556953430176
কাণ্ডজ্ঞান,0.521729052066803,0.0,1.521729052066803
কটমটে,0.5217268466949463,0.0,1.5217268466949463
চুমু,0.5217233896255493,0.0,1.5217233896255493
মিষ্,0.5217053890228271,0.0,1.5217053890228271
খুটিয়ে,0.5217027068138123,0.0,1.5217027068138123
কাবা,0.5216498076915741,0.0,1.521649807691574
পার্,0.531728059053421,0.010101010101010102,1.521627048952411
ঢু,0.5215964913368225,0.0,1.5215964913368225
গিল,0.5215560793876648,0.0,1.5215560793876648
পড়ুলাম৷,0.5215315818786621,0.0,1.521531581878662
বাড়ি৷,0.521530032157898,0.0,1.521530032157898
সবেমাত্র,0.5213594138622284,0.0,1.5213594138622284
দেখাচ্,0.5212944746017456,0.0,1.5212944746017456
পেট,0.5416252017021179,0.02040816326530612,1.5212170384368118
থাকবি,0.521216094493866,0.0,1.521216094493866
মহাপ্রাণ,0.5211595594882965,0.0,1.5211595594882965
বিদায়,0.5211585164070129,0.0,1.521158516407013
ফির,0.5211502015590668,0.0,1.5211502015590668
দোয়,0.5211028456687927,0.0,1.5211028456687927
অপসারণ,0.5209561884403229,0.0,1.5209561884403229
ছাদে,0.5209210515022278,0.0,1.5209210515022278
শিল্পকর্ম,0.5209030508995056,0.0,1.5209030508995056
উঠি৷,0.5207539200782776,0.0,1.5207539200782776
পিচ্ছিল,0.5207299292087555,0.0,1.5207299292087555
পশুপাখির,0.5206283926963806,0.0,1.5206283926963806
যন্ত্রণা,0.5205664336681366,0.0,1.5205664336681366
বিচ্ছিন্ন,0.5205300450325012,0.0,1.5205300450325012
ছিড়ে,0.520488440990448,0.0,1.520488440990448
কলিংবেল,0.5305848717689514,0.010101010101010102,1.5204838616679415
পরিব,0.530569463968277,0.010101010101010102,1.520468453867267
সাজানো,0.5204683542251587,0.0,1.5204683542251587
খুঁট,0.5204145312309265,0.0,1.5204145312309265
সম্মুখে,0.5204089283943176,0.0,1.5204089283943176
হোন,0.5203931331634521,0.0,1.5203931331634521
শ্লেষ,0.5203848481178284,0.0,1.5203848481178284
দুপায়ে,0.5203461945056915,0.0,1.5203461945056915
ক্লান্ত,0.5203322768211365,0.0,1.5203322768211365
ডালভাত,0.5203314125537872,0.0,1.5203314125537872
পিজি,0.5203209519386292,0.0,1.5203209519386292
ভুলভাল,0.520277351140976,0.0,1.520277351140976
কিং,0.5202020704746246,0.0,1.5202020704746246
আপনে,0.5201587677001953,0.0,1.5201587677001953
ঘেঁটে,0.5201561152935028,0.0,1.5201561152935028
ডে,0.5201556980609894,0.0,1.5201556980609894
রবীন্দ্রনাথ,0.5200696885585785,0.0,1.5200696885585785
গোমড়া,0.5200321674346924,0.0,1.5200321674346924
দুজনকে,0.5200118124485016,0.0,1.5200118124485016
উৎপা,0.5199715197086334,0.0,1.5199715197086334
পাচেক,0.5198997557163239,0.0,1.5198997557163239
কতকাল,0.5198966264724731,0.0,1.5198966264724731
মূলে,0.5198633670806885,0.0,1.5198633670806885
অপেক্ষ,0.5198431313037872,0.0,1.5198431313037872
ভাঙা,0.519823431968689,0.0,1.519823431968689
বাইর,0.5197643935680389,0.0,1.519764393568039
দিয়েছিলেন৷,0.5197471380233765,0.0,1.5197471380233765
রেসকোর্স,0.5197200775146484,0.0,1.5197200775146484
নিচ্ছিল,0.5197184681892395,0.0,1.5197184681892395
ট্যাক্সির,0.5197046399116516,0.0,1.5197046399116516
একাউন্ট,0.519653707742691,0.0,1.519653707742691
ঢাল,0.5297384262084961,0.010101010101010102,1.5196374161074861
শিষ্য,0.5196277499198914,0.0,1.5196277499198914
প্যাকেট,0.5400350093841553,0.02040816326530612,1.5196268461188491
চিম,0.5195402204990387,0.0,1.5195402204990387
গছিয়ে,0.529575765132904,0.010101010101010102,1.519474755031894
গেয়ে,0.5194706916809082,0.0,1.5194706916809082
মহাকাল,0.5294901430606842,0.010101010101010102,1.5193891329596743
বোঝাল,0.5193627178668976,0.0,1.5193627178668976
জ্বাল,0.5193274319171906,0.0,1.5193274319171906
বসিয়,0.5192632377147675,0.0,1.5192632377147675
বিল্ডিংয়,0.5192583501338959,0.0,1.5192583501338959
থালা,0.5293374955654144,0.010101010101010102,1.5192364854644045
একভাবে,0.5191537737846375,0.0,1.5191537737846375
নিয়া,0.5292545557022095,0.010101010101010102,1.5191535456011995
পড়াশোনায়,0.51911661028862,0.0,1.51911661028862
গৌছ,0.5191008150577545,0.0,1.5191008150577545
ব্যাঙ্,0.5190510153770447,0.0,1.5190510153770447
বাড়িতে,0.5291340351104736,0.010101010101010102,1.5190330250094637
দ্রুত,0.5190315246582031,0.0,1.5190315246582031
উদ্বিগ্ন,0.5190237760543823,0.0,1.5190237760543823
বিপদগ্রস্ত,0.519017904996872,0.0,1.519017904996872
কাঁচুমাচু,0.519015908241272,0.0,1.519015908241272
বিকট,0.5290749967098236,0.010101010101010102,1.5189739866088137
কোল,0.5189149379730225,0.0,1.5189149379730225
দুবেলা,0.5189090371131897,0.0,1.5189090371131897
ঠাল,0.518885612487793,0.0,1.518885612487793
উঠোন,0.5188702046871185,0.0,1.5188702046871185
বোবা,0.5188576281070709,0.0,1.518857628107071
উন্টাপান্টা,0.5188403725624084,0.0,1.5188403725624084
রূঢ়,0.5188274085521698,0.0,1.5188274085521698
মানবী,0.5188149511814117,0.0,1.5188149511814117
তাকায়,0.5188067853450775,0.0,1.5188067853450775
একেকজনকে,0.518757164478302,0.0,1.518757164478302
বেড়িয়,0.5186663866043091,0.0,1.518666386604309
এসেছেঃ,0.5186631381511688,0.0,1.5186631381511688
মু,0.5186240077018738,0.0,1.5186240077018738
কামড়ায়,0.5186176300048828,0.0,1.5186176300048828
সহযোগিতা,0.5184840857982635,0.0,1.5184840857982635
নাকেমুখে,0.5183423161506653,0.0,1.5183423161506653
ছাদ,0.5183238983154297,0.0,1.5183238983154297
গেলো,0.5181456804275513,0.0,1.5181456804275513
টির,0.5281647145748138,0.010101010101010102,1.518063704473804
গতি,0.5180525183677673,0.0,1.5180525183677673
লাগিয়ে,0.5281279683113098,0.010101010101010102,1.5180269582102999
আত্মবিশ্বাসে,0.5180193781852722,0.0,1.5180193781852722
খাওয়া,0.5281047523021698,0.010101010101010102,1.5180037422011599
এতব,0.5179889798164368,0.0,1.5179889798164368
কাধ,0.5179264545440674,0.0,1.5179264545440674
খোঁজে,0.5179236233234406,0.0,1.5179236233234406
খুলতে,0.5279897451400757,0.010101010101010102,1.5178887350390657
ডিসেম্বর,0.5382870137691498,0.02040816326530612,1.5178788505038436
তালু,0.5178692638874054,0.0,1.5178692638874054
আনি,0.5178568959236145,0.0,1.5178568959236145
রেজিমেন্ট,0.5279136002063751,0.010101010101010102,1.5178125901053652
ব্যাপারের,0.5178116261959076,0.0,1.5178116261959076
দেশবিদেশের,0.5176381170749664,0.0,1.5176381170749664
চামড়া,0.5175600349903107,0.0,1.5175600349903107
আঠা,0.5175543129444122,0.0,1.5175543129444122
হাজারখানেক,0.5175518989562988,0.0,1.5175518989562988
থামবে,0.5175402462482452,0.0,1.5175402462482452
বিরুদ্ধে,0.5175395011901855,0.0,1.5175395011901855
প্রতিশ্রুতি,0.5174329280853271,0.0,1.5174329280853271
ঘোলাটে,0.5174162685871124,0.0,1.5174162685871124
ভাইকে,0.517316997051239,0.0,1.517316997051239
দাপাদাপি,0.5173035264015198,0.0,1.5173035264015198
ফুরফুরে,0.5172479450702667,0.0,1.5172479450702667
ছাত্রজীবন,0.5172354876995087,0.0,1.5172354876995087
প্লেট,0.5172268152236938,0.0,1.5172268152236938
পাতি,0.5170893967151642,0.0,1.5170893967151642
কুত্ত,0.5170459151268005,0.0,1.5170459151268005
সুন্দরী,0.5374329388141632,0.02040816326530612,1.517024775548857
মডেলের,0.5270174145698547,0.010101010101010102,1.5169164044688448
অস্তিত্ব,0.5168916583061218,0.0,1.5168916583061218
আল্পাহ,0.5168909728527069,0.0,1.516890972852707
আমার৷,0.5168693661689758,0.0,1.5168693661689758
দে৷,0.5168384611606598,0.0,1.5168384611606598
বুদ্ধি,0.516832709312439,0.0,1.516832709312439
মানসিক,0.5372353792190552,0.02040816326530612,1.516827215953749
ফরে,0.5168027877807617,0.0,1.5168027877807617
কফির,0.5168010592460632,0.0,1.5168010592460632
ব্যাস,0.5165991187095642,0.0,1.5165991187095642
আমলে,0.5165146887302399,0.0,1.5165146887302399
নাসা,0.5164867639541626,0.0,1.5164867639541626
নিখোজ,0.5164622366428375,0.0,1.5164622366428375
খেয়েছেন,0.5164463818073273,0.0,1.5164463818073273
আমরা,0.5164344906806946,0.0,1.5164344906806946
চেনেন,0.5164284706115723,0.0,1.5164284706115723
লিখল,0.5164074599742889,0.0,1.516407459974289
খুন,0.5163930058479309,0.0,1.516393005847931
বোয়াল,0.5264686942100525,0.010101010101010102,1.5163676841090425
ধনবান,0.5163430571556091,0.0,1.5163430571556091
রোগ,0.5264202356338501,0.010101010101010102,1.5163192255328402
পাকিস্তান,0.5163046419620514,0.0,1.5163046419620514
পেরেক,0.5162868797779083,0.0,1.5162868797779083
সম্মানে,0.516247570514679,0.0,1.516247570514679
পারছি৷,0.516222357749939,0.0,1.516222357749939
বাতেনি,0.5162019431591034,0.0,1.5162019431591034
দিচ্ছেন৷,0.5161897540092468,0.0,1.5161897540092468
টিলায়,0.5161842405796051,0.0,1.516184240579605
পু,0.5262832641601562,0.010101010101010102,1.5161822540591463
রিসার্চ,0.516033798456192,0.0,1.516033798456192
দোতল,0.5160246789455414,0.0,1.5160246789455414
কােমর,0.5159853994846344,0.0,1.5159853994846344
উর,0.5159792602062225,0.0,1.5159792602062225
পোশাক,0.5363562703132629,0.02040816326530612,1.5159481070479568
এগারোটায়,0.5159376561641693,0.0,1.5159376561641693
ভরে,0.5158326923847198,0.0,1.5158326923847198
ছোটলোক,0.5157066285610199,0.0,1.51570662856102
লাউ,0.5156860947608948,0.0,1.5156860947608948
বিস্ফষোরক,0.5156486332416534,0.0,1.5156486332416534
প্রৌঢ়,0.5156462788581848,0.0,1.5156462788581848
করেছিস,0.5155903995037079,0.0,1.5155903995037079
আন্তরিকতা,0.5155826508998871,0.0,1.515582650899887
ব্যর্থতা,0.5155276656150818,0.0,1.5155276656150818
ল্যাংচা,0.5154942274093628,0.0,1.5154942274093628
ঠিকানা,0.5154043138027191,0.0,1.5154043138027191
গাড়িয়ে,0.5153859555721283,0.0,1.5153859555721283
আওত,0.5153682827949524,0.0,1.5153682827949524
আরামদায়ক,0.5153406858444214,0.0,1.5153406858444214
জাপটে,0.5153000950813293,0.0,1.5153000950813293
গুষ্,0.5152826011180878,0.0,1.5152826011180878
বাব৷,0.5152458548545837,0.0,1.5152458548545837
ফ্যান,0.5356415212154388,0.02040816326530612,1.5152333579501327
যাত্র,0.5152255892753601,0.0,1.51522558927536
তুলতে,0.5152227580547333,0.0,1.5152227580547333
লায়,0.5151361227035522,0.0,1.5151361227035522
দুপুরে,0.5150893926620483,0.0,1.5150893926620483
যাত্রাপথ,0.5150809586048126,0.0,1.5150809586048126
ঈশ্বরে,0.5150498747825623,0.0,1.5150498747825623
সবটুকু,0.5150206685066223,0.0,1.5150206685066223
পরিত্যক্ত,0.5150070488452911,0.0,1.5150070488452911
হেনস্থা,0.5149802565574646,0.0,1.5149802565574646
উত্তম,0.5149579644203186,0.0,1.5149579644203186
যেতাম,0.5149570405483246,0.0,1.5149570405483246
আল্পাহর,0.5149271190166473,0.0,1.5149271190166473
দুদল,0.5149152874946594,0.0,1.5149152874946594
তাকাতে,0.514873743057251,0.0,1.514873743057251
গেটের,0.5148387551307678,0.0,1.5148387551307678
পান৷,0.5147493481636047,0.0,1.5147493481636047
হয়েছে৷,0.524849534034729,0.010101010101010102,1.514748523933719
স্থানান্তরিত,0.5147472023963928,0.0,1.5147472023963928
পাংশু,0.514743447303772,0.0,1.514743447303772
হাসল৷,0.5147221386432648,0.0,1.5147221386432648
নড়ু,0.5247707068920135,0.010101010101010102,1.5146696967910036
সঙ্গে৷,0.5146564841270447,0.0,1.5146564841270447
নাভির,0.5146346986293793,0.0,1.5146346986293793
হাতাহাতি,0.5146253407001495,0.0,1.5146253407001495
হত্যাকারী,0.514616847038269,0.0,1.514616847038269
বাতলে,0.514541357755661,0.0,1.514541357755661
উন্নত,0.5145017802715302,0.0,1.5145017802715302
ঘ্রাণশক্তি,0.5144958794116974,0.0,1.5144958794116974
প্লিজ,0.5144073665142059,0.0,1.514407366514206
টোকা,0.5144009590148926,0.0,1.5144009590148926
মিশুক,0.5143589377403259,0.0,1.514358937740326
ভিন্ন,0.5143369436264038,0.0,1.5143369436264038
অভাবনীয়,0.5244030058383942,0.010101010101010102,1.5143019957373842
লাগাব,0.5142965316772461,0.0,1.514296531677246
ফ্রি,0.5142897367477417,0.0,1.5142897367477417
ঢুকিয়ে,0.5243419110774994,0.010101010101010102,1.5142409009764894
জানাশোনা,0.5142367780208588,0.0,1.5142367780208588
অসহনীয়,0.5141924023628235,0.0,1.5141924023628235
দূজনে,0.5141550600528717,0.0,1.5141550600528717
করবি,0.5141439139842987,0.0,1.5141439139842987
সারাদিন,0.5141063928604126,0.0,1.5141063928604126
টাদ,0.5140683054924011,0.0,1.5140683054924011
হাপিয়ে,0.5139063000679016,0.0,1.5139063000679016
সীটে,0.5139030814170837,0.0,1.5139030814170837
টেকা,0.5240027010440826,0.010101010101010102,1.5139016909430727
ঘটে,0.5239375233650208,0.010101010101010102,1.5138365132640108
চুরুট,0.5138275623321533,0.0,1.5138275623321533
খোঁচা,0.5447092056274414,0.030927835051546393,1.5137813705758951
য়ু,0.5137647688388824,0.0,1.5137647688388824
নিশ্চিন্,0.5137518048286438,0.0,1.5137518048286438
প্রলাপ,0.5137491524219513,0.0,1.5137491524219513
হায়দ,0.5137443244457245,0.0,1.5137443244457245
মেঝের,0.5137048661708832,0.0,1.5137048661708832
সংবাদপত্র,0.5135928988456726,0.0,1.5135928988456726
নাসে,0.5135824382305145,0.0,1.5135824382305145
বিনোদন,0.5134715139865875,0.0,1.5134715139865875
শোনে৷,0.5134337246417999,0.0,1.5134337246418
ভো,0.5134133100509644,0.0,1.5134133100509644
খাব,0.5133888125419617,0.0,1.5133888125419617
ভারি,0.5133863389492035,0.0,1.5133863389492035
জিভ,0.5234275162220001,0.010101010101010102,1.5133265061209902
সিঙ্গেল,0.5133167803287506,0.0,1.5133167803287506
রাত্রিবেল৷,0.5233882069587708,0.010101010101010102,1.5132871968577608
থানা,0.5233613550662994,0.010101010101010102,1.5132603449652895
হেলিকগ্,0.5132348537445068,0.0,1.5132348537445068
জাদু,0.5131989419460297,0.0,1.5131989419460297
রওনা,0.5232817530632019,0.010101010101010102,1.513180742962192
কমিশন,0.5131637752056122,0.0,1.5131637752056122
দ্বি,0.513149082660675,0.0,1.513149082660675
মহিলা৷,0.5130992233753204,0.0,1.5130992233753204
পরীর,0.5231110155582428,0.010101010101010102,1.5130100054572329
এভাবে,0.5230652093887329,0.010101010101010102,1.512964199287723
পাঠাব,0.5230556130409241,0.010101010101010102,1.5129546029399141
ফাট,0.5438123047351837,0.030927835051546393,1.5128844696836374
খাওয়ানোর,0.5128745436668396,0.0,1.5128745436668396
সম্পত্তির,0.5128163993358612,0.0,1.5128163993358612
ছায়,0.5228589177131653,0.010101010101010102,1.5127579076121553
গ্রাম্য,0.5126888155937195,0.0,1.5126888155937195
ভাইয়া,0.5126867294311523,0.0,1.5126867294311523
গ্রীন,0.5126533210277557,0.0,1.5126533210277557
দুর্ধর্ষ,0.5125352740287781,0.0,1.512535274028778
মহাকাশযান,0.5328475534915924,0.02040816326530612,1.5124393902262863
বহুদূরে,0.5122473537921906,0.0,1.5122473537921906
ভূলে,0.5122037827968597,0.0,1.5122037827968597
হতাশভাবে,0.5121536552906036,0.0,1.5121536552906036
ফেলায়,0.5120711922645569,0.0,1.5120711922645569
তাজা,0.522160679101944,0.010101010101010102,1.512059669000934
ডাকিয়ে,0.5119157135486603,0.0,1.5119157135486603
গাই,0.5118757784366608,0.0,1.5118757784366608
সৌন্দর্যে,0.511868953704834,0.0,1.511868953704834
চাঁদ,0.5118146240711212,0.0,1.5118146240711212
বৈষম্য,0.5117626786231995,0.0,1.5117626786231995
বেড়ান,0.5117146670818329,0.0,1.5117146670818329
আঁম,0.5218151211738586,0.010101010101010102,1.5117141110728487
পড়ুল৷,0.5116645097732544,0.0,1.5116645097732544
সাবলীল,0.5116167068481445,0.0,1.5116167068481445
ফেরা,0.5116145312786102,0.0,1.5116145312786102
গরুছাগল,0.5115978121757507,0.0,1.5115978121757507
ক্ষতিগ্রস্ত,0.5115963220596313,0.0,1.5115963220596313
হাটলে,0.5115305185317993,0.0,1.5115305185317993
খাম,0.5216006338596344,0.010101010101010102,1.5114996237586245
ইউনিয়ন,0.5114414691925049,0.0,1.5114414691925049
পারতাম,0.5113866031169891,0.0,1.5113866031169891
রে,0.5214845538139343,0.010101010101010102,1.5113835437129244
আলাদা,0.5113605856895447,0.0,1.5113605856895447
ফ্লোরে,0.511359840631485,0.0,1.511359840631485
বেদনায়,0.5113480091094971,0.0,1.511348009109497
একঝলক,0.5113364458084106,0.0,1.5113364458084106
যথাযোগ্য,0.511324405670166,0.0,1.511324405670166
ঢুকল,0.5112555921077728,0.0,1.5112555921077728
মোম,0.5112220346927643,0.0,1.5112220346927643
বেচারি,0.5112093687057495,0.0,1.5112093687057495
স্মরণে,0.5111277997493744,0.0,1.5111277997493744
মৌলিক,0.5110461413860321,0.0,1.511046141386032
কিডনির,0.5109453201293945,0.0,1.5109453201293945
ঝুঁ,0.5109368562698364,0.0,1.5109368562698364
পাগলামো,0.5108886361122131,0.0,1.5108886361122131
মন্ত্রী,0.5108783543109894,0.0,1.5108783543109894
রণ্তানি,0.5108752250671387,0.0,1.5108752250671387
যোগসূত্র,0.5107961893081665,0.0,1.5107961893081665
মোরে,0.5107952654361725,0.0,1.5107952654361725
চিৎকারে,0.5107821822166443,0.0,1.5107821822166443
অনভিজ্ঞ,0.5107450485229492,0.0,1.5107450485229492
ভুলিয়ে,0.5106513798236847,0.0,1.5106513798236847
ভাঙবে,0.5105850994586945,0.0,1.5105850994586945
একাডেমীর,0.5105764865875244,0.0,1.5105764865875244
অস্টেলিয়া,0.5105583369731903,0.0,1.5105583369731903
অস্পষ্টভাবে,0.5105519592761993,0.0,1.5105519592761993
ডাকবে,0.5105168223381042,0.0,1.5105168223381042
আইন,0.5205830633640289,0.010101010101010102,1.510482053263019
খুঁড়ে,0.5205769538879395,0.010101010101010102,1.5104759437869295
হাটুর,0.5104521811008453,0.0,1.5104521811008453
শেখ,0.520535945892334,0.010101010101010102,1.510434935791324
সিগ্রেট,0.510412871837616,0.0,1.510412871837616
টোপ,0.5103958249092102,0.0,1.5103958249092102
চেম্বারে,0.5103797614574432,0.0,1.5103797614574432
টাকায়,0.5204654633998871,0.010101010101010102,1.5103644532988771
রসিদ,0.5103543996810913,0.0,1.5103543996810913
বারান্দার,0.5103252828121185,0.0,1.5103252828121185
থার্ড,0.51031094789505,0.0,1.51031094789505
ভালবাসত,0.5102917551994324,0.0,1.5102917551994324
কবিসাহিত্যিক,0.5102756023406982,0.0,1.5102756023406982
টিপে,0.5306037962436676,0.02040816326530612,1.5101956329783615
কথাগুলে,0.5101849734783173,0.0,1.5101849734783173
জালে,0.5101820826530457,0.0,1.5101820826530457
চোয়াল,0.510161966085434,0.0,1.510161966085434
পুরুষে,0.5101311206817627,0.0,1.5101311206817627
শেষপ্রান্,0.5100982785224915,0.0,1.5100982785224915
বাসি,0.5100879371166229,0.0,1.510087937116623
অন্যায়,0.5100865662097931,0.0,1.510086566209793
গর্জনে,0.5100004971027374,0.0,1.5100004971027374
নিয়মমাফিক,0.5099687874317169,0.0,1.509968787431717
স্কুলে,0.5098474621772766,0.0,1.5098474621772766
বলিয়া,0.5199398994445801,0.010101010101010102,1.5098388893435701
দাস,0.5098356008529663,0.0,1.5098356008529663
অভ্যেস,0.5097829103469849,0.0,1.5097829103469849
পিপাসা,0.5198557078838348,0.010101010101010102,1.509754697782825
ঈগল,0.5097336769104004,0.0,1.5097336769104004
এসেছি,0.509697824716568,0.0,1.509697824716568
ভালবেস,0.5096585750579834,0.0,1.5096585750579834
টাপ,0.5096301436424255,0.0,1.5096301436424255
হাসে,0.5299854874610901,0.02040816326530612,1.509577324195784
পুনরায়,0.5196731388568878,0.010101010101010102,1.5095721287558779
পাগলী,0.509562611579895,0.0,1.509562611579895
রূপান্তরিত,0.5095323026180267,0.0,1.5095323026180267
লাগাতে,0.5094391107559204,0.0,1.5094391107559204
অক্সিজ,0.5195397138595581,0.010101010101010102,1.5094387037585482
বাচি,0.5093990862369537,0.0,1.5093990862369537
ছাত্র,0.5093686282634735,0.0,1.5093686282634735
ছিন্ন,0.5093516707420349,0.0,1.509351670742035
বেড়ে,0.5092237293720245,0.0,1.5092237293720245
বিরাট,0.5092039108276367,0.0,1.5092039108276367
গৃহত্যাগ,0.5091582238674164,0.0,1.5091582238674164
হালক,0.5192373692989349,0.010101010101010102,1.509136359197925
বােঝ,0.5091314315795898,0.0,1.5091314315795898
মৈত্রী,0.5091287195682526,0.0,1.5091287195682526
কাছি,0.5090374052524567,0.0,1.5090374052524567
ঠোটে,0.5190713703632355,0.010101010101010102,1.5089703602622255
এসেছিলে,0.5089635252952576,0.0,1.5089635252952576
খিদে,0.5089572668075562,0.0,1.5089572668075562
মনোযোগ,0.508940577507019,0.0,1.508940577507019
করাল,0.5089192092418671,0.0,1.508919209241867
সমাধিস্থ,0.5088975131511688,0.0,1.5088975131511688
নু,0.508872777223587,0.0,1.508872777223587
মাসিক,0.5088582336902618,0.0,1.5088582336902618
অল্প,0.5087795257568359,0.0,1.508779525756836
সমুদ্রে,0.5188598036766052,0.010101010101010102,1.5087587935755953
চাউনি,0.5087174773216248,0.0,1.5087174773216248
ঝরঝরে,0.5086776614189148,0.0,1.5086776614189148
করে৷,0.5086499452590942,0.0,1.5086499452590942
হো,0.5187455415725708,0.010101010101010102,1.5086445314715609
সন্ধে,0.5086436867713928,0.0,1.5086436867713928
চুলায়,0.5086337327957153,0.0,1.5086337327957153
ভাষণ,0.5085497200489044,0.0,1.5085497200489044
উলঙ্গ,0.5085217952728271,0.0,1.5085217952728271
তয়ে,0.5084296464920044,0.0,1.5084296464920044
নিরবচ্ছিন্ন,0.5083842873573303,0.0,1.5083842873573303
কুকুর,0.5184567272663116,0.010101010101010102,1.5083557171653017
শকুন,0.508326530456543,0.0,1.508326530456543
তেল,0.5183961689472198,0.010101010101010102,1.50829515884621
রসায়ন,0.5082926154136658,0.0,1.5082926154136658
এখান,0.508277177810669,0.0,1.508277177810669
সুন্দর৷,0.5082714259624481,0.0,1.5082714259624481
একপাশ,0.5082574784755707,0.0,1.5082574784755707
বিবি,0.5082175135612488,0.0,1.5082175135612488
দুঘর,0.5081847012042999,0.0,1.5081847012043
বাড়ল,0.508127748966217,0.0,1.508127748966217
টুকরো,0.5081223249435425,0.0,1.5081223249435425
ভোলে,0.5080648064613342,0.0,1.5080648064613342
বীভৎস,0.5080134272575378,0.0,1.5080134272575378
শার্টপ্যান্ট,0.5080001056194305,0.0,1.5080001056194305
যাও,0.5079805850982666,0.0,1.5079805850982666
কুরে,0.5079370737075806,0.0,1.5079370737075806
মুহূর্ত,0.5079075396060944,0.0,1.5079075396060944
দেখবি,0.5078694224357605,0.0,1.5078694224357605
কাই,0.5179343819618225,0.010101010101010102,1.5078333718608126
প্রতিভাবান,0.5078073441982269,0.0,1.507807344198227
ফাঁক,0.5178863406181335,0.010101010101010102,1.5077853305171236
কল্পনাতে,0.5077777802944183,0.0,1.5077777802944183
দাউ,0.5077611207962036,0.0,1.5077611207962036
গুলো,0.5077352225780487,0.0,1.5077352225780487
তুলতুলে,0.5077275931835175,0.0,1.5077275931835175
দোতলায়,0.5281207263469696,0.02040816326530612,1.5077125630816635
দুঃস্বপ্ন,0.5076567530632019,0.0,1.507656753063202
বাতিক,0.5076528787612915,0.0,1.5076528787612915
লাইফ,0.5076327621936798,0.0,1.5076327621936798
লাগল৷,0.5074828267097473,0.0,1.5074828267097473
ভাতা,0.5074789524078369,0.0,1.507478952407837
মিনতি,0.50745490193367,0.0,1.50745490193367
বুঝেছি,0.5074421763420105,0.0,1.5074421763420105
ভাইয়,0.5074267685413361,0.0,1.507426768541336
কাউন্টারে,0.5175188481807709,0.010101010101010102,1.507417838079761
পিতা,0.5174948573112488,0.010101010101010102,1.5073938472102388
রসগোল্ল,0.5073296427726746,0.0,1.5073296427726746
অসময়ে,0.5073233842849731,0.0,1.5073233842849731
মাইর,0.507302850484848,0.0,1.507302850484848
ধরেছি,0.5072872340679169,0.0,1.5072872340679169
দাঁড়ালাম৷,0.5072840750217438,0.0,1.5072840750217438
যানবাহন,0.5072377324104309,0.0,1.507237732410431
সিক্ত,0.5072114169597626,0.0,1.5072114169597626
আনানো,0.5071958601474762,0.0,1.5071958601474762
অভয়,0.5071933567523956,0.0,1.5071933567523956
অত্যাচারের,0.5071763396263123,0.0,1.5071763396263123
ফেলেছেন৷,0.5070220828056335,0.0,1.5070220828056335
ধরানো,0.5070203542709351,0.0,1.507020354270935
চিল,0.5069766938686371,0.0,1.506976693868637
রহিম,0.5069693028926849,0.0,1.506969302892685
পাবে,0.5069676041603088,0.0,1.5069676041603088
বেড়,0.5069577693939209,0.0,1.506957769393921
চেয়ারটায়,0.5069444179534912,0.0,1.5069444179534912
কাটিয়ে,0.5069422721862793,0.0,1.5069422721862793
কিনেছি,0.5069340467453003,0.0,1.5069340467453003
শুনব,0.5068926215171814,0.0,1.5068926215171814
প্রবণতা,0.5068346858024597,0.0,1.5068346858024597
পরীক্ষায়,0.5068283379077911,0.0,1.5068283379077911
ধুল,0.5067912936210632,0.0,1.5067912936210632
কৌশলে,0.5168421566486359,0.010101010101010102,1.506741146547626
কাচ,0.50672847032547,0.0,1.50672847032547
ফোটা,0.5066989064216614,0.0,1.5066989064216614
অবনতি,0.5066376030445099,0.0,1.5066376030445099
ডাকল,0.5066261291503906,0.0,1.5066261291503906
পড়েনি,0.5065743029117584,0.0,1.5065743029117584
কর্মকর্তা,0.5065234303474426,0.0,1.5065234303474426
মহামারী,0.5064733028411865,0.0,1.5064733028411865
নির্জন,0.5165355801582336,0.010101010101010102,1.5064345700572237
যাচ্ছিস,0.5164343118667603,0.010101010101010102,1.5063333017657503
স্টার্ট,0.5062983632087708,0.0,1.5062983632087708
জননী,0.5062965750694275,0.0,1.5062965750694275
জেলা,0.5062544345855713,0.0,1.5062544345855713
কয়েকদিন,0.5061314404010773,0.0,1.5061314404010773
সেনাবাহিনী,0.5061241686344147,0.0,1.5061241686344147
নিখোঁজ,0.5061219930648804,0.0,1.5061219930648804
ছড়ি,0.5061067938804626,0.0,1.5061067938804626
ডিয়,0.5060569941997528,0.0,1.5060569941997528
ইংলিশ,0.5060081779956818,0.0,1.5060081779956818
লেলিয়ে,0.5060055553913116,0.0,1.5060055553913116
মানবজাতির,0.5059976279735565,0.0,1.5059976279735565
ডালিয়া,0.5059735178947449,0.0,1.5059735178947449
খানম,0.5160493850708008,0.010101010101010102,1.5059483749697908
দরুদ,0.505912721157074,0.0,1.505912721157074
দাঁড়ান,0.5159784257411957,0.010101010101010102,1.5058774156401857
এগুচ্,0.5058222115039825,0.0,1.5058222115039825
জবাব,0.5058145821094513,0.0,1.5058145821094513
ইয়েস,0.5159099996089935,0.010101010101010102,1.5058089895079836
যায,0.505788117647171,0.0,1.505788117647171
গাট,0.5057784914970398,0.0,1.5057784914970398
প্রভেদ,0.5057616233825684,0.0,1.5057616233825684
কাওরান,0.5057595670223236,0.0,1.5057595670223236
ফার্মগেটের,0.5057304799556732,0.0,1.5057304799556732
ওষুধপত্র,0.5261346399784088,0.02040816326530612,1.5057264767131027
মুখভঙ্গি,0.5057012736797333,0.0,1.5057012736797333
নাবলে,0.5056629478931427,0.0,1.5056629478931427
দেখিয়া,0.5056490004062653,0.0,1.5056490004062653
লাগবে,0.5056004524230957,0.0,1.5056004524230957
গড়িয়ে,0.5156858265399933,0.010101010101010102,1.5055848164389833
বেঙ্গল,0.5471919476985931,0.041666666666666664,1.5055252810319266
অসুখে,0.5054351091384888,0.0,1.5054351091384888
মাখ,0.5053799152374268,0.0,1.5053799152374268
লাগিয়েছেন,0.50533726811409,0.0,1.50533726811409
অপারগ,0.5052894353866577,0.0,1.5052894353866577
ছুটি,0.5051977634429932,0.0,1.5051977634429932
নাচিয়ে,0.5050865113735199,0.0,1.50508651137352
খুঁজছি,0.5050769448280334,0.0,1.5050769448280334
পরিচয়ে,0.5050618946552277,0.0,1.5050618946552277
শার্টটা,0.5050272643566132,0.0,1.5050272643566132
ছাপা,0.5150755941867828,0.010101010101010102,1.504974584085773
দিতাম৷,0.5049610137939453,0.0,1.5049610137939453
কণা,0.5049389004707336,0.0,1.5049389004707336
উত্তাপে,0.5049350261688232,0.0,1.5049350261688232
বাগান,0.52524334192276,0.02040816326530612,1.5048351786574539
করাতে,0.5048002898693085,0.0,1.5048002898693085
প্রতিষেধক,0.5148272812366486,0.010101010101010102,1.5047262711356386
শরীফ,0.5047161281108856,0.0,1.5047161281108856
যায়৷,0.5147758424282074,0.010101010101010102,1.5046748323271975
স্বচক্ষে,0.5046491324901581,0.0,1.504649132490158
একতল,0.5046417117118835,0.0,1.5046417117118835
মাবা,0.5046026110649109,0.0,1.5046026110649109
টাড়িয়ে,0.5045962929725647,0.0,1.5045962929725647
উঠুন,0.5045944452285767,0.0,1.5045944452285767
সামরিক,0.504574716091156,0.0,1.504574716091156
পকেটের,0.5045670568943024,0.0,1.5045670568943024
মাম,0.5044969022274017,0.0,1.5044969022274017
খাওয়াতে,0.5145518183708191,0.010101010101010102,1.5044508082698091
মাঝ,0.5044278204441071,0.0,1.504427820444107
ভাঙে,0.5043865442276001,0.0,1.5043865442276
তলিয়ে,0.504384309053421,0.0,1.504384309053421
সাভারে,0.5043749511241913,0.0,1.5043749511241913
গ্লানি,0.5043505132198334,0.0,1.5043505132198334
সারপ্রাইজ,0.5043126344680786,0.0,1.5043126344680786
হা৷,0.5042397081851959,0.0,1.504239708185196
আপনাআপনি,0.5042275786399841,0.0,1.5042275786399841
ফরিদা,0.5042210519313812,0.0,1.5042210519313812
সীমাহীন,0.5041464567184448,0.0,1.5041464567184448
অমিল,0.5040754675865173,0.0,1.5040754675865173
বাঁচানো,0.5040724873542786,0.0,1.5040724873542786
যেদিক,0.5040369629859924,0.0,1.5040369629859924
খাওয়াবো,0.5040063858032227,0.0,1.5040063858032227
মুদ্,0.5039830803871155,0.0,1.5039830803871155
মডেল,0.5039665102958679,0.0,1.503966510295868
পরোয়া,0.5039545893669128,0.0,1.5039545893669128
পড়তাম,0.5039502382278442,0.0,1.5039502382278442
চ্যালেঞ্জ,0.5039438009262085,0.0,1.5039438009262085
সেকশন,0.5039107501506805,0.0,1.5039107501506805
জাল,0.5038985908031464,0.0,1.5038985908031464
শত্রুর,0.5038720071315765,0.0,1.5038720071315765
উজ্ম্বল,0.5038593113422394,0.0,1.5038593113422394
খুঁজব,0.5038154721260071,0.0,1.503815472126007
বদির,0.5037905871868134,0.0,1.5037905871868134
বলিনি,0.5036872029304504,0.0,1.5036872029304504
ভিজ্ঞেস,0.5036675035953522,0.0,1.5036675035953522
বোতাম,0.5137580633163452,0.010101010101010102,1.5036570532153353
লিখব,0.5036229491233826,0.0,1.5036229491233826
রেস্টুরেন্ট,0.5036062896251678,0.0,1.5036062896251678
জীব,0.5035920739173889,0.0,1.503592073917389
আসি,0.503587007522583,0.0,1.503587007522583
ওগো,0.5035777986049652,0.0,1.5035777986049652
রিকশায়,0.5035774409770966,0.0,1.5035774409770966
গোপনীয়,0.5035601556301117,0.0,1.5035601556301117
অপমানিত,0.5035465061664581,0.0,1.5035465061664581
কিশোরী,0.5035226345062256,0.0,1.5035226345062256
অভিভৃত,0.5035185515880585,0.0,1.5035185515880585
ভূমিকায়,0.5035107731819153,0.0,1.5035107731819153
যাননি,0.5034084022045135,0.0,1.5034084022045135
স্কুলঘর,0.5033494532108307,0.0,1.5033494532108307
স্বামী,0.5033170580863953,0.0,1.5033170580863953
এরকমভাবে,0.5033088326454163,0.0,1.5033088326454163
পত্রিকায়,0.5133903324604034,0.010101010101010102,1.5032893223593935
রোগে,0.5032870769500732,0.0,1.5032870769500732
মারেন,0.503285825252533,0.0,1.503285825252533
বেড়াচ্ছিল,0.5032494962215424,0.0,1.5032494962215424
বাইনোকুল,0.5032281279563904,0.0,1.5032281279563904
স্থাপন,0.503211259841919,0.0,1.503211259841919
মিনিটখানেক,0.5032050013542175,0.0,1.5032050013542175
ভূমিকা,0.5031619369983673,0.0,1.5031619369983673
হাতকড়া,0.5031569004058838,0.0,1.5031569004058838
ফটো,0.5031430423259735,0.0,1.5031430423259735
খাল,0.5132371783256531,0.010101010101010102,1.5031361682246431
বাহ,0.5030925571918488,0.0,1.5030925571918488
বাস,0.5030918121337891,0.0,1.503091812133789
লিখেছি,0.5030732154846191,0.0,1.5030732154846191
খোলস,0.5030704140663147,0.0,1.5030704140663147
গায়েব,0.5030628442764282,0.0,1.5030628442764282
এসেছেন,0.5030574798583984,0.0,1.5030574798583984
মরে,0.5030181705951691,0.0,1.503018170595169
ডুবে,0.5029075145721436,0.0,1.5029075145721436
গল্পগুজব,0.502773255109787,0.0,1.502773255109787
নিবৃত্ত,0.5027008354663849,0.0,1.5027008354663849
হারিয়ে,0.5026735067367554,0.0,1.5026735067367554
সেকথা,0.5025617480278015,0.0,1.5025617480278015
ফাইন,0.5025572180747986,0.0,1.5025572180747986
সংযোগ,0.5024873614311218,0.0,1.5024873614311218
মহাসমুদ্র,0.5125732123851776,0.010101010101010102,1.5024722022841677
হাবিজাবি,0.5024678707122803,0.0,1.5024678707122803
দূরে৷,0.5024004578590393,0.0,1.5024004578590393
কুতুব,0.5023950934410095,0.0,1.5023950934410095
সিঁড়ির,0.5023646056652069,0.0,1.502364605665207
নামবে৷,0.5023425221443176,0.0,1.5023425221443176
সমাজ,0.512440413236618,0.010101010101010102,1.502339403135608
স্কুল,0.5023171603679657,0.0,1.5023171603679657
নিউজ,0.5023021996021271,0.0,1.502302199602127
মোটাসোটা,0.5022843778133392,0.0,1.5022843778133392
টুকরা,0.5022558867931366,0.0,1.5022558867931366
মেহেরবানি,0.5022031366825104,0.0,1.5022031366825104
চাবাগানে,0.5122840106487274,0.010101010101010102,1.5021830005477175
হাজির,0.5021576881408691,0.0,1.5021576881408691
শাহজাহান,0.5021429657936096,0.0,1.5021429657936096
গেলেন৷,0.5021089315414429,0.0,1.5021089315414429
ডান,0.5121977627277374,0.010101010101010102,1.5020967526267275
ধরিয়ে,0.5121840536594391,0.010101010101010102,1.5020830435584291
ছেলেবেলার,0.5020599067211151,0.0,1.5020599067211151
টিপটিপ,0.5019794404506683,0.0,1.5019794404506683
আটকায়,0.5019303858280182,0.0,1.5019303858280182
ঘায়,0.5018859207630157,0.0,1.5018859207630157
মার্শাল,0.5018673837184906,0.0,1.5018673837184906
চাঁ,0.5018551051616669,0.0,1.5018551051616669
জাপান,0.5017333924770355,0.0,1.5017333924770355
সঙ্গীর,0.5017135143280029,0.0,1.501713514328003
টুপির,0.5016582012176514,0.0,1.5016582012176514
সংস্পর্শে,0.5016219615936279,0.0,1.501621961593628
কেমনে,0.501618355512619,0.0,1.501618355512619
অবসাদ,0.5015714466571808,0.0,1.5015714466571808
কোলাকু,0.5015137195587158,0.0,1.5015137195587158
জেলের,0.5014976561069489,0.0,1.5014976561069489
ছোয়া,0.5014230608940125,0.0,1.5014230608940125
কর্নেল,0.501382440328598,0.0,1.501382440328598
গলিয়ে,0.5013363361358643,0.0,1.5013363361358643
সেনের,0.5013045966625214,0.0,1.5013045966625214
ছায়ামূর্তি,0.5013039410114288,0.0,1.5013039410114288
উষ্ণতা,0.5012910664081573,0.0,1.5012910664081573
বসিয়ে,0.5012798607349396,0.0,1.5012798607349396
প্রভাবে,0.5012546479701996,0.0,1.5012546479701996
এরিয়া,0.5012109577655792,0.0,1.5012109577655792
কোলকাতায়,0.501139909029007,0.0,1.501139909029007
বিচার,0.5011039674282074,0.0,1.5011039674282074
ইন্ডিয়ান,0.5010187923908234,0.0,1.5010187923908234
তিনটায়,0.5009308755397797,0.0,1.5009308755397797
কলজে,0.5008216798305511,0.0,1.5008216798305511
একবিন্দু,0.5007882714271545,0.0,1.5007882714271545
টিবি,0.5007543861865997,0.0,1.5007543861865997
চটে,0.5006945729255676,0.0,1.5006945729255676
রুখে,0.500675231218338,0.0,1.500675231218338
বিশ্বাসযোগ্য,0.5006672739982605,0.0,1.5006672739982605
ঘুরিয়ে,0.5006164610385895,0.0,1.5006164610385895
গ্রাম,0.5005073845386505,0.0,1.5005073845386505
গুলিবর্ষণ,0.5004666447639465,0.0,1.5004666447639465
বিকৃত,0.510562390089035,0.010101010101010102,1.500461379988025
গেলাম৷,0.5004408955574036,0.0,1.5004408955574036
ওপেনিং,0.5004029273986816,0.0,1.5004029273986816
খোল৷,0.5003970265388489,0.0,1.5003970265388489
মতপার্থক্য,0.5003110468387604,0.0,1.5003110468387604
ঝোল,0.5206659138202667,0.02040816326530612,1.5002577505549606
ভেড়া,0.5002115666866302,0.0,1.5002115666866302
কেরোসিনের,0.5001488626003265,0.0,1.5001488626003265
বিবিসি,0.500075489282608,0.0,1.500075489282608
পাছা,0.5000257790088654,0.0,1.5000257790088654
আদুরে,0.5000054240226746,0.0,1.5000054240226746
আনাগোনা,0.49993783235549927,0.0,1.4999378323554993
আবদারে,0.499911904335022,0.0,1.499911904335022
পিষে,0.4999079704284668,0.0,1.4999079704284668
জুয়া,0.4998816251754761,0.0,1.499881625175476
জুম,0.49986374378204346,0.0,1.4998637437820435
ফেলেছিল৷,0.4998514652252197,0.0,1.4998514652252197
মার্কিন,0.49983805418014526,0.0,1.4998380541801453
লাগুক,0.4997214674949646,0.0,1.4997214674949646
মেজর,0.4997093081474304,0.0,1.4997093081474304
পরমুহূর্,0.49963438510894775,0.0,1.4996343851089478
কইরা,0.5096773207187653,0.010101010101010102,1.4995763106177553
যতদিন,0.509618878364563,0.010101010101010102,1.499517868263553
ফাতেমা,0.499481737613678,0.0,1.499481737613678
হাঁট,0.4994722604751587,0.0,1.4994722604751587
সংকোচ,0.49943625926971436,0.0,1.4994362592697144
দুপুর,0.4994344711303711,0.0,1.499434471130371
রোদের,0.49938976764678955,0.0,1.4993897676467896
বোতল,0.4993271231651306,0.0,1.4993271231651306
পোশা,0.4993230700492859,0.0,1.4993230700492859
দেখবি৷,0.4993172287940979,0.0,1.499317228794098
মিউ,0.49926871061325073,0.0,1.4992687106132507
বায়ুমণ্ডলে,0.49923640489578247,0.0,1.4992364048957825
হাওয়া,0.5300570130348206,0.030927835051546393,1.4991291779832743
উদ্দীপনা,0.49912160634994507,0.0,1.499121606349945
প্রাণভিক্ষা,0.5092214345932007,0.010101010101010102,1.4991204244921907
নিঃসঙ্গ,0.49906593561172485,0.0,1.4990659356117249
ফ্যাশ,0.499028742313385,0.0,1.499028742313385
বিক্রির,0.49902796745300293,0.0,1.499027967453003
কল্যাণে,0.4989832043647766,0.0,1.4989832043647766
ডাইনিং,0.49896806478500366,0.0,1.4989680647850037
চুপচাপ,0.49896764755249023,0.0,1.4989676475524902
ধু,0.4989672899246216,0.0,1.4989672899246216
রােল,0.49892544746398926,0.0,1.4989254474639893
মামল,0.5090130567550659,0.010101010101010102,1.498912046654056
হাসছ,0.49888110160827637,0.0,1.4988811016082764
টেনশন,0.49874985218048096,0.0,1.498749852180481
মান,0.4986855387687683,0.0,1.4986855387687683
কথাবার্ত,0.4986059069633484,0.0,1.4986059069633484
ঘটানো,0.49852073192596436,0.0,1.4985207319259644
ঝড়ে,0.49847108125686646,0.0,1.4984710812568665
পাঁচশ,0.4984689950942993,0.0,1.4984689950942993
শাহ,0.49843835830688477,0.0,1.4984383583068848
ছাত্রীর,0.49838781356811523,0.0,1.4983878135681152
আলমগীর,0.49837708473205566,0.0,1.4983770847320557
প্রকাশিত,0.49835026264190674,0.0,1.4983502626419067
আতঙ্ক,0.49834948778152466,0.0,1.4983494877815247
ডেকচি,0.5084493160247803,0.010101010101010102,1.4983483059237703
দিগম্বর,0.49834030866622925,0.0,1.4983403086662292
কলিং,0.5292636454105377,0.030927835051546393,1.4983358103589914
নিরাপদ,0.5084138512611389,0.010101010101010102,1.498312841160129
আশাবাদী,0.4983023405075073,0.0,1.4983023405075073
ধরেছে৷,0.4982958436012268,0.0,1.4982958436012268
রাজপথ,0.49829113483428955,0.0,1.4982911348342896
নির্যাস,0.49825936555862427,0.0,1.4982593655586243
হয়েছেন৷,0.49825888872146606,0.0,1.498258888721466
পরিশ্রমে,0.49825233221054077,0.0,1.4982523322105408
আউলা,0.49824047088623047,0.0,1.4982404708862305
বিনীত,0.4981670379638672,0.0,1.4981670379638672
খাইতে,0.49814707040786743,0.0,1.4981470704078674
গৌফ,0.4981268644332886,0.0,1.4981268644332886
আস্তানায়,0.49810224771499634,0.0,1.4981022477149963
হাসলে,0.4980628490447998,0.0,1.4980628490447998
ঘোষণ,0.4979504942893982,0.0,1.4979504942893982
ঝগড়াঝা,0.4979439377784729,0.0,1.497943937778473
ছায়৷,0.4979325532913208,0.0,1.4979325532913208
রোজগ,0.49786728620529175,0.0,1.4978672862052917
ন্যাশনাল,0.4978100657463074,0.0,1.4978100657463074
লেভেল,0.49778687953948975,0.0,1.4977868795394897
জানেন৷,0.49773842096328735,0.0,1.4977384209632874
তুলকা,0.49768495559692383,0.0,1.4976849555969238
খাই,0.5077538192272186,0.010101010101010102,1.4976528091262087
খোলা৷,0.4976481795310974,0.0,1.4976481795310974
মানব,0.49764353036880493,0.0,1.497643530368805
মুক্তির,0.49763983488082886,0.0,1.4976398348808289
শান্তিনগর,0.4975821375846863,0.0,1.4975821375846863
আশ্বিন,0.4975489377975464,0.0,1.4975489377975464
বাসস্থান,0.4975283741950989,0.0,1.4975283741950989
কালি,0.52842977643013,0.030927835051546393,1.4975019413785837
প্রয়োজন,0.49744588136672974,0.0,1.4974458813667297
ঝাঁপিয়ে,0.4974334239959717,0.0,1.4974334239959717
মেয়েট৷,0.49735063314437866,0.0,1.4973506331443787
ব্যবস্থায়,0.49730217456817627,0.0,1.4973021745681763
মুখমণ্ডলে,0.49726033210754395,0.0,1.497260332107544
হাসিতামাশা,0.49719369411468506,0.0,1.497193694114685
রাইট,0.4971771240234375,0.0,1.4971771240234375
আবছা,0.5175361633300781,0.02040816326530612,1.497128000064772
সাঁড়াশি,0.49712419509887695,0.0,1.497124195098877
বদলানো,0.4970969557762146,0.0,1.4970969557762146
কপালে,0.5070699155330658,0.010101010101010102,1.4969689054320559
দেখেছিল,0.4968595504760742,0.0,1.4968595504760742
বিন্ময়,0.496847927570343,0.0,1.496847927570343
নদী,0.4968355894088745,0.0,1.4968355894088745
মুরগির,0.49683111906051636,0.0,1.4968311190605164
নই৷,0.4968280792236328,0.0,1.4968280792236328
শামসুর,0.49678003787994385,0.0,1.4967800378799438
দৃশ্যমান,0.4967039227485657,0.0,1.4967039227485657
বিড়ি,0.4966509938240051,0.0,1.4966509938240051
রিসিভ,0.4966333508491516,0.0,1.4966333508491516
বস্তির,0.4966186285018921,0.0,1.496618628501892
ভ্যাপসা,0.4962751865386963,0.0,1.4962751865386963
সীমায়,0.4962505102157593,0.0,1.4962505102157593
পরিচালিত,0.49621617794036865,0.0,1.4962161779403687
ছেলেমানুষের,0.5062980055809021,0.010101010101010102,1.4961969954798922
গঙ্ধে,0.49618756771087646,0.0,1.4961875677108765
টাইট,0.4961755871772766,0.0,1.4961755871772766
প্রচারিত,0.5062333941459656,0.010101010101010102,1.4961323840449556
হাঁপ,0.49612557888031006,0.0,1.49612557888031
আটকানোর,0.4961128830909729,0.0,1.496112883090973
মিলির,0.49607759714126587,0.0,1.4960775971412659
আশ্বস্ত,0.4960397481918335,0.0,1.4960397481918335
ছড়ানো,0.5061073005199432,0.010101010101010102,1.4960062904189333
ধারালো,0.5060862600803375,0.010101010101010102,1.4959852499793276
দারোয়ান,0.5060014426708221,0.010101010101010102,1.4959004325698122
উদ্বেগের,0.49583035707473755,0.0,1.4958303570747375
ধসিয়ে,0.49578917026519775,0.0,1.4957891702651978
আঘাতে,0.49577653408050537,0.0,1.4957765340805054
দম্পতির,0.4956514239311218,0.0,1.4956514239311218
যশোর,0.49552881717681885,0.0,1.4955288171768188
আলোচনা,0.4955059289932251,0.0,1.495505928993225
গুপ্তধন,0.4954901933670044,0.0,1.4954901933670044
আদেশ,0.5055460035800934,0.010101010101010102,1.4954449934790834
তিনতলা,0.4954068660736084,0.0,1.4954068660736084
গতানুগতিক,0.49540120363235474,0.0,1.4954012036323547
একাডেমির,0.5054994821548462,0.010101010101010102,1.4953984720538362
যাচ্,0.5054784417152405,0.010101010101010102,1.4953774316142305
যেতে৷,0.49533599615097046,0.0,1.4953359961509705
রসে,0.49533194303512573,0.0,1.4953319430351257
কীরকম,0.49531489610671997,0.0,1.49531489610672
সংক্রান্ত,0.5157158970832825,0.02040816326530612,1.4953077338179763
নেভানো,0.49529796838760376,0.0,1.4952979683876038
শুকায়,0.4952874183654785,0.0,1.4952874183654785
কদাচিৎ,0.4950554370880127,0.0,1.4950554370880127
রোগীর,0.505117654800415,0.010101010101010102,1.495016644699405
বাদশ,0.49500399827957153,0.0,1.4950039982795715
যো,0.49499231576919556,0.0,1.4949923157691956
রিটায়ার্ড,0.4949681758880615,0.0,1.4949681758880615
রেগেমেগে,0.4949578046798706,0.0,1.4949578046798706
ভবিষ্যদ্বাণী,0.49491429328918457,0.0,1.4949142932891846
ওঠ,0.4948726296424866,0.0,1.4948726296424866
নাকচ,0.49482274055480957,0.0,1.4948227405548096
বমি,0.5048690736293793,0.010101010101010102,1.4947680635283693
পুলকিত,0.4947335720062256,0.0,1.4947335720062256
অক,0.4946662187576294,0.0,1.4946662187576294
হাড়ি,0.49464738368988037,0.0,1.4946473836898804
ভাষায়,0.5047272145748138,0.010101010101010102,1.494626204473804
জেনেছেন,0.4946107268333435,0.0,1.4946107268333435
রূপকথা,0.4945871829986572,0.0,1.4945871829986572
চিন্,0.4945695400238037,0.0,1.4945695400238037
অংশগ্রহণ,0.49454265832901,0.0,1.49454265832901
বইসা,0.4945194125175476,0.0,1.4945194125175476
পৌঁছ,0.4944998621940613,0.0,1.4944998621940613
চেয়ো,0.4944787621498108,0.0,1.4944787621498108
জার্নাল,0.5045477747917175,0.010101010101010102,1.4944467646907076
পাই,0.4944427013397217,0.0,1.4944427013397217
জিনিস,0.4944181442260742,0.0,1.4944181442260742
খাচায়,0.4944089651107788,0.0,1.4944089651107788
পীচ,0.49440324306488037,0.0,1.4944032430648804
দেখানে,0.4943692684173584,0.0,1.4943692684173584
উত্তরাঞ্চল,0.49436742067337036,0.0,1.4943674206733704
রিলিজ,0.4942750334739685,0.0,1.4942750334739685
অম,0.4942317008972168,0.0,1.4942317008972168
মাছমাংস,0.49422740936279297,0.0,1.494227409362793
টাঙানো,0.49421608448028564,0.0,1.4942160844802856
আইনকানুন,0.4941965937614441,0.0,1.494196593761444
পত্নী,0.4941862225532532,0.0,1.4941862225532532
হারান,0.49417638778686523,0.0,1.4941763877868652
আকুল,0.525081604719162,0.030927835051546393,1.4941537696676157
যাদু,0.4941287040710449,0.0,1.494128704071045
ভ্দ্রলোক,0.49405962228775024,0.0,1.4940596222877502
লুঙ্গির,0.4940541982650757,0.0,1.4940541982650757
সবকিছু,0.49402523040771484,0.0,1.4940252304077148
সোনালী,0.4940218925476074,0.0,1.4940218925476074
অনন্তকাল,0.4940106272697449,0.0,1.4940106272697449
হাই,0.5143991112709045,0.02040816326530612,1.4939909480055984
ফেরানো,0.49397730827331543,0.0,1.4939773082733154
চুরম,0.4938969612121582,0.0,1.4938969612121582
হাসপাতাল,0.5039737820625305,0.010101010101010102,1.4938727719615206
পেশায়,0.4938706159591675,0.0,1.4938706159591675
স্পষ্টভাবে,0.49386346340179443,0.0,1.4938634634017944
তীরে,0.5038929879665375,0.010101010101010102,1.4937919778655275
অবাধ্য,0.5038873851299286,0.010101010101010102,1.4937863750289186
ফী,0.4937605857849121,0.0,1.493760585784912
ভবনে,0.49372947216033936,0.0,1.4937294721603394
ওড়া,0.4936978816986084,0.0,1.4936978816986084
জেনেশুনে,0.5037976503372192,0.010101010101010102,1.4936966402362093
স্থবির,0.49368226528167725,0.0,1.4936822652816772
টেলিফোন,0.4936700463294983,0.0,1.4936700463294983
করছিল,0.4936322569847107,0.0,1.4936322569847107
বিফলে,0.4935000538825989,0.0,1.4935000538825989
সম্পাদক,0.4934822916984558,0.0,1.4934822916984558
সমতলে,0.49348151683807373,0.0,1.4934815168380737
অনেকক্ষণ,0.4934309720993042,0.0,1.4934309720993042
কাচাবাজারে,0.4934155344963074,0.0,1.4934155344963074
ফিজিক্স,0.4934123158454895,0.0,1.4934123158454895
কঞ্চি,0.4933975338935852,0.0,1.4933975338935852
অবদান,0.4933500289916992,0.0,1.4933500289916992
কিনা,0.4933120012283325,0.0,1.4933120012283325
নিমিষ,0.49330925941467285,0.0,1.4933092594146729
ধাওয়া,0.4933091998100281,0.0,1.493309199810028
আইনে,0.49325811862945557,0.0,1.4932581186294556
চিনব,0.49323105812072754,0.0,1.4932310581207275
পারত৷,0.49316108226776123,0.0,1.4931610822677612
প্রবেশাধিক,0.513559103012085,0.02040816326530612,1.4931509397467788
চাইই,0.5032408237457275,0.010101010101010102,1.4931398136447176
দেয়ালে,0.4931216835975647,0.0,1.4931216835975647
মুচড়ে,0.49311983585357666,0.0,1.4931198358535767
ভালবাসি,0.49304109811782837,0.0,1.4930410981178284
নাহলে,0.49297958612442017,0.0,1.4929795861244202
নিয়তি,0.4929355978965759,0.0,1.492935597896576
গাইতে,0.5030078291893005,0.010101010101010102,1.4929068190882906
গলাতে,0.49280494451522827,0.0,1.4928049445152283
আমুদে,0.49278467893600464,0.0,1.4927846789360046
তাঁবু,0.4927668571472168,0.0,1.4927668571472168
চামচ,0.5131700932979584,0.02040816326530612,1.4927619300326522
যেট,0.4926973581314087,0.0,1.4926973581314087
কমবে,0.492620587348938,0.0,1.492620587348938
সেদিকে,0.4926167130470276,0.0,1.4926167130470276
ফেনিয়ে,0.5026693940162659,0.010101010101010102,1.492568383915256
সিদ্দিকী,0.4925680160522461,0.0,1.492568016052246
হারাল,0.4925585389137268,0.0,1.4925585389137268
ক্ষোভ,0.49255508184432983,0.0,1.4925550818443298
ছেলেবেলা,0.492514967918396,0.0,1.492514967918396
পানিতে,0.4924929738044739,0.0,1.4924929738044739
ছিপছিপে,0.49244070053100586,0.0,1.4924407005310059
আয়ত্ত,0.5025342404842377,0.010101010101010102,1.4924332303832277
বেডের,0.4924241304397583,0.0,1.4924241304397583
পড়েন৷,0.4924173355102539,0.0,1.492417335510254
চেয়ারটি,0.4924108386039734,0.0,1.4924108386039734
গুরুর,0.4923856854438782,0.0,1.4923856854438782
জড়ানো,0.49237900972366333,0.0,1.4923790097236633
গুনগুন,0.4923747777938843,0.0,1.4923747777938843
পালনে,0.49233144521713257,0.0,1.4923314452171326
চামড়,0.4923016428947449,0.0,1.4923016428947449
ঈশ্বর,0.4922795295715332,0.0,1.4922795295715332
অপ্রস্তুত,0.49226295948028564,0.0,1.4922629594802856
জেনারেটর,0.4922106862068176,0.0,1.4922106862068176
পরিজন,0.49219000339508057,0.0,1.4921900033950806
লিত,0.4921870231628418,0.0,1.4921870231628418
রুটি,0.5125599205493927,0.02040816326530612,1.4921517572840866
নাড়ি,0.49212151765823364,0.0,1.4921215176582336
যাবেত,0.4920058250427246,0.0,1.4920058250427246
কেউটে,0.491996705532074,0.0,1.491996705532074
গেট,0.5124009251594543,0.02040816326530612,1.4919927618941482
বাবামা,0.4919688105583191,0.0,1.491968810558319
বেরিয়ে,0.49195975065231323,0.0,1.4919597506523132
চোথ,0.49192190170288086,0.0,1.4919219017028809
ঝাঝালো,0.5019691586494446,0.010101010101010102,1.4918681485484346
মােহর,0.49181413650512695,0.0,1.491814136505127
মিছিলে,0.49179959297180176,0.0,1.4917995929718018
শ্লোগান,0.5018889009952545,0.010101010101010102,1.4917878908942446
বিশ্বাসঘাতক,0.49174946546554565,0.0,1.4917494654655457
সই,0.49173933267593384,0.0,1.4917393326759338
পয়সাকড়ি,0.49173295497894287,0.0,1.4917329549789429
টাইমে,0.49170053005218506,0.0,1.491700530052185
বাধা,0.49167686700820923,0.0,1.4916768670082092
পারব,0.491657018661499,0.0,1.491657018661499
জুড়িয়ে,0.5017375946044922,0.010101010101010102,1.4916365845034822
ঢুলুঢুলু,0.49161988496780396,0.0,1.491619884967804
নিয়ম,0.5017144978046417,0.010101010101010102,1.4916134877036318
পড়ানো,0.4915304183959961,0.0,1.491530418395996
বুঝিয়,0.49152684211730957,0.0,1.4915268421173096
বালি,0.49145931005477905,0.0,1.491459310054779
মাথাতে,0.49142986536026,0.0,1.49142986536026
আরশোল,0.491418719291687,0.0,1.491418719291687
ওনারা,0.49136805534362793,0.0,1.491368055343628
এড়,0.5014586746692657,0.010101010101010102,1.4913576645682558
রূ,0.4913555383682251,0.0,1.491355538368225
মধ্যেক,0.4913550615310669,0.0,1.491355061531067
নোট,0.4913446307182312,0.0,1.4913446307182312
কাঁ,0.49132800102233887,0.0,1.4913280010223389
ট্রাক,0.501416027545929,0.010101010101010102,1.491315017444919
গাঢ়,0.5013998746871948,0.010101010101010102,1.4912988645861849
ধান্ধা,0.4912620782852173,0.0,1.4912620782852173
হাঁটলে,0.49125683307647705,0.0,1.491256833076477
মরুভূমি,0.49121469259262085,0.0,1.4912146925926208
বালিয়াড়ির,0.49116945266723633,0.0,1.4911694526672363
জুলা,0.4911319613456726,0.0,1.4911319613456726
জল্পনাকল্পনা,0.49112844467163086,0.0,1.4911284446716309
অকাট্য,0.49105846881866455,0.0,1.4910584688186646
দাড়াবে,0.49105381965637207,0.0,1.491053819656372
খাওয়ায়,0.491036057472229,0.0,1.491036057472229
ছুল,0.4910074472427368,0.0,1.4910074472427368
জাগিয়ে,0.4909575581550598,0.0,1.4909575581550598
ঘাটি,0.49086475372314453,0.0,1.4908647537231445
রচনা,0.4908550977706909,0.0,1.490855097770691
পিছনে,0.49074721336364746,0.0,1.4907472133636475
অভ্যাসম,0.4907069802284241,0.0,1.490706980228424
কীস,0.49070483446121216,0.0,1.4907048344612122
থোলা,0.5007929503917694,0.010101010101010102,1.4906919402907595
শইল,0.49068862199783325,0.0,1.4906886219978333
তরুণ,0.5007550120353699,0.010101010101010102,1.49065400193436
লিখিয়ে,0.4905613660812378,0.0,1.4905613660812378
হুই,0.4905576705932617,0.0,1.4905576705932617
ধোপ,0.49034690856933594,0.0,1.490346908569336
জলপা,0.4903098940849304,0.0,1.4903098940849304
কোনদিক,0.4903014302253723,0.0,1.4903014302253723
মাফল,0.4902719259262085,0.0,1.4902719259262085
কাদির,0.49024343490600586,0.0,1.4902434349060059
ঝিল,0.49021387100219727,0.0,1.4902138710021973
সাততলায়,0.5003058016300201,0.010101010101010102,1.4902047915290102
পাঠানে,0.500280112028122,0.010101010101010102,1.490179101927112
খাবারটা,0.4901231527328491,0.0,1.4901231527328491
ধরাধরি,0.4900902509689331,0.0,1.490090250968933
ঠকিয়ে,0.4899975657463074,0.0,1.4899975657463074
শুটকি,0.48993510007858276,0.0,1.4899351000785828
সুত,0.48988860845565796,0.0,1.489888608455658
শোভন,0.48987799882888794,0.0,1.489877998828888
বাকরি,0.48980146646499634,0.0,1.4898014664649963
ঘুঘু,0.4898013472557068,0.0,1.4898013472557068
বালির,0.4998142719268799,0.010101010101010102,1.48971326182587
লালচে,0.5205956995487213,0.030927835051546393,1.489667864497175
নাক,0.4997478723526001,0.010101010101010102,1.4896468622515902
গাঙ,0.4896389842033386,0.0,1.4896389842033386
পর্বতমালা,0.48957717418670654,0.0,1.4895771741867065
ফ্রিজ,0.48956507444381714,0.0,1.4895650744438171
গম্ভীরভাবে,0.4893954396247864,0.0,1.4893954396247864
ঝুম,0.48937511444091797,0.0,1.489375114440918
ক্ষমা,0.49941134452819824,0.010101010101010102,1.4893103344271883
ঠোট,0.5097005367279053,0.02040816326530612,1.4892923734625991
খায়া,0.48922091722488403,0.0,1.489220917224884
বেয়াদবি,0.49927258491516113,0.010101010101010102,1.4891715748141512
লোকের৷,0.48910611867904663,0.0,1.4891061186790466
চাল,0.5094878971576691,0.02040816326530612,1.489079733892363
ভাঙ্গিয়ে,0.4889006018638611,0.0,1.488900601863861
নড়বে,0.48866134881973267,0.0,1.4886613488197327
মেঘের,0.5090576112270355,0.02040816326530612,1.4886494479617294
সুসংবাদ,0.4886321425437927,0.0,1.4886321425437927
মিলিটারি,0.48861587047576904,0.0,1.488615870475769
মুনশি,0.4885812997817993,0.0,1.4885812997817993
চুলোর,0.4885435104370117,0.0,1.4885435104370117
দিয়েছিস,0.4885379672050476,0.0,1.4885379672050476
সী,0.48851364850997925,0.0,1.4885136485099792
জিনিসট,0.488481342792511,0.0,1.488481342792511
আদিম,0.4884564280509949,0.0,1.4884564280509949
পাচা,0.48845112323760986,0.0,1.4884511232376099
স্বাস্থ্যবান,0.48842352628707886,0.0,1.4884235262870789
হাতপা,0.4985131025314331,0.010101010101010102,1.4884120924304232
প্রবেশ,0.48834121227264404,0.0,1.488341212272644
সম্পর্কিত,0.49842941761016846,0.010101010101010102,1.4883284075091585
পৈশাচিক,0.4883193373680115,0.0,1.4883193373680115
অবতরণ,0.48829418420791626,0.0,1.4882941842079163
চালিয়ে,0.4881821274757385,0.0,1.4881821274757385
ঘোম,0.4880926012992859,0.0,1.4880926012992859
ফাঁসি,0.48798292875289917,0.0,1.4879829287528992
আর্মস,0.48798054456710815,0.0,1.4879805445671082
বালিয়াড়ি,0.4878907799720764,0.0,1.4878907799720764
সহজে,0.5081996619701385,0.02040816326530612,1.4877914987048324
এপ্রিল,0.4978474974632263,0.010101010101010102,1.4877464873622164
গভীরতা,0.4876478910446167,0.0,1.4876478910446167
গোশত,0.508023589849472,0.02040816326530612,1.487615426584166
আচ্ছন্ন,0.48758530616760254,0.0,1.4875853061676025
জীপ,0.4875354766845703,0.0,1.4875354766845703
গেস্টরুম,0.4874219298362732,0.0,1.4874219298362732
সমস্বরে,0.48737412691116333,0.0,1.4873741269111633
সচকিত,0.4873434901237488,0.0,1.4873434901237488
ফুটপা,0.4872579574584961,0.0,1.487257957458496
ম্যাপে,0.4872469902038574,0.0,1.4872469902038574
আদান,0.4871339797973633,0.0,1.4871339797973633
অবয়ব,0.487079381942749,0.0,1.487079381942749
জিপে,0.4870244264602661,0.0,1.4870244264602661
শক্তি,0.487016499042511,0.0,1.487016499042511
ঈষৎ,0.486885666847229,0.0,1.486885666847229
সোন,0.5072496831417084,0.02040816326530612,1.4868415198764022
মহাবিপদে,0.48674750328063965,0.0,1.4867475032806396
মণ্ডলানা,0.4867161512374878,0.0,1.4867161512374878
গিয়েছি,0.4867047667503357,0.0,1.4867047667503357
কাপড়প,0.4867042303085327,0.0,1.4867042303085327
বুড়োম,0.48667073249816895,0.0,1.486670732498169
নিরপরাধ,0.4866647720336914,0.0,1.4866647720336914
আল্লা,0.48664796352386475,0.0,1.4866479635238647
টুকরে৷,0.4966996908187866,0.010101010101010102,1.4865986807177767
স্টাম্প,0.48659783601760864,0.0,1.4865978360176086
হাতছানি,0.4865003228187561,0.0,1.486500322818756
ভুদ্রলোক,0.48649537563323975,0.0,1.4864953756332397
যাতায়াত,0.4864940643310547,0.0,1.4864940643310547
কাথা,0.48643141984939575,0.0,1.4864314198493958
বিষগ্নতা,0.4864201545715332,0.0,1.4864201545715332
আনুষ্ঠানিক,0.4863656759262085,0.0,1.4863656759262085
পেয়,0.48629915714263916,0.0,1.4862991571426392
বড়জোর,0.4862858057022095,0.0,1.4862858057022095
গোল,0.4961913228034973,0.010101010101010102,1.4860903127024874
অফিস,0.4860808253288269,0.0,1.486080825328827
দোকানপাট,0.4860795736312866,0.0,1.4860795736312866
সাক,0.4860299825668335,0.0,1.4860299825668335
ছায়াপথ,0.48602575063705444,0.0,1.4860257506370544
গায়,0.49611520767211914,0.010101010101010102,1.4860141975711092
হে,0.4859199523925781,0.0,1.4859199523925781
ম্যাট্রিক,0.48591315746307373,0.0,1.4859131574630737
বুঝেছি৷,0.48587143421173096,0.0,1.485871434211731
শান্তভাবে,0.48583489656448364,0.0,1.4858348965644836
ছোটবোন,0.48576152324676514,0.0,1.4857615232467651
বাড়িত,0.4857303500175476,0.0,1.4857303500175476
খায়,0.4957611560821533,0.010101010101010102,1.4856601459811434
ফাইট,0.4856531620025635,0.0,1.4856531620025635
ঝাঁকুনি,0.4856228232383728,0.0,1.4856228232383728
ট্যাক্স,0.49569547176361084,0.010101010101010102,1.485594461662601
কেহ,0.48557621240615845,0.0,1.4855762124061584
শফিকুল,0.4855591654777527,0.0,1.4855591654777527
কক্ষপথে,0.4956299066543579,0.010101010101010102,1.485528896553348
সুদৃশ্য,0.48550236225128174,0.0,1.4855023622512817
সাপে,0.4854644536972046,0.0,1.4854644536972046
ভিড়,0.4854603409767151,0.0,1.485460340976715
পৌছল,0.4854368567466736,0.0,1.4854368567466736
আগস্টে,0.48539096117019653,0.0,1.4853909611701965
জ্বলে,0.49547022581100464,0.010101010101010102,1.4853692157099947
গর্জে,0.48533302545547485,0.0,1.4853330254554749
দুর্যাগ,0.48528558015823364,0.0,1.4852855801582336
হালকা,0.4852226972579956,0.0,1.4852226972579956
টিকিয়ে,0.4851832985877991,0.0,1.485183298587799
কটেজ,0.48515868186950684,0.0,1.4851586818695068
রুবি,0.48512423038482666,0.0,1.4851242303848267
পাগল,0.48510992527008057,0.0,1.4851099252700806
পরাজয়,0.4850611686706543,0.0,1.4850611686706543
মাফিক,0.4849604368209839,0.0,1.4849604368209839
বইয়,0.4849278926849365,0.0,1.4849278926849365
ছবির,0.4950147867202759,0.010101010101010102,1.484913776619266
নামাজে,0.48489296436309814,0.0,1.4848929643630981
অভিমান,0.4848892092704773,0.0,1.4848892092704773
বিষয়ে,0.4949362874031067,0.010101010101010102,1.4848352773020967
দার,0.4847782850265503,0.0,1.4847782850265503
দাড়া,0.48477494716644287,0.0,1.4847749471664429
বেশির,0.49485790729522705,0.010101010101010102,1.484756897194217
হয়েছিলে,0.4847247004508972,0.0,1.4847247004508972
দিলি,0.48471033573150635,0.0,1.4847103357315063
দিশাহা,0.4846559762954712,0.0,1.4846559762954712
কবিত,0.4846342206001282,0.0,1.4846342206001282
ওমা,0.48462599515914917,0.0,1.4846259951591492
অতি,0.5050223767757416,0.02040816326530612,1.4846142135104354
সেপা,0.4845885634422302,0.0,1.4845885634422302
রমণীর,0.4845428466796875,0.0,1.4845428466796875
দেহ,0.49456578493118286,0.010101010101010102,1.484464774830173
নিভে,0.4945409893989563,0.010101010101010102,1.4844399792979464
তবিষ্যৎ,0.4844108819961548,0.0,1.4844108819961548
নাস্তিক,0.4843926429748535,0.0,1.4843926429748535
সাবধানে,0.4843176007270813,0.0,1.4843176007270813
বাপে,0.4843018054962158,0.0,1.4843018054962158
ডিন,0.4944015145301819,0.010101010101010102,1.484300504429172
হাঁচি,0.48418766260147095,0.0,1.484187662601471
টুলে,0.4841483235359192,0.0,1.4841483235359192
ছেড়েছুড়ে,0.48408257961273193,0.0,1.484082579612732
খানিকক্ষণ,0.4840393662452698,0.0,1.4840393662452698
লুটিয়ে,0.4840237498283386,0.0,1.4840237498283386
ঘণ্টায়,0.49406248331069946,0.010101010101010102,1.4839614732096895
শীত,0.5043392479419708,0.02040816326530612,1.4839310846766647
ইনকাম,0.4940212368965149,0.010101010101010102,1.483920226795505
তেত্রিশ,0.4839192032814026,0.0,1.4839192032814026
অনিচ্ছায়,0.48389458656311035,0.0,1.4838945865631104
শুভেচ্ছা,0.48385655879974365,0.0,1.4838565587997437
ঘুমা,0.4838513135910034,0.0,1.4838513135910034
পড়ানোর,0.483595609664917,0.0,1.483595609664917
হেয়,0.48339998722076416,0.0,1.4833999872207642
হতবুদ্ধি,0.48336344957351685,0.0,1.4833634495735168
জানাচ্,0.483362078666687,0.0,1.483362078666687
নিকষ,0.4833561182022095,0.0,1.4833561182022095
স্বরে,0.493455171585083,0.010101010101010102,1.483354161484073
রাইফেল,0.49344491958618164,0.010101010101010102,1.4833439094851717
বাঁচব,0.4832724332809448,0.0,1.4832724332809448
চিনি,0.48326361179351807,0.0,1.483263611793518
আরেকদিন,0.5036551654338837,0.02040816326530612,1.4832470021685775
নিঃশ্বাস,0.5036335587501526,0.02040816326530612,1.4832253954848464
শ্মশান,0.48316991329193115,0.0,1.4831699132919312
ঘোড়ায়,0.48308223485946655,0.0,1.4830822348594666
ব্রেকফাস্ট,0.4931585192680359,0.010101010101010102,1.483057509167026
পাচ্,0.4829830527305603,0.0,1.4829830527305603
পুনরাবৃত্তি,0.4829143285751343,0.0,1.4829143285751343
জনৈক,0.4828876852989197,0.0,1.4828876852989197
ৰু,0.4828399419784546,0.0,1.4828399419784546
ফোটে,0.48280763626098633,0.0,1.4828076362609863
গোসল,0.4928547143936157,0.010101010101010102,1.4827537042926058
করেছিল,0.5031085312366486,0.02040816326530612,1.4827003679713424
কখনোবা,0.4826754927635193,0.0,1.4826754927635193
বানিয়ে,0.4826503396034241,0.0,1.482650339603424
ইটা,0.48264801502227783,0.0,1.4826480150222778
চেহারা,0.49271929264068604,0.010101010101010102,1.482618282539676
হীন,0.4825986623764038,0.0,1.4825986623764038
আরোহণ,0.49261152744293213,0.010101010101010102,1.4825105173419222
স্বার্থপর,0.48247480392456055,0.0,1.4824748039245605
খানি,0.48243916034698486,0.0,1.4824391603469849
ফরোয়ার্ড,0.4823746085166931,0.0,1.4823746085166931
আস্তানা,0.4823681116104126,0.0,1.4823681116104126
শিথিল,0.4823318123817444,0.0,1.4823318123817444
পাপড়ি,0.49240463972091675,0.010101010101010102,1.4823036296199068
ধানাইপানাই,0.4822866916656494,0.0,1.4822866916656494
জাহান্নামে,0.48228228092193604,0.0,1.482282280921936
আকৃতির,0.48227041959762573,0.0,1.4822704195976257
পদার্পণ,0.4822673201560974,0.0,1.4822673201560974
ভোরবেলায়,0.4822046160697937,0.0,1.4822046160697937
খাচ্,0.49229729175567627,0.010101010101010102,1.4821962816546663
বাণ,0.4821698069572449,0.0,1.4821698069572449
পুকুর,0.4821462631225586,0.0,1.4821462631225586
মইধ্যে,0.4821060299873352,0.0,1.4821060299873352
সেইরকম,0.48208117485046387,0.0,1.4820811748504639
বৈদ্যুতিক,0.48204511404037476,0.0,1.4820451140403748
কিন,0.49207425117492676,0.010101010101010102,1.4819732410739168
সুস্থে,0.481952428817749,0.0,1.481952428817749
নিম্নশ্রেণীর,0.48194146156311035,0.0,1.4819414615631104
বাজ,0.49203282594680786,0.010101010101010102,1.481931815845798
ম্যাগাজিনে,0.4819068908691406,0.0,1.4819068908691406
কুমীর,0.4818647503852844,0.0,1.4818647503852844
তাকালো,0.48180240392684937,0.0,1.4818024039268494
ঘূর্ণায়মান,0.48179805278778076,0.0,1.4817980527877808
লেটেস্ট,0.4817312955856323,0.0,1.4817312955856323
দর্শনে,0.4816400408744812,0.0,1.4816400408744812
চেহারাতে,0.48163866996765137,0.0,1.4816386699676514
শখে,0.49172788858413696,0.010101010101010102,1.481626878483127
উপকরণ,0.4816100001335144,0.0,1.4816100001335144
ক্যামনে,0.4815239906311035,0.0,1.4815239906311035
সিদ্ধান্ত,0.48150962591171265,0.0,1.4815096259117126
দাওয়াত,0.4814739227294922,0.0,1.4814739227294922
খুশি৷,0.4814144968986511,0.0,1.4814144968986511
স্কুটারের,0.4915117025375366,0.010101010101010102,1.4814106924365267
ডাকছে৷,0.4814032316207886,0.0,1.4814032316207886
ক্ষতস্থান,0.481353759765625,0.0,1.481353759765625
আওয়াজ,0.4813399314880371,0.0,1.481339931488037
বিপদআপদ,0.4812932014465332,0.0,1.4812932014465332
অক্সিজেনের,0.5122039020061493,0.030927835051546393,1.481276066954603
থুতনি,0.4812552332878113,0.0,1.4812552332878113
অভিব্যক্তি,0.4812201261520386,0.0,1.4812201261520386
কপাল,0.4811745882034302,0.0,1.4811745882034302
রিকশা,0.5015788078308105,0.02040816326530612,1.4811706445655044
অভ্যন্তরীণ,0.48117053508758545,0.0,1.4811705350875854
আমগাছ,0.4810680150985718,0.0,1.4810680150985718
কি৷,0.4810529351234436,0.0,1.4810529351234436
রুচি,0.48103082180023193,0.0,1.481030821800232
আর্তনাদ,0.4911193251609802,0.010101010101010102,1.4810183150599703
কলসির,0.48099857568740845,0.0,1.4809985756874084
স্পীড,0.48098456859588623,0.0,1.4809845685958862
সহপাঠী,0.4809134006500244,0.0,1.4809134006500244
লীগ,0.49096983671188354,0.010101010101010102,1.4808688266108736
আম্পায়,0.4807727336883545,0.0,1.4807727336883545
বসি৷,0.4807444214820862,0.0,1.4807444214820862
নিয়ন্তিত,0.4806809425354004,0.0,1.4806809425354004
গুণগুণ,0.48067134618759155,0.0,1.4806713461875916
সাবান,0.48065483570098877,0.0,1.4806548357009888
পেত,0.48065441846847534,0.0,1.4806544184684753
দাঁড়াতে,0.48051339387893677,0.0,1.4805133938789368
জানালায়,0.48044586181640625,0.0,1.4804458618164062
শুকিয়ে,0.4904847741127014,0.010101010101010102,1.4803837640116915
বোকাসােকা,0.4803757071495056,0.0,1.4803757071495056
থুজে,0.4802809953689575,0.0,1.4802809953689575
বুঝবে,0.4802505373954773,0.0,1.4802505373954773
ফেলতে,0.4802311658859253,0.0,1.4802311658859253
পুষে,0.48011064529418945,0.0,1.4801106452941895
শিরায়,0.48005402088165283,0.0,1.4800540208816528
বিন্যাস,0.48005378246307373,0.0,1.4800537824630737
আসুন৷,0.480024516582489,0.0,1.480024516582489
কোরবানির,0.47997939586639404,0.0,1.479979395866394
ওয়ানে,0.4799760580062866,0.0,1.4799760580062866
পুথিবী,0.4799165725708008,0.0,1.4799165725708008
একাএকা,0.47987329959869385,0.0,1.4798732995986938
জমকালো,0.47985196113586426,0.0,1.4798519611358643
একটানা,0.47982823848724365,0.0,1.4798282384872437
কাজি,0.4898774027824402,0.010101010101010102,1.4797763926814302
খিদের,0.47974592447280884,0.0,1.4797459244728088
উপদেষ্,0.47970300912857056,0.0,1.4797030091285706
চলুন৷,0.47967952489852905,0.0,1.479679524898529
নিচ্ছি,0.4796466827392578,0.0,1.4796466827392578
শিরশির,0.47964560985565186,0.0,1.4796456098556519
অন্ধকারে,0.510404497385025,0.030927835051546393,1.4794766623334787
পরণে,0.4794718623161316,0.0,1.4794718623161316
প্রার্থনার,0.47939056158065796,0.0,1.479390561580658
আতর,0.47936296463012695,0.0,1.479362964630127
সেবক,0.479262113571167,0.0,1.479262113571167
টের,0.479250967502594,0.0,1.479250967502594
মুহূর্,0.47923481464385986,0.0,1.4792348146438599
ব্যবসায়,0.4792156219482422,0.0,1.4792156219482422
আকড়ে,0.4791921377182007,0.0,1.4791921377182007
মোগলা,0.4791816473007202,0.0,1.4791816473007202
ওষুধ,0.4995849132537842,0.02040816326530612,1.479176749988478
নির্বাচন,0.47915202379226685,0.0,1.4791520237922668
ফেলল,0.47914034128189087,0.0,1.4791403412818909
অসুস্থত,0.479094922542572,0.0,1.479094922542572
পায়জামা,0.479045569896698,0.0,1.479045569896698
সমবেত,0.47899389266967773,0.0,1.4789938926696777
ইচ্ছেও,0.4788671135902405,0.0,1.4788671135902405
ঘেউ,0.488932728767395,0.010101010101010102,1.478831718666385
জায়নামাজ,0.48892486095428467,0.010101010101010102,1.4788238508532747
বিধ্বস্ত,0.47876816987991333,0.0,1.4787681698799133
অমৃত,0.478745698928833,0.0,1.478745698928833
সাপ,0.4887825846672058,0.010101010101010102,1.4786815745661959
চাপা,0.47855836153030396,0.0,1.478558361530304
হুজরাখানায়,0.47855550050735474,0.0,1.4785555005073547
কান্ত,0.4785221219062805,0.0,1.4785221219062805
সিনিয়র,0.47851061820983887,0.0,1.4785106182098389
নিভিয়ে,0.47850602865219116,0.0,1.4785060286521912
পেচ্ছাব,0.47843027114868164,0.0,1.4784302711486816
জ্যোৎস্না,0.48851096630096436,0.010101010101010102,1.4784099561999544
সিটে,0.4783581495285034,0.0,1.4783581495285034
নুড়ি,0.4783431887626648,0.0,1.4783431887626648
মরুভূমির,0.4783182144165039,0.0,1.478318214416504
কামড়াবে,0.4781941771507263,0.0,1.4781941771507263
কঠিন,0.4781653881072998,0.0,1.4781653881072998
অগোচরে,0.4781513810157776,0.0,1.4781513810157776
কাল,0.47812914848327637,0.0,1.4781291484832764
মূর্তিমান,0.4781258702278137,0.0,1.4781258702278137
কাগজে,0.4882155656814575,0.010101010101010102,1.4781145555804476
বিবাহিত,0.4781142473220825,0.0,1.4781142473220825
মাজ,0.4780464172363281,0.0,1.4780464172363281
সিপাহি,0.47800523042678833,0.0,1.4780052304267883
লোক৷,0.47798389196395874,0.0,1.4779838919639587
কামরায়,0.4778621196746826,0.0,1.4778621196746826
কিলবিল,0.47779667377471924,0.0,1.4777966737747192
ভবে,0.4777657389640808,0.0,1.4777657389640808
মহান,0.4877679944038391,0.010101010101010102,1.4776669843028292
দূ,0.47766339778900146,0.0,1.4776633977890015
ঘুমো,0.47761404514312744,0.0,1.4776140451431274
কনুইয়ে,0.47753190994262695,0.0,1.477531909942627
ফুট,0.48762381076812744,0.010101010101010102,1.4775228006671175
কাটল৷,0.47750186920166016,0.0,1.4775018692016602
উপলব্ধি,0.47745048999786377,0.0,1.4774504899978638
শিখা,0.4774410128593445,0.0,1.4774410128593445
ফুটফুটে,0.48748064041137695,0.010101010101010102,1.477379630310367
ট্রিগারে,0.4773677587509155,0.0,1.4773677587509155
চোরডাকাত,0.477358341217041,0.0,1.477358341217041
প্রহরী,0.4773474335670471,0.0,1.4773474335670471
রুমালে,0.4773416519165039,0.0,1.477341651916504
আসবেন৷,0.4773143529891968,0.0,1.4773143529891968
বাজল,0.47728580236434937,0.0,1.4772858023643494
তােল৷,0.4772496223449707,0.0,1.4772496223449707
সূর্য,0.47714489698410034,0.0,1.4771448969841003
মাথাখারাপ,0.4770928621292114,0.0,1.4770928621292114
পাঠালাম৷,0.4770622253417969,0.0,1.4770622253417969
সাবধান,0.4770069122314453,0.0,1.4770069122314453
ধুলো,0.4870617985725403,0.010101010101010102,1.4769607884715303
রাগেদুঃখে,0.47684168815612793,0.0,1.476841688156128
পাখি,0.47681814432144165,0.0,1.4768181443214417
শুকনে,0.47677338123321533,0.0,1.4767733812332153
ঠাণ্ডা,0.4867788553237915,0.010101010101010102,1.4766778452227816
প্রাণ,0.48674339056015015,0.010101010101010102,1.4766423804591402
অর্ধ,0.4766407012939453,0.0,1.4766407012939453
লাক,0.47652024030685425,0.0,1.4765202403068542
আলোয়,0.4764510989189148,0.0,1.4764510989189148
সমাদর,0.47640717029571533,0.0,1.4764071702957153
ঘরটায়,0.47638124227523804,0.0,1.476381242275238
তৃপ্তির,0.47635388374328613,0.0,1.4763538837432861
কাজল,0.47630733251571655,0.0,1.4763073325157166
সেক্,0.47628921270370483,0.0,1.4762892127037048
ছারখার,0.4761396646499634,0.0,1.4761396646499634
কমিয়ে,0.4862368702888489,0.010101010101010102,1.476135860187839
কেল,0.476129412651062,0.0,1.476129412651062
ওপরে,0.47607702016830444,0.0,1.4760770201683044
ওঠামাত্র,0.4760494828224182,0.0,1.4760494828224182
সম্মুখীন,0.4760456681251526,0.0,1.4760456681251526
ভূমিকম্পে,0.4758760333061218,0.0,1.4758760333061218
কার্বন,0.4859304428100586,0.010101010101010102,1.4758294327090486
ইজি,0.47581946849823,0.0,1.47581946849823
আতঙ্,0.47580480575561523,0.0,1.4758048057556152
এখনি,0.4757648706436157,0.0,1.4757648706436157
চারশ,0.4757438898086548,0.0,1.4757438898086548
নির্ণয়,0.47571492195129395,0.0,1.475714921951294
শনিব,0.47568100690841675,0.0,1.4756810069084167
কড়াকড়ি,0.475649893283844,0.0,1.475649893283844
টিফিন,0.4960407018661499,0.02040816326530612,1.4756325386008438
রাল,0.4756242036819458,0.0,1.4756242036819458
খোন্দক,0.4755370020866394,0.0,1.4755370020866394
মধু,0.4755352735519409,0.0,1.475535273551941
পালিশ,0.475430965423584,0.0,1.475430965423584
রচনায়,0.4754122495651245,0.0,1.4754122495651245
পুরুষ,0.485473096370697,0.010101010101010102,1.475372086269687
চাবি,0.475358247756958,0.0,1.475358247756958
চালিয়েছিল,0.47535622119903564,0.0,1.4753562211990356
ছিলাম৷,0.4752817749977112,0.0,1.4752817749977112
ক্ষমতায়,0.4752795100212097,0.0,1.4752795100212097
ভাইরাল,0.48531419038772583,0.010101010101010102,1.4752131802867159
অশালীন,0.4751792550086975,0.0,1.4751792550086975
আবােলতাবােল,0.4751599431037903,0.0,1.4751599431037903
বোলা,0.4751134514808655,0.0,1.4751134514808655
অপ্রসন্ন,0.4851941466331482,0.010101010101010102,1.4750931365321382
মোমবাতির,0.47508013248443604,0.0,1.475080132484436
রাজ্জাক,0.47506606578826904,0.0,1.475066065788269
শ্রেষ্ঠ,0.4851657748222351,0.010101010101010102,1.4750647647212252
হাতমুখ,0.48512667417526245,0.010101010101010102,1.4750256640742525
একদিন৷,0.47500675916671753,0.0,1.4750067591667175
ব্যথিত,0.47490501403808594,0.0,1.474905014038086
এইসময়,0.4749041199684143,0.0,1.4749041199684143
লেপতোষক,0.47487586736679077,0.0,1.4748758673667908
ডিমভাজি,0.47476643323898315,0.0,1.4747664332389832
কলাকৌশল,0.4747612476348877,0.0,1.4747612476348877
চাইলাম৷,0.47471439838409424,0.0,1.4747143983840942
আনন্দ,0.4747011661529541,0.0,1.474701166152954
টাওয়,0.47468918561935425,0.0,1.4746891856193542
ধোন,0.4746372699737549,0.0,1.4746372699737549
সাথী,0.47455859184265137,0.0,1.4745585918426514
কাপুরুষ,0.4745228886604309,0.0,1.474522888660431
ঘুপচি,0.47451525926589966,0.0,1.4745152592658997
ধর্মে,0.47450411319732666,0.0,1.4745041131973267
পালাবে,0.4744371771812439,0.0,1.474437177181244
দমাদম,0.4743688106536865,0.0,1.4743688106536865
দেশের,0.4743461608886719,0.0,1.4743461608886719
জীবনীশক্তি,0.4743156433105469,0.0,1.4743156433105469
শেখাবে,0.47427982091903687,0.0,1.4742798209190369
খাঁচা,0.4741837978363037,0.0,1.4741837978363037
শরীরে,0.4842383861541748,0.010101010101010102,1.4741373760531649
কোলাহল,0.47412794828414917,0.0,1.4741279482841492
আবেগপ্রবণ,0.47412019968032837,0.0,1.4741201996803284
কাদে,0.48416775465011597,0.010101010101010102,1.474066744549106
টুকু,0.4739285111427307,0.0,1.4739285111427307
ইচ্ছাই,0.4839804172515869,0.010101010101010102,1.473879407150577
গতবার,0.4738525152206421,0.0,1.473852515220642
হাতুড়ি,0.47380757331848145,0.0,1.4738075733184814
লিস্টে,0.4737430214881897,0.0,1.4737430214881897
মধ্যবয়সী,0.4737392067909241,0.0,1.473739206790924
বিশ্বস্ত,0.4737342596054077,0.0,1.4737342596054077
স্বীকৃত,0.47371047735214233,0.0,1.4737104773521423
মিয়া,0.49409741163253784,0.02040816326530612,1.4736892483672317
দরজায়,0.4837809205055237,0.010101010101010102,1.4736799104045137
দাঁড়ানো,0.4837770462036133,0.010101010101010102,1.4736760361026033
যোগ্য,0.4736226797103882,0.0,1.4736226797103882
জোবেদা,0.48366689682006836,0.010101010101010102,1.4735658867190584
জুতা,0.47353631258010864,0.0,1.4735363125801086
খোলা,0.47340208292007446,0.0,1.4734020829200745
লেখ,0.4734012484550476,0.0,1.4734012484550476
শুনুক,0.4732931852340698,0.0,1.4732931852340698
কাপড়,0.4732291102409363,0.0,1.4732291102409363
নির্বিঘ্নে,0.4732156991958618,0.0,1.4732156991958618
নমুন,0.4731171131134033,0.0,1.4731171131134033
সাঁত,0.4730551838874817,0.0,1.4730551838874817
বীধা,0.4729909300804138,0.0,1.4729909300804138
হোয়াইট,0.4728977680206299,0.0,1.4728977680206299
ময়মনসিংহ,0.4728851318359375,0.0,1.4728851318359375
রেলিংয়,0.47288453578948975,0.0,1.4728845357894897
এয়ারপোর্টে,0.4728502035140991,0.0,1.4728502035140991
ঝাম,0.4728344678878784,0.0,1.4728344678878784
মহাপাপ,0.47276031970977783,0.0,1.4727603197097778
কাব্য,0.47274261713027954,0.0,1.4727426171302795
আকৃষ্ট,0.47266852855682373,0.0,1.4726685285568237
কিনলে,0.4726541042327881,0.0,1.472654104232788
সরে,0.4726499319076538,0.0,1.4726499319076538
সেপ্টেম্বর,0.47251081466674805,0.0,1.472510814666748
পরিষ্ক,0.4825463891029358,0.010101010101010102,1.4724453790019258
রদ্দা,0.4724138379096985,0.0,1.4724138379096985
দ্বিতীয়,0.49280333518981934,0.02040816326530612,1.4723951719245132
দুঃখ,0.4722978472709656,0.0,1.4722978472709656
ঠাসা,0.4721875786781311,0.0,1.472187578678131
ক্ষমতা,0.4721834659576416,0.0,1.4721834659576416
খুঁজছ,0.4720649719238281,0.0,1.4720649719238281
প্যাডে,0.4720489978790283,0.0,1.4720489978790283
বেহুশ,0.4719882011413574,0.0,1.4719882011413574
নদীর,0.49237722158432007,0.02040816326530612,1.471969058319014
এসেছিলাম৷,0.4719485640525818,0.0,1.4719485640525818
তাকে৷,0.47189152240753174,0.0,1.4718915224075317
শীতকাল,0.47185587882995605,0.0,1.471855878829956
গুণ্ডা,0.47183912992477417,0.0,1.4718391299247742
পাহাড়,0.4921531677246094,0.02040816326530612,1.4717450044593032
একর,0.47172677516937256,0.0,1.4717267751693726
কাপছিল,0.4717140793800354,0.0,1.4717140793800354
কফি,0.47167903184890747,0.0,1.4716790318489075
শুক্রব,0.47167402505874634,0.0,1.4716740250587463
ছেলের৷,0.47157198190689087,0.0,1.4715719819068909
অস্বাভাবিকতা,0.47155439853668213,0.0,1.4715543985366821
প্রতিভাধর,0.4715428948402405,0.0,1.4715428948402405
পারতাম৷,0.4714580774307251,0.0,1.471458077430725
নবিজি,0.4815216660499573,0.010101010101010102,1.4714206559489473
ছিমছাম,0.4713863730430603,0.0,1.4713863730430603
দুঃসময়ে,0.4814797639846802,0.010101010101010102,1.4713787538836702
টুপি,0.4917711019515991,0.02040816326530612,1.471362938686293
দেখুক,0.4713245630264282,0.0,1.4713245630264282
উবে,0.4713161587715149,0.0,1.471316158771515
পোষণ,0.47128111124038696,0.0,1.471281111240387
কিলো,0.47127407789230347,0.0,1.4712740778923035
চেনা,0.4712722897529602,0.0,1.4712722897529602
মুখরিত,0.47117066383361816,0.0,1.4711706638336182
ঝাঁঝালো,0.47116005420684814,0.0,1.4711600542068481
সন্তানে,0.4710544943809509,0.0,1.471054494380951
ফরসা,0.48109811544418335,0.010101010101010102,1.4709971053431734
একতলা,0.47098058462142944,0.0,1.4709805846214294
বাহ্,0.47089749574661255,0.0,1.4708974957466125
চতুর,0.47074419260025024,0.0,1.4707441926002502
চিড়িয়,0.47057271003723145,0.0,1.4705727100372314
থামিয়ে,0.48063766956329346,0.010101010101010102,1.4705366594622835
খুটখাট,0.47050929069519043,0.0,1.4705092906951904
আগ্রহে,0.4704670310020447,0.0,1.4704670310020447
লাগিয়,0.47044438123703003,0.0,1.47044438123703
সোফ,0.4704238176345825,0.0,1.4704238176345825
বাঁধন,0.48051023483276367,0.010101010101010102,1.4704092247317537
অট্টহাসি,0.470394492149353,0.0,1.470394492149353
ইচ্ছাকৃত,0.4702224135398865,0.0,1.4702224135398865
দিনে,0.4702144265174866,0.0,1.4702144265174866
ক্ষতবিক্ষত,0.4700964093208313,0.0,1.4700964093208313
মেরেছিল,0.4700593948364258,0.0,1.4700593948364258
শব্দে,0.470056414604187,0.0,1.470056414604187
পেছন,0.4699934720993042,0.0,1.4699934720993042
ধরনের৷,0.4699854850769043,0.0,1.4699854850769043
ক্ষীণস্বরে,0.46994513273239136,0.0,1.4699451327323914
আওয়,0.4699229598045349,0.0,1.469922959804535
সামাজিক,0.4699060916900635,0.0,1.4699060916900635
বিশ্রাম,0.47999972105026245,0.010101010101010102,1.4698987109492525
লাগানো,0.47992759943008423,0.010101010101010102,1.4698265893290743
চুড়ো,0.4697747826576233,0.0,1.4697747826576233
শুনছ,0.46971601247787476,0.0,1.4697160124778748
আনিয়ে,0.46969282627105713,0.0,1.4696928262710571
পেয়াজ,0.4696442484855652,0.0,1.4696442484855652
ঠোকাঠুকি,0.4696224331855774,0.0,1.4696224331855774
মিশনে,0.46961522102355957,0.0,1.4696152210235596
এককথায়,0.47970396280288696,0.010101010101010102,1.469602952701877
শাস্তির,0.4695822596549988,0.0,1.4695822596549988
পৌছেছেন,0.46953803300857544,0.0,1.4695380330085754
ভীতু,0.4693983793258667,0.0,1.4693983793258667
সারারাত,0.47942328453063965,0.010101010101010102,1.4693222744296297
ওজন,0.47941356897354126,0.010101010101010102,1.4693125588725313
লাইব্রেরি,0.4794026017189026,0.010101010101010102,1.4693015916178926
ঠিকঠিক,0.46929776668548584,0.0,1.4692977666854858
এক্ষণ,0.469079852104187,0.0,1.469079852104187
শোয়,0.4690684676170349,0.0,1.469068467617035
রিজার্ভ,0.4690513610839844,0.0,1.4690513610839844
নীল,0.46901029348373413,0.0,1.4690102934837341
অনিয়ম,0.4688963294029236,0.0,1.4688963294029236
আগাছা,0.46887195110321045,0.0,1.4688719511032104
ধরে৷,0.4688115119934082,0.0,1.4688115119934082
অনিশ্চয়তা,0.4688076376914978,0.0,1.4688076376914978
সন্দেহ,0.46877962350845337,0.0,1.4687796235084534
নিলেন৷,0.46874839067459106,0.0,1.468748390674591
স্টেশনে,0.47877585887908936,0.010101010101010102,1.4686748487780794
আলী,0.4686239957809448,0.0,1.4686239957809448
আছি,0.46860378980636597,0.0,1.468603789806366
অত্যন্ত,0.46858710050582886,0.0,1.4685871005058289
ভিতরে,0.4685841202735901,0.0,1.46858412027359
হোস,0.4786708950996399,0.010101010101010102,1.46856988499863
অবর্তমানে,0.4685137867927551,0.0,1.4685137867927551
ওরফে,0.46846359968185425,0.0,1.4684635996818542
টানবে,0.4684346914291382,0.0,1.4684346914291382
আঁকা,0.4785154461860657,0.010101010101010102,1.4684144360850557
গালে,0.47851037979125977,0.010101010101010102,1.4684093696902498
ঘনিষ্ঠতা,0.4682709574699402,0.0,1.4682709574699402
পাঠিয়ে,0.46824193000793457,0.0,1.4682419300079346
গোপনীয়তা,0.46811914443969727,0.0,1.4681191444396973
দাঁড়াবে,0.4680861830711365,0.0,1.4680861830711365
টিকটিক,0.46806401014328003,0.0,1.46806401014328
কর্মকাণ্ডে,0.46802717447280884,0.0,1.4680271744728088
ঝোপ,0.46795886754989624,0.0,1.4679588675498962
ফ্রেম,0.46792471408843994,0.0,1.46792471408844
যন্ত্রণায়,0.48826920986175537,0.02040816326530612,1.4678610465964492
সিরাজ,0.4678570032119751,0.0,1.467857003211975
সমস্যা,0.46783679723739624,0.0,1.4678367972373962
স্কুটারে,0.4677613377571106,0.0,1.4677613377571106
টানছ,0.4676978588104248,0.0,1.4676978588104248
উপড়ে,0.46768784523010254,0.0,1.4676878452301025
পারলে,0.46765702962875366,0.0,1.4676570296287537
বাজছে৷,0.46751755475997925,0.0,1.4675175547599792
অবহেলা,0.4674336910247803,0.0,1.4674336910247803
খাকি,0.4878230094909668,0.02040816326530612,1.4674148462256607
তোর,0.47748905420303345,0.010101010101010102,1.4673880441020235
মূল্যবোধ,0.46735966205596924,0.0,1.4673596620559692
চুলে,0.4981597065925598,0.030927835051546393,1.4672318715410135
অমায়িক,0.4671836495399475,0.0,1.4671836495399475
রূপসী,0.4671616554260254,0.0,1.4671616554260254
জুত,0.47725629806518555,0.010101010101010102,1.4671552879641756
টাদের,0.4772047996520996,0.010101010101010102,1.4671037895510897
ব্যস্তভাবে,0.4670851230621338,0.0,1.4670851230621338
গতিবিধি,0.4670741558074951,0.0,1.4670741558074951
ছো,0.46701908111572266,0.0,1.4670190811157227
বেড়াত,0.46700263023376465,0.0,1.4670026302337646
বাড়াতে,0.46687835454940796,0.0,1.466878354549408
করিয়েছি,0.46683651208877563,0.0,1.4668365120887756
লুকিয়ে,0.46677935123443604,0.0,1.466779351234436
আগবাড়িয়ে,0.4667028784751892,0.0,1.4667028784751892
পরাে,0.4767787456512451,0.010101010101010102,1.4666777355502352
দিছ,0.46642953157424927,0.0,1.4664295315742493
সম্যাসী,0.4663652181625366,0.0,1.4663652181625366
আজীবন,0.46633249521255493,0.0,1.466332495212555
মজনুর,0.4663180708885193,0.0,1.4663180708885193
চিন্তাভাবন,0.4662778377532959,0.0,1.466277837753296
খুকী,0.4662238359451294,0.0,1.4662238359451294
অসহিষ্ণু,0.46619945764541626,0.0,1.4661994576454163
দাউদাউ,0.47627270221710205,0.010101010101010102,1.466171692116092
পলিথিন,0.4661300778388977,0.0,1.4661300778388977
চিকিৎস,0.4660990834236145,0.0,1.4660990834236145
টাকাপয়স,0.4660765528678894,0.0,1.4660765528678894
আল্পাহপাক,0.4660288691520691,0.0,1.466028869152069
আচল,0.4660264253616333,0.0,1.4660264253616333
সাইন,0.46597355604171753,0.0,1.4659735560417175
শীতকালে,0.4659413695335388,0.0,1.4659413695335388
রাখব৷,0.46580809354782104,0.0,1.465808093547821
তাপমাত্র,0.46565717458724976,0.0,1.4656571745872498
তীষণ,0.4656081199645996,0.0,1.4656081199645996
বিরাজ,0.4756084084510803,0.010101010101010102,1.4655073983500704
বেদনা,0.4654986262321472,0.0,1.4654986262321472
কাহিনীর,0.4654466509819031,0.0,1.465446650981903
জীবনে,0.46543407440185547,0.0,1.4654340744018555
হতদরিদ্র,0.4654252529144287,0.0,1.4654252529144287
কাটায়,0.4652753472328186,0.0,1.4652753472328186
পেছ,0.4652416706085205,0.0,1.4652416706085205
আছেএ,0.46519720554351807,0.0,1.465197205543518
মাঝখানে,0.46501219272613525,0.0,1.4650121927261353
টিচ,0.4649900794029236,0.0,1.4649900794029236
বিদেশের,0.4647853970527649,0.0,1.464785397052765
উপচে,0.46476924419403076,0.0,1.4647692441940308
ধুয়ে,0.48515623807907104,0.02040816326530612,1.464748074813765
হাতড়া,0.4748397469520569,0.010101010101010102,1.464738736851047
ইনটেনসিভ,0.4646652936935425,0.0,1.4646652936935425
বসাইয়া,0.4646267890930176,0.0,1.4646267890930176
কোনোকিছুর,0.46457821130752563,0.0,1.4645782113075256
এম্বুলেন্স,0.4645370841026306,0.0,1.4645370841026306
কেঁপে,0.47463423013687134,0.010101010101010102,1.4645332200358614
দয়ালু,0.4645302891731262,0.0,1.4645302891731262
কেঁদে,0.5171188116073608,0.05263157894736842,1.4644872326599925
ব্রিগেডিয়,0.4643403887748718,0.0,1.4643403887748718
ডায়েরি,0.46420586109161377,0.0,1.4642058610916138
খাইয়,0.4742892384529114,0.010101010101010102,1.4641882283519014
আনো,0.4641447067260742,0.0,1.4641447067260742
জ্বালানো,0.4641246795654297,0.0,1.4641246795654297
পাহাড়ে,0.4640360474586487,0.0,1.4640360474586487
স্যান্ডউইচ,0.4639979600906372,0.0,1.4639979600906372
পঞ্চাশেক,0.46398502588272095,0.0,1.463985025882721
আচ্ছ৷,0.4639779329299927,0.0,1.4639779329299927
পুড়,0.46396201848983765,0.0,1.4639620184898376
পড়বি,0.46386009454727173,0.0,1.4638600945472717
পারল,0.46383655071258545,0.0,1.4638365507125854
পিক,0.4739142060279846,0.010101010101010102,1.4638131959269747
হাত৷,0.4637850522994995,0.0,1.4637850522994995
জারি,0.46376895904541016,0.0,1.4637689590454102
খিচুড়ি,0.47385329008102417,0.010101010101010102,1.4637522799800142
বারান্দায়,0.49460679292678833,0.030927835051546393,1.463678957875242
মারল,0.47368520498275757,0.010101010101010102,1.4635841948817476
দুপাশে,0.4635748267173767,0.0,1.4635748267173767
বিকশিত,0.46355384588241577,0.0,1.4635538458824158
ব্যথা,0.4736546277999878,0.010101010101010102,1.4635536176989778
ডাকনাম,0.46347683668136597,0.0,1.463476836681366
সংজ্ঞা,0.46345043182373047,0.0,1.4634504318237305
কামড়াকামড়ি,0.4633970856666565,0.0,1.4633970856666565
আসবাবপত্র,0.46332597732543945,0.0,1.4633259773254395
সেদিন,0.4733838438987732,0.010101010101010102,1.4632828337977632
প্লানিং,0.46328067779541016,0.0,1.4632806777954102
প্ররোচনায়,0.46322643756866455,0.0,1.4632264375686646
অকাতরে,0.46315884590148926,0.0,1.4631588459014893
ধোয়া,0.4631558656692505,0.0,1.4631558656692505
ন্যাক,0.4631478786468506,0.0,1.4631478786468506
অসহায়,0.4631150960922241,0.0,1.4631150960922241
মুছ,0.47318971157073975,0.010101010101010102,1.4630887014697298
চুষে,0.4731403589248657,0.010101010101010102,1.4630393488238558
গ্রেট,0.462935209274292,0.0,1.462935209274292
ধরেছেন,0.46286678314208984,0.0,1.4628667831420898
ফিফ,0.46286624670028687,0.0,1.4628662467002869
ছাড়ি,0.46285104751586914,0.0,1.4628510475158691
গিরগি,0.4627363681793213,0.0,1.4627363681793213
আকর্ষণে,0.4626968502998352,0.0,1.4626968502998352
ট্যাক্সি,0.4626374840736389,0.0,1.462637484073639
আহারে,0.46261751651763916,0.0,1.4626175165176392
প্রবৃত্তি,0.46258896589279175,0.0,1.4625889658927917
টেকনোলজি,0.4625505805015564,0.0,1.4625505805015564
দাখিল,0.472609281539917,0.010101010101010102,1.462508271438907
ডাহা,0.4624708890914917,0.0,1.4624708890914917
ছেলেমানুষী,0.4624309539794922,0.0,1.4624309539794922
পাওয়,0.46241295337677,0.0,1.46241295337677
চিতাবাঘ,0.4623910188674927,0.0,1.4623910188674927
পিত,0.4724811911582947,0.010101010101010102,1.4623801810572847
পাঠা,0.46232157945632935,0.0,1.4623215794563293
বিবাহ,0.4724106192588806,0.010101010101010102,1.4623096091578707
একরা,0.4622735381126404,0.0,1.4622735381126404
কিনেছেন,0.4621888995170593,0.0,1.4621888995170593
বাকি,0.46195554733276367,0.0,1.4619555473327637
হিহি,0.4619472026824951,0.0,1.4619472026824951
গাজা,0.4618883728981018,0.0,1.4618883728981018
ছেলেআমি,0.46186983585357666,0.0,1.4618698358535767
মানঅপমান,0.4618614912033081,0.0,1.461861491203308
অসাড়,0.4718683362007141,0.010101010101010102,1.4617673260997042
হন্তান্তর,0.4617205262184143,0.0,1.4617205262184143
ধরিয়,0.4717841148376465,0.010101010101010102,1.4616831047366365
পরিপা,0.46166205406188965,0.0,1.4616620540618896
মধ্যবিত্ত,0.46164900064468384,0.0,1.4616490006446838
লেকচ,0.4717221260070801,0.010101010101010102,1.4616211159060701
রাষ্ট্র,0.4616173505783081,0.0,1.461617350578308
ঋতু,0.461581289768219,0.0,1.461581289768219
খিদেয়,0.46152907609939575,0.0,1.4615290760993958
পাখির,0.4716050624847412,0.010101010101010102,1.4615040523837313
গণি,0.4614635109901428,0.0,1.4614635109901428
রাখতাম,0.4614145755767822,0.0,1.4614145755767822
পার্বত্য,0.4614061713218689,0.0,1.461406171321869
নাকমুখ,0.4715045094490051,0.010101010101010102,1.4614034993479952
সেগুলে,0.4612801671028137,0.0,1.4612801671028137
সাহায্য,0.4612712860107422,0.0,1.4612712860107422
যেভাবে,0.471341073513031,0.010101010101010102,1.461240063412021
করলএ,0.4611932039260864,0.0,1.4611932039260864
এ্যাডভান্স,0.46110910177230835,0.0,1.4611091017723083
তার্,0.471187949180603,0.010101010101010102,1.461086939079593
চাট,0.4711834192276001,0.010101010101010102,1.4610824091265902
বাস্তব,0.46101462841033936,0.0,1.4610146284103394
চিংক,0.4610118269920349,0.0,1.461011826992035
ক্লান্তি,0.4711036682128906,0.010101010101010102,1.4610026581118807
শাস্ত্র,0.4710455536842346,0.010101010101010102,1.4609445435832247
ধর্মীয়,0.46081215143203735,0.0,1.4608121514320374
তুইও,0.4708783030509949,0.010101010101010102,1.460777292949985
টাইগ,0.48109889030456543,0.02040816326530612,1.4606907270392593
চিহ্নিত,0.4606689214706421,0.0,1.460668921470642
চালক,0.4707629084587097,0.010101010101010102,1.4606618983576998
লুপ্ত,0.46062570810317993,0.0,1.46062570810318
প্যারাসুট,0.46061253547668457,0.0,1.4606125354766846
চিনেছেন,0.4604366421699524,0.0,1.4604366421699524
খাবে৷,0.4603518843650818,0.0,1.4603518843650818
সামুদ্রিক,0.460349977016449,0.0,1.460349977016449
উপন্যাস,0.4603235125541687,0.0,1.4603235125541687
আকশ্মিক,0.4602934718132019,0.0,1.460293471813202
ঢেউয়ে,0.4703674912452698,0.010101010101010102,1.4602664811442598
নেওয়ায়,0.4602585434913635,0.0,1.4602585434913635
সাম্প্রতিক,0.46020644903182983,0.0,1.4602064490318298
কিচমিচ,0.4601536989212036,0.0,1.4601536989212036
উন্মত্ত,0.4600948095321655,0.0,1.4600948095321655
রাস্তায়,0.4600776433944702,0.0,1.4600776433944702
টো,0.4600737690925598,0.0,1.4600737690925598
হুইল,0.4599546194076538,0.0,1.4599546194076538
কিনল,0.4599152207374573,0.0,1.4599152207374573
ঢুকেছেন,0.4599103331565857,0.0,1.4599103331565857
আপাদমস্তক,0.45979011058807373,0.0,1.4597901105880737
বিধ,0.4597388505935669,0.0,1.459738850593567
মানুষণ্ড,0.4597153067588806,0.0,1.4597153067588806
রই,0.46980249881744385,0.010101010101010102,1.459701488716434
প্রতিষ্ঠিত,0.45966893434524536,0.0,1.4596689343452454
একাডেমী,0.4596462845802307,0.0,1.4596462845802307
সার্টিফিকেট,0.45959872007369995,0.0,1.4595987200737
তালা,0.4696528911590576,0.010101010101010102,1.4595518810580477
নাতনির,0.4595130681991577,0.0,1.4595130681991577
শুওর,0.45944350957870483,0.0,1.4594435095787048
লিখি,0.4695388078689575,0.010101010101010102,1.4594377977679476
এলিয়ে,0.4593968987464905,0.0,1.4593968987464905
উন্মুক্ত,0.4593885540962219,0.0,1.459388554096222
সাজানে,0.4593513011932373,0.0,1.4593513011932373
সুইমিং,0.45931994915008545,0.0,1.4593199491500854
বান্ধবীর,0.45929354429244995,0.0,1.45929354429245
গোপন,0.45928800106048584,0.0,1.4592880010604858
দিনরাত্রি,0.46937841176986694,0.010101010101010102,1.459277401668857
খাও,0.4693704843521118,0.010101010101010102,1.4592694742511019
শুইয়ে,0.4592207670211792,0.0,1.4592207670211792
তাঁকিয়ে,0.4592140316963196,0.0,1.4592140316963196
অপবিত্র,0.459208607673645,0.0,1.459208607673645
আবরণ,0.4592059254646301,0.0,1.4592059254646301
বিন্দু,0.45917558670043945,0.0,1.4591755867004395
কীটপতঙ্গ,0.45914584398269653,0.0,1.4591458439826965
কুটিকুটি,0.4590803384780884,0.0,1.4590803384780884
বিনীতভাবে,0.4590190649032593,0.0,1.4590190649032593
ভ্রমণকারী,0.4589218497276306,0.0,1.4589218497276306
ক্যাপ্ট,0.45888853073120117,0.0,1.4588885307312012
জলোচ্ছাস,0.4689733386039734,0.010101010101010102,1.4588723285029634
স্পীডে,0.4588577151298523,0.0,1.4588577151298523
জানালা,0.4588286280632019,0.0,1.458828628063202
লাগাত,0.4588025212287903,0.0,1.4588025212287903
ঘুষি,0.4587894082069397,0.0,1.4587894082069397
মাহবুবুল,0.45876145362854004,0.0,1.45876145362854
উনারে,0.4587121605873108,0.0,1.4587121605873108
বাধানো,0.4687272906303406,0.010101010101010102,1.4586262805293306
আপুত,0.45856714248657227,0.0,1.4585671424865723
জ্কালিয়ে,0.45848602056503296,0.0,1.458486020565033
পুষ্টিকর,0.45844465494155884,0.0,1.4584446549415588
ওভ,0.45843541622161865,0.0,1.4584354162216187
গোলাপি,0.458377480506897,0.0,1.458377480506897
লাফালাফি,0.4583551287651062,0.0,1.4583551287651062
সঞ্চারিত,0.45834916830062866,0.0,1.4583491683006287
সূর,0.4683930277824402,0.010101010101010102,1.4582920176814302
শান্তিনগরে,0.4582826495170593,0.0,1.4582826495170593
সুইচ,0.4582687020301819,0.0,1.4582687020301819
চিবুক,0.4683108329772949,0.010101010101010102,1.458209822876285
জাগরণ,0.4682949185371399,0.010101010101010102,1.45819390843613
পেতেছি,0.45818132162094116,0.0,1.4581813216209412
ক্যামেরা,0.4581727385520935,0.0,1.4581727385520935
গেছি,0.45813316106796265,0.0,1.4581331610679626
ঘুর,0.4784674048423767,0.02040816326530612,1.4580592415770706
কিমা,0.45800650119781494,0.0,1.458006501197815
রাতদুপুরে,0.45800334215164185,0.0,1.4580033421516418
মোড়ে,0.45798444747924805,0.0,1.457984447479248
শুভ্র,0.4579477906227112,0.0,1.4579477906227112
প্লাস্টিক,0.4679885506629944,0.010101010101010102,1.4578875405619844
উঠছে৷,0.46785712242126465,0.010101010101010102,1.4577561123202547
তীব্রতা,0.45775407552719116,0.0,1.4577540755271912
ঘাটে,0.4577404260635376,0.0,1.4577404260635376
ডেন,0.4574599266052246,0.0,1.4574599266052246
নেকড়ে,0.4573638439178467,0.0,1.4573638439178467
তথাকথিত,0.4573330879211426,0.0,1.4573330879211426
যাপন,0.4672876000404358,0.010101010101010102,1.4571865899394258
নিউজউইক,0.46724462509155273,0.010101010101010102,1.4571436149905428
কাপুনি,0.4571017622947693,0.0,1.4571017622947693
পরেছেন,0.46706974506378174,0.010101010101010102,1.4569687349627718
ভদ্রভাবে,0.4569224715232849,0.0,1.456922471523285
তেত,0.456890344619751,0.0,1.456890344619751
সারানো,0.4568307399749756,0.0,1.4568307399749756
শাড়ি,0.46690434217453003,0.010101010101010102,1.45680333207352
আচানক,0.456795334815979,0.0,1.456795334815979
দ্বিধান্বিত,0.4668951630592346,0.010101010101010102,1.4567941529582247
কানাচে,0.4668288826942444,0.010101010101010102,1.4567278725932344
ময়না,0.45668351650238037,0.0,1.4566835165023804
চকিত,0.45656728744506836,0.0,1.4565672874450684
চেয়েছিল৷,0.45655250549316406,0.0,1.456552505493164
ক্ষে,0.4565420150756836,0.0,1.4565420150756836
কোনোদি,0.4565237760543823,0.0,1.4565237760543823
সজীব,0.4565088748931885,0.0,1.4565088748931885
ঢুকি,0.4564759135246277,0.0,1.4564759135246277
রুদ্ধ,0.4564235806465149,0.0,1.456423580646515
দায়িত্ব,0.4664371609687805,0.010101010101010102,1.4563361508677706
বার৷,0.4563171863555908,0.0,1.4563171863555908
একরাশ,0.4562891125679016,0.0,1.4562891125679016
কোর্টে,0.45625853538513184,0.0,1.4562585353851318
রেশমী,0.4562227129936218,0.0,1.4562227129936218
সেইজন্য,0.4561886787414551,0.0,1.456188678741455
দুপা,0.45617955923080444,0.0,1.4561795592308044
প্রধানমন্তী,0.4561285376548767,0.0,1.4561285376548767
উড়ে,0.4560716152191162,0.0,1.4560716152191162
চৈত্র,0.46615976095199585,0.010101010101010102,1.456058750850986
পাহাড়ি,0.45603102445602417,0.0,1.4560310244560242
আঠালো,0.4560304284095764,0.0,1.4560304284095764
চিংড়ি,0.45599204301834106,0.0,1.455992043018341
নুরু,0.45597702264785767,0.0,1.4559770226478577
লাগেনি,0.4559095501899719,0.0,1.455909550189972
সাপ্তাহিক,0.45584553480148315,0.0,1.4558455348014832
ফাজলেমি,0.45579802989959717,0.0,1.4557980298995972
ম্যাসেজ,0.4557827115058899,0.0,1.45578271150589
চুড়ির,0.45577818155288696,0.0,1.455778181552887
ওঠ৷,0.4557635188102722,0.0,1.4557635188102722
রেজান্ট,0.45571964979171753,0.0,1.4557196497917175
দিনদিন,0.4557116627693176,0.0,1.4557116627693176
ডু,0.45570123195648193,0.0,1.455701231956482
পাইকারি,0.4556456208229065,0.0,1.4556456208229065
স্মার্ট,0.45529162883758545,0.0,1.4552916288375854
জ্যাকেট,0.4552752375602722,0.0,1.4552752375602722
কাদি,0.45527106523513794,0.0,1.455271065235138
মুহ,0.4652625322341919,0.010101010101010102,1.455161522133182
মধ্যরা,0.45511895418167114,0.0,1.4551189541816711
জটলা,0.4551156163215637,0.0,1.4551156163215637
মুখ৷,0.4550841450691223,0.0,1.4550841450691223
অনন্ত,0.4549630284309387,0.0,1.4549630284309387
ঘিরে,0.45494651794433594,0.0,1.454946517944336
পাখা,0.485847532749176,0.030927835051546393,1.4549196976976297
স্বাক্ষর,0.46498703956604004,0.010101010101010102,1.45488602946503
নির্মলেন্দু,0.45486873388290405,0.0,1.454868733882904
বলতে৷,0.4547997713088989,0.0,1.454799771308899
পিটিশন,0.4547562599182129,0.0,1.454756259918213
বিপদ,0.4647950530052185,0.010101010101010102,1.4546940429042086
নখে,0.4546729326248169,0.0,1.454672932624817
চুন,0.45463627576828003,0.0,1.45463627576828
কেন্দীয়,0.45460671186447144,0.0,1.4546067118644714
পরিচয়,0.45458728075027466,0.0,1.4545872807502747
যোগাযোগ,0.46467941999435425,0.010101010101010102,1.4545784098933443
ম্ভী,0.4545762538909912,0.0,1.4545762538909912
ক্যামেরার,0.4545590281486511,0.0,1.4545590281486511
মহাকাশযাত্রী,0.45444488525390625,0.0,1.4544448852539062
সূত্রে,0.464493989944458,0.010101010101010102,1.454392979843448
হুহু,0.4543529152870178,0.0,1.4543529152870178
মেয়,0.45425307750701904,0.0,1.454253077507019
আলাদা৷,0.45421189069747925,0.0,1.4542118906974792
দোকানে,0.45420414209365845,0.0,1.4542041420936584
আবহাওয়া,0.4642653465270996,0.010101010101010102,1.4541643364260897
সহকমী,0.45415377616882324,0.0,1.4541537761688232
জুতোর,0.464252769947052,0.010101010101010102,1.454151759846042
চড়ু,0.46420037746429443,0.010101010101010102,1.4540993673632845
মুরগি,0.47449934482574463,0.02040816326530612,1.4540911815604385
চেহ,0.48495543003082275,0.030927835051546393,1.4540275949792765
লম্বাটে,0.45396047830581665,0.0,1.4539604783058167
ঘোলা,0.47432535886764526,0.02040816326530612,1.4539171956023391
অধীর,0.45389068126678467,0.0,1.4538906812667847
চিন্তাযুক্ত,0.45385420322418213,0.0,1.4538542032241821
মেজাজে,0.4538499116897583,0.0,1.4538499116897583
রশি,0.4537990093231201,0.0,1.4537990093231201
দোকান,0.45378851890563965,0.0,1.4537885189056396
ভাজা,0.4537258744239807,0.0,1.4537258744239807
ভাবো,0.4637690782546997,0.010101010101010102,1.4536680681536898
ছাড়িয়া,0.4536248445510864,0.0,1.4536248445510864
ঝুলিয়ে,0.47402703762054443,0.02040816326530612,1.4536188743552383
ব্যাপারটা,0.45358818769454956,0.0,1.4535881876945496
পোষ,0.45356202125549316,0.0,1.4535620212554932
আলস্য,0.45351552963256836,0.0,1.4535155296325684
নিবিক,0.4534698724746704,0.0,1.4534698724746704
বুড়ির,0.4534606337547302,0.0,1.4534606337547302
শখানেক,0.45344316959381104,0.0,1.453443169593811
উন্মোচন,0.46338677406311035,0.010101010101010102,1.4532857639621004
পীর,0.4531880021095276,0.0,1.4531880021095276
এজেন্ট,0.4531235694885254,0.0,1.4531235694885254
দশেকের,0.4531159996986389,0.0,1.453115999698639
সাদৃশ্য,0.4530898928642273,0.0,1.4530898928642273
বালিশে,0.45303624868392944,0.0,1.4530362486839294
মাড়,0.4530034065246582,0.0,1.4530034065246582
অস্ত্র,0.46304190158843994,0.010101010101010102,1.45294089148743
টাদা,0.45292168855667114,0.0,1.4529216885566711
প্রতিফলিত,0.4526187777519226,0.0,1.4526187777519226
রুগ্ন,0.4526159167289734,0.0,1.4526159167289734
শুয়োর,0.4526045322418213,0.0,1.4526045322418213
অমূল্য,0.45258355140686035,0.0,1.4525835514068604
সম্পূর্ণ,0.4626741409301758,0.010101010101010102,1.4525731308291658
চৌকোণা,0.45255064964294434,0.0,1.4525506496429443
নির্জনতা,0.4525253176689148,0.0,1.4525253176689148
শুনছিল,0.46259182691574097,0.010101010101010102,1.452490816814731
বেমানান,0.4524666666984558,0.0,1.4524666666984558
বিশ্বাস৷,0.4523928761482239,0.0,1.4523928761482239
বর্ষায়,0.45237910747528076,0.0,1.4523791074752808
বিদ্যুত,0.4624425768852234,0.010101010101010102,1.4523415667842134
সহকর্মী,0.45232588052749634,0.0,1.4523258805274963
আয়েশ,0.4521152973175049,0.0,1.4521152973175049
গামছা,0.45189130306243896,0.0,1.451891303062439
চেচামেচি,0.4619831442832947,0.010101010101010102,1.4518821341822847
তেড়ে,0.4518647789955139,0.0,1.451864778995514
জোচ্চোর,0.45181477069854736,0.0,1.4518147706985474
করেননি,0.45177704095840454,0.0,1.4517770409584045
ইচ্ছা,0.4517707824707031,0.0,1.4517707824707031
বিধিনিষেধ,0.4517667889595032,0.0,1.4517667889595032
পাতায়,0.45175451040267944,0.0,1.4517545104026794
তামাক,0.4517228603363037,0.0,1.4517228603363037
পরীক্ষিত,0.4517207145690918,0.0,1.4517207145690918
রুপ,0.4516580104827881,0.0,1.451658010482788
সামল,0.4515882134437561,0.0,1.451588213443756
লেপ,0.4515529274940491,0.0,1.451552927494049
হারাবে,0.45135587453842163,0.0,1.4513558745384216
দেখাবি,0.4512689709663391,0.0,1.4512689709663391
যাইনি,0.4512624740600586,0.0,1.4512624740600586
জিয়ারত,0.4512578845024109,0.0,1.4512578845024109
অবৈধ,0.4511963725090027,0.0,1.4511963725090027
শীঘ্র,0.451191246509552,0.0,1.451191246509552
ছেয়ে,0.4511836767196655,0.0,1.4511836767196655
বেশরম,0.4510125517845154,0.0,1.4510125517845154
হাসবে,0.4610303044319153,0.010101010101010102,1.4509292943309053
তেরো,0.4508715867996216,0.0,1.4508715867996216
যাদুকর,0.4508397579193115,0.0,1.4508397579193115
ইতন্তত,0.45082777738571167,0.0,1.4508277773857117
ঝটকায়,0.45079100131988525,0.0,1.4507910013198853
ভবিষ্যতে,0.4507855176925659,0.0,1.450785517692566
চাইতাম,0.45078521966934204,0.0,1.450785219669342
রয়েল,0.4711291790008545,0.02040816326530612,1.4507210157355483
হাদিসে,0.46074336767196655,0.010101010101010102,1.4506423575709566
কাগজকলম,0.4606562852859497,0.010101010101010102,1.4505552751849398
কমিউনি,0.45050644874572754,0.0,1.4505064487457275
লোনা,0.45039790868759155,0.0,1.4503979086875916
আমদানি,0.45035600662231445,0.0,1.4503560066223145
ইলেকট্রন,0.45022767782211304,0.0,1.450227677822113
সোয়াব,0.4603150486946106,0.010101010101010102,1.4502140385936007
অক্টোবর,0.46030986309051514,0.010101010101010102,1.4502088529895052
মেশা,0.4502074718475342,0.0,1.4502074718475342
কাড়াকাড়ি,0.45020073652267456,0.0,1.4502007365226746
ভাবিনি,0.45018017292022705,0.0,1.450180172920227
পৌঁছু,0.4501745104789734,0.0,1.4501745104789734
নম্বরে,0.4501563310623169,0.0,1.450156331062317
ঝাল,0.4704798460006714,0.02040816326530612,1.4500716827353652
নারে,0.4500196576118469,0.0,1.450019657611847
ঢুকল৷,0.4499380588531494,0.0,1.4499380588531494
জুম্ম,0.4600066542625427,0.010101010101010102,1.4499056441615328
ঝাপসা,0.44984114170074463,0.0,1.4498411417007446
রূপালী,0.4497807025909424,0.0,1.4497807025909424
পড়ুন,0.44977980852127075,0.0,1.4497798085212708
বাজাত,0.4497445225715637,0.0,1.4497445225715637
ঝুলছে৷,0.44973766803741455,0.0,1.4497376680374146
ছাপানো,0.4497210383415222,0.0,1.4497210383415222
পুষ্প,0.44962799549102783,0.0,1.4496279954910278
প্রশ্বাস,0.44953453540802,0.0,1.44953453540802
রাস্তা,0.4596201181411743,0.010101010101010102,1.4495191080401644
চেয়ারটেবিল,0.4494984745979309,0.0,1.449498474597931
বাবুর্,0.4494650363922119,0.0,1.449465036392212
শেলফ,0.4493829011917114,0.0,1.4493829011917114
ছেলেট,0.4492715001106262,0.0,1.4492715001106262
অসংলগ্ন,0.4492567181587219,0.0,1.449256718158722
চিরকুট,0.44919973611831665,0.0,1.4491997361183167
মলিন,0.4491797089576721,0.0,1.4491797089576721
কোটা,0.44912010431289673,0.0,1.4491201043128967
বুদ্ধিমতী,0.44911789894104004,0.0,1.44911789894104
বয়েসী,0.449102520942688,0.0,1.449102520942688
নামিয়ে,0.44908660650253296,0.0,1.449086606502533
শাষ,0.44908154010772705,0.0,1.449081540107727
অর্থনীতির,0.4591555595397949,0.010101010101010102,1.449054549438785
ভালবাস,0.4589894413948059,0.010101010101010102,1.448888431293796
গোলযোগ,0.44887322187423706,0.0,1.448873221874237
দৈহিক,0.4589431881904602,0.010101010101010102,1.4488421780894503
সুড়ঙ্গ,0.4589427709579468,0.010101010101010102,1.4488417608569368
ভায়,0.4487069845199585,0.0,1.4487069845199585
ফাটল,0.4486362934112549,0.0,1.4486362934112549
ঝটকা,0.4587222933769226,0.010101010101010102,1.4486212832759127
খােল,0.44861865043640137,0.0,1.4486186504364014
শুষে,0.4587141275405884,0.010101010101010102,1.4486131174395784
মাগরেবের,0.47948455810546875,0.030927835051546393,1.4485567230539225
তরমুজ,0.4483383297920227,0.0,1.4483383297920227
ঢেক,0.45842868089675903,0.010101010101010102,1.448327670795749
স্বস্তিবোধ,0.45841020345687866,0.010101010101010102,1.4483091933558687
শিয়ে,0.44827693700790405,0.0,1.448276937007904
বোনা,0.448234498500824,0.0,1.448234498500824
উল্লাসে,0.44823354482650757,0.0,1.4482335448265076
পাণ্ড,0.4482039213180542,0.0,1.4482039213180542
ভরপুর,0.45828765630722046,0.010101010101010102,1.4481866462062105
চাকা,0.448184609413147,0.0,1.448184609413147
ক্ষতির,0.458279013633728,0.010101010101010102,1.448178003532718
চষে,0.44815272092819214,0.0,1.4481527209281921
অসমান,0.4480666518211365,0.0,1.4480666518211365
থু,0.44804495573043823,0.0,1.4480449557304382
যুদ্ধ,0.4480048418045044,0.0,1.4480048418045044
ধোয়ায়,0.4479910731315613,0.0,1.4479910731315613
ডিফেক্ট,0.44797664880752563,0.0,1.4479766488075256
পিরিচ,0.44797319173812866,0.0,1.4479731917381287
ঘাপ,0.44796037673950195,0.0,1.447960376739502
আন্তানা,0.4479573369026184,0.0,1.4479573369026184
পারিবে,0.44791179895401,0.0,1.44791179895401
প্রসাধন,0.44790762662887573,0.0,1.4479076266288757
স্বাদ,0.4681715965270996,0.02040816326530612,1.4477634332617935
নেব,0.4477573037147522,0.0,1.4477573037147522
হুস,0.4477534294128418,0.0,1.4477534294128418
সবজির,0.44770556688308716,0.0,1.4477055668830872
পাল্ল,0.4476916193962097,0.0,1.4476916193962097
শিখলে,0.4476563334465027,0.0,1.4476563334465027
ড্রাইভ,0.489257276058197,0.041666666666666664,1.4475906093915305
চিন,0.4475770592689514,0.0,1.4475770592689514
জুড়ে,0.44756191968917847,0.0,1.4475619196891785
নিসে,0.44749248027801514,0.0,1.4474924802780151
কামনা,0.4474557638168335,0.0,1.4474557638168335
সমবয়সী,0.44729793071746826,0.0,1.4472979307174683
পৌছ,0.45736944675445557,0.010101010101010102,1.4472684366534456
নির্ধারিত,0.4471859335899353,0.0,1.4471859335899353
পাড়ানোর,0.4471542239189148,0.0,1.4471542239189148
ছড়ানে,0.44713228940963745,0.0,1.4471322894096375
হাপর,0.44704335927963257,0.0,1.4470433592796326
কাউন্,0.4469640851020813,0.0,1.4469640851020813
পৃষ্ঠায়,0.4570452570915222,0.010101010101010102,1.4469442469905123
মেজো,0.4469372630119324,0.0,1.4469372630119324
হওয়াও,0.4469362497329712,0.0,1.4469362497329712
আঁক,0.44678133726119995,0.0,1.4467813372612
অল্পবয়সী,0.4466867446899414,0.0,1.4466867446899414
শুনো,0.446658730506897,0.0,1.446658730506897
দুর্লভ,0.4466228485107422,0.0,1.4466228485107422
ড্রাইভারটা,0.4464481472969055,0.0,1.4464481472969055
ধানমণ্ডির,0.4463046193122864,0.0,1.4463046193122864
হাসপাতালে,0.4462968707084656,0.0,1.4462968707084656
জীবনযাত্র,0.4462743401527405,0.0,1.4462743401527405
হোয়াট,0.44617146253585815,0.0,1.4461714625358582
আলমারির,0.44613122940063477,0.0,1.4461312294006348
অমর,0.4460875988006592,0.0,1.4460875988006592
দেরি,0.4460020661354065,0.0,1.4460020661354065
হুইস্কি,0.45604509115219116,0.010101010101010102,1.4459440810511812
ডানপাশে,0.44584155082702637,0.0,1.4458415508270264
এগারটা,0.4458214044570923,0.0,1.4458214044570923
মিলাদ,0.4457157850265503,0.0,1.4457157850265503
ক্লাস,0.4661160707473755,0.02040816326530612,1.4457079074820693
মাঝে,0.445706307888031,0.0,1.445706307888031
ভিতর,0.44568538665771484,0.0,1.4456853866577148
লুটোপু,0.4456678032875061,0.0,1.445667803287506
কৃতিত্ব,0.4456127882003784,0.0,1.4456127882003784
সারে,0.45564067363739014,0.010101010101010102,1.4455396635363802
ভাস,0.4454256296157837,0.0,1.4454256296157837
বন্ধুত্ব,0.4453771710395813,0.0,1.4453771710395813
টায়ার্ড,0.44536662101745605,0.0,1.445366621017456
জার্মানী,0.445331335067749,0.0,1.445331335067749
সূচনা,0.44530612230300903,0.0,1.445306122303009
তড়াক,0.4452648162841797,0.0,1.4452648162841797
দেখিলে,0.45533204078674316,0.010101010101010102,1.4452310306857332
অপরাধবোধ,0.4452309012413025,0.0,1.4452309012413025
রঙে,0.4552995562553406,0.010101010101010102,1.4451985461543306
নভেম্বর,0.4655056595802307,0.02040816326530612,1.4450974963149246
শোন,0.4450685381889343,0.0,1.4450685381889343
দেয়,0.4450107216835022,0.0,1.4450107216835022
লোপ,0.44498395919799805,0.0,1.444983959197998
নাজানি,0.44496089220046997,0.0,1.44496089220047
মুখে৷,0.4449145197868347,0.0,1.4449145197868347
ধাতুর,0.44489288330078125,0.0,1.4448928833007812
স্মরণীয়,0.4448683261871338,0.0,1.4448683261871338
তালগাছ,0.4448680281639099,0.0,1.44486802816391
লোকজন,0.4549243450164795,0.010101010101010102,1.4448233349154695
ডাল,0.4756903648376465,0.030927835051546393,1.4447625297861002
প্যাচানো,0.4446221590042114,0.0,1.4446221590042114
দীত,0.4444394111633301,0.0,1.44443941116333
মাঘ,0.45453131198883057,0.010101010101010102,1.4444303018878206
নিঃশেষ,0.44442349672317505,0.0,1.444423496723175
আইল্যান্ড,0.4443987011909485,0.0,1.4443987011909485
আলোকিত,0.464773952960968,0.02040816326530612,1.4443657896956619
তোয়ালে,0.4543914794921875,0.010101010101010102,1.4442904693911776
পুনশ্চ,0.44428688287734985,0.0,1.4442868828773499
ধাঁধা,0.44423627853393555,0.0,1.4442362785339355
ঝুলন্ত,0.44411689043045044,0.0,1.4441168904304504
শাবল,0.4440600275993347,0.0,1.4440600275993347
হুর,0.44397616386413574,0.0,1.4439761638641357
খাটানো,0.4540613293647766,0.010101010101010102,1.4439603192637667
বুঝি,0.4439299702644348,0.0,1.4439299702644348
নেড়ে,0.5077572464942932,0.06382978723404255,1.4439274592602507
দিমু,0.443881094455719,0.0,1.443881094455719
ভূতুড়ে,0.44388020038604736,0.0,1.4438802003860474
ঘুমোচ্,0.44387543201446533,0.0,1.4438754320144653
জিনি,0.4437258839607239,0.0,1.4437258839607239
দেখো৷,0.4436936378479004,0.0,1.4436936378479004
আটা,0.44367969036102295,0.0,1.443679690361023
বিজ,0.44366830587387085,0.0,1.4436683058738708
চূড়া,0.44353169202804565,0.0,1.4435316920280457
ফ্লাট,0.44344383478164673,0.0,1.4434438347816467
লিখ,0.463819682598114,0.02040816326530612,1.4434115193328079
রােদ,0.44332635402679443,0.0,1.4433263540267944
বসিয়েছেন,0.44323480129241943,0.0,1.4432348012924194
বাম্প,0.45330506563186646,0.010101010101010102,1.4432040555308565
ফুড়ে,0.4430757164955139,0.0,1.443075716495514
বৃদ্ধি,0.44303858280181885,0.0,1.4430385828018188
ভাঙলে,0.4430040121078491,0.0,1.4430040121078491
দুদিনে,0.4428710341453552,0.0,1.4428710341453552
বাড়িয়ে,0.4428468346595764,0.0,1.4428468346595764
যোদ্ধা,0.4428368806838989,0.0,1.442836880683899
অবিলম্বে,0.4427794814109802,0.0,1.4427794814109802
আগস্ট,0.4631618857383728,0.02040816326530612,1.4427537224730667
আপিল,0.44271183013916016,0.0,1.4427118301391602
রেখেছিস,0.44269412755966187,0.0,1.4426941275596619
করিবে,0.45265650749206543,0.010101010101010102,1.4425554973910555
বুঝেছেন,0.4425191283226013,0.0,1.4425191283226013
মাইল,0.44248366355895996,0.0,1.44248366355896
সভায়,0.44245457649230957,0.0,1.4424545764923096
বাষ্প,0.4424305558204651,0.0,1.442430555820465
ট্যাং,0.45242053270339966,0.010101010101010102,1.4423195226023897
আযম,0.442232608795166,0.0,1.442232608795166
বিদীর্ণ,0.44216781854629517,0.0,1.4421678185462952
পাম্প,0.4420316219329834,0.0,1.4420316219329834
অভিন্ন,0.4420308470726013,0.0,1.4420308470726013
কিড়মিড়,0.44202351570129395,0.0,1.442023515701294
পবিত্রতা,0.4419955015182495,0.0,1.4419955015182495
ফসফরাস,0.4419817328453064,0.0,1.4419817328453064
লিখিত,0.4520761966705322,0.010101010101010102,1.4419751865695223
উঠছিল,0.44188839197158813,0.0,1.4418883919715881
ইঞ্জিন,0.4519116282463074,0.010101010101010102,1.4418106181452974
বিজ্ঞপ্তি,0.4417873024940491,0.0,1.441787302494049
মতিঝিলে,0.45184046030044556,0.010101010101010102,1.4417394501994356
কাটছিল,0.4417368173599243,0.0,1.4417368173599243
ডাকছ,0.44167619943618774,0.0,1.4416761994361877
পাশ্চাত্য,0.451755166053772,0.010101010101010102,1.441654155952762
হাসতে,0.45163363218307495,0.010101010101010102,1.441532622082065
আশ্চর্য,0.4414629340171814,0.0,1.4414629340171814
পায়,0.45152485370635986,0.010101010101010102,1.44142384360535
মুক্তিযুদ্ধে,0.45144230127334595,0.010101010101010102,1.441341291172336
আবার৷,0.4413377046585083,0.0,1.4413377046585083
চাকরিবাকরি,0.44128507375717163,0.0,1.4412850737571716
যন্ত্রণাকাতর,0.44109195470809937,0.0,1.4410919547080994
লাগাল,0.4410371780395508,0.0,1.4410371780395508
তিল,0.440973699092865,0.0,1.440973699092865
কিন৷,0.4409419894218445,0.0,1.4409419894218445
আটটায়,0.4409416913986206,0.0,1.4409416913986206
কানে,0.45104068517684937,0.010101010101010102,1.4409396750758394
ভুলে,0.44093650579452515,0.0,1.4409365057945251
খুকি,0.44091975688934326,0.0,1.4409197568893433
অসামান্য,0.4509611129760742,0.010101010101010102,1.4408601028750643
নাড়,0.46122920513153076,0.02040816326530612,1.4408210418662246
চায়ে,0.4507104754447937,0.010101010101010102,1.4406094653437838
দেড়টায়,0.44059646129608154,0.0,1.4405964612960815
অতলে,0.44059306383132935,0.0,1.4405930638313293
সাড়ে,0.44052231311798096,0.0,1.440522313117981
মিরপুর,0.44050878286361694,0.0,1.440508782863617
দাড়ি,0.5043000876903534,0.06382978723404255,1.4404703004563109
আইজ,0.4608452320098877,0.02040816326530612,1.4404370687445816
ফিস,0.440346896648407,0.0,1.440346896648407
খেলা,0.49297457933425903,0.05263157894736842,1.4403430003868907
ঢেউয়,0.45044219493865967,0.010101010101010102,1.4403411848376497
অদ্য,0.44032543897628784,0.0,1.4403254389762878
পিছলে,0.4503990411758423,0.010101010101010102,1.4402980310748323
লোহিত,0.4401009678840637,0.0,1.4401009678840637
মহারাজা,0.4400867223739624,0.0,1.4400867223739624
ফ্যানে,0.44001060724258423,0.0,1.4400106072425842
নিউটন,0.44000309705734253,0.0,1.4400030970573425
খাদ,0.4501011371612549,0.010101010101010102,1.440000127060245
নারকেল,0.45000457763671875,0.010101010101010102,1.4399035675357088
পাইপে,0.4398103356361389,0.0,1.439810335636139
ফুটি,0.4396827220916748,0.0,1.4396827220916748
অজ,0.4396417737007141,0.0,1.4396417737007141
পানা,0.4396313428878784,0.0,1.4396313428878784
নাখেয়ে,0.44969189167022705,0.010101010101010102,1.439590881569217
হাতপায়,0.43955373764038086,0.0,1.4395537376403809
আর্ত,0.4394140839576721,0.0,1.4394140839576721
বন্ধুকে,0.4393930435180664,0.0,1.4393930435180664
দপ্তরে,0.43927472829818726,0.0,1.4392747282981873
শ্রী,0.439262330532074,0.0,1.439262330532074
প্রক্রিয়ায়,0.43926072120666504,0.0,1.439260721206665
পকেট,0.459622859954834,0.02040816326530612,1.4392146966895278
স্টাফ,0.43917936086654663,0.0,1.4391793608665466
মেঘাচ্ছন্ন,0.4391167163848877,0.0,1.4391167163848877
অতল,0.439092218875885,0.0,1.439092218875885
অ্যা,0.4491416811943054,0.010101010101010102,1.4390406710932955
করেস,0.4390043020248413,0.0,1.4390043020248413
নাচগান,0.43898725509643555,0.0,1.4389872550964355
সংকীর্ণ,0.4389238953590393,0.0,1.4389238953590393
খান,0.43892359733581543,0.0,1.4389235973358154
লোহা,0.4389116168022156,0.0,1.4389116168022156
জ্ঞান,0.4488877058029175,0.010101010101010102,1.4387866957019075
থিতিয়ে,0.43874526023864746,0.0,1.4387452602386475
থাম,0.4387251138687134,0.0,1.4387251138687134
গলা৷,0.4386729598045349,0.0,1.438672959804535
কমলে,0.4386367201805115,0.0,1.4386367201805115
পরমাণু,0.4386223554611206,0.0,1.4386223554611206
মুচকি,0.43850618600845337,0.0,1.4385061860084534
বরিশাল,0.4384623169898987,0.0,1.4384623169898987
রংপুর,0.4384092688560486,0.0,1.4384092688560486
ফিরিয়ে,0.448428213596344,0.010101010101010102,1.438327203495334
মহাকবি,0.43829911947250366,0.0,1.4382991194725037
একমুঠো,0.4382808208465576,0.0,1.4382808208465576
ক্লিপ,0.4382408857345581,0.0,1.438240885734558
সম্ভাষণ,0.4382089376449585,0.0,1.4382089376449585
বসু,0.4381985664367676,0.0,1.4381985664367676
আনাচে,0.4482874274253845,0.010101010101010102,1.4381864173243746
বোকা৷,0.4381251931190491,0.0,1.438125193119049
কিন্তি,0.438090980052948,0.0,1.438090980052948
সত্যিসত্যি,0.43807458877563477,0.0,1.4380745887756348
উল্লেখযোগ্য,0.44806110858917236,0.010101010101010102,1.4379600984881624
নিছক,0.4377509355545044,0.0,1.4377509355545044
ক্ষান্ত,0.43759995698928833,0.0,1.4375999569892883
স্যালুট,0.4375653862953186,0.0,1.4375653862953186
রাঙা,0.4375055432319641,0.0,1.4375055432319641
বেঁধে,0.44759637117385864,0.010101010101010102,1.4374953610728487
বাবাকে,0.4374208450317383,0.0,1.4374208450317383
ঝাপটায়,0.4372174143791199,0.0,1.4372174143791199
সাজ্জাদ,0.43720370531082153,0.0,1.4372037053108215
গেছে৷,0.43708860874176025,0.0,1.4370886087417603
চাকরি,0.44717633724212646,0.010101010101010102,1.4370753271411165
বিচারপতি,0.447145938873291,0.010101010101010102,1.437044928772281
সেবায়,0.43702495098114014,0.0,1.4370249509811401
সমৃদ্ধির,0.43699318170547485,0.0,1.4369931817054749
ধাচ,0.43693697452545166,0.0,1.4369369745254517
বিদ্রুপ,0.436889111995697,0.0,1.436889111995697
তারটি,0.43675166368484497,0.0,1.436751663684845
মূল্যে,0.44678282737731934,0.010101010101010102,1.4366818172763094
হলু,0.4467305541038513,0.010101010101010102,1.4366295440028414
দ্যাথ,0.4365643858909607,0.0,1.4365643858909607
টেবিলে,0.43654441833496094,0.0,1.436544418334961
পরিচালন,0.4365299940109253,0.0,1.4365299940109253
আলতোভাবে,0.43651509284973145,0.0,1.4365150928497314
ট্যুর,0.43642133474349976,0.0,1.4364213347434998
ছিড়,0.4363529682159424,0.0,1.4363529682159424
একাত্তর,0.4363497495651245,0.0,1.4363497495651245
স্বার্থ,0.4362889528274536,0.0,1.4362889528274536
ভঙ্গি,0.45666176080703735,0.02040816326530612,1.4362535975417312
ঘুমুচ্,0.4361967444419861,0.0,1.436196744441986
লতা,0.44621461629867554,0.010101010101010102,1.4361136061976656
কুয়াশায়,0.436077356338501,0.0,1.436077356338501
ছেলে৷,0.4460851550102234,0.010101010101010102,1.4359841449092134
সাংকেতিক,0.4563322067260742,0.02040816326530612,1.435924043460768
পাঠাল,0.43579965829849243,0.0,1.4357996582984924
গুড়ি,0.43576812744140625,0.0,1.4357681274414062
ফুটে,0.43576472997665405,0.0,1.435764729976654
ট্রে,0.43575501441955566,0.0,1.4357550144195557
ছেলে,0.43567943572998047,0.0,1.4356794357299805
গ্যারেজ,0.4356536865234375,0.0,1.4356536865234375
শুনে৷,0.4356173276901245,0.0,1.4356173276901245
পাজর,0.4456809163093567,0.010101010101010102,1.4355799062083467
আহরণ,0.4355219602584839,0.0,1.4355219602584839
আর্তনা,0.4354984164237976,0.0,1.4354984164237976
লাথি,0.45588546991348267,0.02040816326530612,1.4354773066481765
গাছপালা,0.43542587757110596,0.0,1.435425877571106
লাগান,0.43540340662002563,0.0,1.4354034066200256
উড়,0.4453648328781128,0.010101010101010102,1.4352638227771028
ঠাস,0.4453432559967041,0.010101010101010102,1.4352422458956942
মারতে,0.4352072477340698,0.0,1.4352072477340698
উড়ো,0.4350987672805786,0.0,1.4350987672805786
পলিটিক্যাল,0.4349755644798279,0.0,1.4349755644798279
টেবিলট,0.4349513053894043,0.0,1.4349513053894043
বিবর্ণ,0.4347914457321167,0.0,1.4347914457321167
বোরক,0.4347587823867798,0.0,1.4347587823867798
কেরানি,0.43470096588134766,0.0,1.4347009658813477
ওয়াক্ত,0.4346952438354492,0.0,1.4346952438354492
নজরুল,0.4445878267288208,0.010101010101010102,1.4344868166278109
শূন্যতা,0.444560706615448,0.010101010101010102,1.434459696514438
হ্যাসূচক,0.4444770812988281,0.010101010101010102,1.4343760711978182
তাড়না,0.4343037009239197,0.0,1.4343037009239197
মিটমিট,0.4342880845069885,0.0,1.4342880845069885
উদ্ভিদ,0.43426066637039185,0.0,1.4342606663703918
রুহ,0.43425416946411133,0.0,1.4342541694641113
মেধাবী,0.43412697315216064,0.0,1.4341269731521606
শিগ্গির,0.4341253638267517,0.0,1.4341253638267517
খেতাব,0.43409866094589233,0.0,1.4340986609458923
যেতাম৷,0.43405723571777344,0.0,1.4340572357177734
ভাত,0.4440767168998718,0.010101010101010102,1.4339757067988619
সেইসঙ্গে,0.43393373489379883,0.0,1.4339337348937988
জােহর,0.44392675161361694,0.010101010101010102,1.433825741512607
খুঁজে,0.4438655376434326,0.010101010101010102,1.4337645275424227
আদানপ্রদান,0.4337497353553772,0.0,1.4337497353553772
দীড়াল,0.4335309863090515,0.0,1.4335309863090515
তুলেছি,0.4333654046058655,0.0,1.4333654046058655
আচ্,0.43332600593566895,0.0,1.433326005935669
চেষ্টাচরিত্র,0.4332529902458191,0.0,1.433252990245819
নিশ্চুপ,0.43310970067977905,0.0,1.433109700679779
উপত্যকায়,0.4331027865409851,0.0,1.433102786540985
হাবিয়া,0.44319987297058105,0.010101010101010102,1.433098862869571
খুঁতখুঁ,0.433094322681427,0.0,1.433094322681427
চটচটে,0.4330822825431824,0.0,1.4330822825431824
আচে,0.4329904317855835,0.0,1.4329904317855835
হচ্ছিস,0.43298494815826416,0.0,1.4329849481582642
নেয়,0.4329717755317688,0.0,1.4329717755317688
তারটা,0.43293046951293945,0.0,1.4329304695129395
মাপে,0.4329153299331665,0.0,1.4329153299331665
ইনটেলিজেন্স,0.432908833026886,0.0,1.432908833026886
সহযোদ্ধা,0.4328705668449402,0.0,1.4328705668449402
বাড়িওয়ালা,0.43283694982528687,0.0,1.4328369498252869
বিষাদে,0.4428521990776062,0.010101010101010102,1.4327511889765963
প্রদান,0.4428478479385376,0.010101010101010102,1.4327468378375277
ভরতি,0.4326881170272827,0.0,1.4326881170272827
সাময়িকভাবে,0.4326830506324768,0.0,1.4326830506324768
প্লীজ,0.4326605796813965,0.0,1.4326605796813965
চেহা,0.4635434150695801,0.030927835051546393,1.4326155800180338
লাস্ট,0.4325932264328003,0.0,1.4325932264328003
লালবাগ,0.4325600862503052,0.0,1.4325600862503052
থাইক্যা,0.4324989914894104,0.0,1.4324989914894104
অফিসে,0.4425230622291565,0.010101010101010102,1.4324220521281466
নামে,0.43237531185150146,0.0,1.4323753118515015
হাটি,0.4323585629463196,0.0,1.4323585629463196
আসমানে,0.43235743045806885,0.0,1.4323574304580688
চো,0.4323371648788452,0.0,1.4323371648788452
খুল,0.4323204755783081,0.0,1.432320475578308
প্রিন্ট,0.432290256023407,0.0,1.432290256023407
খাটবে,0.4322793483734131,0.0,1.432279348373413
কুকড়ে,0.43215304613113403,0.0,1.432153046131134
সুমসাম,0.43213433027267456,0.0,1.4321343302726746
চানাচুর,0.4320611357688904,0.0,1.4320611357688904
বিজ্ঞাপন,0.44211506843566895,0.010101010101010102,1.432014058334659
ছেড়া,0.43194258213043213,0.0,1.4319425821304321
সান্ত্বনা,0.431914746761322,0.0,1.431914746761322
জমানো,0.43184202909469604,0.0,1.431842029094696
এগারোটা,0.4419251084327698,0.010101010101010102,1.4318240983317598
ছিটা,0.4318053126335144,0.0,1.4318053126335144
আছড়ে,0.4417741298675537,0.010101010101010102,1.4316731197665438
কর্পোরেশন,0.43166810274124146,0.0,1.4316681027412415
পােলা,0.4316633939743042,0.0,1.4316633939743042
সম্মতি,0.4316604733467102,0.0,1.4316604733467102
তরকারির,0.4316455125808716,0.0,1.4316455125808716
ডালে,0.45204025506973267,0.02040816326530612,1.4316320918044265
ইজিচেয়ারে,0.4416927695274353,0.010101010101010102,1.4315917594264254
ঝিলিক,0.43155092000961304,0.0,1.431550920009613
খোলাখু,0.43139511346817017,0.0,1.4313951134681702
গিজগিজ,0.43130820989608765,0.0,1.4313082098960876
ডলে,0.43121933937072754,0.0,1.4312193393707275
যেথানে,0.43121153116226196,0.0,1.431211531162262
হুক,0.4413093328475952,0.010101010101010102,1.4312083227465853
পারস্পরিক,0.43120527267456055,0.0,1.4312052726745605
গুঁড়ি,0.43113332986831665,0.0,1.4311333298683167
মাখন,0.4412176012992859,0.010101010101010102,1.431116591198276
উপবাস,0.4311094284057617,0.0,1.4311094284057617
উদ্যোগে,0.4310804009437561,0.0,1.431080400943756
কলঘরে,0.43089574575424194,0.0,1.430895745754242
রাস্ত,0.44094622135162354,0.010101010101010102,1.4308452112506136
এনি,0.4305954575538635,0.0,1.4305954575538635
ফাদ,0.43054521083831787,0.0,1.4305452108383179
শনলে,0.4304482340812683,0.0,1.4304482340812683
রাডা,0.43022680282592773,0.0,1.4302268028259277
সংস্থা,0.43018925189971924,0.0,1.4301892518997192
শ্বেত,0.4301542043685913,0.0,1.4301542043685913
হাসব,0.44023042917251587,0.010101010101010102,1.430129419071506
খুলির,0.43011075258255005,0.0,1.43011075258255
বইলা,0.4300345182418823,0.0,1.4300345182418823
গৃহপালিত,0.4299241900444031,0.0,1.429924190044403
বিধে,0.4299159049987793,0.0,1.4299159049987793
দাঁ,0.4298936724662781,0.0,1.429893672466278
ইন্সটিটিউট,0.4298613667488098,0.0,1.4298613667488098
অন্যতম,0.4298058748245239,0.0,1.429805874824524
চিকচিক,0.4398515224456787,0.010101010101010102,1.4297505123446688
অন্যকিছু,0.42973196506500244,0.0,1.4297319650650024
ঘাম,0.4501136541366577,0.02040816326530612,1.4297054908713516
ছাড়ানোর,0.4296954870223999,0.0,1.4296954870224
টাইয়,0.4296852946281433,0.0,1.4296852946281433
বিস্তীর্ণ,0.4296834468841553,0.0,1.4296834468841553
আপনের,0.43976110219955444,0.010101010101010102,1.4296600920985445
জনশ্রুতি,0.4396975636482239,0.010101010101010102,1.429596553547214
আবে,0.4293891191482544,0.0,1.4293891191482544
চুম্বন,0.42936480045318604,0.0,1.429364800453186
মেঘলা,0.4293273687362671,0.0,1.429327368736267
খাওয়,0.4293237328529358,0.0,1.4293237328529358
ওইদিন,0.42922407388687134,0.0,1.4292240738868713
কয়েকজন,0.4292120933532715,0.0,1.4292120933532715
জনমানবহীন,0.4391959309577942,0.010101010101010102,1.4290949208567842
ডানহাত,0.428851842880249,0.0,1.428851842880249
আছেত,0.42882460355758667,0.0,1.4288246035575867
পিলপিল,0.42881327867507935,0.0,1.4288132786750793
ভাঙায়,0.4287930130958557,0.0,1.4287930130958557
বললা,0.42874443531036377,0.0,1.4287444353103638
পাঠাচ্,0.4287427067756653,0.0,1.4287427067756653
দামে,0.4285864233970642,0.0,1.4285864233970642
উনিশবিশ,0.42853546142578125,0.0,1.4285354614257812
মীর,0.42853474617004395,0.0,1.428534746170044
দুধে,0.4284600019454956,0.0,1.4284600019454956
সিড়ি,0.42844146490097046,0.0,1.4284414649009705
শুয়েছিল,0.42843949794769287,0.0,1.4284394979476929
নিচুস্বরে,0.4284208416938782,0.0,1.4284208416938782
লিচু,0.42833518981933594,0.0,1.428335189819336
জিরাফ,0.4281381368637085,0.0,1.4281381368637085
তরঙ্গে,0.428059458732605,0.0,1.428059458732605
ছাইড়া,0.42804116010665894,0.0,1.428041160106659
উৎসুক,0.42794740200042725,0.0,1.4279474020004272
আশটে,0.4380250573158264,0.010101010101010102,1.4279240472148165
নটা,0.43793565034866333,0.010101010101010102,1.4278346402476534
চেষ্ট৷,0.42783182859420776,0.0,1.4278318285942078
জন্মা,0.4277140498161316,0.0,1.4277140498161316
কুচকুচে,0.458532452583313,0.030927835051546393,1.4276046175317667
অপহরণ,0.4275534152984619,0.0,1.427553415298462
স্যাণ্ডেল,0.4375569820404053,0.010101010101010102,1.4274559719393953
খেলছ,0.42725926637649536,0.0,1.4272592663764954
শাদা,0.44763410091400146,0.02040816326530612,1.4272259376486953
সমাপ্ত,0.42720645666122437,0.0,1.4272064566612244
পৃথিবী,0.4271576404571533,0.0,1.4271576404571533
কোয়া,0.4271464943885803,0.0,1.4271464943885803
জীবনী,0.42713361978530884,0.0,1.4271336197853088
এড়ানো,0.4270128607749939,0.0,1.427012860774994
জাগরণে,0.4270079731941223,0.0,1.4270079731941223
সমুদ্রতীর,0.4270036816596985,0.0,1.4270036816596985
জ্যোৎস্ন,0.4269792437553406,0.0,1.4269792437553406
রইল,0.4473412036895752,0.02040816326530612,1.426933040424269
বানায়া,0.4269160032272339,0.0,1.4269160032272339
পাগল৷,0.4268799424171448,0.0,1.4268799424171448
হলদে,0.42686426639556885,0.0,1.4268642663955688
খুনে,0.4369589686393738,0.010101010101010102,1.4268579585383638
উৎসর্গ,0.4267382025718689,0.0,1.426738202571869
পিকআপ,0.42669397592544556,0.0,1.4266939759254456
একটানে,0.4367847442626953,0.010101010101010102,1.4266837341616854
সন্তান,0.4470258951187134,0.02040816326530612,1.4266177318534072
দাঁড়িয়ে,0.4366493225097656,0.010101010101010102,1.4265483124087557
খাওয়ান,0.4264734387397766,0.0,1.4264734387397766
আসিনি,0.42646002769470215,0.0,1.4264600276947021
বেগুনি,0.4264160394668579,0.0,1.426416039466858
ভাব৷,0.42640936374664307,0.0,1.426409363746643
এসএসসি,0.42619985342025757,0.0,1.4261998534202576
আধো,0.4362552762031555,0.010101010101010102,1.4261542661021456
ইংরেজী,0.4261513948440552,0.0,1.4261513948440552
লিফটে,0.45705878734588623,0.030927835051546393,1.42613095229434
একগাদা,0.4464765191078186,0.02040816326530612,1.4260683558425125
সামন,0.4260103702545166,0.0,1.4260103702545166
গোঙানি,0.42585980892181396,0.0,1.425859808921814
পেক,0.4359269142150879,0.010101010101010102,1.425825904114078
আছর,0.42581266164779663,0.0,1.4258126616477966
একশব,0.42577189207077026,0.0,1.4257718920707703
জানাব,0.4358631372451782,0.010101010101010102,1.4257621271441683
পরিচালনা,0.4255985617637634,0.0,1.4255985617637634
মসজিদে,0.46717602014541626,0.041666666666666664,1.4255093534787497
কমিক,0.42543256282806396,0.0,1.425432562828064
ফুলকি,0.4355289936065674,0.010101010101010102,1.4254279835055574
বলবে,0.4253883957862854,0.0,1.4253883957862854
পুস্তক,0.42533183097839355,0.0,1.4253318309783936
সন্ধেয়,0.42531847953796387,0.0,1.4253184795379639
নি৷,0.4253084659576416,0.0,1.4253084659576416
ফ্যাশন,0.4251917004585266,0.0,1.4251917004585266
অন্ধমক,0.4251818060874939,0.0,1.425181806087494
অথর্ব,0.4251058101654053,0.0,1.4251058101654053
হাট,0.4559866189956665,0.030927835051546393,1.4250587839441202
হাফপ্যান্ট,0.4250296354293823,0.0,1.4250296354293823
পোড়ানো,0.425026535987854,0.0,1.425026535987854
চুলকায়,0.42499905824661255,0.0,1.4249990582466125
সুযোগ,0.435060977935791,0.010101010101010102,1.424959967834781
লোভনীয়,0.42494988441467285,0.0,1.4249498844146729
ঠিকানায়,0.42493581771850586,0.0,1.4249358177185059
গর্বে,0.4248526096343994,0.0,1.4248526096343994
টোস্ট,0.4248291850090027,0.0,1.4248291850090027
চলে৷,0.4247554540634155,0.0,1.4247554540634155
ভেউ,0.42471957206726074,0.0,1.4247195720672607
শোয়ানো,0.42466020584106445,0.0,1.4246602058410645
চাবা,0.4347607493400574,0.010101010101010102,1.4246597392390474
সবচেয়ে,0.42463988065719604,0.0,1.424639880657196
সৈয়দ,0.42447996139526367,0.0,1.4244799613952637
লোফালুফি,0.42447030544281006,0.0,1.42447030544281
পাপা,0.4244236946105957,0.0,1.4244236946105957
নিমন্ত্রণে,0.42437148094177246,0.0,1.4243714809417725
প্রশ্নকর্তা,0.4243561625480652,0.0,1.4243561625480652
দশটায়,0.42433202266693115,0.0,1.4243320226669312
হাসে৷,0.4242948293685913,0.0,1.4242948293685913
নাইলন,0.42420142889022827,0.0,1.4242014288902283
অসুখী,0.42413216829299927,0.0,1.4241321682929993
বিনিয়ে,0.434187650680542,0.010101010101010102,1.424086640579532
একদৃষ্,0.4240414500236511,0.0,1.4240414500236511
আখ,0.4240038990974426,0.0,1.4240038990974426
থাব,0.42397570610046387,0.0,1.4239757061004639
আনুগত্য,0.43407315015792847,0.010101010101010102,1.4239721400569185
ধারাবাহিক,0.42395180463790894,0.0,1.423951804637909
আলু,0.45483022928237915,0.030927835051546393,1.4239023942308329
চৌচির,0.4238876700401306,0.0,1.4238876700401306
শূন্যতায়,0.4238858222961426,0.0,1.4238858222961426
মূর্থ,0.423883318901062,0.0,1.423883318901062
মেঘ,0.44411134719848633,0.02040816326530612,1.4237031839331802
মার্কেটের,0.43375158309936523,0.010101010101010102,1.4236505729983553
পাঁচেক,0.423637330532074,0.0,1.423637330532074
মাঝরাত,0.42357492446899414,0.0,1.4235749244689941
রাডারের,0.4235209822654724,0.0,1.4235209822654724
ধুধু,0.4234457015991211,0.0,1.423445701599121
কেন্পীয়,0.42329341173171997,0.0,1.42329341173172
দেখেছি,0.4232795238494873,0.0,1.4232795238494873
আসসালামু,0.43334531784057617,0.010101010101010102,1.4232443077395662
সংবা,0.4231770634651184,0.0,1.4231770634651184
সিরিঞ্জ,0.4231550097465515,0.0,1.4231550097465515
নেড়েচেড়ে,0.4231480360031128,0.0,1.4231480360031128
হালি,0.4231311082839966,0.0,1.4231311082839966
লেবুর,0.4229089021682739,0.0,1.422908902168274
কথায়,0.42289620637893677,0.0,1.4228962063789368
গিয়ে৷,0.4329570531845093,0.010101010101010102,1.4228560430834993
দেশত্যাগ,0.42264384031295776,0.0,1.4226438403129578
সরিষ,0.4225974678993225,0.0,1.4225974678993225
কোরানে,0.4225953221321106,0.0,1.4225953221321106
অধীনে,0.4225836396217346,0.0,1.4225836396217346
দেখিয়ে,0.4224996566772461,0.0,1.422499656677246
ক্ষতচিহ্ন,0.42248034477233887,0.0,1.4224803447723389
দাড়িয়েছি,0.4223649501800537,0.0,1.4223649501800537
আস্,0.4427645206451416,0.02040816326530612,1.4223563573798355
সিঁড়ি,0.4532316327095032,0.030927835051546393,1.422303797657957
কায়দ,0.4222605228424072,0.0,1.4222605228424072
চলেছে৷,0.4222171902656555,0.0,1.4222171902656555
খামে,0.42216944694519043,0.0,1.4221694469451904
মিথ্যুক,0.4221460223197937,0.0,1.4221460223197937
কলমে,0.42213332653045654,0.0,1.4221333265304565
খনির,0.42212384939193726,0.0,1.4221238493919373
ফিজিক্যাল,0.42210209369659424,0.0,1.4221020936965942
আন্তর্জাতিক,0.4220545291900635,0.0,1.4220545291900635
কষিয়ে,0.4220188856124878,0.0,1.4220188856124878
পাত্রী,0.4220183491706848,0.0,1.4220183491706848
বালিকা,0.4320698380470276,0.010101010101010102,1.4219688279460176
রেজিস্,0.4219353199005127,0.0,1.4219353199005127
হতভাগ্য,0.42183971405029297,0.0,1.421839714050293
উড়ু,0.4217958450317383,0.0,1.4217958450317383
দিব,0.4316593408584595,0.010101010101010102,1.4215583307574495
জাগ,0.4316108226776123,0.010101010101010102,1.4215098125766024
উচ্চতা,0.42145299911499023,0.0,1.4214529991149902
মোফাজ্জল,0.4213107228279114,0.0,1.4213107228279114
ছাত্রনেতা,0.43138307332992554,0.010101010101010102,1.4212820632289156
খাসির,0.4521927833557129,0.030927835051546393,1.4212649483041666
উপদেশের,0.4211657643318176,0.0,1.4211657643318176
কারেন্সি,0.4211164712905884,0.0,1.4211164712905884
বাবদ,0.4211024045944214,0.0,1.4211024045944214
কুত্তা,0.4210583567619324,0.0,1.4210583567619324
এইগুলা,0.4210500717163086,0.0,1.4210500717163086
খেলন,0.4210163354873657,0.0,1.4210163354873657
খুশী,0.42101287841796875,0.0,1.4210128784179688
মোচড়,0.4209499955177307,0.0,1.4209499955177307
বেড়া,0.44115930795669556,0.02040816326530612,1.4207511446913894
গাড়ির,0.4307423233985901,0.010101010101010102,1.4206413132975801
চানাশতা,0.4205484986305237,0.0,1.4205484986305237
সয়ে,0.42046815156936646,0.0,1.4204681515693665
রেস্টুরেন্টে,0.42046719789505005,0.0,1.42046719789505
অর্থনীতি,0.4204663038253784,0.0,1.4204663038253784
ঝাঁঝাল,0.4204578399658203,0.0,1.4204578399658203
জীবনানন্দ,0.42044949531555176,0.0,1.4204494953155518
ফোন,0.44083869457244873,0.02040816326530612,1.4204305313071426
হয়রানি,0.42041176557540894,0.0,1.420411765575409
বানিয়েছেন,0.4203987717628479,0.0,1.420398771762848
এককাপ,0.4203112721443176,0.0,1.4203112721443176
বিশাল,0.43031901121139526,0.010101010101010102,1.4202180011103853
নূরে,0.4201660752296448,0.0,1.4201660752296448
সহানুভূতি,0.42015302181243896,0.0,1.420153021812439
দিগন্ত,0.4200553297996521,0.0,1.420055329799652
সাড়াশব্দ,0.42005306482315063,0.0,1.4200530648231506
বাধন,0.43013375997543335,0.010101010101010102,1.4200327498744234
কুণ্ড,0.4199426770210266,0.0,1.4199426770210266
রুল,0.41992878913879395,0.0,1.419928789138794
পৌচ,0.41988426446914673,0.0,1.4198842644691467
রূপবত্তী,0.4198618531227112,0.0,1.4198618531227112
টুপটাপ,0.41964638233184814,0.0,1.4196463823318481
ইঞ্জিনে,0.4196009635925293,0.0,1.4196009635925293
সকাল,0.41951775550842285,0.0,1.4195177555084229
খাওয়াবে,0.4195173978805542,0.0,1.4195173978805542
ওয়াইফ,0.4191477298736572,0.0,1.4191477298736572
আলায়কুম,0.42920464277267456,0.010101010101010102,1.4191036326716646
ঠ্যাং,0.4189978241920471,0.0,1.4189978241920471
ঝোপঝাড়,0.4290958046913147,0.010101010101010102,1.4189947945903048
নাদুসনুদুস,0.41899383068084717,0.0,1.4189938306808472
নিবেদিতপ্রাণ,0.4189193844795227,0.0,1.4189193844795227
ঘুলঘু,0.41886305809020996,0.0,1.41886305809021
ডিম,0.46045035123825073,0.041666666666666664,1.4187836845715842
দেখতে৷,0.4288533329963684,0.010101010101010102,1.4187523228953585
চুপ,0.42877835035324097,0.010101010101010102,1.418677340252231
নার্ভাস,0.41860151290893555,0.0,1.4186015129089355
দোষী,0.41854798793792725,0.0,1.4185479879379272
রেফারেন্স,0.4185309410095215,0.0,1.4185309410095215
বিছিয়ে,0.41831207275390625,0.0,1.4183120727539062
হিংসায়,0.41830796003341675,0.0,1.4183079600334167
অহংক,0.4183045029640198,0.0,1.4183045029640198
ব্যাপক,0.4182772636413574,0.0,1.4182772636413574
একবেলা,0.41821515560150146,0.0,1.4182151556015015
লাপ,0.418151319026947,0.0,1.418151319026947
খেল,0.417913019657135,0.0,1.417913019657135
টিকবে,0.41770482063293457,0.0,1.4177048206329346
পাননি,0.4176463484764099,0.0,1.41764634847641
পারেননি,0.4175602197647095,0.0,1.4175602197647095
ক্যাপ,0.42755812406539917,0.010101010101010102,1.4174571139643892
হাসছে৷,0.4174214005470276,0.0,1.4174214005470276
টলটলে,0.4274848699569702,0.010101010101010102,1.4173838598559603
নিরাময়,0.4172986149787903,0.0,1.4172986149787903
উল,0.42731326818466187,0.010101010101010102,1.417212258083652
বির,0.4272918105125427,0.010101010101010102,1.4171908004115328
হাসান৷,0.41717779636383057,0.0,1.4171777963638306
দুপাশ,0.41710883378982544,0.0,1.4171088337898254
কবিতা,0.41709816455841064,0.0,1.4170981645584106
পাজরে,0.4169996380805969,0.0,1.416999638080597
বাবুচির,0.41695404052734375,0.0,1.4169540405273438
দেখলে,0.4168282151222229,0.0,1.416828215122223
মেয়েট,0.41677433252334595,0.0,1.416774332523346
মোড়ায়,0.41671115159988403,0.0,1.416711151599884
চোখমুখে,0.41666537523269653,0.0,1.4166653752326965
বজ্জাত,0.41658157110214233,0.0,1.4165815711021423
অ্যান্ড,0.4163830280303955,0.0,1.4163830280303955
গেল৷,0.41628772020339966,0.0,1.4162877202033997
অবজ্ঞা,0.4162181615829468,0.0,1.4162181615829468
কমপ্লিট,0.41620367765426636,0.0,1.4162036776542664
ফোর্থ,0.41614699363708496,0.0,1.416146993637085
অধম,0.42611855268478394,0.010101010101010102,1.416017542583774
বাজতে,0.4160044193267822,0.0,1.4160044193267822
সত্যি,0.4159427285194397,0.0,1.4159427285194397
জয়ী,0.4159137010574341,0.0,1.415913701057434
জানিয়েছেন,0.4158748984336853,0.0,1.4158748984336853
তুলেছেন,0.4157401919364929,0.0,1.415740191936493
মেয়ে৷,0.43609851598739624,0.02040816326530612,1.41569035272209
শক্তিমান,0.4156389832496643,0.0,1.4156389832496643
চিৎকার,0.41559481620788574,0.0,1.4155948162078857
দৃষ্টিশক্তি,0.41558903455734253,0.0,1.4155890345573425
রবীন্দ্র,0.4155569076538086,0.0,1.4155569076538086
সহায়ক,0.4155362844467163,0.0,1.4155362844467163
গোগ্রাসে,0.4155339002609253,0.0,1.4155339002609253
অনেককিছু,0.4154347777366638,0.0,1.4154347777366638
কমলাপুর,0.4254927635192871,0.010101010101010102,1.4153917534182772
রসিকতায়,0.4151897430419922,0.0,1.4151897430419922
চিন্তা,0.4151800274848938,0.0,1.4151800274848938
বাতি,0.4461017847061157,0.030927835051546393,1.4151739496545694
বিশ্বাসী,0.4151022434234619,0.0,1.415102243423462
যাত্রাপথে,0.41500353813171387,0.0,1.4150035381317139
আগ,0.41483259201049805,0.0,1.414832592010498
পড়িমরি,0.41476356983184814,0.0,1.4147635698318481
নমনীয়,0.4146779179573059,0.0,1.414677917957306
দিছি,0.4146038293838501,0.0,1.41460382938385
বাজবে,0.41456806659698486,0.0,1.4145680665969849
তিতা,0.41455280780792236,0.0,1.4145528078079224
শয্যাশায়ী,0.4145222306251526,0.0,1.4145222306251526
চিৎক,0.42462319135665894,0.010101010101010102,1.414522181255649
তাকা,0.4348185658454895,0.02040816326530612,1.4144104025801834
জওয়ান,0.4142875671386719,0.0,1.4142875671386719
দির,0.41415005922317505,0.0,1.414150059223175
লালা,0.41410529613494873,0.0,1.4141052961349487
পূর্বপরিচিত,0.4140675663948059,0.0,1.414067566394806
প্রতিষ্ঠা,0.42396748065948486,0.010101010101010102,1.413866470558475
শীতে,0.4138614535331726,0.0,1.4138614535331726
মশারিটা,0.4138510823249817,0.0,1.4138510823249817
মুসুল্লি,0.413818359375,0.0,1.413818359375
আকাশে,0.44473201036453247,0.030927835051546393,1.4138041753129862
অক্ষাংশ,0.41370856761932373,0.0,1.4137085676193237
মিশ্রণ,0.41360121965408325,0.0,1.4136012196540833
পড়েনি৷,0.4134927988052368,0.0,1.4134927988052368
মনেপ্রাণে,0.41340750455856323,0.0,1.4134075045585632
রােজগ,0.4133984446525574,0.0,1.4133984446525574
খাকারি,0.413371205329895,0.0,1.413371205329895
হলআমি,0.41327959299087524,0.0,1.4132795929908752
ধবধবে,0.4441604018211365,0.030927835051546393,1.4132325667695902
বিংশ,0.41322314739227295,0.0,1.413223147392273
নোঙর,0.41302376985549927,0.0,1.4130237698554993
দেয়া,0.412741482257843,0.0,1.412741482257843
সার্ট,0.4227648973464966,0.010101010101010102,1.4126638872454866
লেখকেরা,0.422731876373291,0.010101010101010102,1.412630866272281
মারণাস্ত্র,0.41253262758255005,0.0,1.41253262758255
পরবে,0.4124652147293091,0.0,1.412465214729309
পারবে,0.4224759340286255,0.010101010101010102,1.4123749239276155
পাওয়ার,0.41222840547561646,0.0,1.4122284054756165
সজ্জিত,0.4122202396392822,0.0,1.4122202396392822
বেড়ালে,0.41214078664779663,0.0,1.4121407866477966
আলো৷,0.41195565462112427,0.0,1.4119556546211243
বলি,0.4118679165840149,0.0,1.411867916584015
স্তন্যপায়ী,0.4118264317512512,0.0,1.4118264317512512
কুড়াল,0.41172367334365845,0.0,1.4117236733436584
কুপি,0.4217873215675354,0.010101010101010102,1.4116863114665255
শঙ্ধিত,0.4116405248641968,0.0,1.4116405248641968
অবান্তর,0.4114793539047241,0.0,1.4114793539047241
চালিয়েছি,0.41140538454055786,0.0,1.4114053845405579
আফ্রিকায়,0.41137421131134033,0.0,1.4113742113113403
আনানেয়া,0.41134268045425415,0.0,1.4113426804542542
লাভা,0.41131025552749634,0.0,1.4113102555274963
চুলদাড়ি,0.42137742042541504,0.010101010101010102,1.411276410324405
খুলব,0.4213762879371643,0.010101010101010102,1.4112752778361544
রহিয়া,0.41125041246414185,0.0,1.4112504124641418
ছড়িয়ে,0.4112139940261841,0.0,1.411213994026184
ধুরন্ধর,0.41109323501586914,0.0,1.4110932350158691
দেয়াল,0.41102319955825806,0.0,1.411023199558258
হেট,0.41097116470336914,0.0,1.4109711647033691
শিরোনামে,0.41094863414764404,0.0,1.410948634147644
হাসি,0.4107867479324341,0.0,1.410786747932434
জানিয়েছি,0.4106706380844116,0.0,1.4106706380844116
রক্তহীন,0.4106678366661072,0.0,1.4106678366661072
শ্রাবণ,0.41065144538879395,0.0,1.410651445388794
খোপ,0.4105275273323059,0.0,1.410527527332306
নিদিষ্ট,0.4204634428024292,0.010101010101010102,1.4103624327014193
বিষে,0.41024482250213623,0.0,1.4102448225021362
বোমাবর্ষণ,0.4101998209953308,0.0,1.4101998209953308
এইটাও,0.4100978374481201,0.0,1.4100978374481201
হড়ু,0.4097796082496643,0.0,1.4097796082496643
খেলা৷,0.40964990854263306,0.0,1.409649908542633
চড়লে,0.4095584750175476,0.0,1.4095584750175476
ঊরু,0.4094380736351013,0.0,1.4094380736351013
হাইজ্যাক,0.4094284176826477,0.0,1.4094284176826477
আপনাতে,0.4092642068862915,0.0,1.4092642068862915
যাত্রাবাড়ি,0.4092159867286682,0.0,1.4092159867286682
জোরে,0.41909629106521606,0.010101010101010102,1.4089952809642061
কিশোরীর,0.4089350700378418,0.0,1.4089350700378418
করাবে,0.40890365839004517,0.0,1.4089036583900452
খেয়েদেয়ে,0.4086623787879944,0.0,1.4086623787879944
জলরাশি,0.40850162506103516,0.0,1.4085016250610352
বিপক্ষে,0.40839827060699463,0.0,1.4083982706069946
খালি,0.4083203077316284,0.0,1.4083203077316284
নিষ্পলক,0.4081302881240845,0.0,1.4081302881240845
অন্ধকার৷,0.40806829929351807,0.0,1.408068299293518
দ্যা,0.4080190658569336,0.0,1.4080190658569336
রেস্ট,0.40797603130340576,0.0,1.4079760313034058
বাচল,0.4079217314720154,0.0,1.4079217314720154
ধীরে,0.4180208444595337,0.010101010101010102,1.4079198343585237
ট্রেনটি,0.4078267216682434,0.0,1.4078267216682434
পৌষমাস,0.4076921343803406,0.0,1.4076921343803406
কান্ন,0.40768980979919434,0.0,1.4076898097991943
দিল্,0.4076572060585022,0.0,1.4076572060585022
ছাড়ব,0.4176490902900696,0.010101010101010102,1.4075480801890596
রিপার্ট,0.4075081944465637,0.0,1.4075081944465637
ইয়াং,0.40743911266326904,0.0,1.407439112663269
মার্ক,0.407370924949646,0.0,1.407370924949646
মারবি,0.407365620136261,0.0,1.407365620136261
অবস্থায়,0.40709179639816284,0.0,1.4070917963981628
ভেজ,0.4070773720741272,0.0,1.4070773720741272
কলসি,0.4070344567298889,0.0,1.407034456729889
ভুলব,0.40699899196624756,0.0,1.4069989919662476
কজি,0.4069344997406006,0.0,1.4069344997406006
ইনিয়ে,0.41697895526885986,0.010101010101010102,1.40687794516785
বেদন,0.40670669078826904,0.0,1.406706690788269
একটান৷,0.4066225290298462,0.0,1.4066225290298462
চারদি,0.40651625394821167,0.0,1.4065162539482117
মাটিতে৷,0.4062885642051697,0.0,1.4062885642051697
দড়াম,0.40623611211776733,0.0,1.4062361121177673
বুদ্ধিশুদ্ধি,0.40622150897979736,0.0,1.4062215089797974
হ্যাচকা,0.4061933159828186,0.0,1.4061933159828186
পেটমো,0.4061434268951416,0.0,1.4061434268951416
বেয়ে,0.40610969066619873,0.0,1.4061096906661987
অনুযোগ,0.40605437755584717,0.0,1.4060543775558472
অলংক,0.4059532880783081,0.0,1.405953288078308
বিমানে,0.4159923195838928,0.010101010101010102,1.4058913094828829
চিনতাম,0.4058692455291748,0.0,1.4058692455291748
বাড়িভাড়া,0.4056348204612732,0.0,1.4056348204612732
এসপি,0.40554338693618774,0.0,1.4055433869361877
শৃঙ্খলা,0.4054828882217407,0.0,1.4054828882217407
দাড়ির,0.4363873600959778,0.030927835051546393,1.4054595250444315
নিতে৷,0.4053639769554138,0.0,1.4053639769554138
বিনয়ী,0.40533363819122314,0.0,1.4053336381912231
গতিবেগ,0.41538530588150024,0.010101010101010102,1.4052842957804903
টার,0.4052467346191406,0.0,1.4052467346191406
জলিল,0.40521538257598877,0.0,1.4052153825759888
প্রমোশন,0.4051967263221741,0.0,1.405196726322174
ক্রিং,0.415264368057251,0.010101010101010102,1.405163357956241
ক্যানস,0.4051389694213867,0.0,1.4051389694213867
তরকারি,0.41515517234802246,0.010101010101010102,1.4050541622470125
যোগদান,0.4049277901649475,0.0,1.4049277901649475
আড়াই,0.4048655033111572,0.0,1.4048655033111572
পরানো,0.40476393699645996,0.0,1.40476393699646
প্রাচীর,0.40475910902023315,0.0,1.4047591090202332
চিরতরে,0.4047141671180725,0.0,1.4047141671180725
ভাক্ত,0.4047049283981323,0.0,1.4047049283981323
শিক্ষকেরা,0.40469610691070557,0.0,1.4046961069107056
সিলিং,0.41479164361953735,0.010101010101010102,1.4046906335185274
মনোযোগে,0.4046476483345032,0.0,1.4046476483345032
পরিসমাপ্তি,0.40461069345474243,0.0,1.4046106934547424
মহাবিরক্ত,0.4044950604438782,0.0,1.4044950604438782
রাস্ত৷,0.40445268154144287,0.0,1.4044526815414429
ঘামে,0.41452789306640625,0.010101010101010102,1.4044268829653963
আশঙ্কায়,0.40437519550323486,0.0,1.4043751955032349
লিখলে,0.4143766164779663,0.010101010101010102,1.4042756063769564
ইলিশ,0.4143746495246887,0.010101010101010102,1.4042736394236788
ক্যাবলা,0.40427011251449585,0.0,1.4042701125144958
চাটি,0.404238760471344,0.0,1.404238760471344
ভাগন,0.4041271209716797,0.0,1.4041271209716797
রুই,0.4350268244743347,0.030927835051546393,1.4040989894227884
খাওয়াব,0.40405577421188354,0.0,1.4040557742118835
নায়েক,0.4040526747703552,0.0,1.4040526747703552
বুঝবি,0.40404075384140015,0.0,1.4040407538414001
কভারে,0.4141329526901245,0.010101010101010102,1.4040319425891146
উঁচু,0.40380406379699707,0.0,1.403804063796997
উইথ,0.40375572443008423,0.0,1.4037557244300842
জ্ঞানে,0.4037148952484131,0.0,1.403714895248413
মুভ,0.4035903811454773,0.0,1.4035903811454773
সীস,0.4034366011619568,0.0,1.4034366011619568
ভাদ্র,0.41348153352737427,0.010101010101010102,1.4033805234263643
রূপবতী,0.4033470153808594,0.0,1.4033470153808594
ফেরেনি,0.4032876491546631,0.0,1.403287649154663
প্রকাশ,0.4132974147796631,0.010101010101010102,1.4031964046786531
ঘুমান,0.40317755937576294,0.0,1.403177559375763
খাবি,0.4233994483947754,0.02040816326530612,1.4029912851294692
লাগিয়েছি,0.4028686285018921,0.0,1.402868628501892
ঢলঢলে,0.4028227925300598,0.0,1.4028227925300598
জ্বি,0.4026068449020386,0.0,1.4026068449020386
সরিয়ে,0.4025319218635559,0.0,1.402531921863556
পড়ো,0.4024937152862549,0.0,1.4024937152862549
ডেড,0.40242111682891846,0.0,1.4024211168289185
দালাল,0.4023611545562744,0.0,1.4023611545562744
গা,0.4124452471733093,0.010101010101010102,1.4023442370722994
বাসা,0.40230804681777954,0.0,1.4023080468177795
যায়না,0.4022831320762634,0.0,1.4022831320762634
তৃপ্তি,0.4226606488227844,0.02040816326530612,1.4022524855574783
ভাঙল,0.4020770192146301,0.0,1.4020770192146301
সংস্কৃতি,0.40187549591064453,0.0,1.4018754959106445
বাইতে,0.40173524618148804,0.0,1.401735246181488
ইদানী,0.40173012018203735,0.0,1.4017301201820374
প্রকম্পিত,0.40168625116348267,0.0,1.4016862511634827
সমালোচনা,0.40165066719055176,0.0,1.4016506671905518
দাড়িওয়ালা,0.40159332752227783,0.0,1.4015933275222778
কিনে,0.4015248417854309,0.0,1.401524841785431
দূর,0.4015088677406311,0.0,1.401508867740631
রফিকুল,0.40147554874420166,0.0,1.4014755487442017
মানচিত্র,0.40145283937454224,0.0,1.4014528393745422
বিধর্মী,0.40140730142593384,0.0,1.4014073014259338
কাঁদ,0.41147953271865845,0.010101010101010102,1.4013785226176485
বেড়াতাম,0.4012572765350342,0.0,1.4012572765350342
কামে,0.4011994004249573,0.0,1.4011994004249573
চাকরবাকর,0.4011581540107727,0.0,1.4011581540107727
ইসলামি,0.4010559320449829,0.0,1.401055932044983
দিযে,0.4010154604911804,0.0,1.4010154604911804
বাড়তে,0.401012122631073,0.0,1.401012122631073
যৌতুক,0.40091705322265625,0.0,1.4009170532226562
নাইবা,0.40089577436447144,0.0,1.4008957743644714
থাকিস৷,0.400854229927063,0.0,1.400854229927063
জামবা,0.4005899429321289,0.0,1.400589942932129
মুহু,0.4005616307258606,0.0,1.4005616307258606
ফিরছ,0.41049623489379883,0.010101010101010102,1.4003952247927889
চোখ৷,0.4104103446006775,0.010101010101010102,1.4003093344996675
স্তূপ,0.4002249836921692,0.0,1.4002249836921692
রাগ,0.41032129526138306,0.010101010101010102,1.4002202851603731
ষ্টু,0.40020430088043213,0.0,1.4002043008804321
কাঠিন্য,0.410277783870697,0.010101010101010102,1.400176773769687
ইতিহাসে,0.40011847019195557,0.0,1.4001184701919556
নিচু,0.4001029133796692,0.0,1.4001029133796692
জিন্দাবাদ,0.4101385474205017,0.010101010101010102,1.4000375373194918
কাঁদে,0.40000200271606445,0.0,1.4000020027160645
সার্টিফকেট,0.39992809295654297,0.0,1.399928092956543
ধুলোবা,0.3998027443885803,0.0,1.3998027443885803
শুনেছিলাম৷,0.3997507691383362,0.0,1.3997507691383362
থামব,0.3997330069541931,0.0,1.3997330069541931
দেহমন,0.3996093273162842,0.0,1.3996093273162842
রাধ,0.4198917746543884,0.02040816326530612,1.3994836113890823
তাইলে,0.39939701557159424,0.0,1.3993970155715942
প্রতিষ্ঠানে,0.39925944805145264,0.0,1.3992594480514526
অনুধাবন,0.39925605058670044,0.0,1.3992560505867004
ছোটবেল,0.39923208951950073,0.0,1.3992320895195007
গ্রিল,0.3990856409072876,0.0,1.3990856409072876
ড্রেসিং,0.3988962769508362,0.0,1.3988962769508362
উপায়,0.3988363742828369,0.0,1.398836374282837
তাকিয়,0.4088391065597534,0.010101010101010102,1.3987380964587435
আভা,0.4088097810745239,0.010101010101010102,1.398708770973514
চাদর,0.41877418756484985,0.02040816326530612,1.3983660242995437
স্নেহমমতা,0.39830172061920166,0.0,1.3983017206192017
আকা,0.39825767278671265,0.0,1.3982576727867126
পায়েস,0.39820408821105957,0.0,1.3982040882110596
ভেড়,0.40811240673065186,0.010101010101010102,1.398011396629642
ইশ,0.3979162573814392,0.0,1.3979162573814392
সংবাদপত্রে,0.3978028893470764,0.0,1.3978028893470764
হইলেও,0.3976646065711975,0.0,1.3976646065711975
সাহেবের,0.39762967824935913,0.0,1.3976296782493591
রূপবান,0.4077174663543701,0.010101010101010102,1.3976164562533602
সোহাগী,0.39755749702453613,0.0,1.3975574970245361
উঠো,0.39751487970352173,0.0,1.3975148797035217
ধাঁচ,0.3973963260650635,0.0,1.3973963260650635
যন্ত্রে,0.39714330434799194,0.0,1.397143304347992
নানাজান,0.39710426330566406,0.0,1.397104263305664
খুঁজলে,0.39709097146987915,0.0,1.3970909714698792
পরীক্ষা,0.39701420068740845,0.0,1.3970142006874084
ঝুকি,0.3969383239746094,0.0,1.3969383239746094
ক্লান্তির,0.3968024253845215,0.0,1.3968024253845215
প্রেসক্লাবে,0.3967905640602112,0.0,1.3967905640602112
উরস,0.39644521474838257,0.0,1.3964452147483826
পাণ্ডুলিপি,0.3963654637336731,0.0,1.396365463733673
গ্লাস,0.4167715907096863,0.02040816326530612,1.3963634274443801
পানসে,0.3963485360145569,0.0,1.3963485360145569
কামরুল,0.3960893750190735,0.0,1.3960893750190735
বোঝাব,0.39578479528427124,0.0,1.3957847952842712
মহিলা,0.3956523537635803,0.0,1.3956523537635803
টিপতে,0.41599196195602417,0.02040816326530612,1.395583798690718
চুমুক,0.41595250368118286,0.02040816326530612,1.3955443404158767
কাটব,0.39554131031036377,0.0,1.3955413103103638
টনটনে,0.39545881748199463,0.0,1.3954588174819946
ভিক্ষ,0.3953731060028076,0.0,1.3953731060028076
বিগত,0.39528876543045044,0.0,1.3952887654304504
প্রাক্তন,0.3952856659889221,0.0,1.3952856659889221
অপরূপ,0.4052894711494446,0.010101010101010102,1.3951884610484346
যুবতী,0.39512187242507935,0.0,1.3951218724250793
বিছানায়,0.41547930240631104,0.02040816326530612,1.395071139141005
মিলে,0.3949148654937744,0.0,1.3949148654937744
প্রকাশক,0.3948465585708618,0.0,1.3948465585708618
একহা,0.39474672079086304,0.0,1.394746720790863
প্লাবিত,0.39463943243026733,0.0,1.3946394324302673
ডাকে৷,0.39457881450653076,0.0,1.3945788145065308
সমুদ্র,0.40446341037750244,0.010101010101010102,1.3943624002764925
আগরবাতি,0.3943549394607544,0.0,1.3943549394607544
গদা,0.39417457580566406,0.0,1.394174575805664
জার্মানির,0.3941551446914673,0.0,1.3941551446914673
রেলের,0.39406388998031616,0.0,1.3940638899803162
মোছ,0.4041639566421509,0.010101010101010102,1.394062946541141
তাজউদ্দিন,0.3939756751060486,0.0,1.3939756751060486
কাতল,0.40406131744384766,0.010101010101010102,1.3939603073428377
ভাঙ্গে,0.39382505416870117,0.0,1.3938250541687012
গাছপ,0.40391749143600464,0.010101010101010102,1.3938164813349947
টমাস,0.39376646280288696,0.0,1.393766462802887
দেয়ালঘে,0.3937167525291443,0.0,1.3937167525291443
বিবেচিত,0.3933762311935425,0.0,1.3933762311935425
পানির,0.4137650728225708,0.02040816326530612,1.3933569095572647
ঝামেলা৷,0.3932463526725769,0.0,1.393246352672577
দরজাট,0.3932361602783203,0.0,1.3932361602783203
রাসায়নিক,0.39321088790893555,0.0,1.3932108879089355
অধ্যায়,0.4033070206642151,0.010101010101010102,1.3932060105632051
নাস্ত,0.39313727617263794,0.0,1.393137276172638
লী,0.3930950164794922,0.0,1.3930950164794922
খানা,0.40302008390426636,0.010101010101010102,1.3929190738032564
বেতের,0.4131166934967041,0.02040816326530612,1.392708530231398
যাত্রায়,0.39270687103271484,0.0,1.3927068710327148
আস্তরণ,0.39256221055984497,0.0,1.392562210559845
জুতো,0.3924870491027832,0.0,1.3924870491027832
করপোরেশন,0.39231276512145996,0.0,1.39231276512146
যুক্তরাষ্ট্র,0.39214468002319336,0.0,1.3921446800231934
সীমান্,0.39207011461257935,0.0,1.3920701146125793
আঁৎ,0.3919913172721863,0.0,1.3919913172721863
কাছাকা,0.3919881582260132,0.0,1.3919881582260132
দ্বাদশ,0.3918633460998535,0.0,1.3918633460998535
ঘটনা,0.41226863861083984,0.02040816326530612,1.3918604753455337
বাঁশি,0.39162176847457886,0.0,1.3916217684745789
থালায়,0.3914281129837036,0.0,1.3914281129837036
শ্যামগঞ্জ,0.39141690731048584,0.0,1.3914169073104858
পাথর,0.41175752878189087,0.02040816326530612,1.3913493655165847
ঘুটঘুটে,0.4013732075691223,0.010101010101010102,1.3912721974681124
ব্যাধি,0.39087194204330444,0.0,1.3908719420433044
পালিয়ে,0.4009632468223572,0.010101010101010102,1.3908622367213472
হাঙ্গর,0.39061421155929565,0.0,1.3906142115592957
প্রাণদণ্ড,0.4006025791168213,0.010101010101010102,1.3905015690158113
অপ,0.39039796590805054,0.0,1.3903979659080505
লালন,0.39020609855651855,0.0,1.3902060985565186
আবহাওয়ায়,0.3901425004005432,0.0,1.3901425004005432
অবশ,0.4001539349555969,0.010101010101010102,1.390052924854587
অধিকারী,0.39982324838638306,0.010101010101010102,1.3897222382853731
এসব,0.38971108198165894,0.0,1.389711081981659
দৃষ্টি৷,0.38970762491226196,0.0,1.389707624912262
গিয়েছিল,0.3896942138671875,0.0,1.3896942138671875
ক্ষয়ক্ষতি,0.38965052366256714,0.0,1.3896505236625671
শুনবি,0.3896366357803345,0.0,1.3896366357803345
নির্বাচিত,0.3895435929298401,0.0,1.38954359292984
ঝুঁকড়ে,0.38942134380340576,0.0,1.3894213438034058
নাশত,0.3891347050666809,0.0,1.389134705066681
অপেক্ষা,0.38909220695495605,0.0,1.389092206954956
ঢালু,0.38888198137283325,0.0,1.3888819813728333
মায়,0.38888102769851685,0.0,1.3888810276985168
খাসি,0.39894533157348633,0.010101010101010102,1.3888443214724764
চালচলন,0.3887913227081299,0.0,1.3887913227081299
ছুপ,0.38872450590133667,0.0,1.3887245059013367
ঝিরঝির,0.38846224546432495,0.0,1.388462245464325
নির্ধারণ,0.3881871700286865,0.0,1.3881871700286865
হারামির,0.38805097341537476,0.0,1.3880509734153748
দাবানল,0.39814072847366333,0.010101010101010102,1.3880397183726534
ছায়ায়,0.39812350273132324,0.010101010101010102,1.3880224926303133
কাটাকু,0.3878740668296814,0.0,1.3878740668296814
সেদ্ধ,0.3878699541091919,0.0,1.387869954109192
আফ,0.3877553343772888,0.0,1.3877553343772888
আব্বাআম্মা,0.38765519857406616,0.0,1.3876551985740662
ক্রুর,0.3876122832298279,0.0,1.3876122832298279
ঘুমিয়ে,0.38760095834732056,0.0,1.3876009583473206
কাদছিল,0.38740164041519165,0.0,1.3874016404151917
সমাপ্তি,0.3873746395111084,0.0,1.3873746395111084
ভাবছিস,0.3873266577720642,0.0,1.3873266577720642
পাধির,0.3870558738708496,0.0,1.3870558738708496
বমির,0.38703107833862305,0.0,1.387031078338623
টারবাইন,0.38686907291412354,0.0,1.3868690729141235
আপ্তবাক্য,0.38668912649154663,0.0,1.3866891264915466
সেন্টারের,0.38663601875305176,0.0,1.3866360187530518
বাকিয়ে,0.3865669369697571,0.0,1.386566936969757
সংখা,0.3865644335746765,0.0,1.3865644335746765
রংবাজি,0.3865053653717041,0.0,1.386505365371704
ভুবন,0.39652663469314575,0.010101010101010102,1.3864256245921358
ঘোরানো,0.38635706901550293,0.0,1.386357069015503
ভাবাবেগ,0.38634371757507324,0.0,1.3863437175750732
ঘুমঘুম,0.3962957262992859,0.010101010101010102,1.386194716198276
বাপমা,0.3861315846443176,0.0,1.3861315846443176
বন্ধু,0.3860677480697632,0.0,1.3860677480697632
ময়মনসিংহে,0.386008083820343,0.0,1.386008083820343
বান্ডিল,0.38593393564224243,0.0,1.3859339356422424
মমতায়,0.38592779636383057,0.0,1.3859277963638306
এডিসন,0.38577401638031006,0.0,1.38577401638031
বেঁচ,0.3856491446495056,0.0,1.3856491446495056
আচলে,0.39570266008377075,0.010101010101010102,1.3856016499827608
ফেব্রুয়ারি,0.40588468313217163,0.02040816326530612,1.3854765198668655
এগারটি,0.385407030582428,0.0,1.385407030582428
একটু৷,0.38522642850875854,0.0,1.3852264285087585
দেবদূত,0.38520514965057373,0.0,1.3852051496505737
হিটলার,0.38497859239578247,0.0,1.3849785923957825
হাবীব,0.3847390413284302,0.0,1.3847390413284302
কুণ্ডলী,0.38467758893966675,0.0,1.3846775889396667
দেশবাসী,0.38466960191726685,0.0,1.3846696019172668
নামাজ,0.4715920686721802,0.08695652173913043,1.3846355469330498
তাড়াতাড়ি,0.38461947441101074,0.0,1.3846194744110107
শুনছিস,0.38458138704299927,0.0,1.3845813870429993
ব্রেক,0.3845692276954651,0.0,1.384569227695465
ঠকায়,0.384543776512146,0.0,1.384543776512146
কামিনী,0.3845204710960388,0.0,1.3845204710960388
জর্দা,0.38449543714523315,0.0,1.3844954371452332
অরুচি,0.38441038131713867,0.0,1.3844103813171387
ভুল,0.384208619594574,0.0,1.384208619594574
আওয়ামী,0.3942062258720398,0.010101010101010102,1.3841052157710299
আর্টিলারি,0.38400810956954956,0.0,1.3840081095695496
বদের,0.38392871618270874,0.0,1.3839287161827087
অসুথ,0.38365572690963745,0.0,1.3836557269096375
ধাতু,0.3836042284965515,0.0,1.3836042284965515
পাবদা,0.39364540576934814,0.010101010101010102,1.3835443956683382
গেঞ্জি,0.3834056258201599,0.0,1.38340562582016
অবস্থাপন্ন,0.38334882259368896,0.0,1.383348822593689
যামু,0.38326889276504517,0.0,1.3832688927650452
অশ্রু,0.40365177392959595,0.02040816326530612,1.3832436106642898
হেডলাইট,0.3829575777053833,0.0,1.3829575777053833
ঝাউগাছ,0.38290345668792725,0.0,1.3829034566879272
গালমন্দ,0.382851779460907,0.0,1.382851779460907
ধুকধুক,0.38281506299972534,0.0,1.3828150629997253
দেশ,0.38263553380966187,0.0,1.3826355338096619
দেখেননি,0.38263487815856934,0.0,1.3826348781585693
কার্ডে,0.38261574506759644,0.0,1.3826157450675964
ডাইনোসর,0.3825921416282654,0.0,1.3825921416282654
প্রতিহিংসা,0.3825802206993103,0.0,1.3825802206993103
ঝলকানি,0.38244032859802246,0.0,1.3824403285980225
মিনিট,0.41334593296051025,0.030927835051546393,1.382418097908964
ভাসানী,0.3823598027229309,0.0,1.382359802722931
ফুপিয়ে,0.4132656455039978,0.030927835051546393,1.3823378104524515
ঘণ্টাখানিক,0.3823081851005554,0.0,1.3823081851005554
ঝুপঝুপ,0.3822406530380249,0.0,1.382240653038025
হেডফোন,0.3821982145309448,0.0,1.3821982145309448
রিস্ক,0.3820626139640808,0.0,1.3820626139640808
উজ্মজ্বল,0.38195300102233887,0.0,1.3819530010223389
বাকির,0.38185322284698486,0.0,1.3818532228469849
আলামত,0.3817540407180786,0.0,1.3817540407180786
টেবিল,0.402107298374176,0.02040816326530612,1.3816991351088699
গোলাপী,0.39178264141082764,0.010101010101010102,1.3816816313098177
বিয়ে,0.38167643547058105,0.0,1.381676435470581
পাল,0.38144809007644653,0.0,1.3814480900764465
লতি,0.3813192844390869,0.0,1.381319284439087
পরিষদ,0.39132654666900635,0.010101010101010102,1.3812255365679964
আসবে,0.38102662563323975,0.0,1.3810266256332397
কীদ,0.3808753490447998,0.0,1.3808753490447998
ঘি,0.38080155849456787,0.0,1.3808015584945679
ধনে,0.38077664375305176,0.0,1.3807766437530518
জাস্ট,0.38033610582351685,0.0,1.3803361058235168
কাদ,0.4329189658164978,0.05263157894736842,1.3802873868691294
ভাগ,0.39015424251556396,0.010101010101010102,1.380053232414554
হাড়গোড়,0.3901219964027405,0.010101010101010102,1.3800209863017305
দেখেছিলে,0.39011937379837036,0.010101010101010102,1.3800183636973604
হারামি,0.3800145983695984,0.0,1.3800145983695984
আত্মহা,0.37986594438552856,0.0,1.3798659443855286
প্রশ্নবোধক,0.3798488974571228,0.0,1.3798488974571228
রাইফেলের,0.3899042010307312,0.010101010101010102,1.3798031909297213
জিজ্ঞেস,0.37974274158477783,0.0,1.3797427415847778
সময়ে,0.3795968294143677,0.0,1.3795968294143677
পুরো,0.37958085536956787,0.0,1.3795808553695679
খানিক,0.37958085536956787,0.0,1.3795808553695679
এঘর,0.37951773405075073,0.0,1.3795177340507507
বেঁধ,0.38961583375930786,0.010101010101010102,1.379514823658298
চেয়ারে,0.4210875630378723,0.041666666666666664,1.3794208963712058
বললে,0.3793710470199585,0.0,1.3793710470199585
পরিবারটি,0.3793283700942993,0.0,1.3793283700942993
কংক্রিট,0.3894113302230835,0.010101010101010102,1.3793103201220736
সবাইকে,0.3790191411972046,0.0,1.3790191411972046
নীলচে,0.37894564867019653,0.0,1.3789456486701965
ক্ষয়ে,0.3788691759109497,0.0,1.3788691759109497
ডায়ালগ,0.37880754470825195,0.0,1.378807544708252
কালচে,0.39908498525619507,0.02040816326530612,1.378676821990889
লাগানে,0.3784116506576538,0.0,1.3784116506576538
পান,0.3987807035446167,0.02040816326530612,1.3783725402793106
বসানে,0.37833255529403687,0.0,1.3783325552940369
জবেহ,0.3986806869506836,0.02040816326530612,1.3782725236853774
আকাশী,0.3782144784927368,0.0,1.3782144784927368
দমকা,0.37819695472717285,0.0,1.3781969547271729
তলপেট,0.37815189361572266,0.0,1.3781518936157227
মালিবাগ,0.3780103325843811,0.0,1.378010332584381
অন্ধক,0.4087534546852112,0.030927835051546393,1.377825619633665
আলায়হেস,0.3778233528137207,0.0,1.3778233528137207
পাতা,0.3877110481262207,0.010101010101010102,1.3776100380252108
সাহিত্যে,0.3775019645690918,0.0,1.3775019645690918
দুপুরবেল,0.37720561027526855,0.0,1.3772056102752686
প্রেমিকা,0.37707144021987915,0.0,1.3770714402198792
ফার্নিচার,0.37702709436416626,0.0,1.3770270943641663
ব্যাংকক,0.3770115375518799,0.0,1.3770115375518799
ফৌটায়,0.37682580947875977,0.0,1.3768258094787598
রাকাত,0.40774571895599365,0.030927835051546393,1.3768178839044474
করাত,0.37681084871292114,0.0,1.3768108487129211
২৫শে,0.3765077590942383,0.0,1.3765077590942383
গুদাম,0.37649524211883545,0.0,1.3764952421188354
ঘূর্ণিঝড়,0.3764464855194092,0.0,1.3764464855194092
ধারাবাহিকতা,0.3764011859893799,0.0,1.3764011859893799
মাস,0.37631523609161377,0.0,1.3763152360916138
ঘুরে,0.38637393712997437,0.010101010101010102,1.3762729270289644
বিস্ষারিত,0.39642757177352905,0.02040816326530612,1.376019408508223
মাথা,0.4176598787307739,0.041666666666666664,1.3759932120641074
কাঁট,0.37587887048721313,0.0,1.3758788704872131
কাপ,0.41750746965408325,0.041666666666666664,1.3758408029874167
হিল,0.37583863735198975,0.0,1.3758386373519897
ঘু,0.3758121728897095,0.0,1.3758121728897095
অবিকৃত,0.37579452991485596,0.0,1.375794529914856
পাথুরে,0.3756612539291382,0.0,1.3756612539291382
খেলাম৷,0.37564897537231445,0.0,1.3756489753723145
সারিয়া,0.3755376935005188,0.0,1.3755376935005188
দিগন্,0.3855774402618408,0.010101010101010102,1.3754764301608309
দড়ির,0.3754156231880188,0.0,1.3754156231880188
ঋণী,0.3753356337547302,0.0,1.3753356337547302
বাবা,0.37530022859573364,0.0,1.3753002285957336
সুরেলা,0.38536667823791504,0.010101010101010102,1.375265668136905
খাইনি,0.3752601146697998,0.0,1.3752601146697998
ম্যাগজিন,0.37522822618484497,0.0,1.375228226184845
লিখে,0.38525545597076416,0.010101010101010102,1.3751544458697542
অ্যারেস্ট,0.3751375079154968,0.0,1.3751375079154968
প্রচেষ্টায়,0.3750118017196655,0.0,1.3750118017196655
বিচারে,0.37475746870040894,0.0,1.374757468700409
বইল্যা,0.37467247247695923,0.0,1.3746724724769592
আত্মত্যাগ,0.3847596049308777,0.010101010101010102,1.3746585948298677
পরিহাস,0.3745754361152649,0.0,1.374575436115265
গোষ্ঠীর,0.37438446283340454,0.0,1.3743844628334045
বুনো,0.38438403606414795,0.010101010101010102,1.374283025963138
নাসূচক,0.38436853885650635,0.010101010101010102,1.3742675287554964
চিলেকোঠ,0.37404364347457886,0.0,1.3740436434745789
রীধ,0.37395989894866943,0.0,1.3739598989486694
ভাঙিয়ে,0.3738985061645508,0.0,1.3738985061645508
কল্পনাশক্তি,0.3738146424293518,0.0,1.3738146424293518
ছসাত,0.37381428480148315,0.0,1.3738142848014832
গোফ,0.3941056728363037,0.02040816326530612,1.3736975095709976
সাথে,0.37363964319229126,0.0,1.3736396431922913
ধমকধামক,0.37347954511642456,0.0,1.3734795451164246
ধরাল,0.38348251581192017,0.010101010101010102,1.3733815057109102
শোনা,0.3733043670654297,0.0,1.3733043670654297
বাছ,0.3730694055557251,0.0,1.373069405555725
অভাজন,0.37306851148605347,0.0,1.3730685114860535
প্যাটফর্ম,0.3729473948478699,0.0,1.3729473948478699
নিউক্লিয়াস,0.37290650606155396,0.0,1.372906506061554
কাগজ,0.3726625442504883,0.0,1.3726625442504883
উহু,0.3726431131362915,0.0,1.3726431131362915
কুয়াশা,0.38269293308258057,0.010101010101010102,1.3725919229815706
সাক্ষা,0.372575581073761,0.0,1.372575581073761
চাদা,0.3725697994232178,0.0,1.3725697994232178
গজিয়ে,0.3725210428237915,0.0,1.3725210428237915
প্রদক্ষিণ,0.37245601415634155,0.0,1.3724560141563416
ছবিট,0.37244415283203125,0.0,1.3724441528320312
কাঠির,0.372394323348999,0.0,1.372394323348999
টবে,0.37219077348709106,0.0,1.372190773487091
থাপ্লড়,0.37214112281799316,0.0,1.3721411228179932
ত্রিভুজ,0.371986448764801,0.0,1.371986448764801
একা,0.3820028305053711,0.010101010101010102,1.3719018204043611
চ্যান্সেলর,0.3818904161453247,0.010101010101010102,1.3717894060443148
খেয়েছিস,0.3716943860054016,0.0,1.3716943860054016
অনুসন্ধানে,0.37158477306365967,0.0,1.3715847730636597
ব্রাঞ্চ,0.3715442419052124,0.0,1.3715442419052124
ফালি,0.37145358324050903,0.0,1.371453583240509
ইউসুফ,0.3714193105697632,0.0,1.3714193105697632
কান,0.39176511764526367,0.02040816326530612,1.3713569543799575
সেয়ে,0.3713494539260864,0.0,1.3713494539260864
খানিকদূর,0.3711622357368469,0.0,1.371162235736847
পায়ে,0.381197988986969,0.010101010101010102,1.371096978885959
থুবড়ে,0.3811922073364258,0.010101010101010102,1.3710911972354158
কূল,0.37107133865356445,0.0,1.3710713386535645
ওয়,0.3709019422531128,0.0,1.3709019422531128
গোদা,0.37082111835479736,0.0,1.3708211183547974
সুযোগম,0.3705669641494751,0.0,1.370566964149475
ওরা৷,0.37044668197631836,0.0,1.3704466819763184
স্ট্যাম্প,0.3906325697898865,0.02040816326530612,1.3702244065245803
বনভূমি,0.37021130323410034,0.0,1.3702113032341003
বইটিতে,0.37016820907592773,0.0,1.3701682090759277
টানতে,0.37015897035598755,0.0,1.3701589703559875
খেত,0.36997556686401367,0.0,1.3699755668640137
বাহারী,0.3698737621307373,0.0,1.3698737621307373
নামুন,0.3696068525314331,0.0,1.369606852531433
হুইস্কির,0.36945635080337524,0.0,1.3694563508033752
দীড়ায়,0.3694097399711609,0.0,1.3694097399711609
উপত্যকা,0.3687068223953247,0.0,1.3687068223953247
ফ্লো,0.3687031865119934,0.0,1.3687031865119934
তেলাওয়াত,0.37864553928375244,0.010101010101010102,1.3685445291827425
তাপ,0.38893288373947144,0.02040816326530612,1.3685247204741653
প্রেমপত্র,0.37859171628952026,0.010101010101010102,1.3684907061885103
ইয়াসিন,0.37848961353302,0.010101010101010102,1.36838860343201
ভূতপ্রেত,0.3683167099952698,0.0,1.3683167099952698
জায়নামাজে,0.3681231737136841,0.0,1.368123173713684
রক্তিম,0.3680630922317505,0.0,1.3680630922317505
সাতরে,0.3677852749824524,0.0,1.3677852749824524
বিএ,0.36777061223983765,0.0,1.3677706122398376
লাঠির,0.37781572341918945,0.010101010101010102,1.3677147133181795
ভয়ে,0.3777680993080139,0.010101010101010102,1.367667089207004
পুরু,0.37775230407714844,0.010101010101010102,1.3676512939761385
দাও,0.3675961494445801,0.0,1.36759614944458
ভূখণ্ড,0.3674611449241638,0.0,1.3674611449241638
তাল৷,0.3672938942909241,0.0,1.367293894290924
মাখিয়ে,0.37724143266677856,0.010101010101010102,1.3671404225657686
ঘুমে,0.37690073251724243,0.010101010101010102,1.3667997224162325
লিখেছিল,0.36675000190734863,0.0,1.3667500019073486
ডেক,0.3768065571784973,0.010101010101010102,1.3667055470774874
লিফলেট,0.3662782907485962,0.0,1.3662782907485962
নামডাক,0.3662450909614563,0.0,1.3662450909614563
প্রান্তর,0.3865945339202881,0.02040816326530612,1.366186370654982
রাধে,0.37562012672424316,0.010101010101010102,1.3655191166232332
আট,0.3647739291191101,0.0,1.36477392911911
বিক্রয়,0.3646088242530823,0.0,1.3646088242530823
জড়ালে,0.3646029233932495,0.0,1.3646029233932495
ডিসিশন,0.364094614982605,0.0,1.364094614982605
চাপাতা,0.36390990018844604,0.0,1.363909900188446
পড়ুক,0.3637778162956238,0.0,1.3637778162956238
মেয়েক,0.3736816644668579,0.010101010101010102,1.363580654365848
আজলা,0.36343711614608765,0.0,1.3634371161460876
ফসিল,0.36298179626464844,0.0,1.3629817962646484
তালিকায়,0.3628876805305481,0.0,1.362887680530548
চিত্তাকর্ষক,0.36279964447021484,0.0,1.3627996444702148
আটজন,0.36279553174972534,0.0,1.3627955317497253
বন্দুকট,0.3627820611000061,0.0,1.362782061100006
বিমর্ধ,0.3627428412437439,0.0,1.362742841243744
নাইনে,0.3626183271408081,0.0,1.362618327140808
মার,0.3623926639556885,0.0,1.3623926639556885
যুদ্ধজাহাজ,0.3623790144920349,0.0,1.362379014492035
পৃথিবীর,0.3623337745666504,0.0,1.3623337745666504
চাইনি,0.36232131719589233,0.0,1.3623213171958923
উঠত৷,0.36231106519699097,0.0,1.362311065196991
ঘিঞ্জি,0.37230604887008667,0.010101010101010102,1.3622050387690767
ক্যারিয়ার,0.38214337825775146,0.02040816326530612,1.3617352149924453
সম্মিলিত,0.3616836667060852,0.0,1.3616836667060852
দীর্ঘকাল,0.3613443374633789,0.0,1.361344337463379
কেন্দীভূত,0.36128878593444824,0.0,1.3612887859344482
আঠারোটা,0.3611844778060913,0.0,1.3611844778060913
এতিমখানা,0.3608173727989197,0.0,1.3608173727989197
নিঃসঙ্গত,0.36078178882598877,0.0,1.3607817888259888
চারিত্রিক,0.360584020614624,0.0,1.360584020614624
মেরুন,0.36044013500213623,0.0,1.3604401350021362
ধোব,0.3601874113082886,0.0,1.3601874113082886
মুঠি,0.37021201848983765,0.010101010101010102,1.3601110083888277
অনুচ্চ,0.36007118225097656,0.0,1.3600711822509766
প্রতিভ,0.3600451350212097,0.0,1.3600451350212097
প্রভুর,0.36002469062805176,0.0,1.3600246906280518
ছলনা,0.3596803545951843,0.0,1.3596803545951843
কলকারখ,0.3595430254936218,0.0,1.3595430254936218
মাধ,0.3594513535499573,0.0,1.3594513535499573
থামাবে,0.35942012071609497,0.0,1.359420120716095
মানু,0.3594038486480713,0.0,1.3594038486480713
চিরুনি,0.36942362785339355,0.010101010101010102,1.3593226177523836
ভাজি,0.3692834973335266,0.010101010101010102,1.3591824872325167
দমিয়ে,0.3589858412742615,0.0,1.3589858412742615
ডিগ্রী,0.3589492440223694,0.0,1.3589492440223694
ধুক,0.3589206337928772,0.0,1.3589206337928772
চামড়ায়,0.3588952422142029,0.0,1.3588952422142029
বাজেট,0.3588349223136902,0.0,1.3588349223136902
ঠিকরে,0.35872477293014526,0.0,1.3587247729301453
পুরানে,0.35866761207580566,0.0,1.3586676120758057
দূরে,0.3584654927253723,0.0,1.3584654927253723
পথে,0.3684086799621582,0.010101010101010102,1.3583076698611483
ক্রোক,0.358235239982605,0.0,1.358235239982605
লম্বা,0.3780474066734314,0.02040816326530612,1.3576392434081253
প্রাচীনতম,0.3575776219367981,0.0,1.357577621936798
হিমেল,0.36766284704208374,0.010101010101010102,1.3575618369410738
অবলম্বনে,0.3574749827384949,0.0,1.3574749827384949
সভাপতি,0.3572779893875122,0.0,1.3572779893875122
বাতাস,0.3771681785583496,0.02040816326530612,1.3567600152930435
অবমানন,0.35671013593673706,0.0,1.356710135936737
ঠেলাঠে,0.36680012941360474,0.010101010101010102,1.3566991193125948
অপলক,0.35662841796875,0.0,1.35662841796875
ক্রমবিবর্তন,0.3667008876800537,0.010101010101010102,1.3565998775790438
মানিয়,0.35633134841918945,0.0,1.3563313484191895
চাপড়ে,0.35629624128341675,0.0,1.3562962412834167
ফ্যাক,0.3562876582145691,0.0,1.356287658214569
শরণাপন্ন,0.3560037612915039,0.0,1.356003761291504
পাটাতন,0.3558812737464905,0.0,1.3558812737464905
মাগনা,0.35582834482192993,0.0,1.35582834482193
সোডিয়াম,0.3557741045951843,0.0,1.3557741045951843
পাঠিকা,0.36578160524368286,0.010101010101010102,1.355680595142673
চোখে,0.3556581139564514,0.0,1.3556581139564514
লাগে,0.3556307554244995,0.0,1.3556307554244995
ফীসি,0.36546891927719116,0.010101010101010102,1.3553679091761812
হাঙ্গ,0.3551446795463562,0.0,1.3551446795463562
ভালো,0.35499900579452515,0.0,1.3549990057945251
হাইড্রোজ,0.35499465465545654,0.0,1.3549946546554565
সিগারেট,0.37522029876708984,0.02040816326530612,1.3548121355017837
বাস্তবায়ন,0.3547847270965576,0.0,1.3547847270965576
চাউল,0.3547660708427429,0.0,1.354766070842743
মুখভর্তি,0.3647724986076355,0.010101010101010102,1.3546714885066256
হারিকেনের,0.3545380234718323,0.0,1.3545380234718323
বাঁকিয়ে,0.3544296622276306,0.0,1.3544296622276306
মনোনীত,0.354184091091156,0.0,1.354184091091156
পাশ,0.37426847219467163,0.02040816326530612,1.3538603089293655
চালিত,0.3538575768470764,0.0,1.3538575768470764
বিপক্ষ,0.35329264402389526,0.0,1.3532926440238953
দায়িত্ববোধ,0.3531925678253174,0.0,1.3531925678253174
মোশাররফ,0.363078773021698,0.010101010101010102,1.352977762920688
সেন্ট,0.3529626727104187,0.0,1.3529626727104187
শ্যামলা,0.3733174800872803,0.02040816326530612,1.3529093168219741
লেজের,0.36296796798706055,0.010101010101010102,1.3528669578860506
নিমজ্জিত,0.3527386784553528,0.0,1.3527386784553528
ডোন্ট,0.3526836633682251,0.0,1.352683663368225
পাঠাতাম,0.3526749014854431,0.0,1.3526749014854431
শিখবে,0.35254138708114624,0.0,1.3525413870811462
সন্তানাদি,0.3525211811065674,0.0,1.3525211811065674
ধারণা,0.37288588285446167,0.02040816326530612,1.3524777195891555
বোঝা,0.35243767499923706,0.0,1.352437674999237
চাপ,0.35236895084381104,0.0,1.352368950843811
বইও,0.35235780477523804,0.0,1.352357804775238
অবসন্ন,0.35205310583114624,0.0,1.3520531058311462
সংযুক্ত,0.3516368269920349,0.0,1.351636826992035
আধশোয়া,0.35152381658554077,0.0,1.3515238165855408
এগার,0.36156976222991943,0.010101010101010102,1.3514687521289095
নিথর,0.36144912242889404,0.010101010101010102,1.351348112327884
চিঠিট,0.35112595558166504,0.0,1.351125955581665
বটগা,0.3511011600494385,0.0,1.3511011600494385
তেতুল,0.35084933042526245,0.0,1.3508493304252625
বোধগম্য,0.3507843017578125,0.0,1.3507843017578125
ঘুমালে,0.350741446018219,0.0,1.350741446018219
পেছনে,0.34999406337738037,0.0,1.3499940633773804
আসলে,0.3496577739715576,0.0,1.3496577739715576
পাউরু,0.34926939010620117,0.0,1.3492693901062012
থাকাখাওয়া,0.34922248125076294,0.0,1.349222481250763
মালদ,0.3488186001777649,0.0,1.348818600177765
কারো,0.3487621545791626,0.0,1.3487621545791626
রিসিভারে,0.35870736837387085,0.010101010101010102,1.348606358272861
মাইলখানেক,0.34829646348953247,0.0,1.3482964634895325
আমে,0.3482823967933655,0.0,1.3482823967933655
পথঘাট,0.3482576608657837,0.0,1.3482576608657837
ফুল,0.3686259984970093,0.02040816326530612,1.3482178352317031
নীরস,0.34815359115600586,0.0,1.3481535911560059
নাড়াল,0.34811651706695557,0.0,1.3481165170669556
খাবারটি,0.34787195920944214,0.0,1.3478719592094421
ভ্রমণে,0.34764599800109863,0.0,1.3476459980010986
অপূর্ণ,0.3474985361099243,0.0,1.3474985361099243
পেটি,0.35745853185653687,0.010101010101010102,1.347357521755527
ব্যবস্থা,0.3574562668800354,0.010101010101010102,1.3473552567790255
প্রথমে,0.34719622135162354,0.0,1.3471962213516235
প্রকোপ,0.36754119396209717,0.02040816326530612,1.347133030696791
সর্বমোট,0.34711819887161255,0.0,1.3471181988716125
সার্থকতা,0.3469403386116028,0.0,1.3469403386116028
ইয়েলো,0.34681904315948486,0.0,1.3468190431594849
প্রকাশনীর,0.3466206192970276,0.0,1.3466206192970276
সাব্ধানে,0.3566828966140747,0.010101010101010102,1.3465818865130648
পরমাণুর,0.3464686870574951,0.0,1.3464686870574951
বৃহস্পতিবারে,0.3462061285972595,0.0,1.3462061285972595
বুলেটিনে,0.3562782406806946,0.010101010101010102,1.3461772305796846
গ্লাসে,0.37682878971099854,0.030927835051546393,1.3459009546594523
নিচে,0.34582602977752686,0.0,1.3458260297775269
বিরোধী,0.34543538093566895,0.0,1.345435380935669
মহাসাগরে,0.3453481197357178,0.0,1.3453481197357178
মোহম্মদ,0.3551750183105469,0.010101010101010102,1.345074008209537
বইছে৷,0.3450494408607483,0.0,1.3450494408607483
শোনাব,0.3450482487678528,0.0,1.3450482487678528
ভাইসাহেব,0.3448759913444519,0.0,1.344875991344452
নােনা,0.344793438911438,0.0,1.344793438911438
ঠোঙা,0.3444514274597168,0.0,1.3444514274597168
কাটাতারের,0.34432804584503174,0.0,1.3443280458450317
পুলিশ,0.3436412215232849,0.0,1.343641221523285
ছোপ,0.37404507398605347,0.030927835051546393,1.3431172389345072
ওক,0.3430665135383606,0.0,1.3430665135383606
শাড়িপ,0.34302353858947754,0.0,1.3430235385894775
তিরানব্ব,0.35309070348739624,0.010101010101010102,1.3429896933863863
আকস্মিকতায়,0.34297657012939453,0.0,1.3429765701293945
অবাক,0.3428313136100769,0.0,1.342831313610077
সাধারণের,0.3427668809890747,0.0,1.3427668809890747
আদালত,0.34269267320632935,0.0,1.3426926732063293
থোচা,0.34264832735061646,0.0,1.3426483273506165
ধপাস,0.3425576686859131,0.0,1.342557668685913
শিরোনাম,0.34218668937683105,0.0,1.342186689376831
সেলুনে,0.34160274267196655,0.0,1.3416027426719666
ধাক্ধা,0.3415451645851135,0.0,1.3415451645851135
জীবনমরণ,0.3414180874824524,0.0,1.3414180874824524
সংস্কৃতির,0.3413761854171753,0.0,1.3413761854171753
ভবঘুরে,0.3413507342338562,0.0,1.3413507342338562
একত্রিশ,0.3413499593734741,0.0,1.3413499593734741
ছোট,0.34128308296203613,0.0,1.3412830829620361
ফর্মা,0.34120404720306396,0.0,1.341204047203064
ডাক্ত,0.35113292932510376,0.010101010101010102,1.3410319192240938
তৃষ্ণায়,0.3407976031303406,0.0,1.3407976031303406
পলকহীন,0.3407936096191406,0.0,1.3407936096191406
হাউমাউ,0.3932584524154663,0.05263157894736842,1.340626873468098
লেখা,0.3402055501937866,0.0,1.3402055501937866
নাড়তে,0.34016650915145874,0.0,1.3401665091514587
নামট,0.3401046395301819,0.0,1.3401046395301819
কালো,0.3604581952095032,0.02040816326530612,1.340050031944197
পেও,0.33971965312957764,0.0,1.3397196531295776
খুশি,0.3396162986755371,0.0,1.339616298675537
ছাড়াছাড়ি,0.3393942713737488,0.0,1.3393942713737488
একলাফে,0.3391602635383606,0.0,1.3391602635383606
সওদা,0.3390101194381714,0.0,1.3390101194381714
কবজির,0.33876848220825195,0.0,1.338768482208252
বিশ্বাস,0.3387513756752014,0.0,1.3387513756752014
বাড়ছে৷,0.33870697021484375,0.0,1.3387069702148438
চা,0.38031506538391113,0.041666666666666664,1.3386483987172446
চাদরে,0.33834385871887207,0.0,1.338343858718872
চোখ,0.3381282687187195,0.0,1.3381282687187195
ঈর্যা,0.3380720615386963,0.0,1.3380720615386963
টুন,0.3378857374191284,0.0,1.3378857374191284
এশিয়,0.3378758430480957,0.0,1.3378758430480957
বাহক,0.33770322799682617,0.0,1.3377032279968262
ইচ্,0.3376504182815552,0.0,1.3376504182815552
বর্ণনায়,0.3376338481903076,0.0,1.3376338481903076
সুপারিশে,0.33751606941223145,0.0,1.3375160694122314
দোর,0.3373412489891052,0.0,1.3373412489891052
ভাসুর,0.33723652362823486,0.0,1.3372365236282349
বেঁচে,0.34662437438964844,0.010101010101010102,1.3365233642886385
ছাল,0.35654568672180176,0.02040816326530612,1.3361375234564956
জড়িয়ে,0.3560725450515747,0.02040816326530612,1.3356643817862686
বাচালতা,0.3355506658554077,0.0,1.3355506658554077
খাইলে,0.3454447388648987,0.010101010101010102,1.3353437287638887
দ্রুতগতি,0.3351624011993408,0.0,1.3351624011993408
আন,0.3347383141517639,0.0,1.334738314151764
মন্তিসভ,0.3345990777015686,0.0,1.3345990777015686
পারছি,0.3343127965927124,0.0,1.3343127965927124
পড়িনি,0.33414214849472046,0.0,1.3341421484947205
এরচেয়ে,0.33412307500839233,0.0,1.3341230750083923
পা,0.33399027585983276,0.0,1.3339902758598328
চেষ্টাটা,0.3337048888206482,0.0,1.3337048888206482
কাঁথা,0.33356302976608276,0.0,1.3335630297660828
মেয়ে,0.3334463834762573,0.0,1.3334463834762573
বিকালবেলাতে,0.3333060145378113,0.0,1.3333060145378113
কলমা,0.3332773447036743,0.0,1.3332773447036743
কার্টুন,0.3328700065612793,0.0,1.3328700065612793
ধেয়ে,0.3327130675315857,0.0,1.3327130675315857
ইন্টারেস্ট,0.33242714405059814,0.0,1.3324271440505981
খাওয়াবি,0.33222705125808716,0.0,1.3322270512580872
শুভবুদ্ধি,0.33222055435180664,0.0,1.3322205543518066
দাব,0.33185112476348877,0.0,1.3318511247634888
আপত্তিকর,0.3418818712234497,0.010101010101010102,1.3317808611224398
খুলুন,0.33167368173599243,0.0,1.3316736817359924
উপন্যাসে,0.3316168189048767,0.0,1.3316168189048767
চিৎ,0.3314923644065857,0.0,1.3314923644065857
সুন্দর,0.35177749395370483,0.02040816326530612,1.3313693306883987
কার্পেট,0.35138922929763794,0.02040816326530612,1.3309810660323318
ধূলা,0.33069515228271484,0.0,1.3306951522827148
খুনখারাবি,0.33069127798080444,0.0,1.3306912779808044
আকাশ,0.3509865999221802,0.02040816326530612,1.330578436656874
ইনস্টিটিউট,0.3300629258155823,0.0,1.3300629258155823
চাচি,0.3299834132194519,0.0,1.329983413219452
বয়সকালে,0.3299676179885864,0.0,1.3299676179885864
ভেতরে,0.3297380208969116,0.0,1.3297380208969116
রাখায়,0.3297080397605896,0.0,1.3297080397605896
ঈর্ষা,0.33973342180252075,0.010101010101010102,1.3296324117015108
লক্ষা,0.32947808504104614,0.0,1.3294780850410461
গোত্র,0.32943278551101685,0.0,1.3294327855110168
জীবন,0.34936797618865967,0.02040816326530612,1.3289598129233535
ফেরেন,0.3283793330192566,0.0,1.3283793330192566
পুঁজি,0.3283364176750183,0.0,1.3283364176750183
মানতে,0.328228235244751,0.0,1.328228235244751
বুক,0.32781100273132324,0.0,1.3278110027313232
করাব,0.32742828130722046,0.0,1.3274282813072205
শীতলপা,0.3271300792694092,0.0,1.3271300792694092
মুখে,0.3270675539970398,0.0,1.3270675539970398
কারণে,0.3369777202606201,0.010101010101010102,1.3268767101596102
চামচে,0.32686614990234375,0.0,1.3268661499023438
ই৷,0.3268449306488037,0.0,1.3268449306488037
পৌছাল,0.32635265588760376,0.0,1.3263526558876038
জ্যোৎস্নায়,0.32578063011169434,0.0,1.3257806301116943
আলো,0.3357681632041931,0.010101010101010102,1.3256671531031832
কাঁদছ,0.32556891441345215,0.0,1.3255689144134521
গাত্রবর্ণ,0.3352924585342407,0.010101010101010102,1.3251914484332308
বেগুন,0.33523625135421753,0.010101010101010102,1.3251352412532076
গঠিত,0.3243609070777893,0.0,1.3243609070777893
দাড়ি৷,0.33437711000442505,0.010101010101010102,1.324276099903415
ফুলকির,0.32424718141555786,0.0,1.3242471814155579
ব্যবসাপাতি,0.3242434859275818,0.0,1.3242434859275818
প্রতিকূল,0.3238358497619629,0.0,1.323835849761963
তোমাকে,0.3238045573234558,0.0,1.3238045573234558
রাষ্ট্রদূত,0.32366979122161865,0.0,1.3236697912216187
গন্ভীর,0.3234792947769165,0.0,1.3234792947769165
ল্যান্স,0.323425829410553,0.0,1.323425829410553
মানে,0.32339125871658325,0.0,1.3233912587165833
বই,0.33292800188064575,0.010101010101010102,1.3228269917796358
শ্রীহীন,0.32277530431747437,0.0,1.3227753043174744
অর্থাং,0.3227563500404358,0.0,1.3227563500404358
এশ,0.35339897871017456,0.030927835051546393,1.3224711436586283
পনির,0.32211989164352417,0.0,1.3221198916435242
জনশূন্য,0.321697473526001,0.0,1.321697473526001
চালাচ্ছিল,0.3212159276008606,0.0,1.3212159276008606
আরেক,0.3209773898124695,0.0,1.3209773898124695
দেবদারু,0.32094818353652954,0.0,1.3209481835365295
নিশ্চয়,0.3209254741668701,0.0,1.3209254741668701
আচড়ে,0.3307439088821411,0.010101010101010102,1.3206428987811312
হেমন্ত,0.3204917907714844,0.0,1.3204917907714844
আরো,0.31993967294692993,0.0,1.31993967294693
গোলগাল,0.3402945399284363,0.02040816326530612,1.3198863766631301
টুকটু,0.31985533237457275,0.0,1.3198553323745728
অবস্থা,0.3294822573661804,0.010101010101010102,1.3193812472651705
ন্যাকা,0.31896018981933594,0.0,1.318960189819336
অহংকারী,0.31882810592651367,0.0,1.3188281059265137
দরজা,0.32881098985671997,0.010101010101010102,1.31870997975571
খয়েরি,0.3390662670135498,0.02040816326530612,1.3186581037482437
ওপর,0.3284662961959839,0.010101010101010102,1.318365286094974
খারাপ,0.3489187955856323,0.030927835051546393,1.317990960534086
বুরবাক,0.317768394947052,0.0,1.317768394947052
দাঁড়ান৷,0.31776362657546997,0.0,1.31776362657547
ভদ্রলোক,0.31744617223739624,0.0,1.3174461722373962
দুকাপ,0.31743478775024414,0.0,1.3174347877502441
অংশ,0.3174307942390442,0.0,1.3174307942390442
শাশুড়ির,0.31723952293395996,0.0,1.31723952293396
ডোরাকা,0.33747702836990356,0.02040816326530612,1.3170688651045974
আজিব,0.31683146953582764,0.0,1.3168314695358276
ভাঙ,0.31653881072998047,0.0,1.3165388107299805
খাবা,0.3470585346221924,0.030927835051546393,1.316130699570646
শরীর,0.3158097267150879,0.0,1.315809726715088
ঝাটা,0.3148213028907776,0.0,1.3148213028907776
জায়গা,0.3139292597770691,0.0,1.313929259777069
শুনত,0.31324946880340576,0.0,1.3132494688034058
সাধুর,0.3130528926849365,0.0,1.3130528926849365
এনে,0.31293874979019165,0.0,1.3129387497901917
লুচি,0.3126000165939331,0.0,1.312600016593933
তাকাচ্ছিল,0.3125399351119995,0.0,1.3125399351119995
কাটা,0.3117889165878296,0.0,1.3117889165878296
ভু,0.311509370803833,0.0,1.311509370803833
ভাব,0.31099486351013184,0.0,1.3109948635101318
ঘরে,0.31051570177078247,0.0,1.3105157017707825
ভাই,0.32059454917907715,0.010101010101010102,1.3104935390780672
টান,0.3104689121246338,0.0,1.3104689121246338
সেইজন্যই,0.3204934597015381,0.010101010101010102,1.3103924496005281
ফ্যাক্টরির,0.31031399965286255,0.0,1.3103139996528625
লাল,0.3305244445800781,0.02040816326530612,1.310116281314772
মাছ,0.351579487323761,0.041666666666666664,1.3099128206570945
খেয়েছি,0.3094896078109741,0.0,1.3094896078109741
চূড়,0.30912911891937256,0.0,1.3091291189193726
ক্লাসরুম,0.30903857946395874,0.0,1.3090385794639587
বিশেষভাবে,0.3089548349380493,0.0,1.3089548349380493
বিশৃঙ্খলা,0.30832982063293457,0.0,1.3083298206329346
পেল,0.3083004951477051,0.0,1.308300495147705
ক্যারিয়ারে,0.32860881090164185,0.02040816326530612,1.3082006476363357
টাকা,0.30819958448410034,0.0,1.3081995844841003
খালেদ,0.3284379839897156,0.02040816326530612,1.3080298207244094
ওঠে,0.30773866176605225,0.0,1.3077386617660522
শুভদিনে,0.3074987530708313,0.0,1.3074987530708313
ডাক,0.30729687213897705,0.0,1.307296872138977
গলা,0.3170430064201355,0.010101010101010102,1.3069419963191256
কখনো,0.3166355490684509,0.010101010101010102,1.306534538967441
ডুকরে,0.3065144419670105,0.0,1.3065144419670105
ভাঙব,0.3060900568962097,0.0,1.3060900568962097
যু,0.30585408210754395,0.0,1.305854082107544
ত্তী,0.305772066116333,0.0,1.305772066116333
ছোরা,0.30539602041244507,0.0,1.305396020412445
জায়গায়,0.3053826093673706,0.0,1.3053826093673706
কাজা,0.32575172185897827,0.02040816326530612,1.3053435585936721
নিল,0.3153454065322876,0.010101010101010102,1.3052443964312777
গভীর,0.3578622341156006,0.05263157894736842,1.3052306551682322
হুড়মুড়,0.30453747510910034,0.0,1.3045374751091003
শ্যাওলা,0.30452191829681396,0.0,1.304521918296814
জিন,0.3043293356895447,0.0,1.3043293356895447
মাটি,0.3143182396888733,0.010101010101010102,1.3042172295878633
শাদ,0.30406153202056885,0.0,1.3040615320205688
শালবনে,0.3035022020339966,0.0,1.3035022020339966
নিম্নমান,0.3027939200401306,0.0,1.3027939200401306
বিক্রম,0.30273324251174927,0.0,1.3027332425117493
জোয়ার,0.30262643098831177,0.0,1.3026264309883118
কাঁচামরিচ,0.3021368384361267,0.0,1.3021368384361267
পরিচয়পত্র,0.302068829536438,0.0,1.302068829536438
চেহারাটি,0.30196136236190796,0.0,1.301961362361908
লাগল,0.30182474851608276,0.0,1.3018247485160828
কারিগরি,0.3017285466194153,0.0,1.3017285466194153
টাকাট,0.30160433053970337,0.0,1.3016043305397034
পোলা,0.31119197607040405,0.010101010101010102,1.301090965969394
পরনে,0.3763042092323303,0.07526881720430108,1.3010353920280293
খরচপাতি,0.3209242820739746,0.02040816326530612,1.3005161188086685
এরকম,0.30036622285842896,0.0,1.300366222858429
আলস,0.30020540952682495,0.0,1.300205409526825
দোজখে,0.300140380859375,0.0,1.300140380859375
স্পিড,0.30001068115234375,0.0,1.3000106811523438
চিঠি,0.3308641314506531,0.030927835051546393,1.2999362963991068
আলখাল্ল,0.3095906972885132,0.010101010101010102,1.2994896871875032
বাড়ির,0.3197542428970337,0.02040816326530612,1.2993460796317275
ছবি,0.31967395544052124,0.02040816326530612,1.299265792175215
তারিখটা,0.2983431816101074,0.0,1.2983431816101074
আইসক্রীম,0.2970995306968689,0.0,1.297099530696869
সর্দারি,0.2957170009613037,0.0,1.2957170009613037
এগিয়ে,0.29411888122558594,0.0,1.294118881225586
জন্মস্থান,0.29390668869018555,0.0,1.2939066886901855
ছুটে,0.29338473081588745,0.0,1.2933847308158875
একাদশ,0.29305392503738403,0.0,1.293053925037384
চুল,0.33465683460235596,0.041666666666666664,1.2929901679356894
সিরাজুল,0.2929489016532898,0.0,1.2929489016532898
সার,0.29250264167785645,0.0,1.2925026416778564
ওসমানীকে,0.3020588159561157,0.010101010101010102,1.2919578058551058
গাছ,0.31120556592941284,0.02040816326530612,1.2907974026641067
মণ্লানা,0.29050546884536743,0.0,1.2905054688453674
যাবা,0.2900608777999878,0.0,1.2900608777999878
ভেতর,0.28934246301651,0.0,1.28934246301651
গজিয়,0.28928232192993164,0.0,1.2892823219299316
বাঘে,0.2892714738845825,0.0,1.2892714738845825
সালুন,0.2991322875022888,0.010101010101010102,1.2890312774012789
শুন,0.2886107563972473,0.0,1.2886107563972473
বনাম,0.28768229484558105,0.0,1.287682294845581
বাসায়,0.28720736503601074,0.0,1.2872073650360107
বালব,0.29725968837738037,0.010101010101010102,1.2871586782763704
অভিহিত,0.2862497568130493,0.0,1.2862497568130493
নিশুতি,0.2853587865829468,0.0,1.2853587865829468
ধূমপান,0.2846405506134033,0.0,1.2846405506134033
হাস,0.31538325548171997,0.030927835051546393,1.2844554204301737
মরচে,0.2837979793548584,0.0,1.2837979793548584
ছেড়ে,0.2837833762168884,0.0,1.2837833762168884
সোয়,0.2837185859680176,0.0,1.2837185859680176
তর্জনী,0.28344398736953735,0.0,1.2834439873695374
মা,0.2833888530731201,0.0,1.2833888530731201
প্রকাশনী,0.28309911489486694,0.0,1.283099114894867
পিত্তি,0.28298497200012207,0.0,1.282984972000122
তুল,0.29287272691726685,0.010101010101010102,1.282771716816257
ভুরভুর,0.28252989053726196,0.0,1.282529890537262
কাট,0.2909718155860901,0.010101010101010102,1.2808708054850801
নেত্রকোনা,0.2806088328361511,0.0,1.2806088328361511
মাতা,0.28036099672317505,0.0,1.280360996723175
আসে,0.2791052460670471,0.0,1.2791052460670471
ককিয়ে,0.27835798263549805,0.0,1.278357982635498
বিকেলবেল,0.2776421308517456,0.0,1.2776421308517456
লোক,0.27683359384536743,0.0,1.2768335938453674
পায়,0.2868412733078003,0.010101010101010102,1.2767402632067903
শুয়ে,0.2968705892562866,0.02040816326530612,1.2764624259909805
ফিনফিনে,0.2968592047691345,0.02040816326530612,1.2764510415038284
খুলে,0.3061603307723999,0.030927835051546393,1.2752324957208536
কাজট,0.27484750747680664,0.0,1.2748475074768066
চাই,0.2746150493621826,0.0,1.2746150493621826
মোটাতাজা,0.27403050661087036,0.0,1.2740305066108704
কীধ,0.2739691138267517,0.0,1.2739691138267517
ওষুধে,0.2732977271080017,0.0,1.2732977271080017
একেবারে,0.27325332164764404,0.0,1.273253321647644
স্রেইট,0.2726728916168213,0.0,1.2726728916168213
ঘিয়,0.2723659873008728,0.0,1.2723659873008728
গান,0.3130328059196472,0.041666666666666664,1.2713661392529807
বিছানো,0.27976441383361816,0.010101010101010102,1.2696634037326082
হরফে,0.2687649726867676,0.0,1.2687649726867676
পাশে,0.268319308757782,0.0,1.268319308757782
বাচ্চা,0.28748536109924316,0.02040816326530612,1.267077197833937
তৈরি,0.26635944843292236,0.0,1.2663594484329224
দাড়িয়ে,0.26632148027420044,0.0,1.2663214802742004
ঢুক,0.26599013805389404,0.0,1.265990138053894
সাইয়িদ,0.2655180096626282,0.0,1.2655180096626282
মাথায়,0.2737901210784912,0.010101010101010102,1.2636891109774813
পড়ে,0.28370773792266846,0.02040816326530612,1.2632995746573623
উঠ,0.2627980709075928,0.0,1.2627980709075928
চাকরিট,0.2615348696708679,0.0,1.261534869670868
মার্বেল,0.25997209548950195,0.0,1.259972095489502
ডাক্তারী,0.2595261335372925,0.0,1.2595261335372925
খুজব,0.25951087474823,0.0,1.25951087474823
রাত,0.2795087695121765,0.02040816326530612,1.2591006062468704
একদিন,0.2586030960083008,0.0,1.2586030960083008
যাওনি,0.2583519220352173,0.0,1.2583519220352173
কমান্ডার,0.2579144835472107,0.0,1.2579144835472107
অধীন,0.25701332092285156,0.0,1.2570133209228516
আগুন,0.3308808207511902,0.07526881720430108,1.2556120035468892
বসাল,0.26527178287506104,0.010101010101010102,1.255170772774051
ফেল,0.2512055039405823,0.0,1.2512055039405823
পানি,0.2610406279563904,0.010101010101010102,1.2509396178553804
বাইরে,0.24946963787078857,0.0,1.2494696378707886
লাগ,0.24837994575500488,0.0,1.2483799457550049
ঘুম,0.27862149477005005,0.030927835051546393,1.2476936597185038
বেঠিক,0.2470288872718811,0.0,1.247028887271881
কারাদণ্ড,0.2469848394393921,0.0,1.246984839439392
থাকলে,0.24653828144073486,0.0,1.2465382814407349
বানায়ে,0.24424707889556885,0.0,1.2442470788955688
দিলে,0.26396816968917847,0.02040816326530612,1.2435600064238723
তামাটে,0.29616236686706543,0.05263157894736842,1.243530787919697
গায়ে,0.2726638913154602,0.030927835051546393,1.241736056263914
রেজিমেন্টে,0.25131356716156006,0.010101010101010102,1.2412125570605501
ভরপেট,0.2396807074546814,0.0,1.2396807074546814
আভায়,0.23897451162338257,0.0,1.2389745116233826
মধ্যে,0.24689728021621704,0.010101010101010102,1.236796270115207
গাড়ি,0.25478750467300415,0.02040816326530612,1.234379341407698
সচিব,0.23409539461135864,0.0,1.2340953946113586
পরিপন্থী,0.23354613780975342,0.0,1.2335461378097534
গি,0.22724461555480957,0.0,1.2272446155548096
মাদ্রাসা,0.22712677717208862,0.0,1.2271267771720886
মাথাভর্তি,0.2666230797767639,0.041666666666666664,1.2249564131100974
থেয়,0.2230156660079956,0.0,1.2230156660079956
বেরুব,0.22196871042251587,0.0,1.2219687104225159
একইরকম,0.217323899269104,0.0,1.217323899269104
পর,0.21537697315216064,0.0,1.2153769731521606
ক্যাম,0.20872628688812256,0.0,1.2087262868881226
কাচাপাকা,0.21226835250854492,0.010101010101010102,1.202167342407535
মুদ্রণ,0.20971858501434326,0.02040816326530612,1.1893104217490371
হিংসে,0.20594316720962524,0.02040816326530612,1.185535003944319
অষ্টম,0.1911393404006958,0.010101010101010102,1.1810383302996859
হাইট,0.16685909032821655,0.0,1.1668590903282166
প্রত্যেকট,0.12167489528656006,0.0,1.12167489528656
পাওন,0.0954899787902832,0.0,1.0954899787902832
