word,delta_cos,neighbor_jaccard,change_score
লঞ্চে,1.1029664278030396,0.0,2.1029664278030396
মুভমেন্ট,1.0359660796821117,0.0,2.0359660796821117
ভাবনাচিন্ত,1.0312644317746162,0.0,2.0312644317746162
শুকুর,0.8904710784554482,0.0,1.8904710784554482
গুহ,0.8608123958110809,0.0,1.860812395811081
রেশম,0.8343109637498856,0.0,1.8343109637498856
বাঁধ,0.805744931101799,0.0,1.805744931101799
পশ্চিমা,0.7950587421655655,0.0,1.7950587421655655
দোহা,0.7930570542812347,0.0,1.7930570542812347
চৌকি,0.7920405268669128,0.0,1.7920405268669128
রেখা,0.7864261269569397,0.0,1.7864261269569397
রেপ,0.7859520763158798,0.0,1.7859520763158798
আন্তর্জাতিক,0.7856464236974716,0.0,1.7856464236974716
আবা,0.7835435569286346,0.0,1.7835435569286346
শিষ্য,0.778245359659195,0.0,1.778245359659195
জিএম,0.7743020802736282,0.0,1.7743020802736282
সিভিল,0.7741448879241943,0.0,1.7741448879241943
চলুন,0.77310810983181,0.0,1.77310810983181
লেজ,0.7726384252309799,0.0,1.77263842523098
সেদিক,0.7814426422119141,0.010101010101010102,1.7713416321109041
স্টার্ট,0.7658814191818237,0.0,1.7658814191818237
স্মৃতির,0.759358674287796,0.0,1.759358674287796
বাঙালী,0.7586692422628403,0.0,1.7586692422628403
তীর,0.7574681490659714,0.0,1.7574681490659714
মুনশি,0.7572865635156631,0.0,1.7572865635156631
প্লাটফর্ম,0.755881130695343,0.0,1.755881130695343
বইতে,0.7539992183446884,0.0,1.7539992183446884
নীর,0.753229558467865,0.0,1.753229558467865
কৌশলে,0.7527314275503159,0.0,1.7527314275503159
বিস্মিত,0.7527145594358444,0.0,1.7527145594358444
ভিশন,0.7524609118700027,0.0,1.7524609118700027
নেত,0.7520055174827576,0.0,1.7520055174827576
লাফিয়ে,0.7511235177516937,0.0,1.7511235177516937
স্পিক,0.7505267113447189,0.0,1.750526711344719
উপক,0.7501369714736938,0.0,1.7501369714736938
প্রতিস্থাপন,0.7491596043109894,0.0,1.7491596043109894
অন্যজন,0.7484005689620972,0.0,1.7484005689620972
জায়গা,0.7476152777671814,0.0,1.7476152777671814
বসেছেন,0.7475060224533081,0.0,1.747506022453308
পুরনো,0.7472440600395203,0.0,1.7472440600395203
পারল,0.7461442351341248,0.0,1.7461442351341248
নির,0.7456800937652588,0.0,1.7456800937652588
কোমল,0.7454250454902649,0.0,1.745425045490265
টেন,0.744469553232193,0.0,1.744469553232193
সাথী,0.7443764805793762,0.0,1.7443764805793762
বলুন,0.7438062429428101,0.0,1.74380624294281
সানি,0.7432239651679993,0.0,1.7432239651679993
সা,0.7431434094905853,0.0,1.7431434094905853
অনুমান,0.741205632686615,0.0,1.741205632686615
সময়ে,0.7399619519710541,0.0,1.739961951971054
জালে,0.7399414777755737,0.0,1.7399414777755737
ভূমি,0.739429384469986,0.0,1.739429384469986
সিল,0.7391751110553741,0.0,1.7391751110553741
জসিম,0.7385039627552032,0.0,1.7385039627552032
লুকাস,0.7378460466861725,0.0,1.7378460466861725
টানে,0.7370225787162781,0.0,1.737022578716278
পায়,0.7368699908256531,0.0,1.736869990825653
ইল,0.7367141246795654,0.0,1.7367141246795654
ভোট,0.7360702455043793,0.0,1.7360702455043793
চি,0.7356725037097931,0.0,1.735672503709793
অনুসরণ,0.7344753444194794,0.0,1.7344753444194794
একান্ত,0.7339542806148529,0.0,1.733954280614853
প্রকৃতির,0.7336978912353516,0.0,1.7336978912353516
চালিত,0.7327346801757812,0.0,1.7327346801757812
খোদ,0.7324455380439758,0.0,1.7324455380439758
একাধিকব,0.7314952909946442,0.0,1.7314952909946442
সাগরে,0.7310863137245178,0.0,1.7310863137245178
তোর,0.7301117181777954,0.0,1.7301117181777954
ঝুঁ,0.7299575209617615,0.0,1.7299575209617615
দাড়ি,0.7400522530078888,0.010101010101010102,1.7299512429068788
এবারো,0.7290581166744232,0.0,1.7290581166744232
হাউস,0.7384459376335144,0.010101010101010102,1.7283449275325045
লি,0.7277198731899261,0.0,1.7277198731899261
হও,0.7273462414741516,0.0,1.7273462414741516
সংঘর্ষে,0.7270876169204712,0.0,1.7270876169204712
লেনের,0.726406991481781,0.0,1.726406991481781
সবশেষ,0.7258700132369995,0.0,1.7258700132369995
থাকুন,0.725694090127945,0.0,1.725694090127945
এইসব,0.7256004512310028,0.0,1.7256004512310028
আয়,0.7250844538211823,0.0,1.7250844538211823
সাধন,0.7247565388679504,0.0,1.7247565388679504
ভেরি,0.7247217893600464,0.0,1.7247217893600464
বসবে,0.724614679813385,0.0,1.724614679813385
চেতন,0.7240836322307587,0.0,1.7240836322307587
ঘোষ,0.7238925099372864,0.0,1.7238925099372864
ছাড়,0.7236904501914978,0.0,1.7236904501914978
হবে৷,0.7236700356006622,0.0,1.7236700356006622
একথা,0.7236673533916473,0.0,1.7236673533916473
লেন,0.7235997319221497,0.0,1.7235997319221497
আসুন,0.7234180867671967,0.0,1.7234180867671967
জাদু,0.7228300273418427,0.0,1.7228300273418427
হ্যা,0.722691148519516,0.0,1.722691148519516
টুই,0.722452700138092,0.0,1.722452700138092
মশা,0.7224213182926178,0.0,1.7224213182926178
বিরাট,0.722418338060379,0.0,1.722418338060379
আজহ,0.7220118939876556,0.0,1.7220118939876556
একইভাবে,0.7207445502281189,0.0,1.720744550228119
অনুষ,0.7204451560974121,0.0,1.720445156097412
মৌসুমী,0.7193008363246918,0.0,1.7193008363246918
শিখ,0.7190517485141754,0.0,1.7190517485141754
কালে,0.7188475430011749,0.0,1.718847543001175
কলোনি,0.7282282412052155,0.010101010101010102,1.7181272311042055
জায়গায়,0.7180711030960083,0.0,1.7180711030960083
বৈঠক,0.7180429697036743,0.0,1.7180429697036743
নূতন,0.7180109918117523,0.0,1.7180109918117523
রাজ্য,0.7178840339183807,0.0,1.7178840339183807
কমিউনি,0.717829018831253,0.0,1.717829018831253
ঠেকা,0.7177560031414032,0.0,1.7177560031414032
থাকত,0.7174486815929413,0.0,1.7174486815929413
হাসির,0.7172392904758453,0.0,1.7172392904758453
ইন,0.7168478667736053,0.0,1.7168478667736053
খোঁজখবর,0.7165030241012573,0.0,1.7165030241012573
দেখিয়ে,0.7163157761096954,0.0,1.7163157761096954
আক্রমণে,0.7162226438522339,0.0,1.7162226438522339
মিনি,0.7158271670341492,0.0,1.7158271670341492
টিপে,0.7158128023147583,0.0,1.7158128023147583
সাহা,0.7152588069438934,0.0,1.7152588069438934
জবাবে,0.715214729309082,0.0,1.715214729309082
উত্তেজিত,0.7148406803607941,0.0,1.714840680360794
গেছি,0.7145136892795563,0.0,1.7145136892795563
জেসমিন,0.7144690155982971,0.0,1.7144690155982971
আধা,0.7143572866916656,0.0,1.7143572866916656
আলোর,0.7140446305274963,0.0,1.7140446305274963
পাল্টে,0.7136505246162415,0.0,1.7136505246162415
লিক,0.7134924232959747,0.0,1.7134924232959747
ডিউ,0.7130808234214783,0.0,1.7130808234214783
সাহ,0.712868869304657,0.0,1.712868869304657
পাগলা,0.7125040292739868,0.0,1.7125040292739868
বুড়ো,0.7123149037361145,0.0,1.7123149037361145
ছানা,0.7122008204460144,0.0,1.7122008204460144
উনা,0.7120482623577118,0.0,1.7120482623577118
উপায়,0.7116861641407013,0.0,1.7116861641407013
ভাইরাল,0.7116299569606781,0.0,1.711629956960678
প্রতিপক্ষ,0.7116203010082245,0.0,1.7116203010082245
হয়েছে৷,0.7115945816040039,0.0,1.711594581604004
চারটা,0.7114370465278625,0.0,1.7114370465278625
পুরাতন,0.7114304006099701,0.0,1.71143040060997
রুহ,0.7114135026931763,0.0,1.7114135026931763
বদলা,0.710649311542511,0.0,1.710649311542511
বেশকিছু,0.7105824649333954,0.0,1.7105824649333954
দিব,0.7104421257972717,0.0,1.7104421257972717
দুর্যোগ,0.7103041112422943,0.0,1.7103041112422943
ফাজিল,0.7100009918212891,0.0,1.710000991821289
দবির,0.7098200619220734,0.0,1.7098200619220734
ফণি,0.7090077698230743,0.0,1.7090077698230743
পাগল,0.7089824080467224,0.0,1.7089824080467224
ইতস্তত,0.7080060243606567,0.0,1.7080060243606567
বিন্দু,0.7074527442455292,0.0,1.7074527442455292
গুম,0.7074064314365387,0.0,1.7074064314365387
নিখোঁজ,0.7070179879665375,0.0,1.7070179879665375
আল,0.7069601714611053,0.0,1.7069601714611053
পুরান,0.7068653702735901,0.0,1.70686537027359
ব্যাপারটা,0.7067514657974243,0.0,1.7067514657974243
ধীর,0.7065840065479279,0.0,1.7065840065479279
ঘুমন্ত,0.706359475851059,0.0,1.706359475851059
পাখা,0.7062132060527802,0.0,1.7062132060527802
নিহ,0.7061627507209778,0.0,1.7061627507209778
শওকত,0.7057662606239319,0.0,1.7057662606239319
চিনি,0.7057145535945892,0.0,1.7057145535945892
বাধন,0.7055864632129669,0.0,1.705586463212967
সাব,0.7055738270282745,0.0,1.7055738270282745
অদম্য,0.7054153084754944,0.0,1.7054153084754944
ডা,0.7052763402462006,0.0,1.7052763402462006
ছেড়ে,0.7051378786563873,0.0,1.7051378786563873
অন্ত,0.7050212919712067,0.0,1.7050212919712067
উত্তরে,0.7048985362052917,0.0,1.7048985362052917
প্রভাবে,0.7046768963336945,0.0,1.7046768963336945
এগিয়ে,0.7044933438301086,0.0,1.7044933438301086
চৌদ্দ,0.7043221592903137,0.0,1.7043221592903137
কলোনির,0.7041755318641663,0.0,1.7041755318641663
কমিশনার,0.7040397226810455,0.0,1.7040397226810455
ডেঙ্গু,0.7039472758769989,0.0,1.703947275876999
ঝুলে,0.7034843266010284,0.0,1.7034843266010284
ফিত,0.7134467363357544,0.010101010101010102,1.7033457262347445
সরিয়ে,0.7032535970211029,0.0,1.703253597021103
দাও,0.7028089761734009,0.0,1.7028089761734009
স্মার্ট,0.7027109265327454,0.0,1.7027109265327454
হারাম,0.702093631029129,0.0,1.702093631029129
মু,0.7015042006969452,0.0,1.7015042006969452
রহিম,0.701388955116272,0.0,1.701388955116272
অবশেষ,0.7013678252696991,0.0,1.701367825269699
ফিরিয়ে,0.7010721266269684,0.0,1.7010721266269684
লাগল,0.7006773948669434,0.0,1.7006773948669434
ভার,0.7002759873867035,0.0,1.7002759873867035
স্বভাব,0.7002618610858917,0.0,1.7002618610858917
হাইব্রিড,0.7002026736736298,0.0,1.7002026736736298
বিল্ডিং,0.7001578509807587,0.0,1.7001578509807587
পায়ে,0.7000970542430878,0.0,1.7000970542430878
গুজব,0.7000688314437866,0.0,1.7000688314437866
স্যামসন,0.7000271081924438,0.0,1.7000271081924438
তুচ্,0.6993285119533539,0.0,1.6993285119533539
হাতে,0.6993201971054077,0.0,1.6993201971054077
ফেলেছি,0.6992927491664886,0.0,1.6992927491664886
জাহি,0.6988736391067505,0.0,1.6988736391067505
নাট,0.6987460255622864,0.0,1.6987460255622864
আল্লাহ,0.698435366153717,0.0,1.698435366153717
আইরিশ,0.6983454525470734,0.0,1.6983454525470734
আর্কাইভ,0.6979184150695801,0.0,1.69791841506958
মাথায়,0.6978828012943268,0.0,1.6978828012943268
অস্তিত্বে,0.6978237628936768,0.0,1.6978237628936768
সেখানক,0.6978059709072113,0.0,1.6978059709072113
ডাকা,0.6977377831935883,0.0,1.6977377831935883
দাস,0.6975457072257996,0.0,1.6975457072257996
আশেপাশে,0.6972872614860535,0.0,1.6972872614860535
ভান,0.6970740258693695,0.0,1.6970740258693695
মেল,0.6968373954296112,0.0,1.6968373954296112
জিয়া,0.7067254483699799,0.010101010101010102,1.69662443826897
সাবধান,0.696426510810852,0.0,1.696426510810852
কাপা,0.6964170932769775,0.0,1.6964170932769775
পাক,0.6963289380073547,0.0,1.6963289380073547
বিরক্ত,0.6953540146350861,0.0,1.695354014635086
কুসুম,0.6953522264957428,0.0,1.6953522264957428
সিল্ক,0.6948828399181366,0.0,1.6948828399181366
উদ্দেশ্যে,0.6943441331386566,0.0,1.6943441331386566
বানানো,0.6943102777004242,0.0,1.6943102777004242
এখান,0.6942070722579956,0.0,1.6942070722579956
হেড,0.7043080031871796,0.010101010101010102,1.6942069930861696
পাওয়,0.6940252184867859,0.0,1.6940252184867859
ভঙ্গি,0.6939438879489899,0.0,1.6939438879489899
তরুণী,0.6939415335655212,0.0,1.6939415335655212
ডাবলু,0.6939337849617004,0.0,1.6939337849617004
গরুর,0.6938690841197968,0.0,1.6938690841197968
ঘোর,0.693758487701416,0.0,1.693758487701416
হাতির,0.6936015486717224,0.0,1.6936015486717224
ঝামেলা,0.6935153603553772,0.0,1.6935153603553772
বানানোর,0.6934486627578735,0.0,1.6934486627578735
শাহনাজ,0.6933928728103638,0.0,1.6933928728103638
মিশর,0.6931394040584564,0.0,1.6931394040584564
সূত্রে,0.6931279003620148,0.0,1.6931279003620148
ফ্যাক্টরি,0.6930385231971741,0.0,1.693038523197174
আমদানি,0.6930069029331207,0.0,1.6930069029331207
বিচিত্র,0.6927187740802765,0.0,1.6927187740802765
ইতিমধ্যে,0.692499965429306,0.0,1.692499965429306
জ্যোতি,0.6924836933612823,0.0,1.6924836933612823
আসছিল,0.6924158036708832,0.0,1.6924158036708832
বুলবুল,0.6921223700046539,0.0,1.692122370004654
আর্মি,0.6916632950305939,0.0,1.6916632950305939
উপভোগ,0.691264420747757,0.0,1.691264420747757
এবারে,0.6907592713832855,0.0,1.6907592713832855
চালিয়ে,0.690479040145874,0.0,1.690479040145874
পরিবর্,0.6904631555080414,0.0,1.6904631555080414
হান্নান,0.6903320252895355,0.0,1.6903320252895355
বাবর,0.6902883350849152,0.0,1.6902883350849152
আকন্দ,0.6902211606502533,0.0,1.6902211606502533
ভিক্ষুক,0.700307697057724,0.010101010101010102,1.690206686956714
খানিক,0.6900489330291748,0.0,1.6900489330291748
আজকাল,0.6900486946105957,0.0,1.6900486946105957
ভদ্রলোক,0.6898620426654816,0.0,1.6898620426654816
নিশ্চয়,0.6897147595882416,0.0,1.6897147595882416
নিয়েছি,0.6896197199821472,0.0,1.6896197199821472
ছোট্ট,0.6895551085472107,0.0,1.6895551085472107
মার্ক,0.6890133321285248,0.0,1.6890133321285248
আলাউদ্দিন,0.6888769567012787,0.0,1.6888769567012787
বলতে,0.6887387037277222,0.0,1.6887387037277222
উপস্থিতি,0.6887058317661285,0.0,1.6887058317661285
বিপক্ষে,0.6885315775871277,0.0,1.6885315775871277
ছড়ানো,0.6881837546825409,0.0,1.688183754682541
সংবা,0.6880886554718018,0.0,1.6880886554718018
উঠলে,0.6880489587783813,0.0,1.6880489587783813
দখলে,0.6879571974277496,0.0,1.6879571974277496
রাজনীতি,0.6877789497375488,0.0,1.6877789497375488
দেখল,0.6875733137130737,0.0,1.6875733137130737
শূন্যে,0.6873824596405029,0.0,1.687382459640503
বারো,0.6873528063297272,0.0,1.6873528063297272
নামক,0.6872489750385284,0.0,1.6872489750385284
কিছুদিন,0.6872264742851257,0.0,1.6872264742851257
এদিক,0.697222501039505,0.010101010101010102,1.687121490938495
নালিশ,0.6870627701282501,0.0,1.6870627701282501
পাঁচজন,0.6869095861911774,0.0,1.6869095861911774
সরু,0.6868899464607239,0.0,1.6868899464607239
দিল্,0.686656266450882,0.0,1.686656266450882
অমিত,0.6864283084869385,0.0,1.6864283084869385
বৌদ্ধ,0.6863231360912323,0.0,1.6863231360912323
চিত্র,0.6861937642097473,0.0,1.6861937642097473
ফরাসি,0.6859449744224548,0.0,1.6859449744224548
থাবা,0.6856911778450012,0.0,1.6856911778450012
দেখব,0.6855351328849792,0.0,1.6855351328849792
টার্নার,0.6854327619075775,0.0,1.6854327619075775
পেপ,0.6853862106800079,0.0,1.685386210680008
ঋতু,0.685223251581192,0.0,1.685223251581192
কোহিনুর,0.6851533353328705,0.0,1.6851533353328705
প্রজাতির,0.6850693821907043,0.0,1.6850693821907043
হাউজে,0.6848965883255005,0.0,1.6848965883255005
লিওন,0.6847802102565765,0.0,1.6847802102565765
ফেললে,0.6847567856311798,0.0,1.6847567856311798
নিঃশ্বাস,0.6846407353878021,0.0,1.6846407353878021
যথাক্রমে,0.6845376789569855,0.0,1.6845376789569855
মেটা,0.684186190366745,0.0,1.684186190366745
চুপ,0.694238007068634,0.010101010101010102,1.684136996967624
নিতে,0.6840494573116302,0.0,1.6840494573116302
মৃদু,0.683940976858139,0.0,1.683940976858139
অধিকাংশ,0.6839214861392975,0.0,1.6839214861392975
বাজ,0.6836579740047455,0.0,1.6836579740047455
কল্পনা,0.6835114657878876,0.0,1.6835114657878876
ধরেছেন,0.6834101378917694,0.0,1.6834101378917694
জেট,0.6832921504974365,0.0,1.6832921504974365
প্রাথমিকভাবে,0.6832284927368164,0.0,1.6832284927368164
কো,0.6831866204738617,0.0,1.6831866204738617
নিশ্বাস,0.6831580996513367,0.0,1.6831580996513367
ইতিমধ্যেই,0.683090478181839,0.0,1.683090478181839
একদিনে,0.6828741133213043,0.0,1.6828741133213043
রই,0.6822617053985596,0.0,1.6822617053985596
ইংল্যান্ড,0.6821355223655701,0.0,1.68213552236557
ভাটা,0.6817820966243744,0.0,1.6817820966243744
হাউজ,0.6817085444927216,0.0,1.6817085444927216
চ্যাপ্,0.6815656125545502,0.0,1.6815656125545502
কানা,0.6814981997013092,0.0,1.6814981997013092
বর্ণনা,0.6812999844551086,0.0,1.6812999844551086
লিস্ট,0.6811240315437317,0.0,1.6811240315437317
বাজে,0.6811223328113556,0.0,1.6811223328113556
কমপ্লেক্স,0.6810708045959473,0.0,1.6810708045959473
দফা,0.680961400270462,0.0,1.680961400270462
দ্বিতীয়,0.6808035671710968,0.0,1.6808035671710968
মন্ত্রী,0.6807903349399567,0.0,1.6807903349399567
চাচ্,0.6806286573410034,0.0,1.6806286573410034
মাঝি,0.6804910898208618,0.0,1.6804910898208618
হাজারো,0.6804477572441101,0.0,1.68044775724411
খুঁ,0.6804189085960388,0.0,1.6804189085960388
বাঘ,0.6800445318222046,0.0,1.6800445318222046
বাসিন্দা,0.6800347566604614,0.0,1.6800347566604614
সাধারণত,0.680016040802002,0.0,1.680016040802002
ম্যান,0.6798381805419922,0.0,1.6798381805419922
অগ্রসর,0.6797830164432526,0.0,1.6797830164432526
থাকল,0.6793892085552216,0.0,1.6793892085552216
ঠিকম,0.6792875230312347,0.0,1.6792875230312347
দাঁড়িয়ে,0.6792837381362915,0.0,1.6792837381362915
করছি৷,0.6792095601558685,0.0,1.6792095601558685
অন্যদি,0.6892577409744263,0.010101010101010102,1.6791567308734163
অনুসন্ধানী,0.6790061891078949,0.0,1.679006189107895
ধারণ,0.6789341568946838,0.0,1.6789341568946838
মেশিনে,0.6788294315338135,0.0,1.6788294315338135
একাধিক,0.6787574887275696,0.0,1.6787574887275696
রেসকোর্স,0.6782457232475281,0.0,1.678245723247528
পেরেছেন,0.6781437993049622,0.0,1.6781437993049622
বাক্সে,0.6776684522628784,0.0,1.6776684522628784
শিরীন,0.677636593580246,0.0,1.677636593580246
আলোচন,0.6771278381347656,0.0,1.6771278381347656
স্বরাষ্ট্র,0.6769992411136627,0.0,1.6769992411136627
যথারীতি,0.6769968867301941,0.0,1.676996886730194
উল্টো,0.676325112581253,0.0,1.676325112581253
গফুর,0.676213949918747,0.0,1.676213949918747
তাতে,0.6760943531990051,0.0,1.6760943531990051
পেয়,0.6760087311267853,0.0,1.6760087311267853
কাদেরের,0.6759539842605591,0.0,1.675953984260559
কয়েকব,0.6757790744304657,0.0,1.6757790744304657
বিজনেস,0.675659567117691,0.0,1.675659567117691
হইচই,0.675654947757721,0.0,1.675654947757721
স্ত্রী,0.6755659282207489,0.0,1.675565928220749
পড়বে,0.6754605174064636,0.0,1.6754605174064636
দেশবাসী,0.6753868162631989,0.0,1.6753868162631989
খোকা,0.6753310561180115,0.0,1.6753310561180115
কাণ্ড,0.6852044463157654,0.010101010101010102,1.6751034362147554
করানোর,0.6749749481678009,0.0,1.674974948167801
রুখ,0.6749333143234253,0.0,1.6749333143234253
খালে,0.6745822131633759,0.0,1.6745822131633759
স্টিয়ারিং,0.6744220852851868,0.0,1.6744220852851868
বুদ্ধিজীবী,0.6743385195732117,0.0,1.6743385195732117
পূর্ণ,0.6743009388446808,0.0,1.6743009388446808
আইডি,0.6741394698619843,0.0,1.6741394698619843
সেন্ট,0.6740693747997284,0.0,1.6740693747997284
প্রশান্ত,0.6740271151065826,0.0,1.6740271151065826
লরি,0.674016684293747,0.0,1.674016684293747
শাহ,0.6738955080509186,0.0,1.6738955080509186
উজ্জ্বল,0.6737667620182037,0.0,1.6737667620182037
লুকা,0.6737260818481445,0.0,1.6737260818481445
গায়ে,0.6735265552997589,0.0,1.673526555299759
ভারি,0.6734216511249542,0.0,1.6734216511249542
মহাজাগতিক,0.6733905076980591,0.0,1.673390507698059
চিক,0.6733802556991577,0.0,1.6733802556991577
অর,0.6731747984886169,0.0,1.673174798488617
উন্মোচন,0.6730912327766418,0.0,1.6730912327766418
চাঁদ,0.6730031669139862,0.0,1.6730031669139862
জেলা,0.6726827919483185,0.0,1.6726827919483185
ক্যাটাগরি,0.6723067760467529,0.0,1.672306776046753
মোটামু,0.6722708344459534,0.0,1.6722708344459534
স্টেজ,0.6721490323543549,0.0,1.6721490323543549
জেড,0.672120213508606,0.0,1.672120213508606
আমিন,0.6720671951770782,0.0,1.6720671951770782
জড়িত,0.6720180213451385,0.0,1.6720180213451385
মোরগ,0.671995222568512,0.0,1.671995222568512
ছাত্রছাত্রী,0.671951562166214,0.0,1.671951562166214
এমপি,0.6718224585056305,0.0,1.6718224585056305
স্থগিত,0.6716957986354828,0.0,1.6716957986354828
বিষয়ক,0.6716706454753876,0.0,1.6716706454753876
বাংলাদেশি,0.6716400980949402,0.0,1.6716400980949402
উল,0.6716307699680328,0.0,1.6716307699680328
ভাগ্নে,0.6714806258678436,0.0,1.6714806258678436
গেড়ে,0.6714624762535095,0.0,1.6714624762535095
পুরে,0.6710988581180573,0.0,1.6710988581180573
ইংলিশ,0.6710156500339508,0.0,1.6710156500339508
হতাশ,0.6709838211536407,0.0,1.6709838211536407
মাদকদ্রব্য,0.6708963811397552,0.0,1.6708963811397552
আফ্রিকান,0.6707058250904083,0.0,1.6707058250904083
আড়ালে,0.6704645454883575,0.0,1.6704645454883575
পোশা,0.6704315841197968,0.0,1.6704315841197968
দান,0.670421689748764,0.0,1.670421689748764
বাড়ির,0.6702815294265747,0.0,1.6702815294265747
মিশন,0.6701744496822357,0.0,1.6701744496822357
হাসা,0.66987144947052,0.0,1.66987144947052
সেদি,0.6698704659938812,0.0,1.6698704659938812
ইনফরমেশন,0.6698479056358337,0.0,1.6698479056358337
আবিদ,0.6697365641593933,0.0,1.6697365641593933
রসিকতা,0.6697249710559845,0.0,1.6697249710559845
তিনব,0.6797472536563873,0.010101010101010102,1.6696462435553774
গিয়েছিল,0.669644832611084,0.0,1.669644832611084
কটা,0.669604629278183,0.0,1.669604629278183
অনিক,0.669558584690094,0.0,1.669558584690094
শ্রোতা,0.6695006191730499,0.0,1.66950061917305
নামিয়ে,0.6694320142269135,0.0,1.6694320142269135
চক্ষু,0.6693572998046875,0.0,1.6693572998046875
অপ্রয়োজনীয়,0.669337123632431,0.0,1.669337123632431
নিম্নমান,0.6692257821559906,0.0,1.6692257821559906
বুধব,0.6689860820770264,0.0,1.6689860820770264
নিয়ম,0.6687913835048676,0.0,1.6687913835048676
আবদুল্লাহ,0.6687891781330109,0.0,1.6687891781330109
দানব,0.668787807226181,0.0,1.668787807226181
নির্মমভাবে,0.6686675250530243,0.0,1.6686675250530243
এগুচ্,0.6685925126075745,0.0,1.6685925126075745
ভূমিকম্প,0.6684592068195343,0.0,1.6684592068195343
শি,0.6683389842510223,0.0,1.6683389842510223
অপরাধীর,0.6683226227760315,0.0,1.6683226227760315
ব্যাক,0.6680184304714203,0.0,1.6680184304714203
নিচু,0.6680005192756653,0.0,1.6680005192756653
পেশ,0.6679507195949554,0.0,1.6679507195949554
টেলিফোন,0.6678338348865509,0.0,1.667833834886551
ভিড়,0.6678305268287659,0.0,1.6678305268287659
আলামত,0.6677859723567963,0.0,1.6677859723567963
ছোটাছু,0.6673914194107056,0.0,1.6673914194107056
ত্রিশ,0.6771646738052368,0.010101010101010102,1.6670636637042269
উৎসাহী,0.6669066250324249,0.0,1.666906625032425
মধুর,0.6669013500213623,0.0,1.6669013500213623
ইট,0.6668274402618408,0.0,1.6668274402618408
যুক্তরাষ্ট্র,0.676851898431778,0.010101010101010102,1.666750888330768
ফেরি,0.6666063964366913,0.0,1.6666063964366913
সূচক,0.6662130951881409,0.0,1.6662130951881409
মণি,0.6659500896930695,0.0,1.6659500896930695
উঠবে,0.6657510101795197,0.0,1.6657510101795197
কপালে,0.6655367910861969,0.0,1.665536791086197
তখনো,0.6654329299926758,0.0,1.6654329299926758
নৌক,0.6652756035327911,0.0,1.6652756035327911
হাউসে,0.6652633845806122,0.0,1.6652633845806122
মেয়,0.6651439666748047,0.0,1.6651439666748047
অস্থির,0.6648310124874115,0.0,1.6648310124874115
স্থির,0.6647936999797821,0.0,1.664793699979782
জুড়ে,0.6646917164325714,0.0,1.6646917164325714
আবাসিক,0.6646204888820648,0.0,1.6646204888820648
জাহাজ,0.6645430326461792,0.0,1.6645430326461792
গদি,0.6644468307495117,0.0,1.6644468307495117
পূজা,0.6644191145896912,0.0,1.6644191145896912
অদ্ভুত,0.6643462181091309,0.0,1.6643462181091309
টানাটানি,0.6642063856124878,0.0,1.6642063856124878
শতাধিক,0.6639479994773865,0.0,1.6639479994773865
মিছিলে,0.6638153195381165,0.0,1.6638153195381165
সঙ্গী,0.6636498868465424,0.0,1.6636498868465424
মঞ্চে,0.6634344160556793,0.0,1.6634344160556793
নিব,0.663424551486969,0.0,1.663424551486969
আসন,0.6633063554763794,0.0,1.6633063554763794
বিদায়,0.6632663309574127,0.0,1.6632663309574127
হাইকোর্ট,0.6632498502731323,0.0,1.6632498502731323
বেড,0.6632265746593475,0.0,1.6632265746593475
ডিবি,0.6630581319332123,0.0,1.6630581319332123
লাগিয়ে,0.6630085706710815,0.0,1.6630085706710815
দোয়া,0.6629580855369568,0.0,1.6629580855369568
রক্তপাত,0.6729809939861298,0.010101010101010102,1.6628799838851198
পাননি,0.6628504693508148,0.0,1.6628504693508148
প্যানেলের,0.6628042161464691,0.0,1.6628042161464691
এখনি,0.6627925336360931,0.0,1.6627925336360931
বসেছিল,0.6626667082309723,0.0,1.6626667082309723
মাইকেল,0.6625494062900543,0.0,1.6625494062900543
টেকনাফ,0.6624451279640198,0.0,1.6624451279640198
বলো,0.6623764932155609,0.0,1.662376493215561
বুলা,0.6623620092868805,0.0,1.6623620092868805
এমনভাবে,0.662266880273819,0.0,1.662266880273819
মতিন,0.662147581577301,0.0,1.662147581577301
অদৃশ্য,0.6621318459510803,0.0,1.6621318459510803
বিশিষ্ট,0.6620589792728424,0.0,1.6620589792728424
সূর,0.6619408428668976,0.0,1.6619408428668976
জাকির,0.6617065072059631,0.0,1.6617065072059631
দাঁড়া,0.6616739928722382,0.0,1.6616739928722382
শতাব্দী,0.6717464625835419,0.010101010101010102,1.661645452482532
বাসায়,0.661498099565506,0.0,1.661498099565506
অভিযাত্রী,0.661482959985733,0.0,1.661482959985733
আংশিক,0.6613934934139252,0.0,1.6613934934139252
প্রথমবার,0.6612488925457001,0.0,1.6612488925457
কিশোরীর,0.6610798835754395,0.0,1.6610798835754395
প্রেরিত,0.6607954502105713,0.0,1.6607954502105713
বনি,0.660751461982727,0.0,1.660751461982727
আনন্দিত,0.6607136130332947,0.0,1.6607136130332947
বিখ্যাত,0.6604559123516083,0.0,1.6604559123516083
আস্,0.6604280769824982,0.0,1.6604280769824982
কিস,0.6602266132831573,0.0,1.6602266132831573
মাপ,0.6702606976032257,0.010101010101010102,1.6601596875022158
আহা,0.6600954830646515,0.0,1.6600954830646515
বালা,0.6600683629512787,0.0,1.6600683629512787
এগ,0.6598587334156036,0.0,1.6598587334156036
আশপাশ,0.6596958637237549,0.0,1.6596958637237549
মি,0.6594360768795013,0.0,1.6594360768795013
বাই,0.6592084169387817,0.0,1.6592084169387817
টেলিফোনে,0.6591622829437256,0.0,1.6591622829437256
চার্জ,0.6590492725372314,0.0,1.6590492725372314
বেগ,0.6590195000171661,0.0,1.6590195000171661
কোনা,0.6588781476020813,0.0,1.6588781476020813
টুক,0.6588303744792938,0.0,1.6588303744792938
প্রিন্সিপাল,0.658791720867157,0.0,1.658791720867157
ঐদিন,0.6587232053279877,0.0,1.6587232053279877
অন্ধ,0.6583733856678009,0.0,1.658373385667801
সুলত,0.6583092212677002,0.0,1.6583092212677002
সামাজিক,0.6582206785678864,0.0,1.6582206785678864
দেখতে,0.6579984426498413,0.0,1.6579984426498413
এতদিন,0.6579978168010712,0.0,1.6579978168010712
শ্রাবণী,0.657812088727951,0.0,1.657812088727951
শপিং,0.6578002274036407,0.0,1.6578002274036407
পড়েছি,0.6577529013156891,0.0,1.657752901315689
নজরদারি,0.657522052526474,0.0,1.657522052526474
উপেক্ষা,0.657521665096283,0.0,1.657521665096283
ইউ,0.6574054062366486,0.0,1.6574054062366486
একাদশ,0.6573612987995148,0.0,1.6573612987995148
হু,0.6571440696716309,0.0,1.6571440696716309
অনেকদিন,0.6570538282394409,0.0,1.657053828239441
উন,0.6570479869842529,0.0,1.657047986984253
ক্যান্টিনে,0.6570026278495789,0.0,1.6570026278495789
সেব,0.6569706201553345,0.0,1.6569706201553345
নাচ,0.6567997634410858,0.0,1.6567997634410858
পরিবহন,0.6567676663398743,0.0,1.6567676663398743
কোঅর্ডিনেটর,0.6567637026309967,0.0,1.6567637026309967
শাহেদ,0.6566833853721619,0.0,1.6566833853721619
বসতি,0.6667801439762115,0.010101010101010102,1.6566791338752016
পড়া,0.6566224694252014,0.0,1.6566224694252014
অংশটুকু,0.6566033363342285,0.0,1.6566033363342285
তারপরে,0.65648353099823,0.0,1.65648353099823
ফেলেছিল,0.6563750803470612,0.0,1.6563750803470612
চেন,0.6562173068523407,0.0,1.6562173068523407
দেহ,0.6561194658279419,0.0,1.656119465827942
লজ্জা,0.6559306681156158,0.0,1.6559306681156158
ত্যাগ,0.6559064090251923,0.0,1.6559064090251923
পতাকা,0.6558478474617004,0.0,1.6558478474617004
স্বরে,0.6557506620883942,0.0,1.6557506620883942
সত্বে,0.6555315852165222,0.0,1.6555315852165222
দিলীপ,0.655449777841568,0.0,1.655449777841568
হানা,0.6554473042488098,0.0,1.6554473042488098
কিউ,0.6553761661052704,0.0,1.6553761661052704
দেখলে,0.6553238034248352,0.0,1.6553238034248352
জমকালো,0.6551868915557861,0.0,1.6551868915557861
বডি,0.6551026105880737,0.0,1.6551026105880737
টেক,0.6549981236457825,0.0,1.6549981236457825
যাও,0.6549558639526367,0.0,1.6549558639526367
নজির,0.6548947989940643,0.0,1.6548947989940643
দিয়েছিল,0.6548457443714142,0.0,1.6548457443714142
মার্কা,0.6546157002449036,0.0,1.6546157002449036
রাম,0.6546061933040619,0.0,1.654606193304062
নির্বাচিত,0.6545858681201935,0.0,1.6545858681201935
সহপাঠী,0.654582679271698,0.0,1.654582679271698
ঠাট্,0.6545495688915253,0.0,1.6545495688915253
ষাট,0.6544921100139618,0.0,1.6544921100139618
কৌতুক,0.6544406414031982,0.0,1.6544406414031982
মাস্টারের,0.6544283628463745,0.0,1.6544283628463745
যুগ,0.6542752087116241,0.0,1.6542752087116241
আকৃষ্ট,0.6542147099971771,0.0,1.6542147099971771
গাঁজা,0.6541793644428253,0.0,1.6541793644428253
টোকা,0.6541772484779358,0.0,1.6541772484779358
মাজহ,0.6541396677494049,0.0,1.654139667749405
ফি,0.6541226208209991,0.0,1.6541226208209991
এখানক,0.653903990983963,0.0,1.653903990983963
রাজ,0.6538084149360657,0.0,1.6538084149360657
পারছেন,0.653650164604187,0.0,1.653650164604187
দুদিন,0.6534689962863922,0.0,1.6534689962863922
রাতারাতি,0.6534683704376221,0.0,1.653468370437622
নো,0.6533766984939575,0.0,1.6533766984939575
শোন,0.6533618271350861,0.0,1.653361827135086
অবরুদ্ধ,0.6530844867229462,0.0,1.6530844867229462
প্রাইম,0.6530607044696808,0.0,1.6530607044696808
কালা,0.6529553830623627,0.0,1.6529553830623627
একক,0.652745395898819,0.0,1.652745395898819
ছিন্ন,0.6527063548564911,0.0,1.652706354856491
অপরিচিত,0.6526155769824982,0.0,1.6526155769824982
ভাগ্য,0.6524868011474609,0.0,1.652486801147461
রাখল,0.6523553729057312,0.0,1.6523553729057312
দ্বিতীয়ব,0.6523340344429016,0.0,1.6523340344429016
সার্জন,0.6522485315799713,0.0,1.6522485315799713
অনেকক্ষণ,0.6521690189838409,0.0,1.652169018983841
পর্দা,0.6520941257476807,0.0,1.6520941257476807
এভিনিউ,0.6516530513763428,0.0,1.6516530513763428
মুগ্ধ,0.6516148746013641,0.0,1.6516148746013641
কোনদিন,0.6516076326370239,0.0,1.651607632637024
এরপরে,0.6515754759311676,0.0,1.6515754759311676
কোপা,0.6515071988105774,0.0,1.6515071988105774
পার্টি,0.6514047980308533,0.0,1.6514047980308533
মনোযোগ,0.6512044370174408,0.0,1.6512044370174408
গেস্ট,0.6512039005756378,0.0,1.6512039005756378
মিতু,0.651180624961853,0.0,1.651180624961853
হয়েছি,0.6510846316814423,0.0,1.6510846316814423
দেখছ,0.6510116159915924,0.0,1.6510116159915924
সেভ,0.6505464911460876,0.0,1.6505464911460876
কূটনৈতিক,0.6505069136619568,0.0,1.6505069136619568
ভাড়া,0.6502604186534882,0.0,1.6502604186534882
এছাড়া,0.6502203643321991,0.0,1.650220364332199
বিদেশী,0.6603108644485474,0.010101010101010102,1.6502098543475374
অভিজ্ঞত,0.6502048969268799,0.0,1.6502048969268799
আসেনি,0.650162547826767,0.0,1.650162547826767
টেস্ট,0.6500868201255798,0.0,1.6500868201255798
আনে,0.6499156057834625,0.0,1.6499156057834625
গিয়েছি,0.649867057800293,0.0,1.649867057800293
নিতান্ত,0.6495403051376343,0.0,1.6495403051376343
আনি,0.6495179533958435,0.0,1.6495179533958435
কুল,0.6595732569694519,0.010101010101010102,1.649472246868442
ভালোভাবে,0.6494123041629791,0.0,1.6494123041629791
নানান,0.6493622958660126,0.0,1.6493622958660126
এরশাদ,0.6493192613124847,0.0,1.6493192613124847
বাড়,0.6492578089237213,0.0,1.6492578089237213
ওপরে,0.6491249203681946,0.0,1.6491249203681946
অবাক,0.6491150259971619,0.0,1.6491150259971619
কাল্পনিক,0.6491125524044037,0.0,1.6491125524044037
তিনে,0.6490791141986847,0.0,1.6490791141986847
খুজে,0.6489508748054504,0.0,1.6489508748054504
টানেল,0.6489171087741852,0.0,1.6489171087741852
ভরসা,0.6489115357398987,0.0,1.6489115357398987
সূচনা,0.6488941609859467,0.0,1.6488941609859467
বুদ্ধিমত্ত,0.6488284468650818,0.0,1.6488284468650818
অ্যাটাক,0.6487260460853577,0.0,1.6487260460853577
কাজকর্ম,0.6486954391002655,0.0,1.6486954391002655
ফ্যাশন,0.648672342300415,0.0,1.648672342300415
আসব,0.6486159265041351,0.0,1.6486159265041351
অপারেশন,0.6485793888568878,0.0,1.6485793888568878
চাইছি,0.6586509943008423,0.010101010101010102,1.6485499841998323
ভেজাল,0.6483732163906097,0.0,1.6483732163906097
দীর্ঘশ্বাস,0.6481577157974243,0.0,1.6481577157974243
হাতি,0.6480833888053894,0.0,1.6480833888053894
প্লাটিনাম,0.6480809450149536,0.0,1.6480809450149536
ডিজাইন,0.6480585634708405,0.0,1.6480585634708405
নির্যাতন,0.6480487287044525,0.0,1.6480487287044525
ব্যাখ্যা,0.6480172872543335,0.0,1.6480172872543335
হাই,0.6479180455207825,0.0,1.6479180455207825
আইনশৃঙ্খলা,0.6478712260723114,0.0,1.6478712260723114
শামিমা,0.6478671133518219,0.0,1.647867113351822
বলবে,0.6478579640388489,0.0,1.6478579640388489
থমথমে,0.6477589011192322,0.0,1.6477589011192322
চবি,0.6476466953754425,0.0,1.6476466953754425
দোস্ত,0.6476084291934967,0.0,1.6476084291934967
সেইসঙ্গে,0.6475043594837189,0.0,1.6475043594837189
দাঁত,0.6475001275539398,0.0,1.6475001275539398
মোবারক,0.6473245620727539,0.0,1.647324562072754
ভরাট,0.6473136246204376,0.0,1.6473136246204376
প্রতিব,0.6471536755561829,0.0,1.6471536755561829
তুষ,0.6471295058727264,0.0,1.6471295058727264
আজিজ,0.6471123099327087,0.0,1.6471123099327087
এলার্ম,0.6470924019813538,0.0,1.6470924019813538
জনাকীর্ণ,0.6469047367572784,0.0,1.6469047367572784
সামলা,0.6468470394611359,0.0,1.6468470394611359
টিক,0.6467540860176086,0.0,1.6467540860176086
সূচ,0.6467145681381226,0.0,1.6467145681381226
জিত,0.6466728746891022,0.0,1.6466728746891022
দেখেন,0.6464871168136597,0.0,1.6464871168136597
উড়ে,0.6464470326900482,0.0,1.6464470326900482
আসিফ,0.6463756859302521,0.0,1.646375685930252
আগা,0.6462863683700562,0.0,1.6462863683700562
ইমতিয়াজ,0.646012544631958,0.0,1.646012544631958
ভাঙ্গ,0.6459490060806274,0.0,1.6459490060806274
মহা,0.6459421217441559,0.0,1.6459421217441559
খেলাধুলা,0.6459204852581024,0.0,1.6459204852581024
থাকতে,0.6457360684871674,0.0,1.6457360684871674
ততক্ষণে,0.6456287503242493,0.0,1.6456287503242493
ভিতর,0.6456013917922974,0.0,1.6456013917922974
স্যার,0.6455243229866028,0.0,1.6455243229866028
কাজি,0.6454541087150574,0.0,1.6454541087150574
যেদিন,0.6454223692417145,0.0,1.6454223692417145
সুইসাইড,0.6454217433929443,0.0,1.6454217433929443
শীতল,0.6452416777610779,0.0,1.6452416777610779
ব্যান্ড,0.6450506746768951,0.0,1.6450506746768951
অপসারণ,0.644678384065628,0.0,1.644678384065628
অবশিষ্ট,0.6446399986743927,0.0,1.6446399986743927
রাজকুমারী,0.6445950865745544,0.0,1.6445950865745544
সারাক্ষণ,0.6443989872932434,0.0,1.6443989872932434
গুঞ্জন,0.6441712975502014,0.0,1.6441712975502014
অতি,0.6441693902015686,0.0,1.6441693902015686
চুপচাপ,0.6441198885440826,0.0,1.6441198885440826
দেখেছেন,0.6441084742546082,0.0,1.6441084742546082
ইচ্ছা,0.6440964043140411,0.0,1.6440964043140411
বেলুন,0.6440585851669312,0.0,1.6440585851669312
কার্যকলাপ,0.644020676612854,0.0,1.644020676612854
টাই,0.6440040171146393,0.0,1.6440040171146393
জহির,0.6439890563488007,0.0,1.6439890563488007
দুশ্চিন্তা,0.6439688205718994,0.0,1.6439688205718994
দেয়া,0.6439377963542938,0.0,1.6439377963542938
গিল,0.6439209878444672,0.0,1.6439209878444672
মেঘ,0.6438889503479004,0.0,1.6438889503479004
ইচ্,0.6437717974185944,0.0,1.6437717974185944
থাকুক,0.6437663435935974,0.0,1.6437663435935974
তিরিশ,0.6437085270881653,0.0,1.6437085270881653
তিনদিন,0.6435973644256592,0.0,1.6435973644256592
সমবেদনা,0.6435774564743042,0.0,1.6435774564743042
বটে,0.6435500383377075,0.0,1.6435500383377075
বিপুল,0.6433693468570709,0.0,1.643369346857071
মানি,0.6433525383472443,0.0,1.6433525383472443
ফরিদ,0.6432269811630249,0.0,1.643226981163025
দেশি,0.6432244181632996,0.0,1.6432244181632996
ঠাল,0.6431940197944641,0.0,1.6431940197944641
সজ্জিত,0.6430921852588654,0.0,1.6430921852588654
শুনি,0.6430269479751587,0.0,1.6430269479751587
কৌতূহল,0.6429762244224548,0.0,1.6429762244224548
অনৈতিক,0.6429504156112671,0.0,1.642950415611267
বিচলিত,0.6427450180053711,0.0,1.642745018005371
মিথ্যে,0.6427390575408936,0.0,1.6427390575408936
শিশির,0.6426851749420166,0.0,1.6426851749420166
আরেকব,0.6426843404769897,0.0,1.6426843404769897
কেইস,0.6426328718662262,0.0,1.6426328718662262
টিকিট,0.6425755321979523,0.0,1.6425755321979523
ওভ,0.6425084471702576,0.0,1.6425084471702576
কাসেম,0.6424570977687836,0.0,1.6424570977687836
চোর,0.6423823237419128,0.0,1.6423823237419128
রূপসী,0.6423759758472443,0.0,1.6423759758472443
সীমা,0.6422207355499268,0.0,1.6422207355499268
অনেককে,0.6421590149402618,0.0,1.6421590149402618
বেক,0.642127513885498,0.0,1.642127513885498
প্রত্যেকের,0.642002671957016,0.0,1.642002671957016
কফি,0.6419930756092072,0.0,1.6419930756092072
প্রতারিত,0.6417529881000519,0.0,1.6417529881000519
অর্থহীন,0.6417520940303802,0.0,1.6417520940303802
মেলা,0.6416465640068054,0.0,1.6416465640068054
সপ্তাহে,0.6414513885974884,0.0,1.6414513885974884
আরে,0.6414089798927307,0.0,1.6414089798927307
চরিত্রে,0.6413472294807434,0.0,1.6413472294807434
আপত্তি,0.6410324573516846,0.0,1.6410324573516846
কিছুতে,0.6409735083580017,0.0,1.6409735083580017
কতদিন,0.6409117579460144,0.0,1.6409117579460144
যান৷,0.6408898234367371,0.0,1.640889823436737
অবনতি,0.6408011019229889,0.0,1.640801101922989
ধ্যান,0.640790730714798,0.0,1.640790730714798
আপ,0.6407598257064819,0.0,1.640759825706482
গাজা,0.640659749507904,0.0,1.640659749507904
শান্তির,0.6405785083770752,0.0,1.6405785083770752
জিজ্ঞেস,0.6403965651988983,0.0,1.6403965651988983
ব্যবসায়,0.6401731073856354,0.0,1.6401731073856354
বাবুর,0.6401602029800415,0.0,1.6401602029800415
ধাপে,0.6397793591022491,0.0,1.6397793591022491
গুলশানে,0.6397470235824585,0.0,1.6397470235824585
আমেরিকার,0.639514684677124,0.0,1.639514684677124
ফিট,0.6394378840923309,0.0,1.639437884092331
মৃত্যুবরণ,0.6393273770809174,0.0,1.6393273770809174
রাজধানী,0.6393118500709534,0.0,1.6393118500709534
জাতীয়,0.6393029987812042,0.0,1.6393029987812042
একরকম,0.6392626464366913,0.0,1.6392626464366913
স্বপ্নে,0.6392283737659454,0.0,1.6392283737659454
ক্যাপ্ট,0.6391218304634094,0.0,1.6391218304634094
চাইল,0.6391008496284485,0.0,1.6391008496284485
ছেলেটি,0.639053225517273,0.0,1.639053225517273
লুকিয়ে,0.6390414535999298,0.0,1.6390414535999298
ব্যাঙ,0.6389426290988922,0.0,1.6389426290988922
আজাদ,0.6388845145702362,0.0,1.6388845145702362
একসঙ্গে,0.638774037361145,0.0,1.638774037361145
করতাম,0.6387628316879272,0.0,1.6387628316879272
যশোরে,0.6387550830841064,0.0,1.6387550830841064
তোকে,0.6386672556400299,0.0,1.63866725564003
মাঝখানে,0.6386671364307404,0.0,1.6386671364307404
টাইপ,0.6386588513851166,0.0,1.6386588513851166
হালকা,0.6385534405708313,0.0,1.6385534405708313
মাঝামাঝি,0.6385116279125214,0.0,1.6385116279125214
শিখে,0.6384488642215729,0.0,1.6384488642215729
ভাস্কর্য,0.6383745670318604,0.0,1.6383745670318604
সেরকম,0.63836869597435,0.0,1.63836869597435
অসম্ভব,0.6382995843887329,0.0,1.638299584388733
শুরুতে,0.6381619274616241,0.0,1.6381619274616241
রয়ে,0.6379038393497467,0.0,1.6379038393497467
মেট্রিক,0.6378323435783386,0.0,1.6378323435783386
অং,0.6378208994865417,0.0,1.6378208994865417
অনেকব,0.6377999186515808,0.0,1.6377999186515808
উত্তেজনা,0.6377948224544525,0.0,1.6377948224544525
খাল,0.6377865970134735,0.0,1.6377865970134735
একইসঙ্গে,0.6377823352813721,0.0,1.637782335281372
মোটা,0.6376312971115112,0.0,1.6376312971115112
অন্তরঙ্গ,0.6376137435436249,0.0,1.6376137435436249
স্বীকৃতি,0.6374170482158661,0.0,1.637417048215866
পিঠ,0.6372960209846497,0.0,1.6372960209846497
চেনা,0.6372652351856232,0.0,1.6372652351856232
বরাবর,0.6372616291046143,0.0,1.6372616291046143
খা,0.6372146904468536,0.0,1.6372146904468536
পারিবারিক,0.6370683908462524,0.0,1.6370683908462524
রিয়া,0.6370629370212555,0.0,1.6370629370212555
বুদ্ধিমান,0.6369911730289459,0.0,1.636991173028946
ধরিয়ে,0.6369814872741699,0.0,1.63698148727417
মেরিন,0.6368214786052704,0.0,1.6368214786052704
অবিশ্বাস্য,0.6368085443973541,0.0,1.6368085443973541
গ্রানাইট,0.636754959821701,0.0,1.636754959821701
পীর,0.6362169682979584,0.0,1.6362169682979584
থাম,0.63620725274086,0.0,1.63620725274086
যতটুকু,0.6361170411109924,0.0,1.6361170411109924
ঘুরেফিরে,0.6359086036682129,0.0,1.635908603668213
ফেরা,0.6358887255191803,0.0,1.6358887255191803
সবুজ,0.6358300447463989,0.0,1.635830044746399
অকারণে,0.6357832551002502,0.0,1.6357832551002502
সালে,0.6357476115226746,0.0,1.6357476115226746
পাবলিক,0.6356644332408905,0.0,1.6356644332408905
আকুল,0.6356165111064911,0.0,1.635616511106491
কনফারেন্স,0.6355753540992737,0.0,1.6355753540992737
সিলেটের,0.6354961097240448,0.0,1.6354961097240448
জাপানী,0.6354852914810181,0.0,1.635485291481018
বিছ,0.6354591250419617,0.0,1.6354591250419617
আশ্চর্য,0.6455056965351105,0.010101010101010102,1.6354046864341005
মিলিয়ে,0.6353985965251923,0.0,1.6353985965251923
টিল,0.6353617906570435,0.0,1.6353617906570435
এতটুকু,0.6352960169315338,0.0,1.6352960169315338
খোঁচা,0.635113388299942,0.0,1.635113388299942
অমানুষিক,0.6350654661655426,0.0,1.6350654661655426
অপর,0.6350195705890656,0.0,1.6350195705890656
অভ্যাস,0.6349921524524689,0.0,1.6349921524524689
কারবারি,0.634985625743866,0.0,1.634985625743866
অসুখ,0.6349363923072815,0.0,1.6349363923072815
সর্বশেষ,0.6348755359649658,0.0,1.6348755359649658
ধারা,0.6347947418689728,0.0,1.6347947418689728
এলো,0.6347599923610687,0.0,1.6347599923610687
আইসি,0.6346857845783234,0.0,1.6346857845783234
ওন,0.6346256732940674,0.0,1.6346256732940674
আলিঙ্গন,0.6345762610435486,0.0,1.6345762610435486
নিহত,0.6345691084861755,0.0,1.6345691084861755
ইলেকট্রিক,0.634545773267746,0.0,1.634545773267746
কারা,0.6345372200012207,0.0,1.6345372200012207
আচ,0.634503036737442,0.0,1.634503036737442
সর্বনাশ,0.6344597935676575,0.0,1.6344597935676575
তারা,0.6344057321548462,0.0,1.6344057321548462
রংপুর,0.634373128414154,0.0,1.634373128414154
মুখোমুখি,0.6444734930992126,0.010101010101010102,1.6343724829982027
করিম,0.6444505453109741,0.010101010101010102,1.6343495352099642
ভুলে,0.6343063712120056,0.0,1.6343063712120056
নাসরীন,0.6342717111110687,0.0,1.6342717111110687
পিশাচ,0.6342155635356903,0.0,1.6342155635356903
গল্পে,0.6342043280601501,0.0,1.6342043280601501
আর্থ,0.6340381801128387,0.0,1.6340381801128387
সমন্বিত,0.6339817941188812,0.0,1.6339817941188812
প্রজেক্ট,0.6339636147022247,0.0,1.6339636147022247
পাপ,0.6339088678359985,0.0,1.6339088678359985
জমজমাট,0.6338849365711212,0.0,1.6338849365711212
খাটা,0.6338655054569244,0.0,1.6338655054569244
বয়ে,0.6337102353572845,0.0,1.6337102353572845
নিকট,0.6336380541324615,0.0,1.6336380541324615
স্মৃতি,0.633604884147644,0.0,1.633604884147644
ব্যথা,0.6335780918598175,0.0,1.6335780918598175
প্রয়োজন,0.6335774064064026,0.0,1.6335774064064026
সমবেত,0.6335618495941162,0.0,1.6335618495941162
জানলে,0.6334920525550842,0.0,1.6334920525550842
আকন্,0.6334808766841888,0.0,1.6334808766841888
কর্পোরেশন,0.633284717798233,0.0,1.633284717798233
বাক,0.6332793533802032,0.0,1.6332793533802032
কৌশলী,0.633267730474472,0.0,1.633267730474472
চব্বিশ,0.6332618892192841,0.0,1.633261889219284
শত্রুতা,0.6331561505794525,0.0,1.6331561505794525
হস্তান্তর,0.6331275403499603,0.0,1.6331275403499603
লক্ষাধিক,0.6331133842468262,0.0,1.6331133842468262
চাও,0.633092612028122,0.0,1.633092612028122
চরিত্র,0.6330607831478119,0.0,1.633060783147812
গুড,0.6330503225326538,0.0,1.6330503225326538
নীলা,0.6330022215843201,0.0,1.63300222158432
ভেবেছিল,0.6329780519008636,0.0,1.6329780519008636
বহুল,0.6329083442687988,0.0,1.6329083442687988
দেখুন,0.6328136324882507,0.0,1.6328136324882507
জেনারেটর,0.6327021718025208,0.0,1.6327021718025208
কাঁ,0.6326305270195007,0.0,1.6326305270195007
কিউব,0.6324225068092346,0.0,1.6324225068092346
ছাদের,0.6324086487293243,0.0,1.6324086487293243
একদি,0.6323329508304596,0.0,1.6323329508304596
হরতাল,0.6322968006134033,0.0,1.6322968006134033
অভিভাবক,0.6322130560874939,0.0,1.632213056087494
খানেক,0.632108598947525,0.0,1.632108598947525
থাকি,0.6421914398670197,0.010101010101010102,1.6320904297660097
ক্যাবল,0.6320576667785645,0.0,1.6320576667785645
সোনা,0.6320270299911499,0.0,1.63202702999115
নিয়মিত,0.6319233477115631,0.0,1.631923347711563
ইঞ্জিন,0.6420216858386993,0.010101010101010102,1.6319206757376894
রিয়,0.6319201290607452,0.0,1.6319201290607452
রাখলে,0.6319165527820587,0.0,1.6319165527820587
ঘূর্ণি,0.6319087743759155,0.0,1.6319087743759155
বেঞ্চ,0.6318707466125488,0.0,1.6318707466125488
রান,0.6318429708480835,0.0,1.6318429708480835
গৌর,0.6318022310733795,0.0,1.6318022310733795
পাত্র,0.6317097544670105,0.0,1.6317097544670105
ছিনতা,0.6316847205162048,0.0,1.6316847205162048
থাই,0.6313884854316711,0.0,1.6313884854316711
ঠিকঠাক,0.6311588287353516,0.0,1.6311588287353516
লু,0.6311467289924622,0.0,1.6311467289924622
আসি,0.6311037540435791,0.0,1.631103754043579
ড্রাগ,0.6309887766838074,0.0,1.6309887766838074
ছড়িয়ে,0.6308576166629791,0.0,1.6308576166629791
দেখবে,0.6308521330356598,0.0,1.6308521330356598
বুঝে,0.630849689245224,0.0,1.630849689245224
বিপ,0.630836009979248,0.0,1.630836009979248
অবিশ্বাস,0.6307336390018463,0.0,1.6307336390018463
স্পেশাল,0.6307142674922943,0.0,1.6307142674922943
রে,0.6305828094482422,0.0,1.6305828094482422
লিপিবদ্ধ,0.6305621266365051,0.0,1.6305621266365051
পরিচয়,0.630375862121582,0.0,1.630375862121582
নাক,0.6404299139976501,0.010101010101010102,1.6303289038966402
বরে,0.6301560401916504,0.0,1.6301560401916504
রাখুন,0.6300789713859558,0.0,1.6300789713859558
ঠুক,0.6300648152828217,0.0,1.6300648152828217
ক্ষুধা,0.6298383474349976,0.0,1.6298383474349976
কথায়,0.6297445595264435,0.0,1.6297445595264435
ড্রাইভার,0.629738062620163,0.0,1.629738062620163
এফ,0.6297380030155182,0.0,1.6297380030155182
বিড়াল,0.6297228932380676,0.0,1.6297228932380676
মার্কিন,0.6501080393791199,0.02040816326530612,1.6296998761138137
জোড়া,0.6296959221363068,0.0,1.6296959221363068
সানির,0.6296942234039307,0.0,1.6296942234039307
বাড়ানোর,0.6397688984870911,0.010101010101010102,1.6296678883860811
শুকনো,0.6296011507511139,0.0,1.629601150751114
আসনে,0.6296010911464691,0.0,1.6296010911464691
ফার,0.6294272243976593,0.0,1.6294272243976593
এড়িয়ে,0.6294186413288116,0.0,1.6294186413288116
প্রকাশ্যে,0.6292566955089569,0.0,1.629256695508957
কোর্ট,0.629234254360199,0.0,1.629234254360199
বীজ,0.6292246580123901,0.0,1.6292246580123901
ভয়াবহ,0.6292198896408081,0.0,1.629219889640808
পৌঁ,0.6291849613189697,0.0,1.6291849613189697
সাবধানে,0.6291809678077698,0.0,1.6291809678077698
বিজয়,0.6290881931781769,0.0,1.6290881931781769
বেড়ে,0.6290589272975922,0.0,1.6290589272975922
হাফ,0.6290585398674011,0.0,1.6290585398674011
বাণী,0.6290560960769653,0.0,1.6290560960769653
কোনোকিছু,0.6290522813796997,0.0,1.6290522813796997
পাঠক,0.6289580166339874,0.0,1.6289580166339874
বিকল,0.6289234757423401,0.0,1.62892347574234
পোর্ট,0.6288081705570221,0.0,1.628808170557022
সত্যতা,0.6287549734115601,0.0,1.62875497341156
দুঃখিত,0.6287332475185394,0.0,1.6287332475185394
বিভ্রান্ত,0.6283214092254639,0.0,1.6283214092254639
ফোর্স,0.6282837092876434,0.0,1.6282837092876434
চলাকালীন,0.6282687485218048,0.0,1.6282687485218048
ঈশ্বর,0.6281970739364624,0.0,1.6281970739364624
ভাবির,0.6281746327877045,0.0,1.6281746327877045
হুঙ্ক,0.6281434595584869,0.0,1.628143459558487
ডাকাত,0.6281205713748932,0.0,1.6281205713748932
অন্যরকম,0.6280477643013,0.0,1.6280477643013
ভাগাভাগি,0.6278536319732666,0.0,1.6278536319732666
ঘাতক,0.6278387010097504,0.0,1.6278387010097504
কারণটা,0.6278164386749268,0.0,1.6278164386749268
বরিশাল,0.6278050243854523,0.0,1.6278050243854523
সোজা,0.6277954578399658,0.0,1.6277954578399658
ছেলে,0.6277492046356201,0.0,1.6277492046356201
বাতি,0.6276880502700806,0.0,1.6276880502700806
ব্যাপক,0.627633273601532,0.0,1.627633273601532
চালাবে,0.6276098191738129,0.0,1.6276098191738129
কাজল,0.6275022923946381,0.0,1.627502292394638
জনে,0.6274911761283875,0.0,1.6274911761283875
মিলি,0.627445250749588,0.0,1.627445250749588
বোতাম,0.627436488866806,0.0,1.627436488866806
হলি,0.6271994411945343,0.0,1.6271994411945343
বাছা,0.6271788477897644,0.0,1.6271788477897644
দেখানোর,0.6271703541278839,0.0,1.627170354127884
কেলেঙ্কারি,0.6269897520542145,0.0,1.6269897520542145
রবীন্দ্র,0.6269145905971527,0.0,1.6269145905971527
ঝরনা,0.6267279386520386,0.0,1.6267279386520386
সাহায্যে,0.6265100538730621,0.0,1.6265100538730621
কর্মকাণ্ডে,0.6262519359588623,0.0,1.6262519359588623
পেট,0.6262415647506714,0.0,1.6262415647506714
অভিভূত,0.626190185546875,0.0,1.626190185546875
ফাইল,0.6261608600616455,0.0,1.6261608600616455
ক্ষীণ,0.625999391078949,0.0,1.625999391078949
খাস,0.6256572306156158,0.0,1.6256572306156158
হই,0.6256420910358429,0.0,1.625642091035843
মুহূর্ত,0.6254590749740601,0.0,1.62545907497406
এসেছিল,0.6355424523353577,0.010101010101010102,1.6254414422343477
বাধ,0.6254250109195709,0.0,1.625425010919571
হেল্প,0.6253798007965088,0.0,1.6253798007965088
তাছাড়া,0.6253569424152374,0.0,1.6253569424152374
জমির,0.6354227960109711,0.010101010101010102,1.6253217859099611
ভীষণ,0.6353552639484406,0.010101010101010102,1.6252542538474306
চলা,0.6251921951770782,0.0,1.6251921951770782
চ্যালেঞ্জ,0.625013917684555,0.0,1.625013917684555
জরুরী,0.6350832581520081,0.010101010101010102,1.6249822480509981
কোনোম,0.6249381899833679,0.0,1.624938189983368
বাঁধা,0.6348423063755035,0.010101010101010102,1.6247412962744936
বাঁচানোর,0.6247249841690063,0.0,1.6247249841690063
স্থায়ী,0.6246940493583679,0.0,1.624694049358368
বেশিরভাগ,0.6246916353702545,0.0,1.6246916353702545
পড়লে,0.6246492266654968,0.0,1.6246492266654968
ক্ষুব্ধ,0.6246200203895569,0.0,1.6246200203895569
অমূল্য,0.6246155202388763,0.0,1.6246155202388763
অবস্থায়,0.6245855391025543,0.0,1.6245855391025543
ক্যান্স,0.6245833933353424,0.0,1.6245833933353424
মনিটরে,0.6245656609535217,0.0,1.6245656609535217
ইতিবাচক,0.6245335638523102,0.0,1.6245335638523102
সাময়িক,0.6243004500865936,0.0,1.6243004500865936
আরিফ,0.6242977678775787,0.0,1.6242977678775787
ইন্সটিটিউট,0.62429279088974,0.0,1.62429279088974
কড়া,0.6242608428001404,0.0,1.6242608428001404
শিগগির,0.6343616247177124,0.010101010101010102,1.6242606146167025
গোলমাল,0.6242489814758301,0.0,1.62424898147583
উইক,0.6241280734539032,0.0,1.6241280734539032
শান,0.6240807771682739,0.0,1.624080777168274
অজ্ঞাত,0.6240390837192535,0.0,1.6240390837192535
বলেছিল,0.6239684522151947,0.0,1.6239684522151947
অসুবিধা,0.6239585876464844,0.0,1.6239585876464844
আবারো,0.6239511966705322,0.0,1.6239511966705322
ছোটখাট,0.6239200234413147,0.0,1.6239200234413147
ওটা,0.6238611340522766,0.0,1.6238611340522766
এন,0.6236651837825775,0.0,1.6236651837825775
বিবিসির,0.6236313879489899,0.0,1.6236313879489899
কোক,0.623569667339325,0.0,1.623569667339325
রাজা,0.6235623955726624,0.0,1.6235623955726624
ভূত,0.623561292886734,0.0,1.623561292886734
প্রতীক,0.6234515011310577,0.0,1.6234515011310577
আমল,0.6232738196849823,0.0,1.6232738196849823
রিয়াজ,0.6232442557811737,0.0,1.6232442557811737
ক্রাইম,0.6231669485569,0.0,1.6231669485569
বাধ্যতামূলক,0.6230798959732056,0.0,1.6230798959732056
শঙ্কিত,0.622850626707077,0.0,1.622850626707077
রেড,0.6326745748519897,0.010101010101010102,1.6225735647509798
বিক্ষোভ,0.6225209832191467,0.0,1.6225209832191467
আসন্ন,0.6224815249443054,0.0,1.6224815249443054
অস্বাভাবিক,0.6223226487636566,0.0,1.6223226487636566
জোছন,0.6221333742141724,0.0,1.6221333742141724
অনুপস্থিতি,0.6220930218696594,0.0,1.6220930218696594
পুলিশে,0.6220210790634155,0.0,1.6220210790634155
তারিক,0.6219276785850525,0.0,1.6219276785850525
কোটা,0.6217670738697052,0.0,1.6217670738697052
রেঞ্জ,0.6217635869979858,0.0,1.6217635869979858
বুঝি,0.6217357516288757,0.0,1.6217357516288757
বিরোধ,0.6216774880886078,0.0,1.6216774880886078
প্রসঙ্গে,0.6216537654399872,0.0,1.6216537654399872
আল্লাহর,0.6216436326503754,0.0,1.6216436326503754
লোভে,0.6316813230514526,0.010101010101010102,1.6215803129504427
ফেলল,0.6214957535266876,0.0,1.6214957535266876
দেখানো,0.621383011341095,0.0,1.621383011341095
বিদ্রোহী,0.6213762760162354,0.0,1.6213762760162354
ল্যাবরেটরি,0.6213141977787018,0.0,1.6213141977787018
শফিক,0.6212632060050964,0.0,1.6212632060050964
অফিসার,0.6211898326873779,0.0,1.621189832687378
ঝামেল,0.6211300790309906,0.0,1.6211300790309906
পদের,0.6210580766201019,0.0,1.621058076620102
বেস,0.6208940744400024,0.0,1.6208940744400024
উঁচু,0.6208394467830658,0.0,1.6208394467830658
কাটানোর,0.6207951307296753,0.0,1.6207951307296753
এনেছেন,0.6207519471645355,0.0,1.6207519471645355
ধর্মীয়,0.6207229197025299,0.0,1.62072291970253
আঃ,0.6206434965133667,0.0,1.6206434965133667
নোবেল,0.6206029653549194,0.0,1.6206029653549194
শিমুল,0.6205733716487885,0.0,1.6205733716487885
স্রোত,0.6204719841480255,0.0,1.6204719841480255
প্রচার,0.6204010546207428,0.0,1.6204010546207428
অজান্তে,0.6203820705413818,0.0,1.6203820705413818
গুলো,0.6203688085079193,0.0,1.6203688085079193
বিপ্লব,0.6201931238174438,0.0,1.6201931238174438
পাউন্ড,0.6201769709587097,0.0,1.6201769709587097
সেকেন্ড,0.6302563548088074,0.010101010101010102,1.6201553447077974
ইমাম,0.6200428605079651,0.0,1.620042860507965
দুব,0.6199457049369812,0.0,1.6199457049369812
কটি,0.6198902428150177,0.0,1.6198902428150177
সংযুক্ত,0.619856059551239,0.0,1.619856059551239
পিছ,0.6197852194309235,0.0,1.6197852194309235
শো,0.6197767853736877,0.0,1.6197767853736877
আভাস,0.6197132468223572,0.0,1.6197132468223572
অর্থনৈতিক,0.61966672539711,0.0,1.61966672539711
লাফা,0.6196255385875702,0.0,1.6196255385875702
জানতাম,0.6196170747280121,0.0,1.619617074728012
পার্,0.6195615231990814,0.0,1.6195615231990814
রাখি,0.6195516288280487,0.0,1.6195516288280487
ফ্যামি,0.6195462942123413,0.0,1.6195462942123413
সার্জারি,0.619516521692276,0.0,1.619516521692276
উন্নতি,0.6296147108078003,0.010101010101010102,1.6195137007067903
ব্যাপারটি,0.6194877624511719,0.0,1.6194877624511719
রাজনীতির,0.6194188892841339,0.0,1.619418889284134
উদ্যোগ,0.619327962398529,0.0,1.619327962398529
শেষব,0.6192708015441895,0.0,1.6192708015441895
আগলে,0.6191367506980896,0.0,1.6191367506980896
আদর্শ,0.619051992893219,0.0,1.619051992893219
কর্মকাণ্ড,0.6190071105957031,0.0,1.6190071105957031
একেকজন,0.6189894378185272,0.0,1.6189894378185272
বোঝ,0.6189624965190887,0.0,1.6189624965190887
ডিগ্রী,0.6188380420207977,0.0,1.6188380420207977
প্যানেল,0.6288816332817078,0.010101010101010102,1.6187806231806978
যাবা,0.618706464767456,0.0,1.618706464767456
দে,0.6184971332550049,0.0,1.6184971332550049
মালিশ,0.6184631586074829,0.0,1.618463158607483
রায়,0.618401437997818,0.0,1.618401437997818
ব্রেইন,0.6183381080627441,0.0,1.6183381080627441
ওইসব,0.6182865500450134,0.0,1.6182865500450134
আধ,0.6182606816291809,0.0,1.618260681629181
দেখো,0.6181723773479462,0.0,1.6181723773479462
হোম,0.6181315183639526,0.0,1.6181315183639526
ফিন,0.6181035339832306,0.0,1.6181035339832306
ইঁদুর,0.6180408596992493,0.0,1.6180408596992493
ক্রিকেট,0.6179871261119843,0.0,1.6179871261119843
কেস,0.6179569959640503,0.0,1.6179569959640503
উদ্যত,0.6179287433624268,0.0,1.6179287433624268
এষা,0.617923378944397,0.0,1.617923378944397
বৈঠ,0.6178751885890961,0.0,1.617875188589096
নীল,0.6176669597625732,0.0,1.6176669597625732
হীর,0.6174920797348022,0.0,1.6174920797348022
জিরো,0.6174889206886292,0.0,1.6174889206886292
পর্যাপ্ত,0.6173568367958069,0.0,1.6173568367958069
তামা,0.6172001957893372,0.0,1.6172001957893372
লেভেল,0.6272689402103424,0.010101010101010102,1.6171679301093325
বলছি,0.6272093951702118,0.010101010101010102,1.6171083850692018
সিট,0.6170547008514404,0.0,1.6170547008514404
চিন,0.6170405149459839,0.0,1.6170405149459839
সাগর,0.6169411540031433,0.0,1.6169411540031433
রাউল,0.6169321238994598,0.0,1.6169321238994598
কানে,0.6169236600399017,0.0,1.6169236600399017
আস্থা,0.6169154644012451,0.0,1.6169154644012451
ভোল,0.6168720126152039,0.0,1.6168720126152039
তামান্না,0.6168353855609894,0.0,1.6168353855609894
খাঁ,0.6268861889839172,0.010101010101010102,1.6167851788829073
পর্যায়ে,0.6267252266407013,0.010101010101010102,1.6166242165396913
নানক,0.616598516702652,0.0,1.616598516702652
পাবা,0.6165864169597626,0.0,1.6165864169597626
বিকৃত,0.616554856300354,0.0,1.616554856300354
সেকশন,0.6165245175361633,0.0,1.6165245175361633
ক্রিস্টাল,0.6163647472858429,0.0,1.616364747285843
ভারী,0.6163343787193298,0.0,1.6163343787193298
ঝাও,0.6162552535533905,0.0,1.6162552535533905
করতে,0.6162323653697968,0.0,1.6162323653697968
প্রাক্তন,0.6162168085575104,0.0,1.6162168085575104
আনন্,0.6262516975402832,0.010101010101010102,1.6161506874392733
রাঙা,0.6161074340343475,0.0,1.6161074340343475
পাঠ,0.6160843968391418,0.0,1.6160843968391418
ফেরার,0.6158932745456696,0.0,1.6158932745456696
চলছিল,0.6158285737037659,0.0,1.6158285737037659
এলোমেলো,0.6156764924526215,0.0,1.6156764924526215
সামান্য,0.6156631410121918,0.0,1.6156631410121918
অন্যতম,0.6156396269798279,0.0,1.6156396269798279
দুষ্ট,0.6155291795730591,0.0,1.615529179573059
বঙ্গোপসাগর,0.615466982126236,0.0,1.615466982126236
বিলুপ্ত,0.6154628694057465,0.0,1.6154628694057465
রাষ্ট্রদূত,0.6154622435569763,0.0,1.6154622435569763
আমেরিকা,0.6255543529987335,0.010101010101010102,1.6154533428977236
এক্স,0.6255137324333191,0.010101010101010102,1.6154127223323091
মাদক,0.6153765916824341,0.0,1.615376591682434
সু,0.6153530180454254,0.0,1.6153530180454254
যেই,0.6153351664543152,0.0,1.6153351664543152
সমাহিত,0.6153347492218018,0.0,1.6153347492218018
জিনিস,0.6153073310852051,0.0,1.615307331085205
ধরুন,0.6151882708072662,0.0,1.6151882708072662
জমি,0.6252794861793518,0.010101010101010102,1.6151784760783419
মনিটর,0.6151294112205505,0.0,1.6151294112205505
অসীম,0.6151103079319,0.0,1.6151103079319
কিশোর,0.6150310933589935,0.0,1.6150310933589935
বেচা,0.6149937808513641,0.0,1.6149937808513641
ফ্রি,0.614878237247467,0.0,1.614878237247467
কয়েকদিন,0.614775538444519,0.0,1.614775538444519
একদল,0.6147027015686035,0.0,1.6147027015686035
চাইতে,0.6146903038024902,0.0,1.6146903038024902
অগোচরে,0.6146421730518341,0.0,1.614642173051834
শুনলে,0.614616721868515,0.0,1.614616721868515
ধাপ,0.6144448220729828,0.0,1.6144448220729828
মাঝ,0.6243804693222046,0.010101010101010102,1.6142794592211946
কমবে,0.6142305433750153,0.0,1.6142305433750153
ধরা,0.6142196953296661,0.0,1.6142196953296661
গুলিবিদ্ধ,0.6142066717147827,0.0,1.6142066717147827
সরা,0.6141611337661743,0.0,1.6141611337661743
সেদিন,0.6141084730625153,0.0,1.6141084730625153
মুখোশ,0.6140691339969635,0.0,1.6140691339969635
কমপক্ষে,0.6140552163124084,0.0,1.6140552163124084
ফাস্ট,0.6140077114105225,0.0,1.6140077114105225
ডিটেকটিভ,0.6139132380485535,0.0,1.6139132380485535
মাইক,0.6138972640037537,0.0,1.6138972640037537
অপহরণ,0.6137674450874329,0.0,1.6137674450874329
শুধুমাত্র,0.6137600243091583,0.0,1.6137600243091583
নেয়,0.6137189567089081,0.0,1.613718956708908
আন্দোলন,0.613654762506485,0.0,1.613654762506485
শরীফ,0.6135615110397339,0.0,1.6135615110397339
কাদের,0.6339632570743561,0.02040816326530612,1.61355509380905
মূল্যবান,0.6236249804496765,0.010101010101010102,1.6135239703486666
ব্রি,0.6134745478630066,0.0,1.6134745478630066
কাজী,0.6134598851203918,0.0,1.6134598851203918
তেলের,0.6132704019546509,0.0,1.6132704019546509
লাইনে,0.6132261455059052,0.0,1.6132261455059052
উঠান,0.6131098866462708,0.0,1.6131098866462708
মেজাজ,0.6130194664001465,0.0,1.6130194664001465
দিয়েছি,0.612934798002243,0.0,1.612934798002243
ফেলবে,0.612810343503952,0.0,1.612810343503952
বাচা,0.6127796471118927,0.0,1.6127796471118927
প্রাণীর,0.612741231918335,0.0,1.612741231918335
লিফলেট,0.6127127110958099,0.0,1.61271271109581
বলছিল,0.6126894354820251,0.0,1.6126894354820251
প্রতিযোগিতা,0.6126348972320557,0.0,1.6126348972320557
সৌভাগ্যক্রমে,0.6126055121421814,0.0,1.6126055121421814
গাইড,0.6125935018062592,0.0,1.6125935018062592
জামশেদ,0.6125763356685638,0.0,1.6125763356685638
নিষিদ্ধ,0.6125137805938721,0.0,1.612513780593872
চিন্তিত,0.6125042140483856,0.0,1.6125042140483856
সুবিধা,0.6124325692653656,0.0,1.6124325692653656
আলাদাভাবে,0.612288773059845,0.0,1.612288773059845
বদি,0.6122870147228241,0.0,1.612287014722824
নেয়া,0.6122306883335114,0.0,1.6122306883335114
ইতোমধ্যে,0.6222681701183319,0.010101010101010102,1.612167160017322
ঘোরাঘুরি,0.6121590435504913,0.0,1.6121590435504913
হত্যাকাণ্ডে,0.6120636165142059,0.0,1.612063616514206
ছাগল,0.611987441778183,0.0,1.611987441778183
নিবে,0.6119836866855621,0.0,1.6119836866855621
ক্যাম্পে,0.6119624376296997,0.0,1.6119624376296997
সচিব,0.6117841601371765,0.0,1.6117841601371765
খাওয়া,0.6218801140785217,0.010101010101010102,1.6117791039775118
দাবা,0.6117636263370514,0.0,1.6117636263370514
ক্রমাগত,0.611726850271225,0.0,1.611726850271225
দেই,0.6116213202476501,0.0,1.6116213202476501
রাখবে,0.6115669012069702,0.0,1.6115669012069702
আত্মীয়,0.6115014255046844,0.0,1.6115014255046844
হাঁ,0.6114463210105896,0.0,1.6114463210105896
টিভি,0.6114420890808105,0.0,1.6114420890808105
কাদির,0.6114387214183807,0.0,1.6114387214183807
অধিনায়ক,0.6114006638526917,0.0,1.6114006638526917
ডি,0.6113658249378204,0.0,1.6113658249378204
কর্মকান্ড,0.6112937033176422,0.0,1.6112937033176422
হাওয়া,0.6112660467624664,0.0,1.6112660467624664
এবার,0.6112164556980133,0.0,1.6112164556980133
দানা,0.6111759841442108,0.0,1.6111759841442108
তারকা,0.6111008822917938,0.0,1.6111008822917938
বিপর্যয়,0.6110760867595673,0.0,1.6110760867595673
ভাবল,0.6110082566738129,0.0,1.6110082566738129
গম্ভীর,0.6109928786754608,0.0,1.6109928786754608
রেখেছিল,0.6109910607337952,0.0,1.6109910607337952
স্বাক্ষর,0.6109805703163147,0.0,1.6109805703163147
কই,0.6109159290790558,0.0,1.6109159290790558
করুন,0.6108376681804657,0.0,1.6108376681804657
হচ্ছিল,0.6108272969722748,0.0,1.6108272969722748
জীবন্ত,0.6107661724090576,0.0,1.6107661724090576
করেননি,0.6107656061649323,0.0,1.6107656061649323
সুপারিশ,0.6107212901115417,0.0,1.6107212901115417
ঘোষণ,0.6107144057750702,0.0,1.6107144057750702
বউ,0.610589861869812,0.0,1.610589861869812
মশাল,0.6105606853961945,0.0,1.6105606853961945
দুইব,0.6105256378650665,0.0,1.6105256378650665
চশমা,0.6105018854141235,0.0,1.6105018854141235
নিঃসঙ্গ,0.6205824613571167,0.010101010101010102,1.6104814512561068
বহিষ্ক,0.6104471981525421,0.0,1.6104471981525421
মিজান,0.610445111989975,0.0,1.610445111989975
জের,0.6102847158908844,0.0,1.6102847158908844
সেও,0.6102145612239838,0.0,1.6102145612239838
ঈদ,0.6203001439571381,0.010101010101010102,1.6101991338561281
মেরুদণ্ড,0.6101351678371429,0.0,1.610135167837143
শেষবার,0.6100313365459442,0.0,1.6100313365459442
চোখে,0.6100285947322845,0.0,1.6100285947322845
সাদেকের,0.6099182665348053,0.0,1.6099182665348053
উল্লেখযোগ্য,0.6098769903182983,0.0,1.6098769903182983
পুরোনো,0.6098591685295105,0.0,1.6098591685295105
রীতিম,0.6098288595676422,0.0,1.6098288595676422
উন্মুক্ত,0.6098239719867706,0.0,1.6098239719867706
সেবা,0.6097938120365143,0.0,1.6097938120365143
করুক,0.6097505390644073,0.0,1.6097505390644073
মিস,0.6096805036067963,0.0,1.6096805036067963
শান্ত,0.6096654832363129,0.0,1.6096654832363129
পেরেছি,0.6095560789108276,0.0,1.6095560789108276
খেলনা,0.6095093488693237,0.0,1.6095093488693237
মিট,0.6094664633274078,0.0,1.6094664633274078
উষ্ণ,0.6094551384449005,0.0,1.6094551384449005
ভাঙ্গা,0.609449565410614,0.0,1.609449565410614
বর্ষা,0.6094451546669006,0.0,1.6094451546669006
বক্তব্যে,0.6094160079956055,0.0,1.6094160079956055
তরে,0.6094053089618683,0.0,1.6094053089618683
মরে,0.6093519926071167,0.0,1.6093519926071167
পাকা,0.6093274354934692,0.0,1.6093274354934692
কাঠামোর,0.6091147363185883,0.0,1.6091147363185883
বিল,0.6191810667514801,0.010101010101010102,1.6090800566504702
তোমাকে,0.6090695858001709,0.0,1.609069585800171
ক্ষণে,0.6089743971824646,0.0,1.6089743971824646
যাচ্ছিল,0.6089285016059875,0.0,1.6089285016059875
বিডি,0.6088859736919403,0.0,1.6088859736919403
ট্রেনিং,0.6088301837444305,0.0,1.6088301837444305
নিষেধ,0.6088234782218933,0.0,1.6088234782218933
পরিষ্ক,0.6188714802265167,0.010101010101010102,1.6087704701255068
মাসুম,0.6086667478084564,0.0,1.6086667478084564
আকর্ষণ,0.6086556911468506,0.0,1.6086556911468506
দিনরাত,0.6086116433143616,0.0,1.6086116433143616
সহযোগী,0.6086012423038483,0.0,1.6086012423038483
সেহেতু,0.6085338592529297,0.0,1.6085338592529297
মিলু,0.6083473265171051,0.0,1.608347326517105
দিই,0.6083417236804962,0.0,1.6083417236804962
যাচ্ছি,0.6082372963428497,0.0,1.6082372963428497
ধরতে,0.6081305146217346,0.0,1.6081305146217346
ষোল,0.6080818772315979,0.0,1.608081877231598
বসি,0.6080425381660461,0.0,1.6080425381660461
এরা,0.6080374419689178,0.0,1.6080374419689178
অনুসন্ধান,0.6079263687133789,0.0,1.607926368713379
বাত,0.6078591346740723,0.0,1.6078591346740723
মধ্যরাত,0.6077811419963837,0.0,1.6077811419963837
বসা,0.6077717244625092,0.0,1.6077717244625092
বাঁচা,0.607634425163269,0.0,1.607634425163269
লাফ,0.6075972020626068,0.0,1.6075972020626068
গো,0.607538491487503,0.0,1.607538491487503
তৃতীয়,0.6073757708072662,0.0,1.6073757708072662
গ্রাফিক,0.6072768270969391,0.0,1.607276827096939
দুলাল,0.607268750667572,0.0,1.607268750667572
সান,0.6072680354118347,0.0,1.6072680354118347
রইল,0.6072212159633636,0.0,1.6072212159633636
বসানো,0.6071631908416748,0.0,1.6071631908416748
পঞ্চাশ,0.6275705695152283,0.02040816326530612,1.6071624062499221
দেরি,0.6071197390556335,0.0,1.6071197390556335
আহ,0.606976181268692,0.0,1.606976181268692
ইলেকট্রনিক্স,0.6169540584087372,0.010101010101010102,1.6068530483077272
নাইট,0.60682013630867,0.0,1.60682013630867
অতী,0.606804221868515,0.0,1.606804221868515
শিউ,0.6068006455898285,0.0,1.6068006455898285
ম্যাসেজ,0.6067718863487244,0.0,1.6067718863487244
গোলাপ,0.6067299842834473,0.0,1.6067299842834473
রেখেছেন,0.606721967458725,0.0,1.606721967458725
তের,0.6066610813140869,0.0,1.606661081314087
নামকরণ,0.6065381467342377,0.0,1.6065381467342377
ব্যতিক্রমী,0.6064956784248352,0.0,1.6064956784248352
সুদর্শন,0.6064059436321259,0.0,1.6064059436321259
সৌদি,0.6267735660076141,0.02040816326530612,1.606365402742308
ফাঁকি,0.6063342094421387,0.0,1.6063342094421387
সিরিজ,0.606177031993866,0.0,1.606177031993866
হতবাক,0.6059661209583282,0.0,1.6059661209583282
পার্থক্য,0.6159837245941162,0.010101010101010102,1.6058827144931063
চালানোর,0.605845183134079,0.0,1.605845183134079
খাজ,0.6058107316493988,0.0,1.6058107316493988
ঘা,0.6057799756526947,0.0,1.6057799756526947
পশুর,0.6057395935058594,0.0,1.6057395935058594
আরামদায়ক,0.6158339977264404,0.010101010101010102,1.6057329876254305
দিবে,0.6057157516479492,0.0,1.6057157516479492
তাজমহল,0.6157693564891815,0.010101010101010102,1.6056683463881716
ভোরবেলা,0.6056607067584991,0.0,1.6056607067584991
ভরে,0.6055555045604706,0.0,1.6055555045604706
খনি,0.6156549751758575,0.010101010101010102,1.6055539650748476
নিক্ষেপ,0.6055454611778259,0.0,1.605545461177826
ফুটবল,0.6055170893669128,0.0,1.6055170893669128
চেক,0.6054502725601196,0.0,1.6054502725601196
ওয়ান,0.6054250597953796,0.0,1.6054250597953796
আসতে,0.6053425371646881,0.0,1.605342537164688
পৌছ,0.6052351891994476,0.0,1.6052351891994476
করুণ,0.6051389575004578,0.0,1.6051389575004578
ব্রিটিশ,0.6051301062107086,0.0,1.6051301062107086
টাইগ,0.6050867736339569,0.0,1.605086773633957
গৌতম,0.6050765514373779,0.0,1.605076551437378
একটিমাত্র,0.6050683856010437,0.0,1.6050683856010437
জানালে,0.6050391793251038,0.0,1.6050391793251038
পিতা,0.6050227284431458,0.0,1.6050227284431458
নানাভাবে,0.6049858331680298,0.0,1.6049858331680298
সামাল,0.6049571931362152,0.0,1.6049571931362152
সাপ,0.6048089861869812,0.0,1.6048089861869812
যুক্তিতর্ক,0.6047576069831848,0.0,1.6047576069831848
দ্বিধা,0.6046705543994904,0.0,1.6046705543994904
হ্যান্ডেল,0.6046013534069061,0.0,1.6046013534069061
পোষা,0.6044676005840302,0.0,1.6044676005840302
এধরন,0.604293167591095,0.0,1.604293167591095
হাট,0.6042115390300751,0.0,1.604211539030075
অত,0.6042065620422363,0.0,1.6042065620422363
তোল,0.6042023003101349,0.0,1.6042023003101349
প্রসেসর,0.6041538417339325,0.0,1.6041538417339325
তৈরী,0.604111909866333,0.0,1.604111909866333
শেষের,0.6041083931922913,0.0,1.6041083931922913
কিল,0.6040013432502747,0.0,1.6040013432502747
দ্বিগুণ,0.6039160192012787,0.0,1.6039160192012787
আমেরিকান,0.6038987338542938,0.0,1.6038987338542938
লিখিত,0.603805810213089,0.0,1.603805810213089
বিকাশ,0.6037997305393219,0.0,1.603799730539322
কর্মী,0.6037956476211548,0.0,1.6037956476211548
একা,0.6036719083786011,0.0,1.603671908378601
ঝাঁপ,0.6036380231380463,0.0,1.6036380231380463
ভেবেছি,0.6036129891872406,0.0,1.6036129891872406
গোপনে,0.6035062372684479,0.0,1.6035062372684479
আদর,0.6035007536411285,0.0,1.6035007536411285
হুমকি,0.6034554541110992,0.0,1.6034554541110992
যাবতীয়,0.6034517586231232,0.0,1.6034517586231232
সাতজন,0.6034492552280426,0.0,1.6034492552280426
পারত,0.6033909022808075,0.0,1.6033909022808075
বেড়া,0.6033299267292023,0.0,1.6033299267292023
শুনবে,0.6033020913600922,0.0,1.6033020913600922
লাগা,0.6032528877258301,0.0,1.60325288772583
মাঝপথে,0.6032489240169525,0.0,1.6032489240169525
কান,0.6133022606372833,0.010101010101010102,1.6032012505362734
উৎসাহ,0.6132698357105255,0.010101010101010102,1.6031688256095156
একদম,0.603133350610733,0.0,1.603133350610733
সাজ,0.6030974090099335,0.0,1.6030974090099335
কম্পিউটারের,0.6131474077701569,0.010101010101010102,1.603046397669147
রক্ষাকারী,0.6030097901821136,0.0,1.6030097901821136
দেবী,0.6029597818851471,0.0,1.602959781885147
ডাবল,0.6029202044010162,0.0,1.6029202044010162
লুইস,0.6028722524642944,0.0,1.6028722524642944
পাইন,0.602857768535614,0.0,1.602857768535614
বসবাস,0.6028165221214294,0.0,1.6028165221214294
মেশিন,0.6027947068214417,0.0,1.6027947068214417
আং,0.6026782691478729,0.0,1.602678269147873
আছি,0.6127188801765442,0.010101010101010102,1.6026178700755342
উদ্দেশ্য,0.6126997768878937,0.010101010101010102,1.6025987667868837
তাস,0.6025394797325134,0.0,1.6025394797325134
নিউ,0.6023385524749756,0.0,1.6023385524749756
যাদুঘর,0.602163702249527,0.0,1.602163702249527
বুদ্ধি,0.6021412312984467,0.0,1.6021412312984467
কাপ,0.6020918488502502,0.0,1.6020918488502502
অঙ্গ,0.6019400954246521,0.0,1.601940095424652
কেবিন,0.6018014252185822,0.0,1.6018014252185822
ভাবনাচিন্তা,0.6017583906650543,0.0,1.6017583906650543
কাপে,0.6017488539218903,0.0,1.6017488539218903
ভারতীয়,0.6017459332942963,0.0,1.6017459332942963
আসত,0.601691484451294,0.0,1.601691484451294
জিনস,0.6016852259635925,0.0,1.6016852259635925
আরেকজন,0.6016607582569122,0.0,1.6016607582569122
নীতিমালা,0.6116352379322052,0.010101010101010102,1.6015342278311953
দামি,0.6015149652957916,0.0,1.6015149652957916
পাঠাবে,0.6015132069587708,0.0,1.6015132069587708
মাজা,0.6014727354049683,0.0,1.6014727354049683
সৌন্দর্য,0.6013875901699066,0.0,1.6013875901699066
মাল,0.6114866435527802,0.010101010101010102,1.6013856334517702
দোলা,0.6013294160366058,0.0,1.6013294160366058
পৃষ্ঠা,0.6113779544830322,0.010101010101010102,1.6012769443820223
জরিমানা,0.6012393534183502,0.0,1.6012393534183502
নিশ্চিতভাবে,0.6012210845947266,0.0,1.6012210845947266
দ্বাদশ,0.6011970341205597,0.0,1.6011970341205597
হিম,0.6010676026344299,0.0,1.60106760263443
রাজনৈতিক,0.601021409034729,0.0,1.601021409034729
প্রেস,0.6009710133075714,0.0,1.6009710133075714
মাহবুব,0.6007157266139984,0.0,1.6007157266139984
বানা,0.600689560174942,0.0,1.600689560174942
দার,0.6006737053394318,0.0,1.6006737053394318
তাকা,0.6006468236446381,0.0,1.600646823644638
সিএনএন,0.6006044447422028,0.0,1.6006044447422028
টয়লেট,0.6005440056324005,0.0,1.6005440056324005
তোলা,0.600515753030777,0.0,1.600515753030777
মিস্,0.6004804074764252,0.0,1.6004804074764252
অভিনয়,0.6004507839679718,0.0,1.6004507839679718
খুলবে,0.600294440984726,0.0,1.600294440984726
মধ্যরা,0.6002910435199738,0.0,1.6002910435199738
ধানমন্ডি,0.6002583503723145,0.0,1.6002583503723145
হাস,0.6002254784107208,0.0,1.6002254784107208
ক্যালেণ্ড,0.6001385450363159,0.0,1.600138545036316
প্রিয়,0.6000680029392242,0.0,1.6000680029392242
কৌতূহলী,0.6000097990036011,0.0,1.600009799003601
রান্না,0.6100570559501648,0.010101010101010102,1.5999560458491549
নিক,0.5999527275562286,0.0,1.5999527275562286
শাহজালাল,0.5999412536621094,0.0,1.5999412536621094
সবচেয়ে,0.5998676419258118,0.0,1.5998676419258118
পুরানো,0.5998604595661163,0.0,1.5998604595661163
ধার,0.5998194515705109,0.0,1.5998194515705109
ইসলামি,0.5998146831989288,0.0,1.5998146831989288
চৌধুরীর,0.5996637642383575,0.0,1.5996637642383575
অবৈধ,0.5996588468551636,0.0,1.5996588468551636
মহামান্য,0.5995475649833679,0.0,1.599547564983368
আলমগীর,0.599521815776825,0.0,1.599521815776825
প্রোফাইল,0.599405437707901,0.0,1.599405437707901
পরিচালিত,0.5993725955486298,0.0,1.5993725955486298
মোসলেম,0.599235862493515,0.0,1.599235862493515
খাত,0.599235862493515,0.0,1.599235862493515
সঠিক,0.5992130041122437,0.0,1.5992130041122437
টানা,0.5991806983947754,0.0,1.5991806983947754
সুদৃশ্য,0.5991801619529724,0.0,1.5991801619529724
অসামান্য,0.5991406142711639,0.0,1.599140614271164
সরকারিভাবে,0.6091877222061157,0.010101010101010102,1.5990867121051058
হিংস্র,0.5990453362464905,0.0,1.5990453362464905
এদেশ,0.5990439653396606,0.0,1.5990439653396606
ভাসমান,0.5990311503410339,0.0,1.599031150341034
বিবিসি,0.5990188121795654,0.0,1.5990188121795654
শেখানো,0.5990077555179596,0.0,1.5990077555179596
ফাইনাল,0.5989720225334167,0.0,1.5989720225334167
একটানা,0.5989311337471008,0.0,1.5989311337471008
নিজেরা,0.5989197790622711,0.0,1.5989197790622711
নানারকম,0.5986391305923462,0.0,1.5986391305923462
মাদ্র,0.6087088286876678,0.010101010101010102,1.598607818586658
মারধর,0.5985998809337616,0.0,1.5985998809337616
ঢুকে,0.5985929667949677,0.0,1.5985929667949677
ডিন,0.5985816419124603,0.0,1.5985816419124603
বিভাগ,0.5985574424266815,0.0,1.5985574424266815
গলি,0.5985377728939056,0.0,1.5985377728939056
তাড়া,0.5985260307788849,0.0,1.5985260307788849
সম্মানী,0.5984542071819305,0.0,1.5984542071819305
প্রচলিত,0.5984534025192261,0.0,1.598453402519226
তোলে,0.5984226167201996,0.0,1.5984226167201996
কাস্টম,0.6084837913513184,0.010101010101010102,1.5983827812503084
দেহের,0.5982045829296112,0.0,1.5982045829296112
সংক্ষিপ্ত,0.5981877148151398,0.0,1.5981877148151398
জিংক,0.5981869697570801,0.0,1.59818696975708
শোভন,0.5981717109680176,0.0,1.5981717109680176
ভূমিকা,0.5981218218803406,0.0,1.5981218218803406
করো,0.5980481207370758,0.0,1.5980481207370758
পুতুল,0.5980116724967957,0.0,1.5980116724967957
মৈত্রী,0.5979405641555786,0.0,1.5979405641555786
প্রফেশনাল,0.5978387892246246,0.0,1.5978387892246246
দ্যা,0.5978267192840576,0.0,1.5978267192840576
কেক,0.597783625125885,0.0,1.597783625125885
ক্যালেন্ডার,0.6078532636165619,0.010101010101010102,1.597752253515552
সেতু,0.59774449467659,0.0,1.59774449467659
ছোটখাটো,0.5977432727813721,0.0,1.597743272781372
কেয়,0.5976458489894867,0.0,1.5976458489894867
শিথিল,0.5975700318813324,0.0,1.5975700318813324
সঙ্কেত,0.5975622534751892,0.0,1.5975622534751892
হামলা,0.597553163766861,0.0,1.597553163766861
দামী,0.5975377857685089,0.0,1.597537785768509
বোঝানো,0.5974208116531372,0.0,1.5974208116531372
রাখব,0.5974026024341583,0.0,1.5974026024341583
নেট,0.5973950922489166,0.0,1.5973950922489166
সেন্,0.5973235666751862,0.0,1.5973235666751862
মিলা,0.5971030592918396,0.0,1.5971030592918396
আলাপ,0.5970805287361145,0.0,1.5970805287361145
বুট,0.5970255136489868,0.0,1.5970255136489868
ধ্রুব,0.6070988178253174,0.010101010101010102,1.5969978077243074
দিও,0.596978634595871,0.0,1.596978634595871
সবকিছুর,0.5969503223896027,0.0,1.5969503223896027
তৃতীয়বার,0.5968628823757172,0.0,1.5968628823757172
ব্যাজ,0.5967460870742798,0.0,1.5967460870742798
এইব,0.596733957529068,0.0,1.596733957529068
উচ্চ,0.5966043770313263,0.0,1.5966043770313263
ঝুলন্ত,0.5965655148029327,0.0,1.5965655148029327
পশু,0.5965555310249329,0.0,1.5965555310249329
অপূর্ব,0.5965294539928436,0.0,1.5965294539928436
এগো,0.5965276658535004,0.0,1.5965276658535004
আবির্ভাব,0.5964650213718414,0.0,1.5964650213718414
নিশ্চিহ্ন,0.5963185727596283,0.0,1.5963185727596283
শুষ্ক,0.5963008999824524,0.0,1.5963008999824524
হাজারের,0.5962585508823395,0.0,1.5962585508823395
মাই,0.5962335467338562,0.0,1.5962335467338562
আনন্দে,0.6166185736656189,0.02040816326530612,1.5962104104003128
মাদকাসক্ত,0.5960603952407837,0.0,1.5960603952407837
বারবার,0.5959764420986176,0.0,1.5959764420986176
এসেছেন,0.5959279835224152,0.0,1.5959279835224152
ত্রু,0.5959097146987915,0.0,1.5959097146987915
শৈশব,0.5957834422588348,0.0,1.5957834422588348
বাজি,0.5956796407699585,0.0,1.5956796407699585
দুল,0.5956784188747406,0.0,1.5956784188747406
বোকা,0.5956334173679352,0.0,1.5956334173679352
আগ্রহে,0.5955740511417389,0.0,1.595574051141739
নিঃসন্দেহ,0.5955512225627899,0.0,1.59555122256279
বান্ধবী,0.5954378247261047,0.0,1.5954378247261047
বিপর্যস্ত,0.5954333543777466,0.0,1.5954333543777466
একধরন,0.595224142074585,0.0,1.595224142074585
জিনিসপত্র,0.605309396982193,0.010101010101010102,1.595208386881183
সততা,0.5951798856258392,0.0,1.5951798856258392
মাস্,0.5951731204986572,0.0,1.5951731204986572
স্তরে,0.595155656337738,0.0,1.595155656337738
নৌকায়,0.59505495429039,0.0,1.59505495429039
ভাবলে,0.5950358808040619,0.0,1.595035880804062
বিশেষজ্ঞ,0.5949510633945465,0.0,1.5949510633945465
কাটাকা,0.5949317812919617,0.0,1.5949317812919617
শতাব্দীর,0.615263044834137,0.02040816326530612,1.5948548815688308
আক,0.5948491096496582,0.0,1.5948491096496582
সারা,0.5948466062545776,0.0,1.5948466062545776
কারখানা,0.5947736501693726,0.0,1.5947736501693726
খবরে,0.594766765832901,0.0,1.594766765832901
রুল,0.594591498374939,0.0,1.594591498374939
চাইব,0.5944906771183014,0.0,1.5944906771183014
ভৌতিক,0.5943832397460938,0.0,1.5943832397460938
ক্লিক,0.5943513214588165,0.0,1.5943513214588165
বহাল,0.5943483710289001,0.0,1.5943483710289001
রেশমা,0.5942327082157135,0.0,1.5942327082157135
সুলতানা,0.5941548645496368,0.0,1.5941548645496368
ফ্যাকাসে,0.5941414535045624,0.0,1.5941414535045624
উত্তপ্ত,0.5941388010978699,0.0,1.5941388010978699
পরিবারে,0.5941157042980194,0.0,1.5941157042980194
গরু,0.6042112708091736,0.010101010101010102,1.5941102607081636
সর্বদা,0.5941035747528076,0.0,1.5941035747528076
খোঁজে,0.5940900146961212,0.0,1.5940900146961212
একশ,0.6041322946548462,0.010101010101010102,1.5940312845538362
ঝুলানো,0.5939387083053589,0.0,1.5939387083053589
থাকব,0.5938868522644043,0.0,1.5938868522644043
এদেশের,0.5938824415206909,0.0,1.593882441520691
জানবে,0.5938637554645538,0.0,1.5938637554645538
তরুণীর,0.5938439071178436,0.0,1.5938439071178436
সচরাচর,0.5938370823860168,0.0,1.5938370823860168
ধাতব,0.6038778424263,0.010101010101010102,1.59377683232529
অন্ধক,0.6038681268692017,0.010101010101010102,1.5937671167681917
দাবানল,0.5937630534172058,0.0,1.5937630534172058
প্রতিফলিত,0.5937609076499939,0.0,1.593760907649994
বিপদে,0.5937075912952423,0.0,1.5937075912952423
জানাল,0.593654066324234,0.0,1.593654066324234
পেয়েছি,0.5936480760574341,0.0,1.593648076057434
বিডিআর,0.5936258435249329,0.0,1.5936258435249329
আন্তরিক,0.593605101108551,0.0,1.593605101108551
দরবারে,0.5933216512203217,0.0,1.5933216512203217
গণ্ডগোল,0.5932247638702393,0.0,1.5932247638702393
হাল,0.5932004153728485,0.0,1.5932004153728485
পরিচালনা,0.6032913327217102,0.010101010101010102,1.5931903226207003
লুঙ্গি,0.5931859016418457,0.0,1.5931859016418457
ফলা,0.593104749917984,0.0,1.593104749917984
শ্বাস,0.6031902134418488,0.010101010101010102,1.5930892033408388
কাউকে,0.5930810272693634,0.0,1.5930810272693634
একসাথে,0.5930284857749939,0.0,1.593028485774994
গ্রেফতার,0.5930244028568268,0.0,1.5930244028568268
জোছনা,0.5929591655731201,0.0,1.5929591655731201
পোকা,0.5929577350616455,0.0,1.5929577350616455
পড়েছিল,0.5928981006145477,0.0,1.5928981006145477
মহিল,0.5928188562393188,0.0,1.5928188562393188
অভাব,0.5928134620189667,0.0,1.5928134620189667
ডে,0.5927815437316895,0.0,1.5927815437316895
ম্যাচ,0.5927479565143585,0.0,1.5927479565143585
সচেতন,0.5927100479602814,0.0,1.5927100479602814
আবু,0.5926709771156311,0.0,1.592670977115631
বনে,0.6027549505233765,0.010101010101010102,1.5926539404223665
বস্তু,0.5926018059253693,0.0,1.5926018059253693
আটজন,0.5924938023090363,0.0,1.5924938023090363
মানা,0.592461109161377,0.0,1.592461109161377
নিষ্পাপ,0.5922659635543823,0.0,1.5922659635543823
অভিমান,0.5922357738018036,0.0,1.5922357738018036
ঝাঁপিয়ে,0.5922353863716125,0.0,1.5922353863716125
অনুষ্ঠানে,0.5921633839607239,0.0,1.5921633839607239
পারছি,0.5920358002185822,0.0,1.5920358002185822
ইঞ্চি,0.6021019518375397,0.010101010101010102,1.5920009417365297
মানুষজন,0.5919241309165955,0.0,1.5919241309165955
শূন্যতা,0.5918632745742798,0.0,1.5918632745742798
যন্ত্রণা,0.5917920768260956,0.0,1.5917920768260956
অশিক্ষিত,0.5917855799198151,0.0,1.591785579919815
সম্প্রদায়,0.5917292237281799,0.0,1.59172922372818
কক্ষে,0.5916554927825928,0.0,1.5916554927825928
কুদ্দুস,0.5916300714015961,0.0,1.591630071401596
মাবা,0.5915916562080383,0.0,1.5915916562080383
মিরপুরে,0.5915042757987976,0.0,1.5915042757987976
গণি,0.591421902179718,0.0,1.591421902179718
বেআইনি,0.5913752317428589,0.0,1.5913752317428589
ঠাণ্ডা,0.611770361661911,0.02040816326530612,1.5913621983966049
ঢাক,0.5912988781929016,0.0,1.5912988781929016
অর্থনীতিবিদ,0.5912782251834869,0.0,1.591278225183487
সর্বনিম্ন,0.5912673473358154,0.0,1.5912673473358154
জাগ,0.5911783874034882,0.0,1.5911783874034882
দুর্ধর্ষ,0.5909684896469116,0.0,1.5909684896469116
জাগরণ,0.5909165441989899,0.0,1.5909165441989899
ভীত,0.5908640325069427,0.0,1.5908640325069427
হারা,0.5908393561840057,0.0,1.5908393561840057
দাহ,0.590830385684967,0.0,1.590830385684967
বিকল্প,0.5908029675483704,0.0,1.5908029675483704
বিভ্রান্তি,0.5907186269760132,0.0,1.5907186269760132
অধীন,0.5905684530735016,0.0,1.5905684530735016
সরফরাজ,0.5905168652534485,0.0,1.5905168652534485
সামনাসামনি,0.5904561281204224,0.0,1.5904561281204224
ম্যাডাম,0.5904379189014435,0.0,1.5904379189014435
অর্ধ,0.5904201865196228,0.0,1.5904201865196228
স্বাস্থ,0.5903963148593903,0.0,1.5903963148593903
জনতা,0.590326339006424,0.0,1.590326339006424
যাদু,0.5903018414974213,0.0,1.5903018414974213
দায়িত্ব,0.5902889966964722,0.0,1.5902889966964722
অনুপ্রবেশ,0.5902850925922394,0.0,1.5902850925922394
সম্ভাবন,0.5902633368968964,0.0,1.5902633368968964
জড়িয়ে,0.5902005732059479,0.0,1.5902005732059479
জগলুল,0.5901771783828735,0.0,1.5901771783828735
আন্তরিকত,0.5901566743850708,0.0,1.5901566743850708
জড়া,0.5901325345039368,0.0,1.5901325345039368
সম্ভাব্য,0.5901176333427429,0.0,1.590117633342743
দুটোর,0.5900890827178955,0.0,1.5900890827178955
আলিম,0.590037077665329,0.0,1.590037077665329
পারা,0.59003546833992,0.0,1.59003546833992
ওসব,0.5898972451686859,0.0,1.589897245168686
পালা,0.5898842811584473,0.0,1.5898842811584473
পত্রিকা,0.5999634861946106,0.010101010101010102,1.5898624760936007
রমণী,0.5898588001728058,0.0,1.5898588001728058
দিতে,0.589849203824997,0.0,1.589849203824997
ফাঁ,0.5898084938526154,0.0,1.5898084938526154
ঘুষ,0.5897578597068787,0.0,1.5897578597068787
মুশকিল,0.5896226167678833,0.0,1.5896226167678833
যুদ্ধে,0.5895654559135437,0.0,1.5895654559135437
সহজভাবে,0.5996454358100891,0.010101010101010102,1.5895444257090792
টিস্যু,0.5893333256244659,0.0,1.589333325624466
আশপাশে,0.5892877578735352,0.0,1.5892877578735352
সাজা,0.589287668466568,0.0,1.589287668466568
গুরুত্বহীন,0.5892761647701263,0.0,1.5892761647701263
হাসিমুখে,0.5992486774921417,0.010101010101010102,1.5891476673911318
সংরক্ষিত,0.5891441702842712,0.0,1.5891441702842712
দুদল,0.5890992879867554,0.0,1.5890992879867554
আইটেম,0.5890816152095795,0.0,1.5890816152095795
বিন্দুমাত্র,0.5890578925609589,0.0,1.5890578925609589
অধিবাসী,0.5890144109725952,0.0,1.5890144109725952
এককালীন,0.5888703465461731,0.0,1.588870346546173
ক্লাসে,0.5888368487358093,0.0,1.5888368487358093
ছাপ,0.588799238204956,0.0,1.588799238204956
জানত,0.5887903571128845,0.0,1.5887903571128845
তারেক,0.5887858867645264,0.0,1.5887858867645264
ফাক,0.5886970460414886,0.0,1.5886970460414886
বাক্য,0.5885924994945526,0.0,1.5885924994945526
সাড়ে,0.5885716080665588,0.0,1.5885716080665588
রাল,0.5884174108505249,0.0,1.588417410850525
করিডর,0.5883494019508362,0.0,1.5883494019508362
সহকারী,0.5883300006389618,0.0,1.5883300006389618
নির্বাচন,0.5883179903030396,0.0,1.5883179903030396
তারুণ্য,0.588307648897171,0.0,1.588307648897171
সম্পত্তি,0.588288813829422,0.0,1.588288813829422
অন্যভাবে,0.5882677733898163,0.0,1.5882677733898163
লুকানো,0.5882100164890289,0.0,1.588210016489029
রাজ্জাক,0.5881858766078949,0.0,1.588185876607895
কবিতা,0.5982129871845245,0.010101010101010102,1.5881119770835146
উদ্যোগে,0.5879109501838684,0.0,1.5879109501838684
শাই,0.5878304541110992,0.0,1.5878304541110992
নিশ্চিন্ত,0.587740957736969,0.0,1.587740957736969
বেশির,0.5978178679943085,0.010101010101010102,1.5877168578932985
রিং,0.5877045691013336,0.0,1.5877045691013336
পড়ে,0.5875574946403503,0.0,1.5875574946403503
ফাট,0.5875169336795807,0.0,1.5875169336795807
তাকে,0.5874983370304108,0.0,1.5874983370304108
খারিজ,0.5873137712478638,0.0,1.5873137712478638
ফেলা,0.587149977684021,0.0,1.587149977684021
একাডেমি,0.5870353281497955,0.0,1.5870353281497955
উত্তীর্ণ,0.5869749188423157,0.0,1.5869749188423157
চট্টগ্রাম,0.5869450271129608,0.0,1.5869450271129608
টনটনে,0.5869392156600952,0.0,1.5869392156600952
পিঠে,0.5869362354278564,0.0,1.5869362354278564
ডাকাতি,0.5868141353130341,0.0,1.586814135313034
বেড়,0.5867981314659119,0.0,1.5867981314659119
গলা,0.5866603851318359,0.0,1.586660385131836
হিমুর,0.5866436958312988,0.0,1.5866436958312988
রেট,0.5865777730941772,0.0,1.5865777730941772
নির্ধারিত,0.5865143239498138,0.0,1.5865143239498138
ইঙ্গিত,0.5864635407924652,0.0,1.5864635407924652
চুল,0.5862831771373749,0.0,1.5862831771373749
সারির,0.5862115025520325,0.0,1.5862115025520325
মাক,0.5861581861972809,0.0,1.5861581861972809
লিলি,0.58613121509552,0.0,1.58613121509552
মূর্তির,0.5861012637615204,0.0,1.5861012637615204
মানুষে,0.5860663950443268,0.0,1.5860663950443268
উদ্বিগ্ন,0.5859961211681366,0.0,1.5859961211681366
অ্যান্ড,0.5859771370887756,0.0,1.5859771370887756
মজা,0.5859319269657135,0.0,1.5859319269657135
সৌজন্য,0.5959305763244629,0.010101010101010102,1.585829566223453
শাড়ি,0.5858048498630524,0.0,1.5858048498630524
বোর্ডে,0.5858010649681091,0.0,1.5858010649681091
এজেন্ট,0.5856848657131195,0.0,1.5856848657131195
খেত,0.5856749415397644,0.0,1.5856749415397644
পিছিয়ে,0.5855743885040283,0.0,1.5855743885040283
উধা,0.585574209690094,0.0,1.585574209690094
অচেতন,0.5955967903137207,0.010101010101010102,1.5854957802127108
প্রবীণ,0.5854335129261017,0.0,1.5854335129261017
তিনচ,0.5853594839572906,0.0,1.5853594839572906
কাঠ,0.5954238772392273,0.010101010101010102,1.5853228671382174
ভোল্ট,0.5852656960487366,0.0,1.5852656960487366
উদ,0.5852170288562775,0.0,1.5852170288562775
নিয়ন্ত্রণ,0.5851930975914001,0.0,1.5851930975914001
যুগান্তকারী,0.5851147770881653,0.0,1.5851147770881653
চেহা,0.5851145088672638,0.0,1.5851145088672638
বক্তৃতা,0.5850049555301666,0.0,1.5850049555301666
আড্ডা,0.5848572552204132,0.0,1.5848572552204132
চলবে,0.5848385393619537,0.0,1.5848385393619537
সিংহ,0.5848138630390167,0.0,1.5848138630390167
বিশ,0.6052179038524628,0.02040816326530612,1.5848097405871566
উপদেষ্,0.584768146276474,0.0,1.584768146276474
নিই,0.5847310423851013,0.0,1.5847310423851013
কার্ডটি,0.5847074389457703,0.0,1.5847074389457703
বিষয়ে,0.5846600234508514,0.0,1.5846600234508514
কালো,0.5846278369426727,0.0,1.5846278369426727
হচ্ছি,0.5845286548137665,0.0,1.5845286548137665
ভাষায়,0.5946056544780731,0.010101010101010102,1.5845046443770632
সারাদিন,0.5844739377498627,0.0,1.5844739377498627
অজানা,0.584417313337326,0.0,1.584417313337326
দা,0.5842223763465881,0.0,1.5842223763465881
কাহিনী,0.5842053294181824,0.0,1.5842053294181824
জীবনযাপন,0.5841310024261475,0.0,1.5841310024261475
কথোপকথন,0.5840998589992523,0.0,1.5840998589992523
আসর,0.5839733183383942,0.0,1.5839733183383942
ধরবে,0.5839509665966034,0.0,1.5839509665966034
মডেলের,0.5837759375572205,0.0,1.5837759375572205
শাহ্,0.5837713778018951,0.0,1.5837713778018951
পারছিল,0.5837530195713043,0.0,1.5837530195713043
বাজেট,0.5837306678295135,0.0,1.5837306678295135
কোনোদিন,0.5837096869945526,0.0,1.5837096869945526
বিশেষভাবে,0.5837015509605408,0.0,1.5837015509605408
একেক,0.6040655672550201,0.02040816326530612,1.583657403989714
শোনে,0.5836344659328461,0.0,1.583634465932846
এইটুকু,0.5836297571659088,0.0,1.5836297571659088
পাকিস্তানি,0.5835999846458435,0.0,1.5835999846458435
জা,0.5835714936256409,0.0,1.5835714936256409
রুমে,0.5936460494995117,0.010101010101010102,1.5835450393985018
নিভে,0.5834169685840607,0.0,1.5834169685840607
মিথ্য,0.5834160447120667,0.0,1.5834160447120667
ক্লাব,0.583384782075882,0.0,1.583384782075882
মহাকাশযান,0.5833497047424316,0.0,1.5833497047424316
লার,0.5833379924297333,0.0,1.5833379924297333
চড়ে,0.583278238773346,0.0,1.583278238773346
আহ্বান,0.5832103788852692,0.0,1.5832103788852692
অনুবাদ,0.5831899642944336,0.0,1.5831899642944336
চারপাশ,0.5831499993801117,0.0,1.5831499993801117
শাখা,0.5830801129341125,0.0,1.5830801129341125
ছিলে,0.5830615162849426,0.0,1.5830615162849426
মাঝরা,0.5830408334732056,0.0,1.5830408334732056
চাপে,0.5830225050449371,0.0,1.5830225050449371
দারুণ,0.5829969644546509,0.0,1.5829969644546509
করপোরেশন,0.5829816162586212,0.0,1.5829816162586212
বিরক্তি,0.5829299986362457,0.0,1.5829299986362457
বলেছি,0.5829210579395294,0.0,1.5829210579395294
চেয়েছি,0.5829134285449982,0.0,1.5829134285449982
শুনেছেন,0.5828152596950531,0.0,1.582815259695053
সুষ্ঠু,0.5827716886997223,0.0,1.5827716886997223
প্রতিক্রিয়া,0.5827168226242065,0.0,1.5827168226242065
অনুভব,0.5826891660690308,0.0,1.5826891660690308
অবসর,0.5826812386512756,0.0,1.5826812386512756
তপু,0.5927581191062927,0.010101010101010102,1.5826571090052828
শিক,0.5826446712017059,0.0,1.582644671201706
খুললে,0.5826024115085602,0.0,1.5826024115085602
জামা,0.5825208425521851,0.0,1.582520842552185
গ্রহে,0.5825043618679047,0.0,1.5825043618679047
তৎক্ষণাৎ,0.5824833810329437,0.0,1.5824833810329437
র্যাক,0.582436203956604,0.0,1.582436203956604
ভ্যান,0.5823648571968079,0.0,1.5823648571968079
বিপক্ষ,0.5823241174221039,0.0,1.5823241174221039
পরিশ্রম,0.5823226869106293,0.0,1.5823226869106293
ক্ষমতাবান,0.5823052227497101,0.0,1.58230522274971
হাতপা,0.5822945833206177,0.0,1.5822945833206177
ম্যাজিক,0.582209438085556,0.0,1.582209438085556
জড়ো,0.5821860432624817,0.0,1.5821860432624817
শিক্ষকতা,0.5820727050304413,0.0,1.5820727050304413
বোতল,0.5820274949073792,0.0,1.5820274949073792
অভিযানে,0.5919751524925232,0.010101010101010102,1.5818741423915132
সর্দি,0.5817918181419373,0.0,1.5817918181419373
গার্মেন্টস,0.5817475318908691,0.0,1.5817475318908691
মেসের,0.5817463099956512,0.0,1.5817463099956512
রিলিফ,0.5817188918590546,0.0,1.5817188918590546
সোজাসুজি,0.581694096326828,0.0,1.581694096326828
মডার্ন,0.5816501677036285,0.0,1.5816501677036285
ইলেকট্রনিক,0.5816291868686676,0.0,1.5816291868686676
সমালোচনা,0.5815806686878204,0.0,1.5815806686878204
সিডিসি,0.5815696120262146,0.0,1.5815696120262146
ডেথ,0.5815458297729492,0.0,1.5815458297729492
পারেননি,0.5815155506134033,0.0,1.5815155506134033
বসু,0.5814216136932373,0.0,1.5814216136932373
জার,0.5814080834388733,0.0,1.5814080834388733
বিকালে,0.5812914073467255,0.0,1.5812914073467255
এইভাবে,0.5812891721725464,0.0,1.5812891721725464
কাঁপা,0.5812837183475494,0.0,1.5812837183475494
লিড,0.5812000930309296,0.0,1.5812000930309296
টু,0.5811411142349243,0.0,1.5811411142349243
লাগলে,0.581122487783432,0.0,1.581122487783432
এখনক,0.5811031758785248,0.0,1.5811031758785248
ক্ষতিগ্রস্ত,0.5810721814632416,0.0,1.5810721814632416
নাতা,0.5809869468212128,0.0,1.5809869468212128
পূর্বে,0.580967903137207,0.0,1.580967903137207
রাজশাহী,0.5809569954872131,0.0,1.5809569954872131
গলির,0.5808799266815186,0.0,1.5808799266815186
এক্সপার্ট,0.5808479189872742,0.0,1.5808479189872742
অপরাধে,0.5807641446590424,0.0,1.5807641446590424
বস্তা,0.5807479918003082,0.0,1.5807479918003082
অভ্যস্ত,0.5807192623615265,0.0,1.5807192623615265
কেবল,0.5806539058685303,0.0,1.5806539058685303
আসল,0.5805942118167877,0.0,1.5805942118167877
বাদ,0.5906579196453094,0.010101010101010102,1.5805569095442995
কাক,0.5804690420627594,0.0,1.5804690420627594
পদক্ষেপ,0.5803997218608856,0.0,1.5803997218608856
পরিষদ,0.600796103477478,0.02040816326530612,1.5803879402121719
দিছ,0.5803672969341278,0.0,1.5803672969341278
স্টিল,0.5803633332252502,0.0,1.5803633332252502
তিনশ,0.5802904963493347,0.0,1.5802904963493347
আজকে,0.5802325308322906,0.0,1.5802325308322906
আল্লাহপাক,0.5802019834518433,0.0,1.5802019834518433
বিধ্বস্ত,0.5801956653594971,0.0,1.580195665359497
রাহেলা,0.5801518857479095,0.0,1.5801518857479095
কারণটি,0.5800373554229736,0.0,1.5800373554229736
বাতিল,0.5800247490406036,0.0,1.5800247490406036
ক্যাপসুল,0.580010861158371,0.0,1.580010861158371
বান,0.5799551010131836,0.0,1.5799551010131836
প্রতিবেদক,0.5798973143100739,0.0,1.5798973143100739
ফিল্ড,0.5798964500427246,0.0,1.5798964500427246
আরেফিন,0.5798704326152802,0.0,1.5798704326152802
ফির,0.5798076391220093,0.0,1.5798076391220093
গ্রাম্য,0.579792320728302,0.0,1.579792320728302
পরী,0.5797768831253052,0.0,1.5797768831253052
ছাত্রী,0.5898724794387817,0.010101010101010102,1.5797714693377718
নেন,0.5797581076622009,0.0,1.579758107662201
খাম,0.5797390043735504,0.0,1.5797390043735504
অনেকদূর,0.5796679854393005,0.0,1.5796679854393005
সামলানোর,0.579626739025116,0.0,1.579626739025116
ছাত্রীর,0.5795997083187103,0.0,1.5795997083187103
চামচ,0.5795911252498627,0.0,1.5795911252498627
জামান,0.5795831084251404,0.0,1.5795831084251404
নির্জন,0.5795536041259766,0.0,1.5795536041259766
লেগেছিল,0.5795252025127411,0.0,1.579525202512741
বোরকা,0.5794438123703003,0.0,1.5794438123703003
ভাবছি,0.5794400274753571,0.0,1.579440027475357
সাইব,0.5895054936408997,0.010101010101010102,1.5794044835398897
ফাতেমা,0.5792985260486603,0.0,1.5792985260486603
ব্যক্তির,0.5792659819126129,0.0,1.579265981912613
দুইজনকে,0.5791012942790985,0.0,1.5791012942790985
বিধবা,0.5790341198444366,0.0,1.5790341198444366
বোধ,0.5790172219276428,0.0,1.5790172219276428
হারুন,0.5790075659751892,0.0,1.5790075659751892
কপাল,0.5789531469345093,0.0,1.5789531469345093
ক্রু,0.5787920653820038,0.0,1.5787920653820038
মায়,0.5787579119205475,0.0,1.5787579119205475
ডিফেন্ড,0.5786431133747101,0.0,1.57864311337471
রিসিভ,0.5786272287368774,0.0,1.5786272287368774
মোরশেদ,0.5785178542137146,0.0,1.5785178542137146
কবীর,0.5785147249698639,0.0,1.578514724969864
লোড,0.5785069763660431,0.0,1.578506976366043
দাঁড়,0.578500896692276,0.0,1.578500896692276
টিকা,0.5783847868442535,0.0,1.5783847868442535
বাঙা,0.5884707272052765,0.010101010101010102,1.5783697171042665
পুবা,0.5783574283123016,0.0,1.5783574283123016
বিরোধী,0.588444709777832,0.010101010101010102,1.578343699676822
আতঙ্কিত,0.5781741142272949,0.0,1.578174114227295
পরিচিত,0.5781683027744293,0.0,1.5781683027744293
পেশা,0.5781620442867279,0.0,1.578162044286728
পালানোর,0.578088641166687,0.0,1.578088641166687
ভিতরে,0.5881780683994293,0.010101010101010102,1.5780770582984194
ক্রমে,0.5780685245990753,0.0,1.5780685245990753
আবিষ্ক,0.5780638456344604,0.0,1.5780638456344604
অপমানে,0.5780549049377441,0.0,1.5780549049377441
তোষা,0.5779725313186646,0.0,1.5779725313186646
আকৃতি,0.5779459178447723,0.0,1.5779459178447723
সার্কিট,0.5779434442520142,0.0,1.5779434442520142
পড়ায়,0.5779305994510651,0.0,1.577930599451065
প্রদীপ,0.5779142081737518,0.0,1.5779142081737518
কর্মচারীর,0.5779131948947906,0.0,1.5779131948947906
মিতুর,0.5778500437736511,0.0,1.5778500437736511
জাত,0.5778347253799438,0.0,1.5778347253799438
আনলে,0.5778262913227081,0.0,1.5778262913227081
ভাবন,0.5777352750301361,0.0,1.577735275030136
ডিএনএ,0.5777068436145782,0.0,1.5777068436145782
মাদ্রাসা,0.5776176750659943,0.0,1.5776176750659943
মাতাল,0.5775928497314453,0.0,1.5775928497314453
পাড়ি,0.5775451958179474,0.0,1.5775451958179474
ইস্টার্ন,0.5774708092212677,0.0,1.5774708092212677
সংসার,0.5774297118186951,0.0,1.577429711818695
স্পেস,0.5773573517799377,0.0,1.5773573517799377
স্টাফ,0.5772899091243744,0.0,1.5772899091243744
জ্যাম,0.5772390961647034,0.0,1.5772390961647034
গোষ্ঠীর,0.5770025253295898,0.0,1.5770025253295898
সাধু,0.5769478678703308,0.0,1.5769478678703308
রিকি,0.5769025087356567,0.0,1.5769025087356567
সাজানো,0.5768842697143555,0.0,1.5768842697143555
একত্র,0.5768731832504272,0.0,1.5768731832504272
ট্যুর,0.5768566727638245,0.0,1.5768566727638245
জঙ্গলে,0.5768416523933411,0.0,1.576841652393341
বিস্তারিত,0.5768304467201233,0.0,1.5768304467201233
টির,0.5766956806182861,0.0,1.5766956806182861
বদরুল,0.5766728222370148,0.0,1.5766728222370148
কৈশোর,0.5765513479709625,0.0,1.5765513479709625
জটিল,0.5763984024524689,0.0,1.5763984024524689
অংক,0.5763948857784271,0.0,1.5763948857784271
পেটের,0.5763375163078308,0.0,1.5763375163078308
সেভাবে,0.5762981474399567,0.0,1.5762981474399567
গালি,0.5762791335582733,0.0,1.5762791335582733
গালিগালাজ,0.5762636661529541,0.0,1.576263666152954
শিউরে,0.5761716663837433,0.0,1.5761716663837433
মদের,0.5761571824550629,0.0,1.5761571824550629
অষ্টম,0.576134443283081,0.0,1.576134443283081
পলাতক,0.5760951042175293,0.0,1.5760951042175293
গুন,0.5760694444179535,0.0,1.5760694444179535
প্রেমের,0.5760426223278046,0.0,1.5760426223278046
মারলে,0.5759801268577576,0.0,1.5759801268577576
উন্নত,0.5859063863754272,0.010101010101010102,1.5758053762744173
পরাগ,0.5757972300052643,0.0,1.5757972300052643
শনাক্ত,0.5757967233657837,0.0,1.5757967233657837
পুড়ে,0.5757678151130676,0.0,1.5757678151130676
রাগে,0.57573202252388,0.0,1.57573202252388
রাস্তায়,0.5757022798061371,0.0,1.575702279806137
সমীকরণ,0.5755185484886169,0.0,1.575518548488617
সিনেমা,0.5754669010639191,0.0,1.575466901063919
ফ্যান,0.5855556130409241,0.010101010101010102,1.5754546029399141
এমনিতে,0.5754543840885162,0.0,1.5754543840885162
পাঠান,0.5754303932189941,0.0,1.5754303932189941
দরিদ্র,0.575397789478302,0.0,1.575397789478302
ভোররা,0.5753600299358368,0.0,1.5753600299358368
সেটাকে,0.5753414332866669,0.0,1.5753414332866669
আরোহী,0.5752638876438141,0.0,1.575263887643814
গড়া,0.5752580463886261,0.0,1.575258046388626
অগ্রাহ্য,0.5750990509986877,0.0,1.5750990509986877
চালানো,0.5750486552715302,0.0,1.5750486552715302
পরিপ্রেক্ষি,0.5749833285808563,0.0,1.5749833285808563
স্টারের,0.5749601125717163,0.0,1.5749601125717163
প্রেমিকা,0.574941873550415,0.0,1.574941873550415
অভিন্ন,0.57487353682518,0.0,1.57487353682518
অসৎ,0.5748271346092224,0.0,1.5748271346092224
পাঞ্জাবি,0.574824333190918,0.0,1.574824333190918
জ্যাকেট,0.5747633576393127,0.0,1.5747633576393127
সুপ,0.5747086703777313,0.0,1.5747086703777313
হোন,0.5746369957923889,0.0,1.574636995792389
বিব্রত,0.5745255649089813,0.0,1.5745255649089813
টঙ্গী,0.5745134949684143,0.0,1.5745134949684143
সংসদে,0.5744328498840332,0.0,1.5744328498840332
হোমওয়ার্ক,0.574327677488327,0.0,1.574327677488327
রাষ্ট্রপতি,0.5841436386108398,0.010101010101010102,1.57404262850983
পারতেন,0.5740386545658112,0.0,1.5740386545658112
টুকু,0.5739699900150299,0.0,1.57396999001503
ডাকলে,0.5839716792106628,0.010101010101010102,1.573870669109653
ক্ষতবিক্ষত,0.5738489925861359,0.0,1.5738489925861359
রিভলব,0.5737911760807037,0.0,1.5737911760807037
বিগ,0.5734803378582001,0.0,1.5734803378582
ঘাট,0.5733279287815094,0.0,1.5733279287815094
অনেকের,0.5733268857002258,0.0,1.5733268857002258
সজীব,0.573235273361206,0.0,1.573235273361206
বানু,0.5732349157333374,0.0,1.5732349157333374
অবস্থাতে,0.5731721222400665,0.0,1.5731721222400665
সারাজীবন,0.5731098055839539,0.0,1.5731098055839539
পাই,0.5730766355991364,0.0,1.5730766355991364
অলৌকিক,0.5730603039264679,0.0,1.573060303926468
করছি,0.5730512142181396,0.0,1.5730512142181396
কেরোসিন,0.57292041182518,0.0,1.57292041182518
মর্নিং,0.5729012489318848,0.0,1.5729012489318848
সিনেম,0.5829086601734161,0.010101010101010102,1.5728076500724062
জনৈক,0.5727423429489136,0.0,1.5727423429489136
ঝরে,0.5727370083332062,0.0,1.5727370083332062
আজহার,0.5727206766605377,0.0,1.5727206766605377
গবেষক,0.5827608704566956,0.010101010101010102,1.5726598603556856
সুস্পষ্ট,0.5726421773433685,0.0,1.5726421773433685
কুক,0.5726277232170105,0.0,1.5726277232170105
গুঁজে,0.5725920796394348,0.0,1.5725920796394348
প্রতিশোধ,0.5725850462913513,0.0,1.5725850462913513
কিং,0.5725811123847961,0.0,1.5725811123847961
ক্লিনিক,0.572536438703537,0.0,1.572536438703537
হিমেল,0.5725104510784149,0.0,1.572510451078415
ট্রলারে,0.5724199414253235,0.0,1.5724199414253235
খাতা,0.5723071992397308,0.0,1.5723071992397308
সুলতান,0.5722919702529907,0.0,1.5722919702529907
ভাইয়,0.5722706317901611,0.0,1.5722706317901611
তুলনায়,0.572253406047821,0.0,1.572253406047821
গড়ে,0.5721551775932312,0.0,1.5721551775932312
গাম,0.5721117854118347,0.0,1.5721117854118347
কেবিনে,0.5720910131931305,0.0,1.5720910131931305
খাই,0.5720567405223846,0.0,1.5720567405223846
সমুদ্র,0.5719404816627502,0.0,1.5719404816627502
ভাইজান,0.571932315826416,0.0,1.571932315826416
অসংখ্য,0.5718916356563568,0.0,1.5718916356563568
শতাংশ,0.5718361139297485,0.0,1.5718361139297485
স্বামীর,0.5718121528625488,0.0,1.5718121528625488
চিকন,0.5717088282108307,0.0,1.5717088282108307
নিরীহ,0.5717006325721741,0.0,1.571700632572174
মিছিল,0.5716995596885681,0.0,1.5716995596885681
হুকুম,0.5716613531112671,0.0,1.571661353111267
প্রতিজ্ঞা,0.5716559290885925,0.0,1.5716559290885925
পবিত্র,0.5716081261634827,0.0,1.5716081261634827
পৌছানোর,0.5715726315975189,0.0,1.571572631597519
প্রশ্নে,0.5714648067951202,0.0,1.5714648067951202
সন্ধান,0.5714533627033234,0.0,1.5714533627033234
সেলের,0.571386843919754,0.0,1.571386843919754
ক্যাম্প,0.5814766585826874,0.010101010101010102,1.5713756484816774
সার্চ,0.5814501643180847,0.010101010101010102,1.5713491542170748
ইংরেজিতে,0.5713229179382324,0.0,1.5713229179382324
দুশ,0.5713194906711578,0.0,1.5713194906711578
ফিফ,0.5713132619857788,0.0,1.5713132619857788
এটুকু,0.5712543725967407,0.0,1.5712543725967407
সিদ্দিকী,0.5812614858150482,0.010101010101010102,1.5711604757140383
কাতর,0.571157306432724,0.0,1.571157306432724
পরিত্যক্ত,0.5711219012737274,0.0,1.5711219012737274
এভাবে,0.5711138546466827,0.0,1.5711138546466827
কারো,0.571111798286438,0.0,1.571111798286438
ডাক্তারি,0.5710367560386658,0.0,1.5710367560386658
অপারেটিং,0.5810490548610687,0.010101010101010102,1.5709480447600588
ওয়ার্ড,0.5709378123283386,0.0,1.5709378123283386
নিচ,0.5708847939968109,0.0,1.570884793996811
মাত্,0.5708694159984589,0.0,1.5708694159984589
দুজনে,0.5707494914531708,0.0,1.5707494914531708
বেঞ্চে,0.5707432925701141,0.0,1.5707432925701141
অনুলিপি,0.5707402229309082,0.0,1.5707402229309082
অক্ষম,0.5706823468208313,0.0,1.5706823468208313
প্রাচীন,0.5706393122673035,0.0,1.5706393122673035
দিচ্,0.570623517036438,0.0,1.570623517036438
হৈচৈ,0.5705974698066711,0.0,1.5705974698066711
কান্ন,0.5705682039260864,0.0,1.5705682039260864
কেট,0.5705059766769409,0.0,1.570505976676941
বালু,0.5704627931118011,0.0,1.5704627931118011
পিচ,0.5704269409179688,0.0,1.5704269409179688
প্রেম,0.5704175531864166,0.0,1.5704175531864166
দাগ,0.5704142153263092,0.0,1.5704142153263092
কাকা,0.5703572332859039,0.0,1.570357233285904
বহুদূর,0.5703244507312775,0.0,1.5703244507312775
ভাঙা,0.5703099966049194,0.0,1.5703099966049194
পিছন,0.5702429711818695,0.0,1.5702429711818695
ঝাপ,0.5702149868011475,0.0,1.5702149868011475
সহজে,0.5702063143253326,0.0,1.5702063143253326
থ্রি,0.5701789855957031,0.0,1.5701789855957031
ফিরেছেন,0.5700843334197998,0.0,1.5700843334197998
প্রতিষ্ঠানে,0.5700503289699554,0.0,1.5700503289699554
মিরপুর,0.5699609816074371,0.0,1.5699609816074371
করছিল,0.5699484348297119,0.0,1.569948434829712
ব্রিজ,0.5698881149291992,0.0,1.5698881149291992
চিন্ত,0.5698763430118561,0.0,1.569876343011856
অক্ষরে,0.5698723793029785,0.0,1.5698723793029785
আনতে,0.5698661804199219,0.0,1.5698661804199219
ক্লান্ত,0.5698475241661072,0.0,1.5698475241661072
সবে,0.5698305666446686,0.0,1.5698305666446686
এসেছি,0.5697933733463287,0.0,1.5697933733463287
অসাধারণ,0.5697510540485382,0.0,1.5697510540485382
বাট,0.5697483420372009,0.0,1.569748342037201
মাঝেমধ্যে,0.5697213411331177,0.0,1.5697213411331177
তুলেছেন,0.5696396231651306,0.0,1.5696396231651306
উপযোগী,0.5797275006771088,0.010101010101010102,1.5696264905760988
বালিকা,0.5696243047714233,0.0,1.5696243047714233
পাও,0.569484531879425,0.0,1.569484531879425
রেকর্ড,0.569456547498703,0.0,1.569456547498703
গ্রিক,0.5693689286708832,0.0,1.5693689286708832
হাস্যকর,0.5692973136901855,0.0,1.5692973136901855
সৌভাগ্য,0.569024533033371,0.0,1.569024533033371
ভিক্ষা,0.5791084468364716,0.010101010101010102,1.5690074367354616
বিপ্লবী,0.5689573287963867,0.0,1.5689573287963867
শিকল,0.5689317286014557,0.0,1.5689317286014557
পদার্থ,0.5689277350902557,0.0,1.5689277350902557
সম্মিলিত,0.568863719701767,0.0,1.568863719701767
বিক্ষিপ্ত,0.5687951743602753,0.0,1.5687951743602753
বসানোর,0.5687664747238159,0.0,1.568766474723816
শ্রেণীর,0.5687164962291718,0.0,1.5687164962291718
ফার্মেসি,0.5686642825603485,0.0,1.5686642825603485
বিনিময়,0.5685724914073944,0.0,1.5685724914073944
গেছেন,0.5684698522090912,0.0,1.5684698522090912
ইলেকট্রিসি,0.5684526860713959,0.0,1.5684526860713959
ব্যতিক্রম,0.5684508383274078,0.0,1.5684508383274078
সবকিছু,0.568448007106781,0.0,1.568448007106781
দুবছর,0.5683862566947937,0.0,1.5683862566947937
দোষ,0.5683821737766266,0.0,1.5683821737766266
হান,0.5683763921260834,0.0,1.5683763921260834
যেটুকু,0.5683426856994629,0.0,1.568342685699463
ইউনুস,0.5683411061763763,0.0,1.5683411061763763
লম্বা,0.5683286786079407,0.0,1.5683286786079407
উদ্যান,0.5784136950969696,0.010101010101010102,1.5683126849959597
স্থানান্তর,0.5782690644264221,0.010101010101010102,1.5681680543254122
ক্লাউস,0.5680362582206726,0.0,1.5680362582206726
আটকা,0.567938894033432,0.0,1.567938894033432
আবেগ,0.5678698122501373,0.0,1.5678698122501373
দুর্ঘটনা,0.567864865064621,0.0,1.567864865064621
মিয়া,0.5678152441978455,0.0,1.5678152441978455
জার্মানি,0.5677843987941742,0.0,1.5677843987941742
স্ত্রীর,0.567780613899231,0.0,1.567780613899231
প্যান,0.5677712261676788,0.0,1.5677712261676788
উচ্চারিত,0.5676680207252502,0.0,1.5676680207252502
ভবনে,0.5675919950008392,0.0,1.5675919950008392
প্রেমিক,0.5776518285274506,0.010101010101010102,1.5675508184264406
মিশা,0.5675418972969055,0.0,1.5675418972969055
প্রাইভেট,0.5675222873687744,0.0,1.5675222873687744
খেললে,0.5675062239170074,0.0,1.5675062239170074
বার্তা,0.5674687325954437,0.0,1.5674687325954437
পিছনে,0.5674556791782379,0.0,1.567455679178238
হামি,0.5674362778663635,0.0,1.5674362778663635
অনুসারী,0.5673989057540894,0.0,1.5673989057540894
ইন্টেলিজেন্স,0.5774574875831604,0.010101010101010102,1.5673564774821505
লাগানো,0.5673206746578217,0.0,1.5673206746578217
চাঁদা,0.5673144161701202,0.0,1.5673144161701202
ব্যবহারে,0.5672969222068787,0.0,1.5672969222068787
কথাবার্তা,0.5672616362571716,0.0,1.5672616362571716
ঘটেনি,0.5672599077224731,0.0,1.5672599077224731
কইরা,0.5672318041324615,0.0,1.5672318041324615
সাহেবের,0.5672294497489929,0.0,1.567229449748993
বৃথা,0.5671759843826294,0.0,1.5671759843826294
পকেট,0.577232837677002,0.010101010101010102,1.567131827575992
স্থানীয়,0.5670762956142426,0.0,1.5670762956142426
অপমান,0.567058265209198,0.0,1.567058265209198
আপাতদৃষ্,0.5670158863067627,0.0,1.5670158863067627
আসছ,0.5669151246547699,0.0,1.56691512465477
টেলিস্কোপ,0.5668962597846985,0.0,1.5668962597846985
সাক্ষাৎ,0.5668757557868958,0.0,1.5668757557868958
ভিজে,0.5668385922908783,0.0,1.5668385922908783
থানায়,0.5668227970600128,0.0,1.5668227970600128
উপহ,0.5668164491653442,0.0,1.5668164491653442
আশাবাদী,0.566804826259613,0.0,1.566804826259613
সীম,0.5668018162250519,0.0,1.5668018162250519
সেইসব,0.5668007135391235,0.0,1.5668007135391235
ফ্লা,0.5667336881160736,0.0,1.5667336881160736
তারে,0.5667333006858826,0.0,1.5667333006858826
রূপ,0.5666722655296326,0.0,1.5666722655296326
ভাবা,0.5666185617446899,0.0,1.56661856174469
সত্যিক,0.5766382217407227,0.010101010101010102,1.5665372116397127
বস্তির,0.566535234451294,0.0,1.566535234451294
বাদল,0.5665329992771149,0.0,1.5665329992771149
কাগজে,0.5766332447528839,0.010101010101010102,1.566532234651874
স্কেল,0.5662629008293152,0.0,1.5662629008293152
জাপান,0.5662609040737152,0.0,1.5662609040737152
খ্যাতি,0.5662046670913696,0.0,1.5662046670913696
যাচা,0.5661963522434235,0.0,1.5661963522434235
উত্তেজন,0.5661253333091736,0.0,1.5661253333091736
সেন্টারের,0.5761808454990387,0.010101010101010102,1.5660798353980288
সের,0.5658028721809387,0.0,1.5658028721809387
পুল,0.5657832622528076,0.0,1.5657832622528076
বাক্স,0.5657353401184082,0.0,1.5657353401184082
অঞ্চলে,0.5657031834125519,0.0,1.5657031834125519
তাড়াহুড়ো,0.565642774105072,0.0,1.565642774105072
পে,0.5655993223190308,0.0,1.5655993223190308
নাও,0.5655827820301056,0.0,1.5655827820301056
আসুক,0.5655111968517303,0.0,1.5655111968517303
চে,0.5654788613319397,0.0,1.5654788613319397
মামা,0.5654659271240234,0.0,1.5654659271240234
হে,0.5654330253601074,0.0,1.5654330253601074
লাগানোর,0.5653479099273682,0.0,1.5653479099273682
ফিচ,0.57539501786232,0.010101010101010102,1.56529400776131
মুখস্থ,0.5652492344379425,0.0,1.5652492344379425
টুপি,0.5651996433734894,0.0,1.5651996433734894
অর্ধেক,0.5651657283306122,0.0,1.5651657283306122
ধারে,0.5650241374969482,0.0,1.5650241374969482
হারিকেন,0.5650214850902557,0.0,1.5650214850902557
বসলে,0.5650191307067871,0.0,1.565019130706787
ছেলেটা,0.5750766098499298,0.010101010101010102,1.5649755997489199
গনি,0.575034111738205,0.010101010101010102,1.564933101637195
কালামের,0.5649316310882568,0.0,1.5649316310882568
স্কাউট,0.5649174749851227,0.0,1.5649174749851227
বিয়,0.5648620426654816,0.0,1.5648620426654816
ফেলি,0.5648605227470398,0.0,1.5648605227470398
রসুন,0.5647937655448914,0.0,1.5647937655448914
জানাজানি,0.5647826492786407,0.0,1.5647826492786407
দৈনন্দিন,0.5646655857563019,0.0,1.5646655857563019
বললে,0.564658135175705,0.0,1.564658135175705
গ্রুপ,0.5646070539951324,0.0,1.5646070539951324
গার্ড,0.5644769668579102,0.0,1.5644769668579102
নির্বিঘ্নে,0.5644518136978149,0.0,1.564451813697815
জুম,0.5644348561763763,0.0,1.5644348561763763
রাইফেল,0.564387708902359,0.0,1.564387708902359
তুলসি,0.5643674433231354,0.0,1.5643674433231354
গ্যালাক্সি,0.5643568933010101,0.0,1.5643568933010101
দুইজন,0.5643050968647003,0.0,1.5643050968647003
বোঝানোর,0.5642147064208984,0.0,1.5642147064208984
পেল,0.5641666352748871,0.0,1.564166635274887
সংস্থা,0.5641541481018066,0.0,1.5641541481018066
নেটওয়ার্ক,0.5641420483589172,0.0,1.5641420483589172
প্রচারে,0.5640051662921906,0.0,1.5640051662921906
উঠা,0.5639868378639221,0.0,1.5639868378639221
অপমানিত,0.5639638602733612,0.0,1.5639638602733612
উপকূল,0.5638410151004791,0.0,1.5638410151004791
পপি,0.5638194680213928,0.0,1.5638194680213928
টেপ,0.5637723803520203,0.0,1.5637723803520203
কোম্পানির,0.5636801719665527,0.0,1.5636801719665527
পাখি,0.5636425912380219,0.0,1.5636425912380219
নারীর,0.563595712184906,0.0,1.563595712184906
পেট্রোল,0.563560962677002,0.0,1.563560962677002
অশুভ,0.5635523796081543,0.0,1.5635523796081543
ডাবলুর,0.5634514093399048,0.0,1.5634514093399048
টিম,0.5633406639099121,0.0,1.563340663909912
সাজ্জাদ,0.5633355379104614,0.0,1.5633355379104614
বর্তমানে,0.5633265674114227,0.0,1.5633265674114227
মস্তিষ্ক,0.5632701516151428,0.0,1.5632701516151428
কার্তিক,0.5632587373256683,0.0,1.5632587373256683
ছবিসহ,0.5632035732269287,0.0,1.5632035732269287
টার,0.563097357749939,0.0,1.563097357749939
খাটো,0.5630419254302979,0.0,1.5630419254302979
ভারসাম্য,0.563035249710083,0.0,1.563035249710083
টেবিলে,0.5630197525024414,0.0,1.5630197525024414
বাকবিতণ্ডা,0.5629005432128906,0.0,1.5629005432128906
কারাদণ্ড,0.5628914833068848,0.0,1.5628914833068848
মনখারাপ,0.5628601312637329,0.0,1.562860131263733
উদাসীন,0.5628107488155365,0.0,1.5628107488155365
যুক্ত,0.5627131164073944,0.0,1.5627131164073944
সরানোর,0.5626190900802612,0.0,1.5626190900802612
কবির,0.5626014471054077,0.0,1.5626014471054077
বসেছি,0.5624021887779236,0.0,1.5624021887779236
মডেল,0.5623968541622162,0.0,1.5623968541622162
আশঙ্কা,0.5623728334903717,0.0,1.5623728334903717
পরিবর্তিত,0.562367856502533,0.0,1.562367856502533
রিজার্ভ,0.5623262524604797,0.0,1.5623262524604797
সমাপ্তি,0.562290608882904,0.0,1.562290608882904
উল্টে,0.5622812509536743,0.0,1.5622812509536743
দাশ,0.5622723698616028,0.0,1.5622723698616028
জাফর,0.5622169077396393,0.0,1.5622169077396393
ফিনিক্স,0.5621349513530731,0.0,1.5621349513530731
অচেনা,0.5621122717857361,0.0,1.562112271785736
এলে,0.56204953789711,0.0,1.56204953789711
পরমাণু,0.5620423257350922,0.0,1.5620423257350922
সুন্দরবন,0.5620153546333313,0.0,1.5620153546333313
ফুটে,0.5620125830173492,0.0,1.5620125830173492
অসহায়,0.5619730651378632,0.0,1.5619730651378632
চল্লিশ,0.5719173848628998,0.010101010101010102,1.5618163747618898
আচারআচরণ,0.5617689490318298,0.0,1.5617689490318298
খানম,0.5617391467094421,0.0,1.5617391467094421
ফাটা,0.5616545975208282,0.0,1.5616545975208282
মমতা,0.561651885509491,0.0,1.561651885509491
থেকো,0.5616498589515686,0.0,1.5616498589515686
দশেক,0.5615519881248474,0.0,1.5615519881248474
সিগারেটের,0.5615320205688477,0.0,1.5615320205688477
চিনে,0.5614431202411652,0.0,1.5614431202411652
পাটি,0.5614266097545624,0.0,1.5614266097545624
শাসন,0.5614034235477448,0.0,1.5614034235477448
যন্ত্রপাতির,0.5613729655742645,0.0,1.5613729655742645
দৃশ্যমান,0.561361163854599,0.0,1.561361163854599
বিভাগে,0.5612815320491791,0.0,1.561281532049179
মূলত,0.5612022280693054,0.0,1.5612022280693054
লাই,0.5611960291862488,0.0,1.5611960291862488
লোকাল,0.5611641705036163,0.0,1.5611641705036163
অস্থিরতা,0.5610210597515106,0.0,1.5610210597515106
পরিস্থিতির,0.5609759390354156,0.0,1.5609759390354156
ফেলেছেন,0.560898631811142,0.0,1.560898631811142
হারানো,0.5608925819396973,0.0,1.5608925819396973
গাড়ি,0.5709638893604279,0.010101010101010102,1.560862879259418
ম্যাগাজিন,0.5812678635120392,0.02040816326530612,1.560859700246733
ভাঙতে,0.560855895280838,0.0,1.560855895280838
সেশন,0.5608402490615845,0.0,1.5608402490615845
ভোরে,0.5607975423336029,0.0,1.560797542333603
টেলিগ্রাম,0.560768336057663,0.0,1.560768336057663
আদালত,0.5708140730857849,0.010101010101010102,1.560713062984775
একমাস,0.560671478509903,0.0,1.560671478509903
পাচ্,0.560645580291748,0.0,1.560645580291748
নেমেছি,0.5606326758861542,0.0,1.5606326758861542
শাস্তির,0.5706692337989807,0.010101010101010102,1.5605682236979708
অনুমতির,0.5605371296405792,0.0,1.5605371296405792
নিম্ন,0.5605031549930573,0.0,1.5605031549930573
ক্লান্তি,0.5604854822158813,0.0,1.5604854822158813
শনিব,0.5705226361751556,0.010101010101010102,1.5604216260741457
মার্ডার,0.5603472292423248,0.0,1.5603472292423248
পশ্চিম,0.5603376924991608,0.0,1.5603376924991608
বালক,0.560230940580368,0.0,1.560230940580368
শ্মশান,0.5703275799751282,0.010101010101010102,1.5602265698741182
প্রাইজ,0.5600954592227936,0.0,1.5600954592227936
অস্বীক,0.5600405931472778,0.0,1.5600405931472778
বলি,0.5599413812160492,0.0,1.5599413812160492
আপেক্ষিক,0.559931218624115,0.0,1.559931218624115
একাউন্ট,0.5700307786464691,0.010101010101010102,1.5599297685454592
উঁকি,0.5598263442516327,0.0,1.5598263442516327
অর্ড,0.5597894191741943,0.0,1.5597894191741943
মাঠে,0.5597889721393585,0.0,1.5597889721393585
বাংল,0.5597578585147858,0.0,1.5597578585147858
গবেষণ,0.5597022771835327,0.0,1.5597022771835327
আশ্রম,0.5596938729286194,0.0,1.5596938729286194
কাপড়,0.5596543550491333,0.0,1.5596543550491333
নাস,0.5595930218696594,0.0,1.5595930218696594
বাড়তি,0.5594606697559357,0.0,1.5594606697559357
সনে,0.5593877732753754,0.0,1.5593877732753754
কনট্রোল,0.5694479644298553,0.010101010101010102,1.5593469543288454
অনুসারে,0.5593334436416626,0.0,1.5593334436416626
লুট,0.5592495501041412,0.0,1.5592495501041412
অজান্,0.5693322122097015,0.010101010101010102,1.5592312021086916
পাত্তা,0.559185802936554,0.0,1.559185802936554
গেলো,0.5591766238212585,0.0,1.5591766238212585
দলনেতা,0.5591663718223572,0.0,1.5591663718223572
করিডোর,0.5589509606361389,0.0,1.558950960636139
শামসুর,0.5589502453804016,0.0,1.5589502453804016
গতরা,0.5589162111282349,0.0,1.5589162111282349
সম্রাট,0.5588751435279846,0.0,1.5588751435279846
পার্ক,0.5792535245418549,0.02040816326530612,1.5588453612765487
মিটিং,0.558831125497818,0.0,1.558831125497818
মুক্তির,0.558780312538147,0.0,1.558780312538147
কোলে,0.55854332447052,0.0,1.55854332447052
ভাইস,0.5686066150665283,0.010101010101010102,1.5585056049655184
সিক্স,0.5584635436534882,0.0,1.5584635436534882
মোটরবাইক,0.568535178899765,0.010101010101010102,1.558434168798755
উদ্বেগ,0.5582924783229828,0.0,1.5582924783229828
অবর্তমানে,0.558287501335144,0.0,1.558287501335144
সেক্রেটারি,0.5581919252872467,0.0,1.5581919252872467
হাফেজ,0.5581635534763336,0.0,1.5581635534763336
জীব,0.5581453442573547,0.0,1.5581453442573547
ইউনিটে,0.5581257343292236,0.0,1.5581257343292236
ঘাঁ,0.5581238269805908,0.0,1.5581238269805908
আবদ্ধ,0.5580704212188721,0.0,1.558070421218872
সেকেন্ডের,0.5580498576164246,0.0,1.5580498576164246
মিলিয়ন,0.5578701198101044,0.0,1.5578701198101044
আদেশের,0.5578602254390717,0.0,1.5578602254390717
মহাকাশচারী,0.5577951371669769,0.0,1.557795137166977
দুঃস্বপ্ন,0.5577351450920105,0.0,1.5577351450920105
লিভ,0.5677440464496613,0.010101010101010102,1.5576430363486513
উপস্থিতির,0.5575900673866272,0.0,1.5575900673866272
পাঠিকা,0.5575844943523407,0.0,1.5575844943523407
জাস্ট,0.5575827062129974,0.0,1.5575827062129974
আমরা,0.5575700402259827,0.0,1.5575700402259827
অভিজ্ঞতা,0.5575621128082275,0.0,1.5575621128082275
গাধা,0.5575172007083893,0.0,1.5575172007083893
যথাসম্ভব,0.5574704110622406,0.0,1.5574704110622406
ঝলকানি,0.5573278367519379,0.0,1.5573278367519379
বিলি,0.5572172999382019,0.0,1.557217299938202
অনুপস্থিত,0.5571788847446442,0.0,1.5571788847446442
সেকেন্ডে,0.5571021437644958,0.0,1.5571021437644958
ফুলে,0.5569760501384735,0.0,1.5569760501384735
সাবলীল,0.5568983256816864,0.0,1.5568983256816864
প্রতিরোধ,0.5568663775920868,0.0,1.5568663775920868
সন্দেহের,0.5568310022354126,0.0,1.5568310022354126
জিজ্ঞাসা,0.5568235516548157,0.0,1.5568235516548157
যতদিন,0.5669204890727997,0.010101010101010102,1.5568194789717897
বাদ্যযন্ত্র,0.5568017065525055,0.0,1.5568017065525055
সংযোগ,0.5567332208156586,0.0,1.5567332208156586
হেলমেট,0.5567275285720825,0.0,1.5567275285720825
নোটিশে,0.5566501915454865,0.0,1.5566501915454865
ব্লু,0.5566055774688721,0.0,1.556605577468872
মডিউল,0.5565122067928314,0.0,1.5565122067928314
অর্গানাইজেশন,0.5564840137958527,0.0,1.5564840137958527
প্যালেস,0.5564782619476318,0.0,1.5564782619476318
বখাটে,0.5564084351062775,0.0,1.5564084351062775
হুজুর,0.556394636631012,0.0,1.556394636631012
বয়সে,0.5563263297080994,0.0,1.5563263297080994
খামারের,0.5562300682067871,0.0,1.556230068206787
কাজটুকু,0.5562160611152649,0.0,1.556216061115265
রাজপথে,0.5561743378639221,0.0,1.5561743378639221
সতেজ,0.5561374723911285,0.0,1.5561374723911285
জ্বলে,0.5561344027519226,0.0,1.5561344027519226
দেখত,0.5561145544052124,0.0,1.5561145544052124
আসতাম,0.5561022758483887,0.0,1.5561022758483887
চিরদিন,0.556036651134491,0.0,1.556036651134491
পারেনি,0.5559711158275604,0.0,1.5559711158275604
এরকম,0.5558890700340271,0.0,1.555889070034027
অনুরোধ,0.5558803081512451,0.0,1.5558803081512451
মালেকা,0.5558704435825348,0.0,1.5558704435825348
মেয়ে,0.5659618079662323,0.010101010101010102,1.5558607978652224
আধঘণ্,0.5558314919471741,0.0,1.555831491947174
হাসি,0.5558260083198547,0.0,1.5558260083198547
ভি,0.5557711720466614,0.0,1.5557711720466614
কষ্টে,0.555743008852005,0.0,1.555743008852005
চিৎক,0.5557321310043335,0.0,1.5557321310043335
তরুণতরুণী,0.5556981563568115,0.0,1.5556981563568115
নাইন,0.5556307733058929,0.0,1.555630773305893
পাট,0.5555784106254578,0.0,1.5555784106254578
অন্যপাশে,0.5555581450462341,0.0,1.5555581450462341
কমবেশি,0.5554826557636261,0.0,1.555482655763626
সোম,0.5554564893245697,0.0,1.5554564893245697
টাইম,0.5554433166980743,0.0,1.5554433166980743
সাধনা,0.5554411113262177,0.0,1.5554411113262177
রাউন্ড,0.5554372370243073,0.0,1.5554372370243073
বেটা,0.5554006993770599,0.0,1.55540069937706
পাইলট,0.5553900003433228,0.0,1.5553900003433228
মাস্ক,0.5553559362888336,0.0,1.5553559362888336
আত,0.5553183257579803,0.0,1.5553183257579803
লাইন,0.5552242398262024,0.0,1.5552242398262024
উঠি,0.5551382899284363,0.0,1.5551382899284363
বিতর্ক,0.5551182329654694,0.0,1.5551182329654694
জামাল,0.5551071166992188,0.0,1.5551071166992188
মদ্যপান,0.5550710558891296,0.0,1.5550710558891296
ছুট,0.555003434419632,0.0,1.555003434419632
উৎসাহে,0.5549798309803009,0.0,1.554979830980301
বিস্তৃত,0.565068244934082,0.010101010101010102,1.554967234833072
মুখমণ্ডল,0.5548813045024872,0.0,1.5548813045024872
রিড,0.5548550188541412,0.0,1.5548550188541412
বিল্লাল,0.5548470914363861,0.0,1.554847091436386
চিহ্ন,0.5648108720779419,0.010101010101010102,1.554709861976932
আলোচনায়,0.55461186170578,0.0,1.55461186170578
কাগজপত্র,0.5545656979084015,0.0,1.5545656979084015
মেস,0.5545646548271179,0.0,1.554564654827118
প্রেসের,0.5545125305652618,0.0,1.5545125305652618
শিল্পী,0.5645760297775269,0.010101010101010102,1.554475019676517
তাল,0.5544173419475555,0.0,1.5544173419475555
টঙ্গীর,0.554416298866272,0.0,1.554416298866272
বানর,0.5543434917926788,0.0,1.5543434917926788
সাড়া,0.5542582273483276,0.0,1.5542582273483276
তালা,0.5542044043540955,0.0,1.5542044043540955
কারিগর,0.5541964769363403,0.0,1.5541964769363403
সারারাত,0.5541732013225555,0.0,1.5541732013225555
হতাশাগ্রস্ত,0.5541577637195587,0.0,1.5541577637195587
ভোল্টেজ,0.5541214346885681,0.0,1.5541214346885681
ভাবছ,0.5541077554225922,0.0,1.5541077554225922
ডজনখানেক,0.5540955662727356,0.0,1.5540955662727356
ভেদ,0.5540456771850586,0.0,1.5540456771850586
উৎস,0.5540440678596497,0.0,1.5540440678596497
সিস্টেম,0.5743932723999023,0.02040816326530612,1.5539851091345962
সুরে,0.5640620291233063,0.010101010101010102,1.5539610190222963
ঘিরে,0.5539504885673523,0.0,1.5539504885673523
দেখাল,0.5538999438285828,0.0,1.5538999438285828
ধূর্ত,0.5538900792598724,0.0,1.5538900792598724
হ্যান্ড,0.5538195669651031,0.0,1.5538195669651031
কৃত্রিম,0.5538084506988525,0.0,1.5538084506988525
নিরাপদে,0.5537872016429901,0.0,1.5537872016429901
খালি,0.5537522733211517,0.0,1.5537522733211517
ফুটো,0.5537428259849548,0.0,1.5537428259849548
আগেভাগে,0.5537267029285431,0.0,1.553726702928543
দেহরক্ষী,0.553714781999588,0.0,1.553714781999588
আগস্টে,0.5536444783210754,0.0,1.5536444783210754
বুঝতে,0.5535889863967896,0.0,1.5535889863967896
বিদেশি,0.5535603761672974,0.0,1.5535603761672974
কারে,0.5534899234771729,0.0,1.5534899234771729
কথাম,0.553411066532135,0.0,1.553411066532135
মীনা,0.5533834099769592,0.0,1.5533834099769592
বেত,0.5533531010150909,0.0,1.553353101015091
পারিনি,0.553331732749939,0.0,1.553331732749939
যৌতুক,0.5533285439014435,0.0,1.5533285439014435
খুঁজ,0.5634269714355469,0.010101010101010102,1.553325961334537
ঘটনাক্রমে,0.5532895624637604,0.0,1.5532895624637604
বিমানে,0.56338831782341,0.010101010101010102,1.5532873077224
অসহ্য,0.5532198548316956,0.0,1.5532198548316956
আহ্বানে,0.5531759560108185,0.0,1.5531759560108185
আর্ট,0.5531752109527588,0.0,1.5531752109527588
আরেকটু,0.55315962433815,0.0,1.55315962433815
উদ্ভট,0.5531585514545441,0.0,1.553158551454544
নগরী,0.5631781220436096,0.010101010101010102,1.5530771119425997
সত্যিকার,0.5530685484409332,0.0,1.5530685484409332
পরিবেশন,0.5530646741390228,0.0,1.5530646741390228
আক্রমণ,0.5530528128147125,0.0,1.5530528128147125
আনবে,0.5530353486537933,0.0,1.5530353486537933
বাতাসে,0.563107430934906,0.010101010101010102,1.553006420833896
ম্যাপ,0.5529994368553162,0.0,1.5529994368553162
সেন,0.5529919564723969,0.0,1.5529919564723969
ট্যাং,0.5529074966907501,0.0,1.5529074966907501
শরিফ,0.5528358519077301,0.0,1.55283585190773
অসম্পূর্ণ,0.5528236925601959,0.0,1.552823692560196
আইনস্টাইন,0.5527593195438385,0.0,1.5527593195438385
রাখতে,0.552712619304657,0.0,1.552712619304657
অসঙ্গতি,0.5526601076126099,0.0,1.5526601076126099
হো,0.5525933504104614,0.0,1.5525933504104614
মিলিগ্রাম,0.5525595843791962,0.0,1.5525595843791962
চেহারাটা,0.5525510609149933,0.0,1.5525510609149933
উত্তেজক,0.5525361001491547,0.0,1.5525361001491547
কমিউনিকেশন্স,0.5525254011154175,0.0,1.5525254011154175
সন্দেহভাজন,0.5524260401725769,0.0,1.552426040172577
প্যাক,0.5523714125156403,0.0,1.5523714125156403
ব্যস্ততা,0.5523687899112701,0.0,1.5523687899112701
কমানোর,0.5523622930049896,0.0,1.5523622930049896
দৈত্য,0.5523607730865479,0.0,1.5523607730865479
ঢুকলে,0.5523282885551453,0.0,1.5523282885551453
প্রজেক্টে,0.5523270666599274,0.0,1.5523270666599274
মূর্তি,0.552299827337265,0.0,1.552299827337265
নীরবে,0.5522990226745605,0.0,1.5522990226745605
অতীত,0.5522401332855225,0.0,1.5522401332855225
ইনশাল্লাহ,0.5522306561470032,0.0,1.5522306561470032
ক্যাফে,0.552230030298233,0.0,1.552230030298233
উনিশ,0.5522226989269257,0.0,1.5522226989269257
পাঠিয়েছেন,0.552178829908371,0.0,1.552178829908371
পচে,0.5521734058856964,0.0,1.5521734058856964
হার্ট,0.5521509349346161,0.0,1.552150934934616
বিগত,0.5521441996097565,0.0,1.5521441996097565
স্যুট,0.5520720481872559,0.0,1.5520720481872559
ইডি,0.5520623624324799,0.0,1.5520623624324799
পিছু,0.5520132780075073,0.0,1.5520132780075073
ক্যান,0.5519784390926361,0.0,1.551978439092636
বিবরণ,0.5519071519374847,0.0,1.5519071519374847
অস্বস্তি,0.5518545508384705,0.0,1.5518545508384705
জার্মান,0.5518016815185547,0.0,1.5518016815185547
প্রেরণা,0.551754891872406,0.0,1.551754891872406
ভাগে,0.5517308115959167,0.0,1.5517308115959167
লিফট,0.5517224669456482,0.0,1.5517224669456482
বইপত্র,0.5517222583293915,0.0,1.5517222583293915
সানগ্লাস,0.5517088770866394,0.0,1.5517088770866394
তুমুল,0.5517018735408783,0.0,1.5517018735408783
রান্ন,0.5516272187232971,0.0,1.5516272187232971
রক্তক্ষরণে,0.551622599363327,0.0,1.551622599363327
মনোনীত,0.5516224205493927,0.0,1.5516224205493927
সুন্দরী,0.5515631139278412,0.0,1.5515631139278412
ঘাম,0.5515211820602417,0.0,1.5515211820602417
ঘটেছিল,0.5515098869800568,0.0,1.5515098869800568
ভাবতে,0.5514436960220337,0.0,1.5514436960220337
এগু,0.5514330267906189,0.0,1.551433026790619
জ্যোৎস্না,0.5514111220836639,0.0,1.551411122083664
আতঙ্,0.5513674318790436,0.0,1.5513674318790436
কতটুকু,0.5513594448566437,0.0,1.5513594448566437
এতিমখানা,0.5513425469398499,0.0,1.5513425469398499
কোনোভাবে,0.551293134689331,0.0,1.551293134689331
ঠান্ডা,0.5512112081050873,0.0,1.5512112081050873
দুর্বোধ্য,0.5511840581893921,0.0,1.551184058189392
বিট,0.5511659383773804,0.0,1.5511659383773804
ন্যাশনাল,0.5511618852615356,0.0,1.5511618852615356
ঈদের,0.5511211454868317,0.0,1.5511211454868317
স্টুডেন্ট,0.551109254360199,0.0,1.551109254360199
পশুপাখি,0.5510321259498596,0.0,1.5510321259498596
বেবী,0.5509316027164459,0.0,1.550931602716446
সুবিধ,0.5508741736412048,0.0,1.5508741736412048
হাতা,0.5508561134338379,0.0,1.550856113433838
দ্বীপ,0.5508534014225006,0.0,1.5508534014225006
যেদি,0.5508183538913727,0.0,1.5508183538913727
পিক,0.5508159697055817,0.0,1.5508159697055817
মেমোরি,0.5507847368717194,0.0,1.5507847368717194
বিলিয়ন,0.5507263243198395,0.0,1.5507263243198395
পাদদেশ,0.5507009923458099,0.0,1.55070099234581
উপদ্র,0.550655871629715,0.0,1.550655871629715
বাদামি,0.5506517887115479,0.0,1.5506517887115479
সাইজ,0.5506126582622528,0.0,1.5506126582622528
বিপজ্জনক,0.5505939722061157,0.0,1.5505939722061157
সম্পর্কে,0.5505856871604919,0.0,1.550585687160492
শিশি,0.5505817532539368,0.0,1.5505817532539368
পয়েন্ট,0.5504721999168396,0.0,1.5504721999168396
চিঠির,0.5504686832427979,0.0,1.5504686832427979
পিস,0.5503608286380768,0.0,1.5503608286380768
ঘাটে,0.560445100069046,0.010101010101010102,1.550344089968036
বাঙালির,0.5503070950508118,0.0,1.5503070950508118
রফিক,0.5502955615520477,0.0,1.5502955615520477
হাউ,0.5502798557281494,0.0,1.5502798557281494
তত্ত্বাবধানে,0.5502473413944244,0.0,1.5502473413944244
নাটক,0.5502466261386871,0.0,1.5502466261386871
হাঁটু,0.550176739692688,0.0,1.550176739692688
শুভ,0.5501051843166351,0.0,1.5501051843166351
পরিচ্ছন্ন,0.5500858724117279,0.0,1.550085872411728
মেটাল,0.5500741600990295,0.0,1.5500741600990295
কাগজ,0.5601026713848114,0.010101010101010102,1.5500016612838015
বাঁচ,0.5499843955039978,0.0,1.5499843955039978
খাব,0.5499574840068817,0.0,1.5499574840068817
প্রদক্ষিণ,0.5499204993247986,0.0,1.5499204993247986
ডাটা,0.5498050451278687,0.0,1.5498050451278687
স্থলে,0.5497921705245972,0.0,1.5497921705245972
কালি,0.549767792224884,0.0,1.549767792224884
দুর্বল,0.549751877784729,0.0,1.549751877784729
মাইক্রোফোন,0.5497497022151947,0.0,1.5497497022151947
সুযোগে,0.5496964752674103,0.0,1.5496964752674103
রাস্তাঘাটে,0.5496586859226227,0.0,1.5496586859226227
বেসিন,0.549625813961029,0.0,1.549625813961029
বিপদ,0.5700127184391022,0.02040816326530612,1.549604555173796
আঠারো,0.5495934784412384,0.0,1.5495934784412384
লা,0.5495839416980743,0.0,1.5495839416980743
হাসিখুশি,0.5495644211769104,0.0,1.5495644211769104
আগামীকাল,0.549544632434845,0.0,1.549544632434845
অন্ধকারে,0.5596276521682739,0.010101010101010102,1.549526642067264
তালুকদ,0.5494828224182129,0.0,1.549482822418213
হাজির,0.5494602620601654,0.0,1.5494602620601654
মাফ,0.549411803483963,0.0,1.549411803483963
এনার্জি,0.5493670701980591,0.0,1.549367070198059
সতর্কতা,0.5493322312831879,0.0,1.5493322312831879
উপস্থাপনা,0.549310952425003,0.0,1.549310952425003
এস্টেট,0.5492818355560303,0.0,1.5492818355560303
ভাব,0.5491638481616974,0.0,1.5491638481616974
বেশিদিন,0.5490911304950714,0.0,1.5490911304950714
আধ্যাত্মিক,0.5489908158779144,0.0,1.5489908158779144
টুটুল,0.5489766895771027,0.0,1.5489766895771027
হতদরিদ্র,0.5489616394042969,0.0,1.5489616394042969
খ্রিষ্টান,0.5489416122436523,0.0,1.5489416122436523
স্যান,0.5489012897014618,0.0,1.5489012897014618
মাঠ,0.5488786399364471,0.0,1.5488786399364471
হোমিওপ্যাথিক,0.5488718450069427,0.0,1.5488718450069427
রীতিমত,0.5488572418689728,0.0,1.5488572418689728
প্রচুর,0.5488488078117371,0.0,1.548848807811737
দৃশ্যে,0.5488413572311401,0.0,1.5488413572311401
সারি,0.5487787425518036,0.0,1.5487787425518036
জ্ঞান,0.5487599074840546,0.0,1.5487599074840546
তেমনি,0.5487571954727173,0.0,1.5487571954727173
আপা,0.5487448573112488,0.0,1.5487448573112488
ফেনসিডিল,0.5487401783466339,0.0,1.548740178346634
আলম,0.5487146377563477,0.0,1.5487146377563477
ডু,0.5486671626567841,0.0,1.548667162656784
পরিণতি,0.5486549139022827,0.0,1.5486549139022827
বলেনি,0.5486343502998352,0.0,1.5486343502998352
নিখুঁত,0.5486222207546234,0.0,1.5486222207546234
প্রমোশন,0.5486075282096863,0.0,1.5486075282096863
আলি,0.5485389232635498,0.0,1.5485389232635498
অমান্য,0.5484252274036407,0.0,1.5484252274036407
পড়াশোনা,0.5483814477920532,0.0,1.5483814477920532
পাকিস্তানে,0.5483585596084595,0.0,1.5483585596084595
আগ্রহী,0.5483509302139282,0.0,1.5483509302139282
বংশোদ্ভূত,0.548339307308197,0.0,1.548339307308197
ঐশ্বর্য,0.5483076870441437,0.0,1.5483076870441437
আপাতত,0.5482868254184723,0.0,1.5482868254184723
উচ্চারণ,0.5482682883739471,0.0,1.5482682883739471
ছাদে,0.5482213199138641,0.0,1.5482213199138641
বহুব,0.5482006669044495,0.0,1.5482006669044495
নগ্নতা,0.5481819808483124,0.0,1.5481819808483124
ওপাশে,0.5481701493263245,0.0,1.5481701493263245
বুকিং,0.5481654703617096,0.0,1.5481654703617096
দাখিল,0.5481573939323425,0.0,1.5481573939323425
মহাকাশে,0.5481290519237518,0.0,1.5481290519237518
বাদশা,0.5481113791465759,0.0,1.548111379146576
কিনেছি,0.5479323863983154,0.0,1.5479323863983154
পরবর্তী,0.5479130148887634,0.0,1.5479130148887634
পারতাম,0.5479108393192291,0.0,1.5479108393192291
মরিয়া,0.5477856695652008,0.0,1.5477856695652008
বেশিক্ষণ,0.5476727187633514,0.0,1.5476727187633514
আরম্ভ,0.5475805401802063,0.0,1.5475805401802063
বেরিয়ে,0.5475766658782959,0.0,1.547576665878296
শেখা,0.5475620031356812,0.0,1.5475620031356812
ধাক্কা,0.5474497079849243,0.0,1.5474497079849243
মারা,0.5474385619163513,0.0,1.5474385619163513
ক্লাস,0.5473765730857849,0.0,1.547376573085785
তামাশা,0.547371506690979,0.0,1.547371506690979
কার্ড,0.5473661720752716,0.0,1.5473661720752716
মাইল,0.5574495494365692,0.010101010101010102,1.5473485393355593
কনসার্টে,0.5472898483276367,0.0,1.5472898483276367
লিটন,0.5471693873405457,0.0,1.5471693873405457
মার্শাল,0.5471412539482117,0.0,1.5471412539482117
রোদে,0.547056257724762,0.0,1.547056257724762
ঢেক,0.5571505725383759,0.010101010101010102,1.547049562437366
সরকারী,0.5470389425754547,0.0,1.5470389425754547
অতিথির,0.547033429145813,0.0,1.547033429145813
বহুদিন,0.5469845235347748,0.0,1.5469845235347748
মজিদ,0.5570844113826752,0.010101010101010102,1.5469834012816652
ক্ষমতায়,0.5469366908073425,0.0,1.5469366908073425
সেজন্য,0.5469324886798859,0.0,1.5469324886798859
তাকাতে,0.546915203332901,0.0,1.546915203332901
হাদি,0.5468985736370087,0.0,1.5468985736370087
কমান্ডার,0.5468887686729431,0.0,1.5468887686729431
গ্রাহক,0.5467699766159058,0.0,1.5467699766159058
ফকির,0.5467676818370819,0.0,1.546767681837082
আশ্বস্ত,0.5467440485954285,0.0,1.5467440485954285
সদরঘাট,0.5467320680618286,0.0,1.5467320680618286
আছর,0.5467135012149811,0.0,1.546713501214981
রাসেল,0.5567963719367981,0.010101010101010102,1.5466953618357882
ঠাকুর,0.5466707050800323,0.0,1.5466707050800323
ডিরেক্টর,0.5466004014015198,0.0,1.5466004014015198
হিল,0.5465927124023438,0.0,1.5465927124023438
দুঃখে,0.5465843379497528,0.0,1.5465843379497528
যোগদান,0.5464592278003693,0.0,1.5464592278003693
সিদ্ধান্,0.5464398860931396,0.0,1.5464398860931396
লাশ,0.5464346408843994,0.0,1.5464346408843994
অবাধ,0.5463610291481018,0.0,1.5463610291481018
বজায়,0.5463596284389496,0.0,1.5463596284389496
মারপিট,0.5462851822376251,0.0,1.5462851822376251
চড়া,0.5462692975997925,0.0,1.5462692975997925
সিগনাল,0.5462535321712494,0.0,1.5462535321712494
হরিণ,0.5462261140346527,0.0,1.5462261140346527
মেধাবী,0.5460847020149231,0.0,1.546084702014923
ভেজা,0.5459562540054321,0.0,1.5459562540054321
বীভৎস,0.5459544658660889,0.0,1.5459544658660889
আত্মবিশ্বাস,0.5459339320659637,0.0,1.5459339320659637
পুষ্,0.5458739101886749,0.0,1.545873910188675
শুরুর,0.5458248853683472,0.0,1.5458248853683472
মোবাইলে,0.545824259519577,0.0,1.545824259519577
সোবহান,0.5458025932312012,0.0,1.5458025932312012
কোডিং,0.5457830131053925,0.0,1.5457830131053925
ফেলো,0.5457800328731537,0.0,1.5457800328731537
চোটে,0.545769989490509,0.0,1.545769989490509
সামন,0.5457097589969635,0.0,1.5457097589969635
অনেকখানি,0.5455979108810425,0.0,1.5455979108810425
দূর্ঘটনা,0.5455682277679443,0.0,1.5455682277679443
দুর্গ,0.5455570220947266,0.0,1.5455570220947266
হাঁট,0.5455216765403748,0.0,1.5455216765403748
সৌভাগ্যবান,0.5455014109611511,0.0,1.5455014109611511
আশি,0.5454424917697906,0.0,1.5454424917697906
নাপিত,0.5454093813896179,0.0,1.545409381389618
মোম,0.5454088449478149,0.0,1.545408844947815
লালবাগ,0.5453775525093079,0.0,1.5453775525093079
প্লান্ট,0.5453492999076843,0.0,1.5453492999076843
জাগানো,0.5453462898731232,0.0,1.5453462898731232
দোকানি,0.5452796518802643,0.0,1.5452796518802643
প্রহরী,0.5553621649742126,0.010101010101010102,1.5452611548732027
কামরুল,0.5452039539813995,0.0,1.5452039539813995
অভিনব,0.5451985597610474,0.0,1.5451985597610474
বিশ্বস্ত,0.5451909601688385,0.0,1.5451909601688385
প্রতারক,0.5451408922672272,0.0,1.5451408922672272
অস্তিত্ব,0.5552409589290619,0.010101010101010102,1.545139948828052
ঢলে,0.5450277626514435,0.0,1.5450277626514435
ট্রেনের,0.5450234711170197,0.0,1.5450234711170197
ফিরবে,0.5449926853179932,0.0,1.5449926853179932
জ্বালানি,0.5449188053607941,0.0,1.544918805360794
প্যাকেট,0.5448964834213257,0.0,1.5448964834213257
ভবিষ্যত,0.5448795557022095,0.0,1.5448795557022095
সিটে,0.5448605716228485,0.0,1.5448605716228485
ট্যাবলেট,0.544834554195404,0.0,1.544834554195404
আলাদিন,0.544796496629715,0.0,1.544796496629715
পরদিন,0.5447869896888733,0.0,1.5447869896888733
উচ্চচাপ,0.5447563230991364,0.0,1.5447563230991364
সীমানা,0.5447449684143066,0.0,1.5447449684143066
দস্যু,0.5446651577949524,0.0,1.5446651577949524
দিগন্ত,0.5446385145187378,0.0,1.5446385145187378
চাচা,0.5446162819862366,0.0,1.5446162819862366
সংগ্রাম,0.5446011126041412,0.0,1.5446011126041412
রশি,0.5445374846458435,0.0,1.5445374846458435
প্রস্তাবে,0.5445249676704407,0.0,1.5445249676704407
রান্নাঘর,0.544520229101181,0.0,1.544520229101181
বোর্ড,0.5444852709770203,0.0,1.5444852709770203
সর্বোচ্চ,0.5444261729717255,0.0,1.5444261729717255
ঠিকমত,0.5443994104862213,0.0,1.5443994104862213
আত্মাহুতি,0.5443199574947357,0.0,1.5443199574947357
ভাববে,0.5443007051944733,0.0,1.5443007051944733
কনু,0.5442398190498352,0.0,1.5442398190498352
বেঁ,0.5442378520965576,0.0,1.5442378520965576
দুর্ঘটন,0.5441940128803253,0.0,1.5441940128803253
উঠলো,0.5441873073577881,0.0,1.544187307357788
টাকাটা,0.5441805422306061,0.0,1.544180542230606
বাকা,0.5441305935382843,0.0,1.5441305935382843
চাইলেই,0.5441001653671265,0.0,1.5441001653671265
পূর্ণিমা,0.5440942049026489,0.0,1.544094204902649
প্রতিশ্রুতি,0.5440562963485718,0.0,1.5440562963485718
বন্দি,0.5440040528774261,0.0,1.5440040528774261
উঠেছিল,0.5540676116943359,0.010101010101010102,1.543966601593326
কিসে,0.5540595054626465,0.010101010101010102,1.5439584953616365
এদিকওদিক,0.5439294278621674,0.0,1.5439294278621674
সামলে,0.5439288020133972,0.0,1.5439288020133972
জমাট,0.5438938736915588,0.0,1.5438938736915588
যশোর,0.5438423752784729,0.0,1.543842375278473
টেলি,0.5437844097614288,0.0,1.5437844097614288
ব্যক্তিত্ব,0.5437683165073395,0.0,1.5437683165073395
যথার্থ,0.5437307953834534,0.0,1.5437307953834534
অবহেল,0.5437300205230713,0.0,1.5437300205230713
টমেটোর,0.5437041819095612,0.0,1.5437041819095612
জানতে,0.5437033772468567,0.0,1.5437033772468567
ইনফেকশন,0.5436669886112213,0.0,1.5436669886112213
সাহস,0.5435547530651093,0.0,1.5435547530651093
ডোব,0.5435342490673065,0.0,1.5435342490673065
ভালব,0.5434698462486267,0.0,1.5434698462486267
মার্কেটের,0.5434596240520477,0.0,1.5434596240520477
তাহেরের,0.5434114634990692,0.0,1.5434114634990692
হ্যালো,0.5434004664421082,0.0,1.5434004664421082
বাঁশি,0.5433857142925262,0.0,1.5433857142925262
ঝাপসা,0.5433655977249146,0.0,1.5433655977249146
চেতনা,0.5433647036552429,0.0,1.543364703655243
পাখির,0.543362557888031,0.0,1.543362557888031
ঘুর,0.5433434247970581,0.0,1.543343424797058
ডান,0.5534110963344574,0.010101010101010102,1.5433100862334475
জাগা,0.5432837307453156,0.0,1.5432837307453156
স্কোর,0.5432190001010895,0.0,1.5432190001010895
ইনকিউবেটর,0.5431222319602966,0.0,1.5431222319602966
পর্যায়,0.543058454990387,0.0,1.543058454990387
পার্থিব,0.5430270731449127,0.0,1.5430270731449127
অধিকারী,0.5430220365524292,0.0,1.5430220365524292
চাচ্ছি,0.5430215001106262,0.0,1.5430215001106262
ইসলামকে,0.5429495275020599,0.0,1.54294952750206
রঙিন,0.553027331829071,0.010101010101010102,1.542926321728061
ওঠানামা,0.5428521633148193,0.0,1.5428521633148193
নাফ,0.5428390502929688,0.0,1.5428390502929688
পরিমাপ,0.5427296161651611,0.0,1.5427296161651611
স্পিডবোট,0.542728841304779,0.0,1.542728841304779
রোমাঞ্চ,0.5427261292934418,0.0,1.5427261292934418
তীরে,0.5425952672958374,0.0,1.5425952672958374
বেশিদূর,0.5425876677036285,0.0,1.5425876677036285
কাঁধে,0.542552649974823,0.0,1.542552649974823
চুরিডাকাতি,0.5425416231155396,0.0,1.5425416231155396
হুড,0.5425199270248413,0.0,1.5425199270248413
তান,0.5425168573856354,0.0,1.5425168573856354
থামবে,0.5425099730491638,0.0,1.5425099730491638
মোড়ে,0.5425002872943878,0.0,1.5425002872943878
চাইবে,0.5424799919128418,0.0,1.5424799919128418
কার্যক্রম,0.5424564182758331,0.0,1.5424564182758331
টানটান,0.542455404996872,0.0,1.542455404996872
ক্লার্ক,0.5424464046955109,0.0,1.5424464046955109
পাচা,0.5423808693885803,0.0,1.5423808693885803
দম্পতির,0.5423422753810883,0.0,1.5423422753810883
সাং,0.5423339903354645,0.0,1.5423339903354645
যেভাবে,0.5523940324783325,0.010101010101010102,1.5422930223773226
সেন্স,0.5422809422016144,0.0,1.5422809422016144
আত্মহত্যা,0.5523773431777954,0.010101010101010102,1.5422763330767855
তর্কবিতর্ক,0.5422101020812988,0.0,1.5422101020812988
আলোকিত,0.5422030091285706,0.0,1.5422030091285706
টাইমে,0.5421933829784393,0.0,1.5421933829784393
যেতাম,0.5421771705150604,0.0,1.5421771705150604
রিকশা,0.5522688329219818,0.010101010101010102,1.5421678228209719
তোরা,0.5421657860279083,0.0,1.5421657860279083
যুক্তি,0.5420939326286316,0.0,1.5420939326286316
পার্বত্য,0.5420893728733063,0.0,1.5420893728733063
দুএক,0.5420583784580231,0.0,1.542058378458023
কোটিপতি,0.5420347154140472,0.0,1.5420347154140472
নগরীর,0.5520044267177582,0.010101010101010102,1.5419034166167482
দেখিনি,0.5519907176494598,0.010101010101010102,1.54188970754845
খাচ্,0.5519137680530548,0.010101010101010102,1.5418127579520449
অলস,0.5417771935462952,0.0,1.5417771935462952
পেপারে,0.5417726039886475,0.0,1.5417726039886475
আরামে,0.5417585372924805,0.0,1.5417585372924805
হাসবে,0.5517925024032593,0.010101010101010102,1.5416914923022493
ব্যক্তিগত,0.5416131019592285,0.0,1.5416131019592285
পুরস্ক,0.5415524542331696,0.0,1.5415524542331696
মাঝখান,0.5415129065513611,0.0,1.541512906551361
রমনা,0.541409820318222,0.0,1.541409820318222
মাইক্রোবাস,0.5413809418678284,0.0,1.5413809418678284
রেখেছি,0.5413041114807129,0.0,1.541304111480713
পরিধান,0.5412683486938477,0.0,1.5412683486938477
ঢাকায়,0.5412454009056091,0.0,1.5412454009056091
মহাপরিচালক,0.5412427186965942,0.0,1.5412427186965942
দালান,0.5412064790725708,0.0,1.5412064790725708
ইরাকে,0.541178435087204,0.0,1.541178435087204
প্রার্থনা,0.5411214530467987,0.0,1.5411214530467987
ব্লাড,0.5410334467887878,0.0,1.5410334467887878
পরিবহনে,0.5410199463367462,0.0,1.5410199463367462
ঐতিহাসিক,0.541014164686203,0.0,1.541014164686203
বিএনপি,0.5409076511859894,0.0,1.5409076511859894
চিন্তাভাবনা,0.5408535599708557,0.0,1.5408535599708557
বেপরোয়া,0.540853351354599,0.0,1.540853351354599
সিআইডি,0.5407902300357819,0.0,1.5407902300357819
ধানমণ্ডি,0.5508159399032593,0.010101010101010102,1.5407149298022493
এক্কেবারে,0.5406884551048279,0.0,1.5406884551048279
বিছানা,0.5406630337238312,0.0,1.5406630337238312
এসিড,0.5406365990638733,0.0,1.5406365990638733
টিউব,0.5406045317649841,0.0,1.5406045317649841
সত্যি,0.5405632555484772,0.0,1.5405632555484772
ভাবনা,0.5405019223690033,0.0,1.5405019223690033
সন্দেহ,0.5404813587665558,0.0,1.5404813587665558
ফ্লোরে,0.5404686331748962,0.0,1.5404686331748962
টার্মিনাল,0.5404666662216187,0.0,1.5404666662216187
সার্বক্ষণিক,0.5404438674449921,0.0,1.540443867444992
কয়েকজন,0.5404299795627594,0.0,1.5404299795627594
তাচ্ছিল্য,0.5403717458248138,0.0,1.5403717458248138
অপারেশনে,0.5403451919555664,0.0,1.5403451919555664
আবদুল্লাহর,0.5403127074241638,0.0,1.5403127074241638
ইউনিভার্সিটি,0.5402621924877167,0.0,1.5402621924877167
মুক্ত,0.540257602930069,0.0,1.540257602930069
ফিল্ম,0.540152370929718,0.0,1.540152370929718
ক্ষুদ্র,0.5401458740234375,0.0,1.5401458740234375
স্পষ্টভাবে,0.5401321649551392,0.0,1.5401321649551392
পাথর,0.5401207208633423,0.0,1.5401207208633423
গরিব,0.5400452315807343,0.0,1.5400452315807343
আউট,0.540013998746872,0.0,1.540013998746872
বামে,0.5398837625980377,0.0,1.5398837625980377
শ্লোগান,0.5398762226104736,0.0,1.5398762226104736
ডাকাতির,0.5397296249866486,0.0,1.5397296249866486
চিকিৎসাধীন,0.5397135019302368,0.0,1.5397135019302368
জীবনে,0.5497927665710449,0.010101010101010102,1.539691756470035
বার্ধক্য,0.5395359396934509,0.0,1.539535939693451
বিচারে,0.5395053923130035,0.0,1.5395053923130035
এজ,0.5394784510135651,0.0,1.539478451013565
সিঙ্গাপুরে,0.5392851233482361,0.0,1.539285123348236
কেড়ে,0.5392019152641296,0.0,1.5392019152641296
ঐসব,0.5391646027565002,0.0,1.5391646027565002
প্রস্তুতির,0.5391586422920227,0.0,1.5391586422920227
জানানোর,0.5391511023044586,0.0,1.5391511023044586
সার্টিফিকেট,0.5391434729099274,0.0,1.5391434729099274
পরিচালন,0.5390771627426147,0.0,1.5390771627426147
নির্দেশের,0.5390702784061432,0.0,1.5390702784061432
মোশাররফ,0.5390379726886749,0.0,1.539037972688675
শুত,0.5389935374259949,0.0,1.5389935374259949
যুগে,0.5490679144859314,0.010101010101010102,1.5389669043849215
দ্বীপে,0.5389609336853027,0.0,1.5389609336853027
বাহুল্য,0.538946121931076,0.0,1.538946121931076
বিলক,0.5389102697372437,0.0,1.5389102697372437
ট্যাপ,0.5388914942741394,0.0,1.5388914942741394
সিরাজ,0.5387975573539734,0.0,1.5387975573539734
ব্রাশ,0.5387702286243439,0.0,1.5387702286243439
ভিত্তি,0.5387285947799683,0.0,1.5387285947799683
হৈ,0.5487991869449615,0.010101010101010102,1.5386981768439516
গান্ধী,0.5485622882843018,0.010101010101010102,1.5384612781832918
মুক্তিযোদ্ধ,0.5384545922279358,0.0,1.5384545922279358
মিশে,0.5384399592876434,0.0,1.5384399592876434
রেজাউল,0.5485203266143799,0.010101010101010102,1.53841931651337
সেলফ,0.5383729040622711,0.0,1.5383729040622711
উই,0.5383701324462891,0.0,1.538370132446289
শাহবাগ,0.5383599102497101,0.0,1.53835991024971
দেখাবে,0.5383299589157104,0.0,1.5383299589157104
বুলেট,0.5382184982299805,0.0,1.5382184982299805
এমনকি,0.5381491184234619,0.0,1.538149118423462
ঝুল,0.548228919506073,0.010101010101010102,1.538127909405063
প্রতিবাদ,0.5379998683929443,0.0,1.5379998683929443
সূর্য,0.537993997335434,0.0,1.537993997335434
তেল,0.5479816496372223,0.010101010101010102,1.5378806395362123
বিদ্যা,0.5479007363319397,0.010101010101010102,1.5377997262309298
চাপা,0.5377981066703796,0.0,1.5377981066703796
নির্ভরতা,0.5377833247184753,0.0,1.5377833247184753
ক্ষতি,0.5377784669399261,0.0,1.5377784669399261
উৎসব,0.5377296209335327,0.0,1.5377296209335327
মানসিকভাবে,0.5376814603805542,0.0,1.5376814603805542
ভালবাস,0.5376045405864716,0.0,1.5376045405864716
বাচ,0.5375514924526215,0.0,1.5375514924526215
চিৎকারে,0.5375255346298218,0.0,1.5375255346298218
অভিযুক্ত,0.5375097393989563,0.0,1.5375097393989563
ডাকি,0.537411630153656,0.0,1.537411630153656
মূল্য,0.5474901497364044,0.010101010101010102,1.5373891396353945
দুহাত,0.5373887419700623,0.0,1.5373887419700623
ডোর,0.5372203290462494,0.0,1.5372203290462494
উদাহরণ,0.5372200906276703,0.0,1.5372200906276703
শোনা,0.5472892820835114,0.010101010101010102,1.5371882719825014
শারীরিকভাবে,0.5371857583522797,0.0,1.5371857583522797
কিট,0.5371591746807098,0.0,1.5371591746807098
কাটানো,0.537132978439331,0.0,1.537132978439331
অংশগ্রহণ,0.5371233820915222,0.0,1.5371233820915222
নিরবচ্ছিন্ন,0.537056177854538,0.0,1.537056177854538
প্রলোভন,0.5370522737503052,0.0,1.5370522737503052
জিপ,0.5370145440101624,0.0,1.5370145440101624
সার্ভার,0.5369978547096252,0.0,1.5369978547096252
ধুক,0.5369865894317627,0.0,1.5369865894317627
অসম,0.5369450747966766,0.0,1.5369450747966766
টার্গেট,0.5369299054145813,0.0,1.5369299054145813
এসি,0.5369234681129456,0.0,1.5369234681129456
বিশ্রাম,0.5368447303771973,0.0,1.5368447303771973
সমান,0.536828339099884,0.0,1.536828339099884
একমাত্র,0.5368257164955139,0.0,1.536825716495514
ফারুক,0.5368137359619141,0.0,1.536813735961914
মিষ্,0.5467728674411774,0.010101010101010102,1.5366718573401674
নিচ্,0.5366678535938263,0.0,1.5366678535938263
আগ্রহ,0.5366135835647583,0.0,1.5366135835647583
হননি,0.5366063117980957,0.0,1.5366063117980957
রমিজ,0.5365862846374512,0.0,1.5365862846374512
রেডিওতে,0.5365849733352661,0.0,1.5365849733352661
কণ্ঠে,0.536442905664444,0.0,1.536442905664444
আধুনিক,0.536439836025238,0.0,1.536439836025238
বেচ,0.5364387333393097,0.0,1.5364387333393097
শফিকুল,0.53638955950737,0.0,1.53638955950737
মুসলমান,0.5363821387290955,0.0,1.5363821387290955
মুরগির,0.5363397598266602,0.0,1.5363397598266602
সামা,0.5362858772277832,0.0,1.5362858772277832
টিভির,0.5362009704113007,0.0,1.5362009704113007
সুন্দর,0.5361935496330261,0.0,1.5361935496330261
যাত্,0.5361633896827698,0.0,1.5361633896827698
নেশাগ্রস্ত,0.5361566245555878,0.0,1.5361566245555878
ঠাক,0.5361117124557495,0.0,1.5361117124557495
পরীক্ষ,0.5565139651298523,0.02040816326530612,1.5361058018645461
মাথাব্যথা,0.5360220372676849,0.0,1.536022037267685
অনুভূতির,0.5360220074653625,0.0,1.5360220074653625
লালন,0.5360051095485687,0.0,1.5360051095485687
ওদেরকে,0.5359758138656616,0.0,1.5359758138656616
সিলিং,0.55636265873909,0.02040816326530612,1.5359544954737838
হত্যাকাণ্ড,0.5359538197517395,0.0,1.5359538197517395
কাটতে,0.5359328389167786,0.0,1.5359328389167786
মারামারি,0.5359084010124207,0.0,1.5359084010124207
সমাজ,0.5359083712100983,0.0,1.5359083712100983
বয়সী,0.5358984768390656,0.0,1.5358984768390656
জিয়,0.54597207903862,0.010101010101010102,1.53587106893761
দলে,0.535863846540451,0.0,1.535863846540451
ঘুমানোর,0.5458374619483948,0.010101010101010102,1.5357364518473848
হিন্দু,0.5457856953144073,0.010101010101010102,1.5356846852133974
এষ,0.535649299621582,0.0,1.535649299621582
চেঞ্জ,0.535637766122818,0.0,1.535637766122818
অক্ষত,0.5355840623378754,0.0,1.5355840623378754
আবাসস্থল,0.5354612171649933,0.0,1.5354612171649933
গলে,0.5354447364807129,0.0,1.535444736480713
ম্যানেজমেন্ট,0.5353968143463135,0.0,1.5353968143463135
আতঙ্ক,0.5353569984436035,0.0,1.5353569984436035
তালে,0.535333126783371,0.0,1.535333126783371
হেরোইন,0.5353114306926727,0.0,1.5353114306926727
গ্রামে,0.535303920507431,0.0,1.535303920507431
যন্ত্রপাতি,0.5352980196475983,0.0,1.5352980196475983
খুকি,0.5352974236011505,0.0,1.5352974236011505
আর্তনাদ,0.5352945327758789,0.0,1.535294532775879
ওজন,0.5453697443008423,0.010101010101010102,1.5352687341998323
উপদেশ,0.5351978242397308,0.0,1.5351978242397308
যুবক,0.5351927876472473,0.0,1.5351927876472473
অনুরোধে,0.5351736545562744,0.0,1.5351736545562744
উদ্যানে,0.5351452231407166,0.0,1.5351452231407166
বেঁধে,0.5451681911945343,0.010101010101010102,1.5350671810935244
যেটা,0.5349820256233215,0.0,1.5349820256233215
দুইজনে,0.5349713861942291,0.0,1.5349713861942291
বিজ্ঞানী,0.5349484980106354,0.0,1.5349484980106354
তিনজন,0.5348833799362183,0.0,1.5348833799362183
নজরে,0.5348398983478546,0.0,1.5348398983478546
জাহিদ,0.5348289608955383,0.0,1.5348289608955383
কেঁপে,0.544812947511673,0.010101010101010102,1.534711937410663
মেম্ব,0.5346600711345673,0.0,1.5346600711345673
একেবারে,0.5346518754959106,0.0,1.5346518754959106
অভ্যর্থনা,0.5346419811248779,0.0,1.534641981124878
খাট,0.5346244871616364,0.0,1.5346244871616364
প্রদান,0.5447205007076263,0.010101010101010102,1.5346194906066164
বিস্ফোরক,0.5346117913722992,0.0,1.5346117913722992
গ্লাস,0.5345971286296844,0.0,1.5345971286296844
নম্বরে,0.5445943176746368,0.010101010101010102,1.534493307573627
কিচ্ছু,0.5344496667385101,0.0,1.5344496667385101
উত্তরদক্ষিণ,0.5344044864177704,0.0,1.5344044864177704
নামবে,0.5343971848487854,0.0,1.5343971848487854
ফলাফল,0.5343935191631317,0.0,1.5343935191631317
এজেন্সি,0.5343881547451019,0.0,1.534388154745102
পড়েছেন,0.5343591570854187,0.0,1.5343591570854187
সাম্প্রতিক,0.5342624485492706,0.0,1.5342624485492706
হাহা,0.5341843664646149,0.0,1.5341843664646149
আগমন,0.5341761410236359,0.0,1.5341761410236359
বিতরণ,0.5341668725013733,0.0,1.5341668725013733
পেতেন,0.5341627299785614,0.0,1.5341627299785614
প্রফেসর,0.5341494381427765,0.0,1.5341494381427765
অক্ষর,0.5340725183486938,0.0,1.5340725183486938
মুছ,0.5340451896190643,0.0,1.5340451896190643
মারুফ,0.534038245677948,0.0,1.534038245677948
আমারে,0.5441077053546906,0.010101010101010102,1.5340066952536806
ফুটা,0.5339588224887848,0.0,1.5339588224887848
ভাঙল,0.5440335273742676,0.010101010101010102,1.5339325172732576
সন্ধানে,0.5339322686195374,0.0,1.5339322686195374
শুন,0.5338861048221588,0.0,1.5338861048221588
প্রজাতি,0.5338642597198486,0.0,1.5338642597198486
আচরণ,0.5338538587093353,0.0,1.5338538587093353
এলার্ট,0.533754825592041,0.0,1.533754825592041
দেখালে,0.5337015390396118,0.0,1.5337015390396118
মসজিদে,0.5437963902950287,0.010101010101010102,1.5336953801940187
মুনি,0.533578634262085,0.0,1.533578634262085
মানে,0.5335593819618225,0.0,1.5335593819618225
বাটি,0.5335579812526703,0.0,1.5335579812526703
মাপা,0.5335503220558167,0.0,1.5335503220558167
কম্পিউটার,0.5334874987602234,0.0,1.5334874987602234
করিব,0.5333523154258728,0.0,1.5333523154258728
চোখ,0.5333328545093536,0.0,1.5333328545093536
খানা,0.5332968235015869,0.0,1.533296823501587
শুদ্ধ,0.5332704484462738,0.0,1.5332704484462738
সীমান্,0.5332525074481964,0.0,1.5332525074481964
আরব,0.5536162257194519,0.02040816326530612,1.5332080624541458
ইন্সপেক্টর,0.5332011580467224,0.0,1.5332011580467224
কোদাল,0.5331687927246094,0.0,1.5331687927246094
ফিস,0.5330378115177155,0.0,1.5330378115177155
নূর,0.5330179929733276,0.0,1.5330179929733276
হাফিজ,0.532997727394104,0.0,1.532997727394104
টেলিভিশনে,0.5329934656620026,0.0,1.5329934656620026
খুলি,0.5328250229358673,0.0,1.5328250229358673
সালমা,0.532804012298584,0.0,1.532804012298584
পড়তে,0.5327968597412109,0.0,1.532796859741211
বিশ্বাসী,0.5327883660793304,0.0,1.5327883660793304
প্রক্রিয়া,0.5327496230602264,0.0,1.5327496230602264
রেখো,0.5326834321022034,0.0,1.5326834321022034
মতিঝিল,0.5326493382453918,0.0,1.5326493382453918
পার্ট,0.5326277315616608,0.0,1.5326277315616608
স্পা,0.5324922204017639,0.0,1.532492220401764
দূর,0.5324632227420807,0.0,1.5324632227420807
মিল,0.5323888063430786,0.0,1.5323888063430786
মুক্তিযুদ্ধ,0.5633070468902588,0.030927835051546393,1.5323792118387125
দৌড়ে,0.5323445498943329,0.0,1.5323445498943329
স্বাধীন,0.542377233505249,0.010101010101010102,1.532276223404239
অভিবাদন,0.5322712361812592,0.0,1.5322712361812592
তিনেক,0.5322180986404419,0.0,1.532218098640442
ইউনিট,0.5322179198265076,0.0,1.5322179198265076
মহাকাশ,0.532156378030777,0.0,1.532156378030777
মাহবুবুল,0.5320606231689453,0.0,1.5320606231689453
নামলে,0.5320246517658234,0.0,1.5320246517658234
খাচ্ছিল,0.5320040583610535,0.0,1.5320040583610535
অবাস্তব,0.5319858491420746,0.0,1.5319858491420746
নাব,0.531878799200058,0.0,1.531878799200058
গাওয়া,0.5318600237369537,0.0,1.5318600237369537
মনসুর,0.5418899357318878,0.010101010101010102,1.5317889256308779
সাইডে,0.531741201877594,0.0,1.531741201877594
ফুটপাত,0.5317350029945374,0.0,1.5317350029945374
ব্যবধান,0.5316799879074097,0.0,1.5316799879074097
মোহম্মদ,0.5315629243850708,0.0,1.5315629243850708
প্রেসক্লাবে,0.5315086245536804,0.0,1.5315086245536804
দুএকজন,0.5314315259456635,0.0,1.5314315259456635
চলাচল,0.5312782526016235,0.0,1.5312782526016235
চাবাগান,0.5312001705169678,0.0,1.5312001705169678
ভাবী,0.5311903357505798,0.0,1.5311903357505798
টমাস,0.5310811698436737,0.0,1.5310811698436737
দূরত্বে,0.5310461223125458,0.0,1.5310461223125458
বাগ,0.5310396552085876,0.0,1.5310396552085876
দুইই,0.5310119986534119,0.0,1.5310119986534119
হলঘরে,0.5309349596500397,0.0,1.5309349596500397
হাতপাখা,0.5309058725833893,0.0,1.5309058725833893
লাগছিল,0.5308627784252167,0.0,1.5308627784252167
অসংখ্যব,0.5308171212673187,0.0,1.5308171212673187
মোল্লা,0.5409135520458221,0.010101010101010102,1.5308125419448122
প্লেট,0.5307534635066986,0.0,1.5307534635066986
জেনেভার,0.5306702554225922,0.0,1.5306702554225922
কলমে,0.5306669473648071,0.0,1.5306669473648071
সেনা,0.5407571494579315,0.010101010101010102,1.5306561393569216
সাক্ষী,0.5305023491382599,0.0,1.5305023491382599
আয়োজন,0.5303065776824951,0.0,1.5303065776824951
মেট,0.5303009152412415,0.0,1.5303009152412415
আখ,0.5302375555038452,0.0,1.5302375555038452
জুত,0.5302156507968903,0.0,1.5302156507968903
অসভ্য,0.530206948518753,0.0,1.530206948518753
নিন,0.5301550924777985,0.0,1.5301550924777985
বেদনা,0.5300654172897339,0.0,1.5300654172897339
বুঝব,0.5300376117229462,0.0,1.5300376117229462
থালি,0.5300322771072388,0.0,1.5300322771072388
বিদেশ,0.5300235748291016,0.0,1.5300235748291016
চারদিক,0.5299939513206482,0.0,1.5299939513206482
কর্মীর,0.5299893915653229,0.0,1.5299893915653229
ফিডব্যাক,0.5299842357635498,0.0,1.5299842357635498
বেলের,0.5299762487411499,0.0,1.52997624874115
বাস্তবে,0.5400694906711578,0.010101010101010102,1.529968480570148
একবারে,0.5298916697502136,0.0,1.5298916697502136
সুদীর্ঘ,0.529890775680542,0.0,1.529890775680542
কাউন্টারে,0.5298692882061005,0.0,1.5298692882061005
ট্যাক্স,0.5399195849895477,0.010101010101010102,1.5298185748885378
আবর্জন,0.5298067033290863,0.0,1.5298067033290863
সেল,0.5297959744930267,0.0,1.5297959744930267
অভ্যন্তরীণ,0.5297797322273254,0.0,1.5297797322273254
হিসাব,0.5296478569507599,0.0,1.5296478569507599
অংশে,0.5395836234092712,0.010101010101010102,1.5294826133082613
প্রেসিডেন্ট,0.5294701159000397,0.0,1.5294701159000397
কেমিক্যাল,0.5395409166812897,0.010101010101010102,1.5294399065802797
গাছপালা,0.5394870936870575,0.010101010101010102,1.5293860835860476
কটাক্ষ,0.5293464064598083,0.0,1.5293464064598083
কাছাকা,0.5293391942977905,0.0,1.5293391942977905
জিডি,0.529331386089325,0.0,1.529331386089325
চুক্তি,0.5293134152889252,0.0,1.5293134152889252
বাইরেও,0.5292699337005615,0.0,1.5292699337005615
সীমিত,0.5393397212028503,0.010101010101010102,1.5292387111018404
ব্যবসা,0.529177188873291,0.0,1.529177188873291
ভাসা,0.5291710793972015,0.0,1.5291710793972015
ডাক্তার,0.5291491746902466,0.0,1.5291491746902466
কিম,0.5291484296321869,0.0,1.529148429632187
চলি,0.529137909412384,0.0,1.529137909412384
নিউটন,0.5291259288787842,0.0,1.5291259288787842
কা,0.5291193723678589,0.0,1.5291193723678589
রাজনীতিবিদ,0.5288679003715515,0.0,1.5288679003715515
যোগ্যতা,0.5288456082344055,0.0,1.5288456082344055
সমতা,0.5286794304847717,0.0,1.5286794304847717
নমুনা,0.5286747217178345,0.0,1.5286747217178345
যাননি,0.5286337733268738,0.0,1.5286337733268738
সেন্সর,0.5286121666431427,0.0,1.5286121666431427
পরিকল্পন,0.5286082625389099,0.0,1.52860826253891
থামানো,0.5285570621490479,0.0,1.5285570621490479
মুহূর্তে,0.5285390317440033,0.0,1.5285390317440033
কদিন,0.5284824371337891,0.0,1.528482437133789
টার্মিনালে,0.5283764600753784,0.0,1.5283764600753784
শোধ,0.5283495187759399,0.0,1.52834951877594
পাতিল,0.528301477432251,0.0,1.528301477432251
ভুগ,0.5282865166664124,0.0,1.5282865166664124
ভবিষ্যৎ,0.5281358659267426,0.0,1.5281358659267426
তুলতে,0.5280904173851013,0.0,1.5280904173851013
ন্যাচারাল,0.5280776917934418,0.0,1.5280776917934418
মামল,0.5280674993991852,0.0,1.5280674993991852
প্রভাবিত,0.528043657541275,0.0,1.528043657541275
হইল,0.5380788147449493,0.010101010101010102,1.5279778046439394
পুত্র,0.5279455482959747,0.0,1.5279455482959747
শৈশবে,0.5279413461685181,0.0,1.527941346168518
সহকর্মী,0.5279387533664703,0.0,1.5279387533664703
প্রমাণ,0.5278396606445312,0.0,1.5278396606445312
অজ্ঞান,0.5277357697486877,0.0,1.5277357697486877
গিজ,0.5276886820793152,0.0,1.5276886820793152
জ্যোৎস্ন,0.5276850759983063,0.0,1.5276850759983063
সুদূর,0.5276415050029755,0.0,1.5276415050029755
মিটে,0.5276314616203308,0.0,1.5276314616203308
জলিল,0.527626097202301,0.0,1.527626097202301
মাইক্রো,0.5276110470294952,0.0,1.5276110470294952
নাম্ব,0.5275467336177826,0.0,1.5275467336177826
হেন,0.527510941028595,0.0,1.527510941028595
খুলেছেন,0.5274666845798492,0.0,1.5274666845798492
করিনি,0.527437835931778,0.0,1.527437835931778
জোগাড়,0.5274259746074677,0.0,1.5274259746074677
অঙ্,0.5273481011390686,0.0,1.5273481011390686
গ্রীন,0.5273048579692841,0.0,1.527304857969284
আশেপাশ,0.5272236168384552,0.0,1.5272236168384552
সিকিউরি,0.5272032618522644,0.0,1.5272032618522644
কিনা,0.5271843373775482,0.0,1.5271843373775482
নির্ভরশীল,0.527148425579071,0.0,1.527148425579071
দেখেছি,0.5271449089050293,0.0,1.5271449089050293
গাদাগাদি,0.5270479321479797,0.0,1.5270479321479797
চাকরির,0.5270476341247559,0.0,1.5270476341247559
চালান,0.5269935131072998,0.0,1.5269935131072998
দায়ী,0.526929497718811,0.0,1.526929497718811
বৈষম্য,0.5268957018852234,0.0,1.5268957018852234
যানবাহন,0.5268795490264893,0.0,1.5268795490264893
ব্যবসায়ী,0.5268732607364655,0.0,1.5268732607364655
কাম,0.5268618762493134,0.0,1.5268618762493134
নোট,0.5268032252788544,0.0,1.5268032252788544
মোমবাতি,0.5267740786075592,0.0,1.5267740786075592
আস্তানা,0.5267441272735596,0.0,1.5267441272735596
আশ্রয়,0.5267356336116791,0.0,1.526735633611679
অল্প,0.5267262756824493,0.0,1.5267262756824493
রাগ,0.5267220139503479,0.0,1.526722013950348
আকা,0.5266857147216797,0.0,1.5266857147216797
গণিতবিদ,0.5265999138355255,0.0,1.5265999138355255
দ্বৈত,0.5265103280544281,0.0,1.526510328054428
চাইছ,0.5263641774654388,0.0,1.5263641774654388
বিনীত,0.5364633500576019,0.010101010101010102,1.526362339956592
ভিন্নভাবে,0.5263356864452362,0.0,1.5263356864452362
একুশ,0.5263312757015228,0.0,1.5263312757015228
শঙ্কা,0.5262179672718048,0.0,1.5262179672718048
অধিবেশন,0.5363078117370605,0.010101010101010102,1.5262068016360506
বাইর,0.5261925160884857,0.0,1.5261925160884857
ঢুকবে,0.5261884331703186,0.0,1.5261884331703186
বাথরুম,0.5261542499065399,0.0,1.52615424990654
ভবিষ্য,0.5464882552623749,0.02040816326530612,1.5260800919970687
ব্যবহারকারী,0.5260367393493652,0.0,1.5260367393493652
রাখত,0.5260328352451324,0.0,1.5260328352451324
প্রবলেম,0.5259734392166138,0.0,1.5259734392166138
আব্রাহাম,0.5259129405021667,0.0,1.5259129405021667
কোমরে,0.5257778465747833,0.0,1.5257778465747833
কার্পেট,0.5257306694984436,0.0,1.5257306694984436
শ্রদ্ধা,0.5257231295108795,0.0,1.5257231295108795
টেকনিক্যাল,0.5358108282089233,0.010101010101010102,1.5257098181079134
তলায়,0.5256995558738708,0.0,1.5256995558738708
নিরাপত্ত,0.5256938934326172,0.0,1.5256938934326172
সত্যজিৎ,0.5256376564502716,0.0,1.5256376564502716
সমাবর্তন,0.5256069004535675,0.0,1.5256069004535675
সুফল,0.5255564451217651,0.0,1.5255564451217651
সহকারে,0.5254927575588226,0.0,1.5254927575588226
ভাবি,0.5254308581352234,0.0,1.5254308581352234
ধারালো,0.5355179309844971,0.010101010101010102,1.5254169208834871
দুইতিন,0.5254140794277191,0.0,1.5254140794277191
দুশ্চিন্ত,0.5253632068634033,0.0,1.5253632068634033
কপি,0.5253628492355347,0.0,1.5253628492355347
অত্য,0.5253561437129974,0.0,1.5253561437129974
দিকে,0.5253111124038696,0.0,1.5253111124038696
আহরণ,0.5252937376499176,0.0,1.5252937376499176
অন,0.5252910852432251,0.0,1.525291085243225
আটকানো,0.5251595973968506,0.0,1.5251595973968506
মারবেল,0.5251592993736267,0.0,1.5251592993736267
চোট,0.525123804807663,0.0,1.525123804807663
বন্ধুর,0.5250298380851746,0.0,1.5250298380851746
শেলফ,0.5250198841094971,0.0,1.525019884109497
ডাউন,0.524919718503952,0.0,1.524919718503952
মাম,0.5248473584651947,0.0,1.5248473584651947
সাক্ষাত,0.5248300433158875,0.0,1.5248300433158875
পূরণ,0.5247054100036621,0.0,1.524705410003662
পোশাক,0.524679571390152,0.0,1.524679571390152
খাটে,0.5246581137180328,0.0,1.5246581137180328
নিচ্ছি,0.5246481001377106,0.0,1.5246481001377106
সিগন্যাল,0.524621456861496,0.0,1.524621456861496
মারেন,0.5245781540870667,0.0,1.5245781540870667
দরজাজানালা,0.5244718790054321,0.0,1.5244718790054321
আটলান্টিক,0.5244238376617432,0.0,1.5244238376617432
গুদাম,0.524394690990448,0.0,1.524394690990448
কোমর,0.5243873000144958,0.0,1.5243873000144958
লিখেছি,0.5243772864341736,0.0,1.5243772864341736
আপিল,0.5243270695209503,0.0,1.5243270695209503
চেম্ব,0.5242770314216614,0.0,1.5242770314216614
ব্যবহার,0.5343697965145111,0.010101010101010102,1.5242687864135012
জবাব,0.5241640508174896,0.0,1.5241640508174896
চেনেন,0.5241617560386658,0.0,1.5241617560386658
ঘটলে,0.5241432189941406,0.0,1.5241432189941406
আত্মীয়স্বজন,0.5240326821804047,0.0,1.5240326821804047
ইমার্জেন্সি,0.5239944159984589,0.0,1.5239944159984589
ডাই,0.5239891409873962,0.0,1.5239891409873962
চারজন,0.5239449143409729,0.0,1.523944914340973
প্রোগ্রাম,0.5239424705505371,0.0,1.523942470550537
বোমা,0.5339872241020203,0.010101010101010102,1.5238862140010103
রুপ,0.523866206407547,0.0,1.523866206407547
আগ্র,0.5339591205120087,0.010101010101010102,1.5238581104109987
মোঃ,0.5238377451896667,0.0,1.5238377451896667
ঘের,0.5238133072853088,0.0,1.5238133072853088
দুতিন,0.5237977802753448,0.0,1.5237977802753448
লালচে,0.5237833559513092,0.0,1.5237833559513092
ডানা,0.5236647725105286,0.0,1.5236647725105286
শক্তিশালী,0.5236603915691376,0.0,1.5236603915691376
শ্রমিক,0.5236333608627319,0.0,1.523633360862732
অহেতুক,0.5236302018165588,0.0,1.5236302018165588
সেমিন,0.5236247777938843,0.0,1.5236247777938843
বিষণ্নতা,0.5235786736011505,0.0,1.5235786736011505
পুকুরে,0.5336738526821136,0.010101010101010102,1.5235728425811037
জানালা,0.5235133767127991,0.0,1.523513376712799
ছাপানো,0.5234449505805969,0.0,1.523444950580597
নেতৃত্ব,0.5233770608901978,0.0,1.5233770608901978
প্রার্থনার,0.523346871137619,0.0,1.523346871137619
পাত,0.5232539772987366,0.0,1.5232539772987366
শীতাতপ,0.5232486128807068,0.0,1.5232486128807068
সুট,0.5232468545436859,0.0,1.523246854543686
দেয়নি,0.5232361555099487,0.0,1.5232361555099487
পরামর্শ,0.5231920480728149,0.0,1.523192048072815
নকশা,0.5231864750385284,0.0,1.5231864750385284
সুব্রত,0.5231753289699554,0.0,1.5231753289699554
নও,0.5231611132621765,0.0,1.5231611132621765
তালাক,0.5231450796127319,0.0,1.523145079612732
আবিষ্কার,0.533199816942215,0.010101010101010102,1.523098806841205
পৌঁছানোর,0.5230729877948761,0.0,1.523072987794876
জেনেছি,0.5230548679828644,0.0,1.5230548679828644
সাঁত,0.5230540037155151,0.0,1.5230540037155151
আসো,0.5229951739311218,0.0,1.5229951739311218
টুকরো,0.5229225754737854,0.0,1.5229225754737854
পরিপূর্ণ,0.5228860974311829,0.0,1.5228860974311829
প্রকৃতপক্ষে,0.5228705704212189,0.0,1.5228705704212189
ধারাবাহিক,0.5228557586669922,0.0,1.5228557586669922
গোলাপি,0.5228399336338043,0.0,1.5228399336338043
অবিকল,0.5228348672389984,0.0,1.5228348672389984
অবতরণ,0.5228306651115417,0.0,1.5228306651115417
বান্ধবীর,0.5227891802787781,0.0,1.522789180278778
প্রবাহিত,0.5227566659450531,0.0,1.522756665945053
অনুসন্ধানে,0.5227336585521698,0.0,1.5227336585521698
চাকু,0.5328094959259033,0.010101010101010102,1.5227084858248934
যেটি,0.5223795771598816,0.0,1.5223795771598816
জাপটে,0.522369772195816,0.0,1.522369772195816
মনোনয়ন,0.5223111808300018,0.0,1.5223111808300018
বাড়িঘর,0.5223096311092377,0.0,1.5223096311092377
ডিভাইস,0.5222848355770111,0.0,1.522284835577011
বিয়ে,0.5222781896591187,0.0,1.5222781896591187
পোস্ট,0.522227555513382,0.0,1.522227555513382
মার্চ,0.5323165059089661,0.010101010101010102,1.5222154958079561
জীবিত,0.5323030650615692,0.010101010101010102,1.5222020549605593
আবে,0.522189736366272,0.0,1.522189736366272
আজান,0.522160679101944,0.0,1.522160679101944
ধান,0.5221576392650604,0.0,1.5221576392650604
শ্রী,0.5221533179283142,0.0,1.5221533179283142
ওইদিন,0.5221298635005951,0.0,1.522129863500595
গাজীপুর,0.5220986902713776,0.0,1.5220986902713776
ফাইট,0.5321068167686462,0.010101010101010102,1.5220058066676363
ফার্ম,0.5219703912734985,0.0,1.5219703912734985
অতিথি,0.53192538022995,0.010101010101010102,1.52182437012894
গতি,0.5218125879764557,0.0,1.5218125879764557
মুদ্রণ,0.521746426820755,0.0,1.521746426820755
উপযুক্ত,0.5420997738838196,0.02040816326530612,1.5216916106185134
সম্মুখে,0.5215660929679871,0.0,1.521566092967987
মারাত্মক,0.5215443968772888,0.0,1.5215443968772888
লাগত,0.5215173661708832,0.0,1.5215173661708832
খুঁটিনাটি,0.5215053558349609,0.0,1.521505355834961
সাংবাদিকেরা,0.5214960873126984,0.0,1.5214960873126984
চিহ্নিত,0.5214933156967163,0.0,1.5214933156967163
স্বাধীনত,0.5212368667125702,0.0,1.5212368667125702
চললে,0.5211869776248932,0.0,1.5211869776248932
অনিয়ম,0.5211754143238068,0.0,1.5211754143238068
বেছ,0.5211481153964996,0.0,1.5211481153964996
দুর্গম,0.521112471818924,0.0,1.521112471818924
সার্জিক্যাল,0.5210523009300232,0.0,1.5210523009300232
বাবু,0.5208297967910767,0.0,1.5208297967910767
মিটারের,0.5207681953907013,0.0,1.5207681953907013
হেই,0.5207055509090424,0.0,1.5207055509090424
স্কু,0.5206758081912994,0.0,1.5206758081912994
পেরেছিল,0.5206746160984039,0.0,1.520674616098404
আজীবন,0.5206241011619568,0.0,1.5206241011619568
চারদি,0.5205939710140228,0.0,1.5205939710140228
আদেশ,0.5205684006214142,0.0,1.5205684006214142
ক্যাচ,0.5205378234386444,0.0,1.5205378234386444
কবিত,0.5205366909503937,0.0,1.5205366909503937
জেল,0.5205312669277191,0.0,1.5205312669277191
এসো,0.5205018222332001,0.0,1.5205018222332
সম্মানে,0.5204684734344482,0.0,1.5204684734344482
পরিচিতি,0.5204680562019348,0.0,1.5204680562019348
হলুদ,0.520460695028305,0.0,1.520460695028305
ঘনিষ্ঠতা,0.5204251110553741,0.0,1.5204251110553741
কন্যা,0.5204244554042816,0.0,1.5204244554042816
ইলিশ,0.5513316094875336,0.030927835051546393,1.5204037744359873
স্নান,0.5203978419303894,0.0,1.5203978419303894
চারবার,0.5203455984592438,0.0,1.5203455984592438
সাদামাঠা,0.5203039944171906,0.0,1.5203039944171906
গুলিবর্ষণ,0.5202766060829163,0.0,1.5202766060829163
সার্ভ,0.5202331244945526,0.0,1.5202331244945526
লিখ,0.5303235352039337,0.010101010101010102,1.5202225251029238
গ্রহণযোগ্য,0.5302217900753021,0.010101010101010102,1.5201207799742922
রেশন,0.5200900435447693,0.0,1.5200900435447693
চলাফে,0.5200631022453308,0.0,1.5200631022453308
গিয়েছেন,0.5199981927871704,0.0,1.5199981927871704
জনি,0.5199666619300842,0.0,1.5199666619300842
আসছি,0.5199633836746216,0.0,1.5199633836746216
জুই,0.519950658082962,0.0,1.519950658082962
জারি,0.5199408829212189,0.0,1.5199408829212189
শ্বশুর,0.5199387669563293,0.0,1.5199387669563293
তথ্যে,0.5199023187160492,0.0,1.5199023187160492
দীপংকর,0.5198978185653687,0.0,1.5198978185653687
লাগবে,0.5198246836662292,0.0,1.5198246836662292
পরাজিত,0.5196930468082428,0.0,1.5196930468082428
বানান,0.5196756720542908,0.0,1.5196756720542908
ইনজেকশন,0.5297622382640839,0.010101010101010102,1.519661228163074
হালকাভাবে,0.5195944309234619,0.0,1.519594430923462
ইদ্র,0.5195352435112,0.0,1.5195352435112
বিস্ত,0.5194714069366455,0.0,1.5194714069366455
নেহাত,0.5194540023803711,0.0,1.519454002380371
ক্রোক,0.5194298028945923,0.0,1.5194298028945923
ধূসর,0.5193020403385162,0.0,1.5193020403385162
ভাইকে,0.5192947089672089,0.0,1.5192947089672089
আব্বা,0.519291877746582,0.0,1.519291877746582
হামিদ,0.51927050948143,0.0,1.51927050948143
ডিল,0.5192341506481171,0.0,1.519234150648117
হারে,0.5192337036132812,0.0,1.5192337036132812
প্রতিদিন,0.5293245613574982,0.010101010101010102,1.5192235512564882
জিজ্ঞাসাবাদে,0.5191112458705902,0.0,1.5191112458705902
সুখ,0.5190253555774689,0.0,1.5190253555774689
তলা,0.5190017223358154,0.0,1.5190017223358154
খুনে,0.5189584791660309,0.0,1.5189584791660309
হাটা,0.5189402103424072,0.0,1.5189402103424072
সাইনবোর্ড,0.5189163684844971,0.0,1.518916368484497
সম্মেলনে,0.5392970442771912,0.02040816326530612,1.518888881011885
লতা,0.5188880264759064,0.0,1.5188880264759064
সহযোগিতা,0.5188553035259247,0.0,1.5188553035259247
মুক্তিযোদ্ধা,0.5391899645328522,0.02040816326530612,1.518781801267546
রকমে,0.5187456011772156,0.0,1.5187456011772156
বিপরীত,0.5187183022499084,0.0,1.5187183022499084
মেগা,0.5186973810195923,0.0,1.5186973810195923
অভিনন্দন,0.5186744332313538,0.0,1.5186744332313538
তুলনা,0.5186450481414795,0.0,1.5186450481414795
টাওয়ারে,0.5185797214508057,0.0,1.5185797214508057
ক্লিনি,0.5185230672359467,0.0,1.5185230672359467
তামাক,0.5184287130832672,0.0,1.5184287130832672
ক্যামে,0.5184108018875122,0.0,1.5184108018875122
লোহ,0.5183868408203125,0.0,1.5183868408203125
চারপাশে,0.528439462184906,0.010101010101010102,1.518338452083896
ক্ষেপ,0.51820507645607,0.0,1.51820507645607
আকরিক,0.5181955695152283,0.0,1.5181955695152283
যাচ্,0.5181450843811035,0.0,1.5181450843811035
চিফ,0.5181026458740234,0.0,1.5181026458740234
ভবিষ্যদ্বাণী,0.51802659034729,0.0,1.51802659034729
কাউন্,0.5180112719535828,0.0,1.5180112719535828
অবলম্বন,0.5383754968643188,0.02040816326530612,1.5179673335990127
সেদিকে,0.5178999602794647,0.0,1.5178999602794647
পাসপোর্ট,0.5178857147693634,0.0,1.5178857147693634
ভিউ,0.5178582072257996,0.0,1.5178582072257996
অমি,0.5177324414253235,0.0,1.5177324414253235
জীবিক,0.5177180171012878,0.0,1.5177180171012878
কোম্পানী,0.5177036821842194,0.0,1.5177036821842194
এলাকায়,0.5176887512207031,0.0,1.5176887512207031
অভিজ্ঞ,0.5176758766174316,0.0,1.5176758766174316
গর্ভে,0.5176596939563751,0.0,1.5176596939563751
সাইন,0.517602264881134,0.0,1.517602264881134
শুক্রব,0.5276510715484619,0.010101010101010102,1.517550061447452
প্রতিভাবান,0.5175414383411407,0.0,1.5175414383411407
চুরি,0.5276224613189697,0.010101010101010102,1.5175214512179598
পাইপ,0.5276063978672028,0.010101010101010102,1.5175053877661928
সুনির্দিষ্ট,0.5174879431724548,0.0,1.5174879431724548
অনিশ্চিত,0.5173584818840027,0.0,1.5173584818840027
কেন্দ্র,0.5173580944538116,0.0,1.5173580944538116
পারব,0.5173555314540863,0.0,1.5173555314540863
সাতদিন,0.5172468423843384,0.0,1.5172468423843384
শাখ,0.5273139774799347,0.010101010101010102,1.5172129673789247
সম্মতি,0.5172114670276642,0.0,1.5172114670276642
উইল,0.5171493887901306,0.0,1.5171493887901306
উৎপাত,0.5171124041080475,0.0,1.5171124041080475
সাইড,0.5171070098876953,0.0,1.5171070098876953
মিটা,0.5271537899971008,0.010101010101010102,1.5170527798960909
শাহজাহান,0.5169878304004669,0.0,1.516987830400467
মিলে,0.5270666778087616,0.010101010101010102,1.5169656677077517
মাছি,0.5169548988342285,0.0,1.5169548988342285
সংকেতের,0.5169400274753571,0.0,1.516940027475357
সংগীত,0.5168814659118652,0.0,1.5168814659118652
রাঙামা,0.516761839389801,0.0,1.516761839389801
বমি,0.5167385041713715,0.0,1.5167385041713715
শুভেচ্ছা,0.5167189240455627,0.0,1.5167189240455627
সম্মানজনক,0.5165381729602814,0.0,1.5165381729602814
সম্ভাবনা,0.5164206624031067,0.0,1.5164206624031067
হারান,0.516342431306839,0.0,1.516342431306839
খোল,0.5163048803806305,0.0,1.5163048803806305
রশ্মি,0.5470390319824219,0.030927835051546393,1.5161111969308756
অনুভূতি,0.516098290681839,0.0,1.516098290681839
কাজকর্মে,0.5159597098827362,0.0,1.5159597098827362
প্রকৃতি,0.5159361362457275,0.0,1.5159361362457275
পারমাণবিক,0.5159191489219666,0.0,1.5159191489219666
স্বাস্থ্য,0.515906423330307,0.0,1.515906423330307
ডুবে,0.5362574756145477,0.02040816326530612,1.5158493123492416
ঠিকভাবে,0.5158362984657288,0.0,1.5158362984657288
উপায়ে,0.5157906711101532,0.0,1.5157906711101532
স্থান,0.5157861411571503,0.0,1.5157861411571503
দেখিয়,0.5157673060894012,0.0,1.5157673060894012
স্টোক,0.5157580971717834,0.0,1.5157580971717834
রাখে,0.5157238245010376,0.0,1.5157238245010376
বিবেচনা,0.5157130062580109,0.0,1.5157130062580109
ভাইবোন,0.5156971514225006,0.0,1.5156971514225006
কিন,0.5156705379486084,0.0,1.5156705379486084
ব্যাংকক,0.515670120716095,0.0,1.515670120716095
জুতা,0.5156497359275818,0.0,1.5156497359275818
পৌছা,0.5155503153800964,0.0,1.5155503153800964
চাকুর,0.5155386924743652,0.0,1.5155386924743652
সাক্ষাৎক,0.5155373215675354,0.0,1.5155373215675354
আশ,0.5154715180397034,0.0,1.5154715180397034
ডেই,0.5153848826885223,0.0,1.5153848826885223
গাবতলী,0.5253056883811951,0.010101010101010102,1.5152046782801851
ছুড়ে,0.5151651501655579,0.0,1.5151651501655579
গুপ্তচর,0.5151148736476898,0.0,1.5151148736476898
পাকিস্তান,0.5354972183704376,0.02040816326530612,1.5150890551051315
চূড়ান্ত,0.5251865088939667,0.010101010101010102,1.5150854987929567
নির্ধারণ,0.5150838494300842,0.0,1.5150838494300842
পদ্ধতি,0.5149703323841095,0.0,1.5149703323841095
মেক্সিকান,0.5149215459823608,0.0,1.5149215459823608
গলিত,0.5149147212505341,0.0,1.514914721250534
জমে,0.5147888362407684,0.0,1.5147888362407684
কমা,0.5146989524364471,0.0,1.5146989524364471
হেডফোন,0.5146879255771637,0.0,1.5146879255771637
বুদ্ধিমত্তা,0.5146819055080414,0.0,1.5146819055080414
দার্শনিক,0.514603465795517,0.0,1.514603465795517
সৃজনশীল,0.5145955681800842,0.0,1.5145955681800842
গোনা,0.5144377052783966,0.0,1.5144377052783966
ভাতা,0.5144156813621521,0.0,1.514415681362152
বিলে,0.5143750011920929,0.0,1.514375001192093
পাতা,0.5143623650074005,0.0,1.5143623650074005
বিধিনিষেধ,0.5142564177513123,0.0,1.5142564177513123
বিকাল,0.5142503976821899,0.0,1.51425039768219
ঘাস,0.5142256617546082,0.0,1.5142256617546082
সার্কাস,0.5142031311988831,0.0,1.514203131198883
ট্রলার,0.524214118719101,0.010101010101010102,1.514113108618091
দরবার,0.5241977572441101,0.010101010101010102,1.5140967471431002
নাগরিক,0.5140678882598877,0.0,1.5140678882598877
চিন্তা,0.5140084624290466,0.0,1.5140084624290466
ভেঙ্গে,0.5140078663825989,0.0,1.5140078663825989
জ্বালা,0.5343628525733948,0.02040816326530612,1.5139546893080886
রুটি,0.5139338374137878,0.0,1.5139338374137878
গাড়ির,0.5138950645923615,0.0,1.5138950645923615
ট্রাফিক,0.534282773733139,0.02040816326530612,1.513874610467833
পেতাম,0.5137980580329895,0.0,1.5137980580329895
বাকির,0.5136830806732178,0.0,1.5136830806732178
থরে,0.5136419236660004,0.0,1.5136419236660004
ট্যাক্সির,0.5136296451091766,0.0,1.5136296451091766
দিতাম,0.5136168003082275,0.0,1.5136168003082275
পদে,0.5135472118854523,0.0,1.5135472118854523
স্মৃতিসৌধ,0.5134899318218231,0.0,1.5134899318218231
কুকুর,0.5134573876857758,0.0,1.5134573876857758
এইচ,0.5134199857711792,0.0,1.5134199857711792
গুনে,0.5133863389492035,0.0,1.5133863389492035
হিমশিম,0.5133717656135559,0.0,1.513371765613556
ট্যাংক,0.5133486688137054,0.0,1.5133486688137054
ব্যারিস্,0.5133414268493652,0.0,1.5133414268493652
এতে,0.5133226215839386,0.0,1.5133226215839386
হসপিটাল,0.5132651627063751,0.0,1.5132651627063751
সেসব,0.5132332444190979,0.0,1.513233244419098
হিংসা,0.5131791234016418,0.0,1.5131791234016418
গেটস,0.5130049288272858,0.0,1.5130049288272858
শক্তির,0.5129494965076447,0.0,1.5129494965076447
ভেতর,0.5129314064979553,0.0,1.5129314064979553
কাচ,0.5129205882549286,0.0,1.5129205882549286
বুদ্ধির,0.5128871500492096,0.0,1.5128871500492096
স্বার্থ,0.5128867328166962,0.0,1.5128867328166962
প্রাকৃতিক,0.5229186713695526,0.010101010101010102,1.5128176612685427
গা,0.5127746164798737,0.0,1.5127746164798737
রেটিনা,0.5127388834953308,0.0,1.5127388834953308
শিল্পীর,0.5126518607139587,0.0,1.5126518607139587
সঙ্গেসঙ্গে,0.5126112401485443,0.0,1.5126112401485443
সূত্র,0.5125935971736908,0.0,1.5125935971736908
মহামারী,0.5125865042209625,0.0,1.5125865042209625
আত্মহত্য,0.512557864189148,0.0,1.512557864189148
ফিলিং,0.5124849379062653,0.0,1.5124849379062653
ব্যাপকভাবে,0.512395828962326,0.0,1.512395828962326
দূষিত,0.512384295463562,0.0,1.512384295463562
দেখান,0.5123308300971985,0.0,1.5123308300971985
রফিকুল,0.5123265981674194,0.0,1.5123265981674194
সেট,0.512308806180954,0.0,1.512308806180954
গ্রেপ্ত,0.5122830867767334,0.0,1.5122830867767334
সিঙ্গাপুর,0.522355705499649,0.010101010101010102,1.512254695398639
অযথা,0.5122519135475159,0.0,1.5122519135475159
শান্তিপূর্ণ,0.5121953189373016,0.0,1.5121953189373016
জানাচ্,0.5121652483940125,0.0,1.5121652483940125
আমলে,0.5121374130249023,0.0,1.5121374130249023
কিশোরী,0.5121361315250397,0.0,1.5121361315250397
ছিট,0.5120706260204315,0.0,1.5120706260204315
কম্পিউটারে,0.5120648443698883,0.0,1.5120648443698883
খাবারের,0.5220941007137299,0.010101010101010102,1.51199309061272
ভীতি,0.5119381844997406,0.0,1.5119381844997406
প্রতিষ্ঠা,0.5119367241859436,0.0,1.5119367241859436
ম্যানেজার,0.5119039416313171,0.0,1.5119039416313171
বাম,0.5219351053237915,0.010101010101010102,1.5118340952227816
কৌশল,0.5118047893047333,0.0,1.5118047893047333
ফেরত,0.5117853283882141,0.0,1.5117853283882141
মাতা,0.5117260217666626,0.0,1.5117260217666626
এগোচ্,0.5117208063602448,0.0,1.5117208063602448
স্থিতিশীল,0.5116893947124481,0.0,1.5116893947124481
মাথা,0.5116805732250214,0.0,1.5116805732250214
পেনসিল,0.5116146802902222,0.0,1.5116146802902222
বর্তমান,0.5116043984889984,0.0,1.5116043984889984
ক্রমিক,0.5115961730480194,0.0,1.5115961730480194
রুম,0.5216719210147858,0.010101010101010102,1.5115709109137758
রক্তাক্ত,0.5115470588207245,0.0,1.5115470588207245
খেলছ,0.5114878714084625,0.0,1.5114878714084625
ঝগড়া,0.511357992887497,0.0,1.511357992887497
পাহ,0.511310338973999,0.0,1.511310338973999
গুরু,0.5112999975681305,0.0,1.5112999975681305
উঠতে,0.5112565755844116,0.0,1.5112565755844116
ক্রুর,0.511235773563385,0.0,1.511235773563385
আঁচল,0.511189341545105,0.0,1.511189341545105
প্রযোজ্য,0.5111598074436188,0.0,1.5111598074436188
করাল,0.5111472904682159,0.0,1.511147290468216
সমাধি,0.5111354291439056,0.0,1.5111354291439056
অপরাধী,0.5111299455165863,0.0,1.5111299455165863
মেডিক্যাল,0.5109873712062836,0.0,1.5109873712062836
স্ক্যানিং,0.5109357535839081,0.0,1.510935753583908
জার্মানির,0.5109111070632935,0.0,1.5109111070632935
উত্তম,0.5108120739459991,0.0,1.5108120739459991
ট্রেন,0.5107685923576355,0.0,1.5107685923576355
উৎসবে,0.5107319355010986,0.0,1.5107319355010986
পান,0.510707676410675,0.0,1.510707676410675
ত্রিমাত্রিক,0.5106944441795349,0.0,1.510694444179535
স্নেহ,0.5106392204761505,0.0,1.5106392204761505
তাহ,0.5106069445610046,0.0,1.5106069445610046
ধরলে,0.5105661451816559,0.0,1.5105661451816559
জটিলতা,0.5105599462985992,0.0,1.5105599462985992
রশীদ,0.510534018278122,0.0,1.510534018278122
ইন্টারনেট,0.5104610919952393,0.0,1.5104610919952393
ডিভিশন,0.5104540288448334,0.0,1.5104540288448334
পাইনি,0.5103751718997955,0.0,1.5103751718997955
সম্মেলন,0.5306709706783295,0.02040816326530612,1.5102628074130233
ছেলের,0.5102319419384003,0.0,1.5102319419384003
পচা,0.510217696428299,0.0,1.510217696428299
রোগীর,0.5411224961280823,0.030927835051546393,1.510194661076536
কুণ্ডলী,0.5101875364780426,0.0,1.5101875364780426
হাসিনা,0.5101490914821625,0.0,1.5101490914821625
ডেন,0.5100937187671661,0.0,1.5100937187671661
তীব্র,0.5100905001163483,0.0,1.5100905001163483
প্রত্যাখ্যান,0.5100895762443542,0.0,1.5100895762443542
প্রিজন,0.5100647211074829,0.0,1.510064721107483
তাকালে,0.5100342035293579,0.0,1.510034203529358
চুম্বন,0.5100290179252625,0.0,1.5100290179252625
রাত্রে,0.5099970400333405,0.0,1.5099970400333405
প্রবণতা,0.5099543035030365,0.0,1.5099543035030365
একগাদা,0.5099528431892395,0.0,1.5099528431892395
ধরাধরি,0.5099378824234009,0.0,1.5099378824234009
শীতার্ত,0.509924441576004,0.0,1.509924441576004
সংস্পর্শে,0.5097724497318268,0.0,1.5097724497318268
মেশিনগান,0.5097551643848419,0.0,1.509755164384842
জনপ্রিয়,0.5095803141593933,0.0,1.5095803141593933
লুকানোর,0.5095266997814178,0.0,1.5095266997814178
দুঃসংবাদ,0.5094669163227081,0.0,1.5094669163227081
মাঝারি,0.509434700012207,0.0,1.509434700012207
সুপরিচিত,0.5093890130519867,0.0,1.5093890130519867
মির,0.5093109309673309,0.0,1.509310930967331
সোনালী,0.5092762112617493,0.0,1.5092762112617493
সন্দেহজনক,0.509240061044693,0.0,1.509240061044693
টেকনোলজি,0.5091948807239532,0.0,1.5091948807239532
সেনাবাহিনীর,0.5192855000495911,0.010101010101010102,1.5091844899485811
ধন্যবাদ,0.5192742049694061,0.010101010101010102,1.5091731948683962
গুরুতর,0.5091579854488373,0.0,1.5091579854488373
আমাকে,0.5090892910957336,0.0,1.5090892910957336
স্থানে,0.5090739130973816,0.0,1.5090739130973816
গুণ,0.5090469121932983,0.0,1.5090469121932983
আশীর্বাদ,0.5089987516403198,0.0,1.5089987516403198
মতিঝিলে,0.5089554488658905,0.0,1.5089554488658905
প্রচেষ্,0.5089384317398071,0.0,1.5089384317398071
অন্যরা,0.5088858902454376,0.0,1.5088858902454376
কোলকাতা,0.5088697075843811,0.0,1.508869707584381
মৃতদেহ,0.518970400094986,0.010101010101010102,1.508869389993976
কার্গো,0.5088021457195282,0.0,1.5088021457195282
মাজেদ,0.5087983012199402,0.0,1.5087983012199402
বাসে,0.5087940692901611,0.0,1.5087940692901611
মুজিব,0.5087660849094391,0.0,1.508766084909439
তাজা,0.5086775720119476,0.0,1.5086775720119476
সাভারে,0.5086647570133209,0.0,1.508664757013321
বাঁধন,0.5085851848125458,0.0,1.5085851848125458
দের,0.508543074131012,0.0,1.508543074131012
লাথি,0.5184215903282166,0.010101010101010102,1.5083205802272066
আন্তরিকভাবে,0.5083180665969849,0.0,1.5083180665969849
লাইফ,0.5083167552947998,0.0,1.5083167552947998
অস্বস্তিকর,0.5082458853721619,0.0,1.5082458853721619
ভবিষ্যতে,0.5082451701164246,0.0,1.5082451701164246
তাদেরকে,0.5082363784313202,0.0,1.5082363784313202
বাজারজাত,0.5081900954246521,0.0,1.508190095424652
নিরপেক্ষ,0.5081482529640198,0.0,1.5081482529640198
ফাঁক,0.5081399977207184,0.0,1.5081399977207184
বেআইনিভাবে,0.5081278085708618,0.0,1.5081278085708618
অভাবে,0.5081267058849335,0.0,1.5081267058849335
লিখেছেন,0.5081100463867188,0.0,1.5081100463867188
নেশ,0.5079784393310547,0.0,1.5079784393310547
বিরতি,0.5079677700996399,0.0,1.50796777009964
দুঃখী,0.5079300701618195,0.0,1.5079300701618195
দুঃখজনক,0.5079202950000763,0.0,1.5079202950000763
অনুবাদক,0.507897824048996,0.0,1.507897824048996
গতবার,0.5077759623527527,0.0,1.5077759623527527
এগারো,0.5077541768550873,0.0,1.5077541768550873
পরিষদে,0.5077416002750397,0.0,1.5077416002750397
নাএ,0.5077325105667114,0.0,1.5077325105667114
দুঃখকষ্ট,0.5077082216739655,0.0,1.5077082216739655
গুটি,0.507668137550354,0.0,1.507668137550354
যানবাহনে,0.5076647698879242,0.0,1.5076647698879242
বিম,0.507603108882904,0.0,1.507603108882904
তোমাদেরকে,0.5075882375240326,0.0,1.5075882375240326
প্রস্তুত,0.5075297355651855,0.0,1.5075297355651855
মিলিমি,0.5074873268604279,0.0,1.5074873268604279
ধ্বনি,0.5074756443500519,0.0,1.5074756443500519
প্রাণীরা,0.5074525773525238,0.0,1.5074525773525238
ভালবাসা,0.5073593854904175,0.0,1.5073593854904175
হুট,0.5073587894439697,0.0,1.5073587894439697
হুবহু,0.5073111057281494,0.0,1.5073111057281494
পূর্বপুরুষ,0.5072744190692902,0.0,1.5072744190692902
রঙে,0.5070618689060211,0.0,1.5070618689060211
ক্ষোভ,0.5171216130256653,0.010101010101010102,1.5070206029246553
সম্পূর্ণ,0.5171185731887817,0.010101010101010102,1.5070175630877718
ওঠ,0.5170640051364899,0.010101010101010102,1.50696299503548
বাসি,0.5069507956504822,0.0,1.5069507956504822
আতা,0.5069389343261719,0.0,1.5069389343261719
ইন্টারনেটে,0.5069217681884766,0.0,1.5069217681884766
মনোবিজ্ঞানী,0.5067771971225739,0.0,1.5067771971225739
গ্রহাণু,0.5067178308963776,0.0,1.5067178308963776
গাই,0.5167862772941589,0.010101010101010102,1.506685267193149
ফ্লাইট,0.5066724121570587,0.0,1.5066724121570587
আঁচ,0.5066564083099365,0.0,1.5066564083099365
লাইব্রেরির,0.5065915882587433,0.0,1.5065915882587433
বাধ্য,0.5065850615501404,0.0,1.5065850615501404
হিটল,0.5064610540866852,0.0,1.5064610540866852
নিস,0.5064346194267273,0.0,1.5064346194267273
ছবির,0.5064142942428589,0.0,1.5064142942428589
তাগিদ,0.5063191056251526,0.0,1.5063191056251526
রিমান্ডে,0.5163213908672333,0.010101010101010102,1.5062203807662233
আচরণে,0.5061058402061462,0.0,1.5061058402061462
শোক,0.5059503316879272,0.0,1.5059503316879272
কোড,0.5160396695137024,0.010101010101010102,1.5059386594126924
স্বাধীনতা,0.5160143971443176,0.010101010101010102,1.5059133870433077
পনেরো,0.505836546421051,0.0,1.505836546421051
ডিগ্রির,0.505813866853714,0.0,1.505813866853714
বাগানে,0.5056466162204742,0.0,1.5056466162204742
সৌজন্যে,0.5056155025959015,0.0,1.5056155025959015
ষোলো,0.5056065917015076,0.0,1.5056065917015076
সঞ্চালন,0.5055570900440216,0.0,1.5055570900440216
অঙ্ক,0.5156082212924957,0.010101010101010102,1.5055072111914858
বাসা,0.5155845880508423,0.010101010101010102,1.5054835779498323
বাথটাব,0.505457878112793,0.0,1.505457878112793
লাইট,0.5054419040679932,0.0,1.5054419040679932
বিকট,0.5054396390914917,0.0,1.5054396390914917
ক্ষেত্র,0.5053926706314087,0.0,1.5053926706314087
ওঠা,0.5053667724132538,0.0,1.5053667724132538
গরমে,0.5053442418575287,0.0,1.5053442418575287
শিক্ষা,0.5053159594535828,0.0,1.5053159594535828
ব্যবহারিক,0.5053115785121918,0.0,1.5053115785121918
টেস্টিং,0.5052080750465393,0.0,1.5052080750465393
হাঁটুর,0.505178838968277,0.0,1.505178838968277
নোটিশ,0.5051731467247009,0.0,1.505173146724701
পথচারী,0.5051454603672028,0.0,1.5051454603672028
চাক,0.5050236880779266,0.0,1.5050236880779266
অঙ্গীক,0.5050041079521179,0.0,1.505004107952118
সংক্রান্ত,0.5049732625484467,0.0,1.5049732625484467
সাহায্য,0.504919022321701,0.0,1.504919022321701
গুরুর,0.5049057900905609,0.0,1.504905790090561
কারাগারে,0.5149801969528198,0.010101010101010102,1.5048791868518099
কুটি,0.504803329706192,0.0,1.504803329706192
বনাঞ্চল,0.5048002302646637,0.0,1.5048002302646637
সুস্থ,0.5047410726547241,0.0,1.5047410726547241
বেহেশত,0.5047345161437988,0.0,1.5047345161437988
ইছামতি,0.5047091543674469,0.0,1.504709154367447
টিশার্ট,0.5046932101249695,0.0,1.5046932101249695
আসবে,0.5046878755092621,0.0,1.504687875509262
মেত,0.5046788454055786,0.0,1.5046788454055786
লিখে,0.504606693983078,0.0,1.504606693983078
সাতআট,0.5046052038669586,0.0,1.5046052038669586
ছিনতাইকারী,0.5046026408672333,0.0,1.5046026408672333
ডিম,0.514668732881546,0.010101010101010102,1.504567722780536
গভীরতা,0.5044893026351929,0.0,1.5044893026351929
যাত্র,0.5044191181659698,0.0,1.5044191181659698
লুন,0.504417210817337,0.0,1.504417210817337
ফিজিক্স,0.5043998956680298,0.0,1.5043998956680298
রাস্তাঘাট,0.5043538212776184,0.0,1.5043538212776184
প্রক্রিয়,0.5043285191059113,0.0,1.5043285191059113
একদিন,0.5042812526226044,0.0,1.5042812526226044
অনুকরণ,0.5142306089401245,0.010101010101010102,1.5041295988391146
সাফি,0.5040749311447144,0.0,1.5040749311447144
মেডিকেল,0.5039699673652649,0.0,1.503969967365265
সেফ,0.5039194226264954,0.0,1.5039194226264954
বাড়া,0.5139946043491364,0.010101010101010102,1.5038935942481264
কবরে,0.5036995708942413,0.0,1.5036995708942413
এন্,0.5036816298961639,0.0,1.503681629896164
নেপচুন,0.5036810636520386,0.0,1.5036810636520386
পাহা,0.5036671757698059,0.0,1.503667175769806
লাগে,0.5036379992961884,0.0,1.5036379992961884
ফোটা,0.5036277770996094,0.0,1.5036277770996094
অস্থিতিশীল,0.5036130547523499,0.0,1.5036130547523499
মোটরসাইকেল,0.5035254955291748,0.0,1.5035254955291748
দেখামাত্র,0.5035213828086853,0.0,1.5035213828086853
কান্না,0.5136090517044067,0.010101010101010102,1.5035080416033968
নিষ্ঠুর,0.5136028528213501,0.010101010101010102,1.5035018427203402
ক্যাপ,0.5034480094909668,0.0,1.5034480094909668
ইউনিভার্সি,0.503361850976944,0.0,1.503361850976944
নীরবতা,0.5032691657543182,0.0,1.5032691657543182
ছেলেবেলা,0.5032573342323303,0.0,1.5032573342323303
গ্যালাক্সির,0.5032075047492981,0.0,1.503207504749298
কষে,0.5031782984733582,0.0,1.5031782984733582
ফুপুর,0.5031326711177826,0.0,1.5031326711177826
প্রতিফলন,0.5031217932701111,0.0,1.503121793270111
পত্রিক,0.5234336853027344,0.02040816326530612,1.5030255220374282
রবীন্দ্রনাথ,0.5029653906822205,0.0,1.5029653906822205
বাথটাবে,0.5028769671916962,0.0,1.5028769671916962
পার্সেন্ট,0.5027861595153809,0.0,1.5027861595153809
সুশৃঙ্খল,0.5027260482311249,0.0,1.5027260482311249
ফুট,0.5229213237762451,0.02040816326530612,1.502513160510939
সোন,0.5125911831855774,0.010101010101010102,1.5024901730845674
অভিনেতা,0.5024608671665192,0.0,1.5024608671665192
উপস্থাপন,0.5024394392967224,0.0,1.5024394392967224
গোবর,0.5024054646492004,0.0,1.5024054646492004
আত্ম,0.5023928880691528,0.0,1.5023928880691528
কুশল,0.5023519992828369,0.0,1.502351999282837
ম্যাগজিন,0.5022614598274231,0.0,1.502261459827423
সৌরজগত,0.5123540759086609,0.010101010101010102,1.502253065807651
নার্সারি,0.50221386551857,0.0,1.50221386551857
সুর,0.5328544676303864,0.030927835051546393,1.50192663257884
প্রয়োজনে,0.50186887383461,0.0,1.50186887383461
অনুমোদন,0.501779705286026,0.0,1.501779705286026
দরকারি,0.501705676317215,0.0,1.501705676317215
টিফিন,0.5016618967056274,0.0,1.5016618967056274
উঠেছেন,0.501474916934967,0.0,1.501474916934967
পারলে,0.5014401078224182,0.0,1.5014401078224182
নেশা,0.5114665627479553,0.010101010101010102,1.5013655526469454
অর্থে,0.5114621222019196,0.010101010101010102,1.5013611121009096
ভাত,0.5217596292495728,0.02040816326530612,1.5013514659842666
প্যা,0.5013043880462646,0.0,1.5013043880462646
বলেননি,0.5011767446994781,0.0,1.5011767446994781
আসাদ,0.5011179745197296,0.0,1.5011179745197296
বাজানোর,0.5011156797409058,0.0,1.5011156797409058
শত্রুর,0.5010827779769897,0.0,1.5010827779769897
পাঠালে,0.5010561943054199,0.0,1.50105619430542
ঋণ,0.5111137628555298,0.010101010101010102,1.5010127527545198
প্রত্যেক,0.5009796917438507,0.0,1.5009796917438507
সাহসী,0.5009312033653259,0.0,1.500931203365326
ভাষা,0.5110071301460266,0.010101010101010102,1.5009061200450167
হুইল,0.5008620619773865,0.0,1.5008620619773865
চেষ্টায়,0.500853031873703,0.0,1.500853031873703
জব্বার,0.5007881820201874,0.0,1.5007881820201874
ডোবা,0.5007767081260681,0.0,1.5007767081260681
মিলিত,0.5007393956184387,0.0,1.5007393956184387
থামা,0.5007207691669464,0.0,1.5007207691669464
বালুর,0.5007205605506897,0.0,1.5007205605506897
বিশ্বাসে,0.5006600022315979,0.0,1.500660002231598
সৈনিক,0.5107240378856659,0.010101010101010102,1.500623027784656
প্রতিহত,0.5006137490272522,0.0,1.5006137490272522
পাঠা,0.521009087562561,0.02040816326530612,1.500600924297255
টান,0.5005147159099579,0.0,1.5005147159099579
এতদিনে,0.5005002617835999,0.0,1.5005002617835999
যুদ্ধ,0.5004367232322693,0.0,1.5004367232322693
এনেছি,0.5004190504550934,0.0,1.5004190504550934
পুলিশী,0.5003684759140015,0.0,1.5003684759140015
ধাওয়া,0.5002859532833099,0.0,1.50028595328331
ছুঁ,0.5002733767032623,0.0,1.5002733767032623
রোগে,0.5101698935031891,0.010101010101010102,1.5000688834021791
ব্যাপারি,0.5000492036342621,0.0,1.500049203634262
তারতম্য,0.5000419914722443,0.0,1.5000419914722443
বাকি,0.5000355541706085,0.0,1.5000355541706085
অবহেলা,0.5000284612178802,0.0,1.5000284612178802
প্রান্ত,0.5101151168346405,0.010101010101010102,1.5000141067336306
উদ্দেশ,0.4999946355819702,0.0,1.4999946355819702
আপনাকে,0.49998044967651367,0.0,1.4999804496765137
সংকেত,0.5100642144680023,0.010101010101010102,1.4999632043669924
অযোগ্য,0.49996310472488403,0.0,1.499963104724884
ঢাকনা,0.4999005198478699,0.0,1.4999005198478699
দুঃসাহস,0.49982982873916626,0.0,1.4998298287391663
তৃপ্তি,0.49982452392578125,0.0,1.4998245239257812
কালচ,0.4998154640197754,0.0,1.4998154640197754
সম্মুখীন,0.499808669090271,0.0,1.499808669090271
ফার্মগেট,0.4997712969779968,0.0,1.4997712969779968
নিজস্ব,0.4996988773345947,0.0,1.4996988773345947
আলো,0.5097762048244476,0.010101010101010102,1.4996751947234377
ভাঙে,0.5097172558307648,0.010101010101010102,1.4996162457297548
বাগান,0.5096749067306519,0.010101010101010102,1.499573896629642
সম্মান,0.5096050202846527,0.010101010101010102,1.4995040101836428
হোটেলের,0.4994843006134033,0.0,1.4994843006134033
মেহমান,0.499469518661499,0.0,1.499469518661499
অর্থনীতি,0.4994547963142395,0.0,1.4994547963142395
পুড়িয়ে,0.49944794178009033,0.0,1.4994479417800903
রাখছ,0.4994173049926758,0.0,1.4994173049926758
সামিল,0.49940717220306396,0.0,1.499407172203064
লাভ,0.49937695264816284,0.0,1.4993769526481628
খুনি,0.49931079149246216,0.0,1.4993107914924622
শিখা,0.5302157700061798,0.030927835051546393,1.4992879349546335
সিডি,0.5092859268188477,0.010101010101010102,1.4991849167178377
আযম,0.499156653881073,0.0,1.499156653881073
উপার্জন,0.5195115506649017,0.02040816326530612,1.4991033873995956
তাজউদ্দীন,0.49907881021499634,0.0,1.4990788102149963
এপ্রিল,0.5517065227031708,0.05263157894736842,1.4990749437558024
ছুরি,0.498968243598938,0.0,1.498968243598938
লাউ,0.4989279508590698,0.0,1.4989279508590698
ব্যাথা,0.4989146590232849,0.0,1.498914659023285
পরিচালক,0.4988930821418762,0.0,1.4988930821418762
জন্মদিনে,0.498715877532959,0.0,1.498715877532959
ফিরছ,0.49870407581329346,0.0,1.4987040758132935
আন্ড,0.4986609220504761,0.0,1.498660922050476
কোম্পানি,0.49863171577453613,0.0,1.4986317157745361
ক্যাটাগরির,0.49862563610076904,0.0,1.498625636100769
জানিয়েছেন,0.49852699041366577,0.0,1.4985269904136658
হারাল,0.49848878383636475,0.0,1.4984887838363647
বিজ্ঞপ্তি,0.4984787702560425,0.0,1.4984787702560425
ফোনে,0.4984211325645447,0.0,1.4984211325645447
বাদাম,0.4983484745025635,0.0,1.4983484745025635
সাক,0.4983459711074829,0.0,1.498345971107483
এককভাবে,0.4983241558074951,0.0,1.4983241558074951
পাচ্ছিল,0.49832189083099365,0.0,1.4983218908309937
ক্রিমিনাল,0.49825018644332886,0.0,1.4982501864433289
সর্বশ্রেষ্ঠ,0.5083326101303101,0.010101010101010102,1.4982316000293001
আন্তরিকতা,0.49811798334121704,0.0,1.498117983341217
ব্রাদার্স,0.4980499744415283,0.0,1.4980499744415283
ফেরেন,0.4979167580604553,0.0,1.4979167580604553
ডিপার্টমেন্ট,0.5080020129680634,0.010101010101010102,1.4979010028670534
বাচ্চা,0.49782174825668335,0.0,1.4978217482566833
হাড়,0.4978119134902954,0.0,1.4978119134902954
আহমে,0.49766266345977783,0.0,1.4976626634597778
বিদ্যুত,0.49756699800491333,0.0,1.4975669980049133
প্রেতাত্মা,0.4975249767303467,0.0,1.4975249767303467
চিকিৎসায়,0.49750202894210815,0.0,1.4975020289421082
দুঃখ,0.5283396244049072,0.030927835051546393,1.497411789353361
পাস,0.5074628591537476,0.010101010101010102,1.4973618490527376
অপেক্ষা,0.4973325729370117,0.0,1.4973325729370117
আকাশ,0.5177398920059204,0.02040816326530612,1.4973317287406143
দোকানদ,0.4972774386405945,0.0,1.4972774386405945
যাপন,0.4971184730529785,0.0,1.4971184730529785
পূর্ব,0.5072088837623596,0.010101010101010102,1.4971078736613497
মিসেস,0.49700307846069336,0.0,1.4970030784606934
ছাতা,0.49699413776397705,0.0,1.496994137763977
চিকিৎসক,0.49699026346206665,0.0,1.4969902634620667
দমে,0.4969558119773865,0.0,1.4969558119773865
গেটের,0.49692124128341675,0.0,1.4969212412834167
আমন্ত্রণ,0.5070008039474487,0.010101010101010102,1.4968997938464388
দ্বিমত,0.4968915581703186,0.0,1.4968915581703186
ডাব,0.49685555696487427,0.0,1.4968555569648743
নামমাত্র,0.49677741527557373,0.0,1.4967774152755737
তাবিজ,0.4967604875564575,0.0,1.4967604875564575
বন্ধুবান্ধব,0.4967166781425476,0.0,1.4967166781425476
মালা,0.4966868758201599,0.0,1.49668687582016
তফাৎ,0.4966186285018921,0.0,1.496618628501892
শিল্পপতি,0.4965740442276001,0.0,1.4965740442276
মিনিটে,0.4965083599090576,0.0,1.4965083599090576
মালপত্র,0.49642419815063477,0.0,1.4964241981506348
মিশ,0.49634844064712524,0.0,1.4963484406471252
স্বাধীনভাবে,0.4963129162788391,0.0,1.4963129162788391
নারীপুরুষ,0.49631190299987793,0.0,1.496311902999878
প্রশংসা,0.49622857570648193,0.0,1.496228575706482
বাপ,0.49622130393981934,0.0,1.4962213039398193
খান৷,0.4962167739868164,0.0,1.4962167739868164
ছাদ,0.4962063431739807,0.0,1.4962063431739807
বিভ্রম,0.49610501527786255,0.0,1.4961050152778625
শক্তি,0.5061915218830109,0.010101010101010102,1.496090511782001
কৃতিত্ব,0.4960843324661255,0.0,1.4960843324661255
প্রজাপতি,0.4960818290710449,0.0,1.496081829071045
স্কেলের,0.49600720405578613,0.0,1.4960072040557861
তরুণ,0.4959832429885864,0.0,1.4959832429885864
নিলে,0.4959367513656616,0.0,1.4959367513656616
চাবি,0.4959214925765991,0.0,1.4959214925765991
পেছন,0.495907723903656,0.0,1.495907723903656
বাচ্চ,0.4958503842353821,0.0,1.495850384235382
নিয়োগ,0.4957870841026306,0.0,1.4957870841026306
সম্পত্তির,0.4957283139228821,0.0,1.495728313922882
দেড়,0.5058166086673737,0.010101010101010102,1.4957155985663637
হাতছানি,0.4956896901130676,0.0,1.4956896901130676
গতকাল,0.5057598054409027,0.010101010101010102,1.4956587953398928
সিক্রেট,0.4955689311027527,0.0,1.4955689311027527
ইরি,0.49548184871673584,0.0,1.4954818487167358
উত্তাপ,0.5055455565452576,0.010101010101010102,1.4954445464442476
এয়,0.4954056739807129,0.0,1.495405673980713
রাতে,0.49540162086486816,0.0,1.4954016208648682
কবি,0.5055009424686432,0.010101010101010102,1.4953999323676332
ওয়ার্ল্ড,0.4953802824020386,0.0,1.4953802824020386
কাঁচ,0.4953364133834839,0.0,1.4953364133834839
নামা,0.4952709674835205,0.0,1.4952709674835205
পালক,0.49525946378707886,0.0,1.4952594637870789
আলীর,0.5053548812866211,0.010101010101010102,1.4952538711856111
কৈশোরে,0.49525099992752075,0.0,1.4952509999275208
বিপন্ন,0.49521249532699585,0.0,1.4952124953269958
পাশ,0.495208203792572,0.0,1.495208203792572
মর্যাদা,0.505303144454956,0.010101010101010102,1.495202134353946
নেতৃত্বে,0.5052496790885925,0.010101010101010102,1.4951486689875826
রওনা,0.49513477087020874,0.0,1.4951347708702087
জিন,0.49512648582458496,0.0,1.495126485824585
পিছলে,0.49500566720962524,0.0,1.4950056672096252
নিবেদন,0.4949954152107239,0.0,1.4949954152107239
বিষাক্ত,0.49499255418777466,0.0,1.4949925541877747
চান্স,0.4949134588241577,0.0,1.4949134588241577
আটক,0.49486953020095825,0.0,1.4948695302009583
অধীর,0.49478214979171753,0.0,1.4947821497917175
পুর,0.4947706460952759,0.0,1.4947706460952759
সাধক,0.49476826190948486,0.0,1.4947682619094849
মিউজিয়ামে,0.4947437644004822,0.0,1.4947437644004822
কাটান,0.49464237689971924,0.0,1.4946423768997192
হাইকোর্টে,0.5150462985038757,0.02040816326530612,1.4946381352385696
রকিবুল,0.4946242570877075,0.0,1.4946242570877075
প্রশিক্ষণ,0.5047038793563843,0.010101010101010102,1.4946028692553743
গোসল,0.5149670243263245,0.02040816326530612,1.4945588610610183
একমত,0.5045967698097229,0.010101010101010102,1.494495759708713
সতি,0.4944645166397095,0.0,1.4944645166397095
ঘণ্টাখানেক,0.49429553747177124,0.0,1.4942955374717712
হরিদাস,0.4942699670791626,0.0,1.4942699670791626
হতাশা,0.4942502975463867,0.0,1.4942502975463867
পিজি,0.4942381978034973,0.0,1.4942381978034973
ফোটানো,0.4942219853401184,0.0,1.4942219853401184
আবেদন,0.5042940080165863,0.010101010101010102,1.4941929979155764
বেল,0.4940617084503174,0.0,1.4940617084503174
আশংকা,0.4940277338027954,0.0,1.4940277338027954
মেইল,0.5040809214115143,0.010101010101010102,1.4939799113105043
ভালোবাসা,0.4939689040184021,0.0,1.493968904018402
বিলীন,0.504065603017807,0.010101010101010102,1.493964592916797
সংশোধন,0.4939037561416626,0.0,1.4939037561416626
শুভ্র,0.4939003586769104,0.0,1.4939003586769104
স্টোরে,0.4938308000564575,0.0,1.4938308000564575
অ্যাসিড,0.4937765598297119,0.0,1.493776559829712
আজক,0.4937293529510498,0.0,1.4937293529510498
লাইব্রেরিতে,0.4936455488204956,0.0,1.4936455488204956
ঘেরা,0.49363458156585693,0.0,1.493634581565857
আপনজন,0.49357956647872925,0.0,1.4935795664787292
গরীব,0.4935690760612488,0.0,1.4935690760612488
ইটা,0.4934958815574646,0.0,1.4934958815574646
বিষাদ,0.4934714436531067,0.0,1.4934714436531067
লে,0.4934234023094177,0.0,1.4934234023094177
চিত্তরঞ্জন,0.493386447429657,0.0,1.493386447429657
নিরস্ত্র,0.49333441257476807,0.0,1.493334412574768
রিপোর্ট,0.5033989548683167,0.010101010101010102,1.4932979447673067
গুলির,0.5033088028430939,0.010101010101010102,1.493207792742084
নীলনকশা,0.49316900968551636,0.0,1.4931690096855164
সান্তনা,0.4931654930114746,0.0,1.4931654930114746
সাদা,0.5135458111763,0.02040816326530612,1.493137647910994
বঙ্গবীর,0.49310898780822754,0.0,1.4931089878082275
হোস্টিং,0.49308979511260986,0.0,1.4930897951126099
বিজ্ঞানীর,0.4930539131164551,0.0,1.493053913116455
সরিষ,0.4930090308189392,0.0,1.4930090308189392
কাল,0.49297040700912476,0.0,1.4929704070091248
মিউজিক,0.5030544698238373,0.010101010101010102,1.4929534597228273
পরিকল্পিত,0.49283266067504883,0.0,1.4928326606750488
জোরে,0.5028782188892365,0.010101010101010102,1.4927772087882265
ক্লাবে,0.49270498752593994,0.0,1.49270498752594
ঝুঁকি,0.4926576614379883,0.0,1.4926576614379883
ডিজিটাল,0.4926531910896301,0.0,1.4926531910896301
সভাপতি,0.49260973930358887,0.0,1.4926097393035889
কফির,0.4925973415374756,0.0,1.4925973415374756
পাচ্ছি,0.502659797668457,0.010101010101010102,1.492558787567447
তালিক,0.4925382733345032,0.0,1.4925382733345032
গঠিত,0.49252861738204956,0.0,1.4925286173820496
চালক,0.5128288269042969,0.02040816326530612,1.4924206636389907
ছিটকিনি,0.492411732673645,0.0,1.492411732673645
রের,0.49238818883895874,0.0,1.4923881888389587
নীচে,0.49237585067749023,0.0,1.4923758506774902
বীম,0.4923405647277832,0.0,1.4923405647277832
অপেক্ষায়,0.49227309226989746,0.0,1.4922730922698975
সাপ্তাহিক,0.4922678470611572,0.0,1.4922678470611572
বিষ্ণু,0.4922448992729187,0.0,1.4922448992729187
ততদিন,0.5125583708286285,0.02040816326530612,1.4921502075633224
বাবুর্চি,0.49214935302734375,0.0,1.4921493530273438
ডাকত,0.49211370944976807,0.0,1.492113709449768
নামঠিকানা,0.49203282594680786,0.0,1.4920328259468079
বো,0.4919525980949402,0.0,1.4919525980949402
উপক্রম,0.49193239212036133,0.0,1.4919323921203613
ব্যান্ডেজ,0.4918859004974365,0.0,1.4918859004974365
দিচ্ছিল,0.4918052554130554,0.0,1.4918052554130554
সভ্যতা,0.49180418252944946,0.0,1.4918041825294495
ভাগ্যে,0.4917141795158386,0.0,1.4917141795158386
রক্তচাপ,0.4916127920150757,0.0,1.4916127920150757
কার্যকরী,0.49158990383148193,0.0,1.491589903831482
ঢাল,0.491566002368927,0.0,1.491566002368927
বাজারের,0.49153393507003784,0.0,1.4915339350700378
লোকেরা,0.49152863025665283,0.0,1.4915286302566528
হাঁচি,0.4914802312850952,0.0,1.4914802312850952
লাট,0.49145209789276123,0.0,1.4914520978927612
কারেন্ট,0.49137842655181885,0.0,1.4913784265518188
সেবক,0.4912717342376709,0.0,1.491271734237671
থামানোর,0.49120068550109863,0.0,1.4912006855010986
পরীক্ষায়,0.5012982189655304,0.010101010101010102,1.4911972088645205
সরানো,0.49115753173828125,0.0,1.4911575317382812
হাজ,0.4911279082298279,0.0,1.4911279082298279
ছাপা,0.4910922050476074,0.0,1.4910922050476074
পারফিউম,0.4910777807235718,0.0,1.4910777807235718
ইনস্টিটিউট,0.4910184144973755,0.0,1.4910184144973755
পরিচর্যা,0.49099886417388916,0.0,1.4909988641738892
ক্রিটিক্যাল,0.49093717336654663,0.0,1.4909371733665466
সাফল্য,0.5007778406143188,0.010101010101010102,1.490676830513309
বুধ,0.49064576625823975,0.0,1.4906457662582397
নজরুল,0.5110320150852203,0.02040816326530612,1.4906238518199142
নেহ,0.49057668447494507,0.0,1.490576684474945
দেখাদেখি,0.49044662714004517,0.0,1.4904466271400452
নাতি,0.4903971552848816,0.0,1.4903971552848816
অক্টোবর,0.5004725158214569,0.010101010101010102,1.490371505720447
আত্মবিশ্বাসী,0.4901695251464844,0.0,1.4901695251464844
সাবান,0.49011003971099854,0.0,1.4901100397109985
ভাঙানোর,0.49005746841430664,0.0,1.4900574684143066
শান্তভাবে,0.48987406492233276,0.0,1.4898740649223328
পাব,0.48979490995407104,0.0,1.489794909954071
দেখাশোনা,0.4897632598876953,0.0,1.4897632598876953
লিংকন,0.48975318670272827,0.0,1.4897531867027283
সংঘাত,0.4897231459617615,0.0,1.4897231459617615
সিকদ,0.4896554946899414,0.0,1.4896554946899414
বন্দুক,0.5205771923065186,0.030927835051546393,1.4896493572549723
প্রস্তাব,0.4896283745765686,0.0,1.4896283745765686
টুকটাক,0.4895819425582886,0.0,1.4895819425582886
ভালোর,0.4895777702331543,0.0,1.4895777702331543
স্যালুট,0.48956239223480225,0.0,1.4895623922348022
ইফ,0.48956042528152466,0.0,1.4895604252815247
দুরবস্থা,0.48955315351486206,0.0,1.489553153514862
সঙ্গীত,0.489541232585907,0.0,1.489541232585907
উদ্বেগের,0.49963003396987915,0.010101010101010102,1.4895290238688692
সিরিঞ্জে,0.48952752351760864,0.0,1.4895275235176086
প্রসাধন,0.48952192068099976,0.0,1.4895219206809998
বিজ্ঞানে,0.48948508501052856,0.0,1.4894850850105286
গানে,0.48943954706192017,0.0,1.4894395470619202
কম্পিউ,0.49952811002731323,0.010101010101010102,1.4894270999263033
সেন্টারে,0.5098294317722321,0.02040816326530612,1.489421268506926
বুম,0.4893917441368103,0.0,1.4893917441368103
অফিসে,0.48931413888931274,0.0,1.4893141388893127
ওঠে,0.48925620317459106,0.0,1.489256203174591
অতিরিক্ত,0.4892066717147827,0.0,1.4892066717147827
বোম,0.48907363414764404,0.0,1.489073634147644
শব্দে,0.4991617798805237,0.010101010101010102,1.4890607697795137
সবটুকু,0.4890372157096863,0.0,1.4890372157096863
খোঁজ,0.4889304041862488,0.0,1.4889304041862488
চতুর্থ,0.488883376121521,0.0,1.488883376121521
যেতেন,0.48888063430786133,0.0,1.4888806343078613
পিলার,0.4888789653778076,0.0,1.4888789653778076
পর্যবেক্ষণ,0.488861083984375,0.0,1.488861083984375
গণিত,0.48884308338165283,0.0,1.4888430833816528
ব্যক্তিবর্গ,0.4888172745704651,0.0,1.488817274570465
উল্,0.4887862801551819,0.0,1.4887862801551819
মিলিটারি,0.48877382278442383,0.0,1.4887738227844238
একদু,0.4887641668319702,0.0,1.4887641668319702
যেখান,0.48872411251068115,0.0,1.4887241125106812
গ্রেট,0.4887240529060364,0.0,1.4887240529060364
চিকিৎস,0.498779833316803,0.010101010101010102,1.488678823215793
মহিউদ্দিন,0.48867857456207275,0.0,1.4886785745620728
অধীনে,0.4886583685874939,0.0,1.488658368587494
অত্যাধুনিক,0.48857229948043823,0.0,1.4885722994804382
প্রযুক্তি,0.498664915561676,0.010101010101010102,1.488563905460666
কোরান,0.4885624647140503,0.0,1.4885624647140503
অনাথ,0.48845911026000977,0.0,1.4884591102600098
সবকিছুতে,0.4884107708930969,0.0,1.488410770893097
বশে,0.4884015917778015,0.0,1.4884015917778015
হুস,0.4883965849876404,0.0,1.4883965849876404
প্রযুক্তির,0.4883909225463867,0.0,1.4883909225463867
সাফ,0.48834025859832764,0.0,1.4883402585983276
ক্লোজ,0.4882814288139343,0.0,1.4882814288139343
ফ্যাট,0.4882660508155823,0.0,1.4882660508155823
মই,0.48818445205688477,0.0,1.4881844520568848
জেনারেলের,0.4881817698478699,0.0,1.4881817698478699
আহত,0.48817604780197144,0.0,1.4881760478019714
বৈরী,0.4881182312965393,0.0,1.4881182312965393
বেদন,0.488115131855011,0.0,1.488115131855011
জবানবন্দি,0.48798853158950806,0.0,1.487988531589508
প্রাচীনতম,0.48797065019607544,0.0,1.4879706501960754
সুই,0.4879559874534607,0.0,1.4879559874534607
কফিন,0.48777639865875244,0.0,1.4877763986587524
রেসিপি,0.4877716898918152,0.0,1.4877716898918152
বনানী,0.48774564266204834,0.0,1.4877456426620483
আক্রোশ,0.48770684003829956,0.0,1.4877068400382996
কলেজের,0.4876357316970825,0.0,1.4876357316970825
তারিখ,0.5079982578754425,0.02040816326530612,1.4875900946101364
ভূগোল,0.4875837564468384,0.0,1.4875837564468384
মন্ত্রমুগ্ধ,0.48754870891571045,0.0,1.4875487089157104
বৃহস্পতি,0.4874988794326782,0.0,1.4874988794326782
মুদ্,0.4874035120010376,0.0,1.4874035120010376
জুল,0.48739439249038696,0.0,1.487394392490387
স্টেশনে,0.49735331535339355,0.010101010101010102,1.4872523052523836
জোর,0.4872475266456604,0.0,1.4872475266456604
বিচারপতি,0.48721057176589966,0.0,1.4872105717658997
বুনো,0.4871506690979004,0.0,1.4871506690979004
গাছপ,0.48699331283569336,0.0,1.4869933128356934
কাঠি,0.4868892431259155,0.0,1.4868892431259155
মেজাজে,0.4868372678756714,0.0,1.4868372678756714
চুমু,0.48678600788116455,0.0,1.4867860078811646
এটর্নি,0.4867720603942871,0.0,1.486772060394287
জমিজমা,0.48674124479293823,0.0,1.4867412447929382
শলাকা,0.48672986030578613,0.0,1.4867298603057861
শিল্প,0.48672813177108765,0.0,1.4867281317710876
ফাঁকা,0.48670387268066406,0.0,1.486703872680664
জেরিন,0.4866746664047241,0.0,1.4866746664047241
যোদ্ধা,0.4866202473640442,0.0,1.4866202473640442
স্যুটকেস,0.48661893606185913,0.0,1.4866189360618591
ফেরানো,0.4865369200706482,0.0,1.4865369200706482
সাহিত্য,0.48649364709854126,0.0,1.4864936470985413
উপহার,0.4864686131477356,0.0,1.4864686131477356
দিবস,0.4864347577095032,0.0,1.4864347577095032
সিএনজি,0.486394464969635,0.0,1.486394464969635
কারবার,0.4863937497138977,0.0,1.4863937497138977
গালাগাল,0.48638373613357544,0.0,1.4863837361335754
শহীদ,0.48629653453826904,0.0,1.486296534538269
বাঁচবে,0.48628878593444824,0.0,1.4862887859344482
মধু,0.49638038873672485,0.010101010101010102,1.486279378635715
মৃতদেহের,0.4862193465232849,0.0,1.486219346523285
রিলিজ,0.48620182275772095,0.0,1.486201822757721
সেরা,0.4861633777618408,0.0,1.4861633777618408
অন্তর,0.48614799976348877,0.0,1.4861479997634888
অবস্থ,0.4860568642616272,0.0,1.4860568642616272
ঘটবে,0.4860440492630005,0.0,1.4860440492630005
সম্বোধন,0.4860227108001709,0.0,1.486022710800171
মোজাম্মেল,0.48599934577941895,0.0,1.485999345779419
আবর্জনা,0.49602216482162476,0.010101010101010102,1.4859211547206148
শোরগোল,0.48586273193359375,0.0,1.4858627319335938
এড়া,0.48585760593414307,0.0,1.485857605934143
ইজ,0.48585355281829834,0.0,1.4858535528182983
দিশেহা,0.4858403205871582,0.0,1.4858403205871582
হাজারখানেক,0.48569709062576294,0.0,1.485697090625763
ফ্লো,0.48565465211868286,0.0,1.4856546521186829
আদি,0.48561596870422363,0.0,1.4856159687042236
কিনেছেন,0.4855192303657532,0.0,1.4855192303657532
অসামাজিক,0.48536181449890137,0.0,1.4853618144989014
ইস,0.5270131826400757,0.041666666666666664,1.4853465159734092
সুখী,0.4853250980377197,0.0,1.4853250980377197
পেছনে,0.4851459264755249,0.0,1.485145926475525
রেডি,0.48504674434661865,0.0,1.4850467443466187
বাহা,0.4850271940231323,0.0,1.4850271940231323
অনুচ্ছেদ,0.48488426208496094,0.0,1.484884262084961
পরিপূর্ণভাবে,0.4848616123199463,0.0,1.4848616123199463
প্রতিচ্ছবি,0.48484402894973755,0.0,1.4848440289497375
ঘি,0.4949348568916321,0.010101010101010102,1.4848338467906221
হেলাফেলা,0.4846664071083069,0.0,1.4846664071083069
সোফা,0.4846552014350891,0.0,1.4846552014350891
বিশ্ব,0.494739294052124,0.010101010101010102,1.484638283951114
নিচ্ছিল,0.4846312403678894,0.0,1.4846312403678894
চিরকুট,0.4846140146255493,0.0,1.4846140146255493
মেটানোর,0.4844930171966553,0.0,1.4844930171966553
নিঃস্ব,0.48448771238327026,0.0,1.4844877123832703
আচমকা,0.48442816734313965,0.0,1.4844281673431396
বিবেচন,0.49450379610061646,0.010101010101010102,1.4844027859996065
চাষাবাদ,0.4843979477882385,0.0,1.4843979477882385
দুর্বত্ত,0.4841676354408264,0.0,1.4841676354408264
চাইলে,0.48403406143188477,0.0,1.4840340614318848
কার্বন,0.4940527677536011,0.010101010101010102,1.4839517576525911
মালিবাগ,0.4839373230934143,0.0,1.4839373230934143
ঠিকানা,0.48391568660736084,0.0,1.4839156866073608
উল্লাস,0.4839097261428833,0.0,1.4839097261428833
কিছুর,0.4838968515396118,0.0,1.4838968515396118
শীত,0.5042988061904907,0.02040816326530612,1.4838906429251846
এও,0.48388999700546265,0.0,1.4838899970054626
যোগ,0.4838806986808777,0.0,1.4838806986808777
গরমিল,0.48384755849838257,0.0,1.4838475584983826
ঘাপ,0.48384368419647217,0.0,1.4838436841964722
আরিফুল,0.4838219881057739,0.0,1.483821988105774
সৈন্য,0.4838176369667053,0.0,1.4838176369667053
ব্যাংক,0.4838157892227173,0.0,1.4838157892227173
রক্ষণাবেক্ষণ,0.4837797284126282,0.0,1.4837797284126282
ট্রিপল,0.4837549924850464,0.0,1.4837549924850464
সংবাদ,0.48370790481567383,0.0,1.4837079048156738
ফেলছ,0.4836670756340027,0.0,1.4836670756340027
জিন্দা,0.48366600275039673,0.0,1.4836660027503967
হ্যান,0.48359251022338867,0.0,1.4835925102233887
মোস্তফা,0.4835818409919739,0.0,1.4835818409919739
ওষুধ,0.5144513845443726,0.030927835051546393,1.4835235494928263
আর্মির,0.4834716320037842,0.0,1.4834716320037842
বুঝা,0.49348384141921997,0.010101010101010102,1.48338283131821
দৈনিক,0.4934685230255127,0.010101010101010102,1.4833675129245028
পাঠাব,0.48334378004074097,0.0,1.483343780040741
চুলে,0.4832976460456848,0.0,1.4832976460456848
সমাজে,0.483238160610199,0.0,1.483238160610199
খালেদ,0.48321306705474854,0.0,1.4832130670547485
পৌঁছ,0.483211874961853,0.0,1.483211874961853
কাঁচা,0.4831429719924927,0.0,1.4831429719924927
কুম,0.4831101894378662,0.0,1.4831101894378662
ককপিট,0.48303699493408203,0.0,1.483036994934082
শনিবার,0.4830366373062134,0.0,1.4830366373062134
প্রথমে,0.48300260305404663,0.0,1.4830026030540466
ফিতা,0.48297226428985596,0.0,1.482972264289856
চাইলেও,0.48296916484832764,0.0,1.4829691648483276
ঘটে৷,0.48293131589889526,0.0,1.4829313158988953
শিল্পে,0.4829055666923523,0.0,1.4829055666923523
ফাঁদে,0.48283249139785767,0.0,1.4828324913978577
পরলে,0.4828072190284729,0.0,1.482807219028473
কুলি,0.48276710510253906,0.0,1.482767105102539
বাতাস,0.4928203225135803,0.010101010101010102,1.4827193124125704
তাগাদা,0.48269444704055786,0.0,1.4826944470405579
ওপেনিং,0.48267507553100586,0.0,1.4826750755310059
পরিষ,0.503046840429306,0.02040816326530612,1.4826386771639999
ধসে,0.492713987827301,0.010101010101010102,1.482612977726291
রিমোট,0.49266642332077026,0.010101010101010102,1.4825654132197603
দাদা,0.4824783205986023,0.0,1.4824783205986023
কোণে,0.4824185371398926,0.0,1.4824185371398926
চারটি,0.4823687672615051,0.0,1.4823687672615051
কুমার,0.4823402166366577,0.0,1.4823402166366577
জাহানা,0.48230260610580444,0.0,1.4823026061058044
ডাকবে,0.4822568893432617,0.0,1.4822568893432617
শূন্যত,0.4822505712509155,0.0,1.4822505712509155
সংকুচিত,0.4822034239768982,0.0,1.4822034239768982
নিঃসঙ্গতা,0.48220163583755493,0.0,1.482201635837555
অ্যালকোহল,0.4821893572807312,0.0,1.4821893572807312
নিরাপদ,0.4821447730064392,0.0,1.4821447730064392
বিবর্তনে,0.48214244842529297,0.0,1.482142448425293
হাইড্রোজ,0.4821411967277527,0.0,1.4821411967277527
গেট,0.4921913146972656,0.010101010101010102,1.4820903045962557
নান্টু,0.4820569157600403,0.0,1.4820569157600403
পরিণত,0.4920845627784729,0.010101010101010102,1.481983552677463
সিঙ্গেল,0.48187023401260376,0.0,1.4818702340126038
খুল,0.49193888902664185,0.010101010101010102,1.481837878925632
পুঁজি,0.481819748878479,0.0,1.481819748878479
ঘনিষ্ঠ,0.4817664623260498,0.0,1.4817664623260498
পরিপূরক,0.48174619674682617,0.0,1.4817461967468262
কোর্স,0.4917898178100586,0.010101010101010102,1.4816888077090486
থালা,0.4814762473106384,0.0,1.4814762473106384
একাকী,0.4814487099647522,0.0,1.4814487099647522
কাজলা,0.48137062788009644,0.0,1.4813706278800964
খুঁজছ,0.4813247323036194,0.0,1.4813247323036194
বিংশ,0.49130356311798096,0.010101010101010102,1.481202553016971
আলুর,0.49127036333084106,0.010101010101010102,1.4811693532298311
অসুস্থ,0.48114240169525146,0.0,1.4811424016952515
আনা,0.4810888171195984,0.0,1.4810888171195984
ম্যানেজ,0.481079638004303,0.0,1.481079638004303
জাল,0.4911629557609558,0.010101010101010102,1.4810619456599459
পাউড,0.4810081124305725,0.0,1.4810081124305725
কিনলে,0.48099058866500854,0.0,1.4809905886650085
ফোর,0.4808950424194336,0.0,1.4808950424194336
মিথ্যাবাদী,0.4808635711669922,0.0,1.4808635711669922
ক্যাশ,0.48082292079925537,0.0,1.4808229207992554
পোস্টমর্টেম,0.48077940940856934,0.0,1.4807794094085693
ওসমানী,0.4807593822479248,0.0,1.4807593822479248
মেকানিক্যাল,0.4807155132293701,0.0,1.4807155132293701
মজনু,0.4807141423225403,0.0,1.4807141423225403
ফ্রেম,0.4806564450263977,0.0,1.4806564450263977
ফাগুন,0.48063403367996216,0.0,1.4806340336799622
যায়নি,0.4806095361709595,0.0,1.4806095361709595
সুখে,0.48056989908218384,0.0,1.4805698990821838
করেছিল,0.4804479479789734,0.0,1.4804479479789734
মাখন,0.4804426431655884,0.0,1.4804426431655884
দলিল,0.48041248321533203,0.0,1.480412483215332
ব্যাং,0.48030245304107666,0.0,1.4803024530410767
দুলাভা,0.4802491068840027,0.0,1.4802491068840027
চা,0.5006394684314728,0.02040816326530612,1.4802313051661666
আর্থিক,0.49032169580459595,0.010101010101010102,1.480220685703586
লাজুক,0.48020315170288086,0.0,1.4802031517028809
জুনিয়র,0.4802030920982361,0.0,1.480203092098236
উল্লেখ,0.4801521301269531,0.0,1.4801521301269531
ইমেইলে,0.48014241456985474,0.0,1.4801424145698547
রেডিও,0.48012441396713257,0.0,1.4801244139671326
স্যান্ডেল,0.48011916875839233,0.0,1.4801191687583923
উৎসুক,0.4800208806991577,0.0,1.4800208806991577
পরনে,0.4799520969390869,0.0,1.479952096939087
আড়া,0.4799075126647949,0.0,1.479907512664795
বাথরুমে,0.4798954129219055,0.0,1.4798954129219055
পিপিএম,0.47988587617874146,0.0,1.4798858761787415
সুস্থতা,0.4798690676689148,0.0,1.4798690676689148
বিচারক,0.47986775636672974,0.0,1.4798677563667297
এঁটে,0.4798519015312195,0.0,1.4798519015312195
শাশ্বত,0.47984790802001953,0.0,1.4798479080200195
বাদশাহ,0.4898499846458435,0.010101010101010102,1.4797489745448336
গালে,0.48983871936798096,0.010101010101010102,1.479737709266971
দুপাশে,0.47970056533813477,0.0,1.4797005653381348
দূরে,0.47969532012939453,0.0,1.4796953201293945
শকুন,0.4796927571296692,0.0,1.4796927571296692
দক্ষতা,0.47942590713500977,0.0,1.4794259071350098
বোঝাবুঝি,0.47937333583831787,0.0,1.4793733358383179
তাপ,0.47927308082580566,0.0,1.4792730808258057
খসরু,0.4791921377182007,0.0,1.4791921377182007
কিশোরকিশোরী,0.47913360595703125,0.0,1.4791336059570312
সম্পর্কিত,0.4790899157524109,0.0,1.4790899157524109
হাব,0.4790775179862976,0.0,1.4790775179862976
আরোপ,0.47900861501693726,0.0,1.4790086150169373
নির্বিক,0.47892582416534424,0.0,1.4789258241653442
ব্যাগ,0.4890184998512268,0.010101010101010102,1.4789174897502169
সাজে,0.4788660407066345,0.0,1.4788660407066345
বোঝে,0.47885382175445557,0.0,1.4788538217544556
মোফাজ্জল,0.47883516550064087,0.0,1.4788351655006409
গ্রাস,0.4788339138031006,0.0,1.4788339138031006
বিরক্তিকর,0.4787306785583496,0.0,1.4787306785583496
লুক,0.4787031412124634,0.0,1.4787031412124634
হাজত,0.4786847233772278,0.0,1.4786847233772278
ঘুমা,0.47855108976364136,0.0,1.4785510897636414
মানব,0.49879908561706543,0.02040816326530612,1.4783909223517593
মারে,0.4782825708389282,0.0,1.4782825708389282
ডিভোর্স,0.47823965549468994,0.0,1.47823965549469
দুর,0.4782269597053528,0.0,1.4782269597053528
আলাপআলোচনা,0.4782247543334961,0.0,1.478224754333496
দূরত্ব,0.47818392515182495,0.0,1.478183925151825
শে,0.4780939817428589,0.0,1.4780939817428589
বিজ্ঞাপন,0.4881376028060913,0.010101010101010102,1.4780365927050814
সাংবাদিকতা,0.4779527187347412,0.0,1.4779527187347412
নারকেল,0.4779524803161621,0.0,1.477952480316162
চিন্তায়,0.47792941331863403,0.0,1.477929413318634
সমানে,0.4778631925582886,0.0,1.4778631925582886
টেবিল,0.48789381980895996,0.010101010101010102,1.47779280970795
উদ্ধার,0.4777878522872925,0.0,1.4777878522872925
যানজট,0.47771018743515015,0.0,1.4777101874351501
ডিশ,0.47769296169281006,0.0,1.47769296169281
গালাগা,0.47762352228164673,0.0,1.4776235222816467
সোফ,0.48767703771591187,0.010101010101010102,1.477576027614902
বৈজ্ঞানিক,0.47751134634017944,0.0,1.4775113463401794
জল্পনাকল্পনা,0.4773930311203003,0.0,1.4773930311203003
বালিশ,0.487457275390625,0.010101010101010102,1.477356265289615
শহরে,0.477348268032074,0.0,1.477348268032074
নির্দোষ,0.47734564542770386,0.0,1.4773456454277039
বলিনি,0.47726738452911377,0.0,1.4772673845291138
যোগ্য,0.47722381353378296,0.0,1.477223813533783
সাবজেক্ট,0.4771907329559326,0.0,1.4771907329559326
বিদ্বেষ,0.4771568775177002,0.0,1.4771568775177002
অভুক্ত,0.47713392972946167,0.0,1.4771339297294617
প্লাবিত,0.47709953784942627,0.0,1.4770995378494263
শান্তি,0.47709929943084717,0.0,1.4770992994308472
অনবরত,0.4770960211753845,0.0,1.4770960211753845
জাহাঙ্গীর,0.47708702087402344,0.0,1.4770870208740234
মুহিব,0.4770689010620117,0.0,1.4770689010620117
বিকৃতি,0.4770129323005676,0.0,1.4770129323005676
রেস্টুরেন্টে,0.4769355058670044,0.0,1.4769355058670044
রহিমা,0.47693222761154175,0.0,1.4769322276115417
চর্চা,0.4768645167350769,0.0,1.476864516735077
কমলা,0.47683990001678467,0.0,1.4768399000167847
স্টোর,0.4767579436302185,0.0,1.4767579436302185
আবহাওয়,0.47653597593307495,0.0,1.476535975933075
নাতনি,0.4765263795852661,0.0,1.4765263795852661
একবার,0.4763258695602417,0.0,1.4763258695602417
ডাকাডাকি,0.4763123393058777,0.0,1.4763123393058777
স্বস্তির,0.47625720500946045,0.0,1.4762572050094604
আহমদ,0.4762459397315979,0.0,1.476245939731598
বেতন,0.4863414764404297,0.010101010101010102,1.4762404663394197
বরাদ্দ,0.47621995210647583,0.0,1.4762199521064758
চাওয়া,0.4762018322944641,0.0,1.4762018322944641
লিভার,0.4761892557144165,0.0,1.4761892557144165
আকারে,0.4761435389518738,0.0,1.4761435389518738
আকবর,0.4760829210281372,0.0,1.4760829210281372
ফিনিশ,0.47602880001068115,0.0,1.4760288000106812
তালিকাটি,0.475994348526001,0.0,1.475994348526001
বোন,0.48603957891464233,0.010101010101010102,1.4759385688136324
মরুভূমি,0.47590237855911255,0.0,1.4759023785591125
শূন্য,0.47585397958755493,0.0,1.475853979587555
উচ্চস্বরে,0.4756646156311035,0.0,1.4756646156311035
উইথ,0.4755880832672119,0.0,1.475588083267212
চেইন,0.47557181119918823,0.0,1.4755718111991882
প্রতারণা,0.48563146591186523,0.010101010101010102,1.4755304558108553
গুলশান,0.47550415992736816,0.0,1.4755041599273682
জটিলত,0.4754793643951416,0.0,1.4754793643951416
প্রাপ্য,0.47540587186813354,0.0,1.4754058718681335
একত্রিত,0.4753933548927307,0.0,1.4753933548927307
মেঘের,0.47533684968948364,0.0,1.4753368496894836
উত্তাল,0.4752771854400635,0.0,1.4752771854400635
কাটবে,0.4751283526420593,0.0,1.4751283526420593
পিট,0.47501540184020996,0.0,1.47501540184021
আক্রোশে,0.4749862551689148,0.0,1.4749862551689148
সেন্টারটি,0.47489112615585327,0.0,1.4748911261558533
রাষ্ট্র,0.4849909543991089,0.010101010101010102,1.474889944298099
একযুগ,0.4748736619949341,0.0,1.474873661994934
খারাপ,0.4747506380081177,0.0,1.4747506380081177
কাঁচি,0.474723756313324,0.0,1.474723756313324
বৈদ্যুতিক,0.4746682047843933,0.0,1.4746682047843933
যেসব,0.4746653437614441,0.0,1.474665343761444
আনুষ্ঠানিক,0.47456854581832886,0.0,1.4745685458183289
প্রাধান্য,0.4745626449584961,0.0,1.474562644958496
খাওয়াতে,0.47445589303970337,0.0,1.4744558930397034
আইসক্রিম,0.4744424819946289,0.0,1.474442481994629
মতামত,0.4744220972061157,0.0,1.4744220972061157
খোলা,0.48451346158981323,0.010101010101010102,1.4744124514888033
রক্ষা,0.4743509292602539,0.0,1.474350929260254
ফুড,0.4743320345878601,0.0,1.47433203458786
ধইরা,0.47431111335754395,0.0,1.474311113357544
ঝলসে,0.4743034839630127,0.0,1.4743034839630127
কর্মচারী,0.47425752878189087,0.0,1.4742575287818909
টুল,0.47414445877075195,0.0,1.474144458770752
কাঁধ,0.4740854501724243,0.0,1.4740854501724243
পুরোপুরি,0.47397732734680176,0.0,1.4739773273468018
দুইএক,0.47393494844436646,0.0,1.4739349484443665
কম্পাউন্ড,0.4739331603050232,0.0,1.4739331603050232
স্বরূপ,0.47391277551651,0.0,1.47391277551651
টের,0.47384756803512573,0.0,1.4738475680351257
কালু,0.47375768423080444,0.0,1.4737576842308044
রকেট,0.4737027883529663,0.0,1.4737027883529663
আইনত,0.47366487979888916,0.0,1.4736648797988892
ইচ্ছ,0.47364264726638794,0.0,1.473642647266388
লেখেন,0.47359687089920044,0.0,1.4735968708992004
হাসতে,0.4836215376853943,0.010101010101010102,1.4735205275843843
দৈহিক,0.4734705686569214,0.0,1.4734705686569214
মানবিক,0.4733930230140686,0.0,1.4733930230140686
মুখরিত,0.4731779098510742,0.0,1.4731779098510742
উঠেছি,0.47317445278167725,0.0,1.4731744527816772
ছাত্রজীবনে,0.4731070399284363,0.0,1.4731070399284363
কমানো,0.4729118347167969,0.0,1.4729118347167969
সংবাদপত্র,0.47288423776626587,0.0,1.4728842377662659
অ্যা,0.47287625074386597,0.0,1.472876250743866
বিশুদ্ধ,0.48297572135925293,0.010101010101010102,1.472874711258243
চোরাবা,0.47278618812561035,0.0,1.4727861881256104
রাজত্ব,0.4727144241333008,0.0,1.4727144241333008
বঞ্চিত,0.4727020263671875,0.0,1.4727020263671875
অপব্যবহ,0.4727017879486084,0.0,1.4727017879486084
রিপোর্টে,0.48280078172683716,0.010101010101010102,1.4726997716258272
ডিসেম্বর,0.4726595878601074,0.0,1.4726595878601074
নাচগান,0.47257000207901,0.0,1.47257000207901
দোষে,0.47255939245224,0.0,1.47255939245224
একাগ্রতা,0.47252100706100464,0.0,1.4725210070610046
আওত,0.4724785089492798,0.0,1.4724785089492798
তালিকা,0.472409188747406,0.0,1.472409188747406
ভালবাসি,0.4722819924354553,0.0,1.4722819924354553
নলে,0.4722576141357422,0.0,1.4722576141357422
ডেস্ক,0.47213953733444214,0.0,1.4721395373344421
পাতলা,0.49253082275390625,0.02040816326530612,1.4721226594886
সঙ্গতি,0.4721001982688904,0.0,1.4721001982688904
বাজারে,0.4720854163169861,0.0,1.472085416316986
মোছা,0.47208309173583984,0.0,1.4720830917358398
কাওরান,0.4820348620414734,0.010101010101010102,1.4719338519404634
ঝাঁঝালো,0.47184234857559204,0.0,1.471842348575592
এন্ড,0.4718056321144104,0.0,1.4718056321144104
হোয়াইট,0.47173601388931274,0.0,1.4717360138893127
গবেষণা,0.47170448303222656,0.0,1.4717044830322266
খায়,0.4817710518836975,0.010101010101010102,1.4716700417826876
সাইকেল,0.4920245409011841,0.02040816326530612,1.471616377635878
পেস্ট,0.4715462923049927,0.0,1.4715462923049927
ড্রাইভ,0.47153252363204956,0.0,1.4715325236320496
হার,0.4714895486831665,0.0,1.4714895486831665
ফুটফুটে,0.4714702367782593,0.0,1.4714702367782593
বাজা,0.4814823865890503,0.010101010101010102,1.4713813764880403
যুক্তিসঙ্গত,0.48146384954452515,0.010101010101010102,1.4713628394435152
চাইনিজ,0.4713538885116577,0.0,1.4713538885116577
দুধ,0.4813650846481323,0.010101010101010102,1.4712640745471224
আকাশে,0.48135656118392944,0.010101010101010102,1.4712555510829195
বিত্তবান,0.4712539315223694,0.0,1.4712539315223694
উক্তি,0.47119051218032837,0.0,1.4711905121803284
অযৌক্তিক,0.4711441397666931,0.0,1.4711441397666931
বিভাজন,0.4708769917488098,0.0,1.4708769917488098
আনুমানিক,0.4708753824234009,0.0,1.4708753824234009
ক্ষেপণাস্ত্র,0.4708634614944458,0.0,1.4708634614944458
বাছুর,0.4706604480743408,0.0,1.4706604480743408
নামানো,0.4706573486328125,0.0,1.4706573486328125
শ্যামল,0.4706462621688843,0.0,1.4706462621688843
ওদিকে,0.47031307220458984,0.0,1.4703130722045898
চাওয়,0.4701768755912781,0.0,1.470176875591278
প্রাণ,0.4802732467651367,0.010101010101010102,1.4701722366641268
গাট,0.47014880180358887,0.0,1.4701488018035889
অচল,0.4700550436973572,0.0,1.4700550436973572
তুলেছি,0.4700392484664917,0.0,1.4700392484664917
ফেব্রুয়ারি,0.4699888825416565,0.0,1.4699888825416565
বিক্রম,0.46992552280426025,0.0,1.4699255228042603
ইনশাআল্লাহ,0.46988970041275024,0.0,1.4698897004127502
গ্লাসে,0.46985286474227905,0.0,1.469852864742279
শিং,0.49024397134780884,0.02040816326530612,1.4698358080825027
উচ্চপদস্থ,0.4698323607444763,0.0,1.4698323607444763
বিচার,0.4798821210861206,0.010101010101010102,1.4697811109851107
নার্স,0.46976810693740845,0.0,1.4697681069374084
কঠিন,0.4697551727294922,0.0,1.4697551727294922
ইওর,0.4697189927101135,0.0,1.4697189927101135
বলেছিস,0.4695415496826172,0.0,1.4695415496826172
সিগারেট,0.4796268939971924,0.010101010101010102,1.4695258838961824
বর্ণিত,0.4695233702659607,0.0,1.4695233702659607
বোঝা,0.4693889617919922,0.0,1.4693889617919922
বিচরণ,0.46932464838027954,0.0,1.4693246483802795
নিউরন,0.46927499771118164,0.0,1.4692749977111816
কান্দ,0.4692109227180481,0.0,1.469210922718048
তীব্রভাবে,0.4691857695579529,0.0,1.4691857695579529
আসাদুজ্জামান,0.4691649079322815,0.0,1.4691649079322815
টিসিবির,0.46916019916534424,0.0,1.4691601991653442
সরাসরি,0.4690588712692261,0.0,1.469058871269226
ধারাবাহিকতা,0.4690580368041992,0.0,1.4690580368041992
পটকা,0.47913646697998047,0.010101010101010102,1.4690354568789705
গুরুত্ব,0.4689927101135254,0.0,1.4689927101135254
চৈত্র,0.4689868688583374,0.0,1.4689868688583374
অকেজো,0.4688464403152466,0.0,1.4688464403152466
রাজি,0.4789237976074219,0.010101010101010102,1.468822787506412
অমানবিক,0.4788948893547058,0.010101010101010102,1.4687938792536959
ঝুমুর,0.4687829613685608,0.0,1.4687829613685608
কারিগরি,0.468744695186615,0.0,1.468744695186615
কাটল,0.4687190055847168,0.0,1.4687190055847168
আদিম,0.4686700105667114,0.0,1.4686700105667114
চাদ,0.4686432480812073,0.0,1.4686432480812073
ফাঁসি,0.46862733364105225,0.0,1.4686273336410522
সিলিন্ডার,0.489027202129364,0.02040816326530612,1.4686190388640579
অবলম্বনে,0.46861743927001953,0.0,1.4686174392700195
পূর্ণাঙ্গ,0.46850550174713135,0.0,1.4685055017471313
মধ্যবিত্ত,0.47860509157180786,0.010101010101010102,1.468504081470798
স্কুলে,0.4684228301048279,0.0,1.4684228301048279
যথাযথ,0.4684208035469055,0.0,1.4684208035469055
দালাল,0.46831071376800537,0.0,1.4683107137680054
চাঞ্চল্য,0.4683077931404114,0.0,1.4683077931404114
দায়,0.468303918838501,0.0,1.468303918838501
স্কার্ফ,0.4682832360267639,0.0,1.468283236026764
বিবর্তন,0.47835099697113037,0.010101010101010102,1.4682499868701204
খেলা,0.4682491421699524,0.0,1.4682491421699524
নেত্রকোনা,0.46823811531066895,0.0,1.468238115310669
কলা,0.46814584732055664,0.0,1.4681458473205566
ফুরফুরে,0.46811193227767944,0.0,1.4681119322776794
এরপর,0.468051552772522,0.0,1.468051552772522
নিখুঁতভাবে,0.46800386905670166,0.0,1.4680038690567017
নির্ভুল,0.4679824709892273,0.0,1.4679824709892273
মইন,0.46797919273376465,0.0,1.4679791927337646
বাঁ,0.4679713845252991,0.0,1.467971384525299
বিমান,0.4679490327835083,0.0,1.4679490327835083
দাড়ির,0.4678988456726074,0.0,1.4678988456726074
বেমানান,0.47796034812927246,0.010101010101010102,1.4678593380282625
উত্তরাধিক,0.4678587317466736,0.0,1.4678587317466736
সোবাহান,0.46779513359069824,0.0,1.4677951335906982
আগুনে,0.4778122901916504,0.010101010101010102,1.4677112800906404
পূর্বশর্ত,0.46768099069595337,0.0,1.4676809906959534
দুঃশ্চিন্তা,0.46766626834869385,0.0,1.4676662683486938
অ্যাঙ্গেল,0.4675977826118469,0.0,1.467597782611847
ভিত্তিহীন,0.4674825072288513,0.0,1.4674825072288513
অবিলম্বে,0.46747493743896484,0.0,1.4674749374389648
টিন,0.46743202209472656,0.0,1.4674320220947266
ধ্বংসস্তূপে,0.4673756957054138,0.0,1.4673756957054138
কোকেনের,0.46736276149749756,0.0,1.4673627614974976
মজি,0.4673411250114441,0.0,1.467341125011444
কেনা,0.4774312376976013,0.010101010101010102,1.4673302275965914
উপলক্ষ,0.4673268795013428,0.0,1.4673268795013428
টেলিভিশন,0.4773128628730774,0.010101010101010102,1.4672118527720674
মাওলানা,0.4671652317047119,0.0,1.467165231704712
শুক্রবারে,0.4670735001564026,0.0,1.4670735001564026
কাবাব,0.4670495390892029,0.0,1.4670495390892029
মুক্তি,0.4669885039329529,0.0,1.4669885039329529
পরীক্ষামূলক,0.4669804573059082,0.0,1.4669804573059082
শ্রাবণ,0.46694064140319824,0.0,1.4669406414031982
প্রতিনিয়ত,0.4668981432914734,0.0,1.4668981432914734
আকৃতির,0.46684181690216064,0.0,1.4668418169021606
দুর্বলতা,0.46676206588745117,0.0,1.4667620658874512
শ্যামলী,0.4666953682899475,0.0,1.4666953682899475
অক্সিজ,0.476742148399353,0.010101010101010102,1.466641138298343
প্রিয়জন,0.4767298698425293,0.010101010101010102,1.4666288597415194
বিল্ড,0.46650707721710205,0.0,1.466507077217102
তৃষ্ণা,0.4664362668991089,0.0,1.4664362668991089
বিসমিল্লাহ,0.4664328098297119,0.0,1.466432809829712
আইনে,0.4764949083328247,0.010101010101010102,1.4663938982318148
ট্রা,0.4663243293762207,0.0,1.4663243293762207
সমাধানে,0.46625930070877075,0.0,1.4662593007087708
কমান্ডো,0.4662211537361145,0.0,1.4662211537361145
আনন্দ,0.4762604236602783,0.010101010101010102,1.4661594135592684
কোর,0.4661283493041992,0.0,1.4661283493041992
শিল্পকর্ম,0.4661082625389099,0.0,1.46610826253891
সহজাত,0.46609729528427124,0.0,1.4660972952842712
ধরেছি,0.4660511016845703,0.0,1.4660511016845703
অবাধ্য,0.46599888801574707,0.0,1.465998888015747
হাতেনাতে,0.4659913182258606,0.0,1.4659913182258606
প্রশান্তি,0.4659590721130371,0.0,1.465959072113037
সইতে,0.46594947576522827,0.0,1.4659494757652283
বাড়ে,0.46594786643981934,0.0,1.4659478664398193
কিছুদূর,0.4659034013748169,0.0,1.465903401374817
আকার,0.46584081649780273,0.0,1.4658408164978027
অমর,0.4657590985298157,0.0,1.4657590985298157
অধিক,0.4655448794364929,0.0,1.465544879436493
তাকান,0.4655211567878723,0.0,1.4655211567878723
আইনগত,0.46544402837753296,0.0,1.465444028377533
নীতিম,0.4652875065803528,0.0,1.4652875065803528
এসএসসি,0.4651908278465271,0.0,1.465190827846527
দীর্ঘ,0.46518421173095703,0.0,1.465184211730957
হতাম,0.46514058113098145,0.0,1.4651405811309814
সংগঠিত,0.4651367664337158,0.0,1.4651367664337158
দীর্ঘদিন,0.46510207653045654,0.0,1.4651020765304565
অমিল,0.46504324674606323,0.0,1.4650432467460632
হারানোর,0.4650292992591858,0.0,1.4650292992591858
চিরতরে,0.46502888202667236,0.0,1.4650288820266724
কোকা,0.4647718071937561,0.0,1.464771807193756
রয়েছেন,0.4647035002708435,0.0,1.4647035002708435
বোরহান,0.46462464332580566,0.0,1.4646246433258057
তখনি,0.4646121859550476,0.0,1.4646121859550476
মাছমাংস,0.4645145535469055,0.0,1.4645145535469055
কিনব,0.4644148349761963,0.0,1.4644148349761963
কাটলে,0.4642602205276489,0.0,1.464260220527649
পাইলটকে,0.4642219543457031,0.0,1.4642219543457031
বাজানো,0.4641449451446533,0.0,1.4641449451446533
আপত্তিকর,0.4641225337982178,0.0,1.4641225337982178
স্লিপ,0.4641105532646179,0.0,1.464110553264618
মহিষ,0.4640907049179077,0.0,1.4640907049179077
মূলে,0.4640633463859558,0.0,1.4640633463859558
লাঞ্চ,0.4640384912490845,0.0,1.4640384912490845
জেলের,0.4640026092529297,0.0,1.4640026092529297
ডাক,0.4639243483543396,0.0,1.4639243483543396
ফ্যান্টাসি,0.4638627767562866,0.0,1.4638627767562866
পৃথিবী,0.4637652635574341,0.0,1.463765263557434
অসমতল,0.4637134075164795,0.0,1.4637134075164795
মৃত্যুর,0.4636504650115967,0.0,1.4636504650115967
কলুষিত,0.46355772018432617,0.0,1.4635577201843262
সাল,0.4635522961616516,0.0,1.4635522961616516
বছরে,0.4635465145111084,0.0,1.4635465145111084
অর্কিড,0.4635311961174011,0.0,1.4635311961174011
জামিল,0.4634895920753479,0.0,1.463489592075348
পুলিশি,0.4634706974029541,0.0,1.463470697402954
সুলেমান,0.46340274810791016,0.0,1.4634027481079102
প্রবেশপথ,0.46328383684158325,0.0,1.4632838368415833
কাশি,0.4733082056045532,0.010101010101010102,1.4632071955035433
সপরিবারে,0.4631826877593994,0.0,1.4631826877593994
শামীমা,0.46307373046875,0.0,1.46307373046875
খনিজ,0.4628472328186035,0.0,1.4628472328186035
প্রভাব,0.48323220014572144,0.02040816326530612,1.4628240368804153
বাধা,0.46281522512435913,0.0,1.4628152251243591
মূল্যে,0.4626700282096863,0.0,1.4626700282096863
মিনিস্,0.4625943899154663,0.0,1.4625943899154663
বেলা,0.47261714935302734,0.010101010101010102,1.4625161392520174
মীর,0.46248191595077515,0.0,1.4624819159507751
বটগা,0.46242761611938477,0.0,1.4624276161193848
প্রয়োগ,0.46241164207458496,0.0,1.462411642074585
মশারি,0.472464382648468,0.010101010101010102,1.462363372547458
আবদুর,0.4623447060585022,0.0,1.4623447060585022
পোষ,0.4623311758041382,0.0,1.4623311758041382
অপচেষ্,0.46229255199432373,0.0,1.4622925519943237
ব্যাধি,0.46226000785827637,0.0,1.4622600078582764
এম,0.47225213050842285,0.010101010101010102,1.462151120407413
প্রতিষ্ঠান,0.4621369242668152,0.0,1.4621369242668152
আবিষ্কৃত,0.4620974659919739,0.0,1.4620974659919739
অপরাধ,0.46207040548324585,0.0,1.4620704054832458
নিরুৎসাহিত,0.46198469400405884,0.0,1.4619846940040588
সতর্কভাবে,0.46192026138305664,0.0,1.4619202613830566
প্রোগ্রামিং,0.46190565824508667,0.0,1.4619056582450867
ইতি,0.46187329292297363,0.0,1.4618732929229736
তুলবে,0.4617982506752014,0.0,1.4617982506752014
ভোর,0.4718976616859436,0.010101010101010102,1.4617966515849337
থামান,0.4617566466331482,0.0,1.4617566466331482
শত্রু,0.4718301296234131,0.010101010101010102,1.4617291195224031
পলিম,0.46169155836105347,0.0,1.4616915583610535
হারালে,0.4616595506668091,0.0,1.461659550666809
ঘেঁটে,0.4615824222564697,0.0,1.4615824222564697
জর্জরিত,0.46157360076904297,0.0,1.461573600769043
গুণগত,0.4614611864089966,0.0,1.4614611864089966
রীনা,0.4614384174346924,0.0,1.4614384174346924
সিদ্ধ,0.4613950252532959,0.0,1.461395025253296
মহান,0.47147703170776367,0.010101010101010102,1.4613760216067537
তৈরির,0.4613618850708008,0.0,1.4613618850708008
পিচ্ছিল,0.4612429141998291,0.0,1.461242914199829
অংশবিশেষ,0.4612278938293457,0.0,1.4612278938293457
অনুপযোগী,0.46122026443481445,0.0,1.4612202644348145
ফেলত,0.4611546993255615,0.0,1.4611546993255615
জনাব,0.4711691737174988,0.010101010101010102,1.4610681636164888
সঙ্গীর,0.46102702617645264,0.0,1.4610270261764526
আদায়,0.460990846157074,0.0,1.460990846157074
ঘটা,0.4813119173049927,0.02040816326530612,1.4609037540396865
দোষী,0.4608990550041199,0.0,1.4608990550041199
অতিক্রম,0.4608943462371826,0.0,1.4608943462371826
থাকতাম,0.4608193039894104,0.0,1.4608193039894104
কার্লোস,0.46078431606292725,0.0,1.4607843160629272
কমান্ড,0.47079998254776,0.010101010101010102,1.46069897244675
পাংশ,0.4606596827507019,0.0,1.460659682750702
মাঝে,0.4606442451477051,0.0,1.460644245147705
শোব,0.46057361364364624,0.0,1.4605736136436462
দাব,0.46051090955734253,0.0,1.4605109095573425
উলঙ্গ,0.46044522523880005,0.0,1.4604452252388
বিরূপ,0.4604138135910034,0.0,1.4604138135910034
প্রমাণিত,0.46038222312927246,0.0,1.4603822231292725
বিশাল,0.46035611629486084,0.0,1.4603561162948608
তুলি,0.47045576572418213,0.010101010101010102,1.4603547556231722
ক্যামেরা,0.46034812927246094,0.0,1.460348129272461
আবৃত্তি,0.4602544903755188,0.0,1.4602544903755188
শিক্ষকেরা,0.4601808786392212,0.0,1.4601808786392212
সন্ধ্যায়,0.46011340618133545,0.0,1.4601134061813354
বিপদগ্রস্ত,0.460091769695282,0.0,1.460091769695282
বন্যা,0.470190167427063,0.010101010101010102,1.460089157326053
বিশ্বাসযোগ্য,0.4600849747657776,0.0,1.4600849747657776
হিটা,0.45997941493988037,0.0,1.4599794149398804
আঁ,0.4599616527557373,0.0,1.4599616527557373
বিদ্যুৎ,0.4803566336631775,0.02040816326530612,1.4599484703978713
প্রিন্ট,0.4598957896232605,0.0,1.4598957896232605
চ্যানেল,0.4598948359489441,0.0,1.459894835948944
মিশুক,0.45982086658477783,0.0,1.4598208665847778
ঘুমে,0.45974552631378174,0.0,1.4597455263137817
ম্যাকেঞ্জি,0.4597393274307251,0.0,1.459739327430725
শিরোনাম,0.46982699632644653,0.010101010101010102,1.4597259862254366
স্থাপত্য,0.4596816897392273,0.0,1.4596816897392273
নিচে,0.4596526622772217,0.0,1.4596526622772217
দক্ষিণে,0.4596405029296875,0.0,1.4596405029296875
ফাটল,0.4596118927001953,0.0,1.4596118927001953
বিশ্লেষণ,0.46966642141342163,0.010101010101010102,1.4595654113124117
জাদুঘরে,0.45956355333328247,0.0,1.4595635533332825
নিউজ,0.49046236276626587,0.030927835051546393,1.4595345277147196
প্রথমদি,0.4593021869659424,0.0,1.4593021869659424
দক্ষিণপূর্ব,0.46940189599990845,0.010101010101010102,1.4593008858988985
মঞ্জুর,0.4693528413772583,0.010101010101010102,1.4592518312762484
চিল,0.45924413204193115,0.0,1.4592441320419312
আসলে,0.45922309160232544,0.0,1.4592230916023254
সংশোধনী,0.4592163562774658,0.0,1.4592163562774658
ওরফে,0.45917654037475586,0.0,1.4591765403747559
অপেক্ষাকৃত,0.45915448665618896,0.0,1.459154486656189
মাপে,0.45912986993789673,0.0,1.4591298699378967
কেমনে,0.4591083526611328,0.0,1.4591083526611328
পত্রিকায়,0.45906227827072144,0.0,1.4590622782707214
মাসে,0.4590182900428772,0.0,1.4590182900428772
পজেটিভ,0.4589919447898865,0.0,1.4589919447898865
কীভাবে,0.4589194059371948,0.0,1.4589194059371948
উর,0.4588751792907715,0.0,1.4588751792907715
ধূমপান,0.4588009715080261,0.0,1.4588009715080261
হবেএ,0.45879316329956055,0.0,1.4587931632995605
সংস্কৃতি,0.46888023614883423,0.010101010101010102,1.4587792260478243
কাঠা,0.45872169733047485,0.0,1.4587216973304749
বারান্দা,0.45867425203323364,0.0,1.4586742520332336
রাইট,0.4586731791496277,0.0,1.4586731791496277
হেল,0.45863521099090576,0.0,1.4586352109909058
চৌকস,0.45859426259994507,0.0,1.458594262599945
অঘটন,0.4585806131362915,0.0,1.4585806131362915
জ্ঞানবিজ্ঞান,0.4584311842918396,0.0,1.4584311842918396
খানেকের,0.4583941102027893,0.0,1.4583941102027893
কলকারখানা,0.4583548903465271,0.0,1.458354890346527
জানাম,0.4582987427711487,0.0,1.4582987427711487
বেঙ্গল,0.45829421281814575,0.0,1.4582942128181458
ঘ্রাণ,0.4582909941673279,0.0,1.4582909941673279
রুটিন,0.458268404006958,0.0,1.458268404006958
দুপুর,0.45825833082199097,0.0,1.458258330821991
ইচ্ছাকৃত,0.45822596549987793,0.0,1.458225965499878
বিচ্ছিন্ন,0.4581151604652405,0.0,1.4581151604652405
সুযোগ্য,0.4580492377281189,0.0,1.458049237728119
গ্যাসোলিন,0.4579922556877136,0.0,1.4579922556877136
বাম্প,0.45798468589782715,0.0,1.4579846858978271
কমিউনিকেশন,0.45794349908828735,0.0,1.4579434990882874
ভাস,0.4578370451927185,0.0,1.4578370451927185
ঢুকতে,0.4578314423561096,0.0,1.4578314423561096
রানী,0.46791815757751465,0.010101010101010102,1.4578171474765047
ক্ষিপ্ত,0.4577774405479431,0.0,1.4577774405479431
উন্মত্ত,0.45776301622390747,0.0,1.4577630162239075
ধুত,0.4577452540397644,0.0,1.4577452540397644
আদাল,0.4677266478538513,0.010101010101010102,1.4576256377528414
অধিকার,0.45756566524505615,0.0,1.4575656652450562
সমাপ্ত,0.4575624465942383,0.0,1.4575624465942383
জীবাণু,0.45756077766418457,0.0,1.4575607776641846
সরকার,0.45755434036254883,0.0,1.4575543403625488
জলে,0.4574001431465149,0.0,1.457400143146515
কাঁদ,0.4572765827178955,0.0,1.4572765827178955
গেম,0.4572520852088928,0.0,1.4572520852088928
উদ্ধৃত,0.4572421908378601,0.0,1.45724219083786
চিতাবাঘ,0.45723438262939453,0.0,1.4572343826293945
পানির,0.46728837490081787,0.010101010101010102,1.457187364799808
ফুসফুস,0.46727222204208374,0.010101010101010102,1.4571712119410738
হইলে,0.45711439847946167,0.0,1.4571143984794617
কমিশন,0.4570022225379944,0.0,1.4570022225379944
লাইব্রেরি,0.4569903612136841,0.0,1.456990361213684
কঠোর,0.4670388102531433,0.010101010101010102,1.4569378001521334
টেনশন,0.45668989419937134,0.0,1.4566898941993713
আশঙ্ক,0.4566723704338074,0.0,1.4566723704338074
পারদর্শী,0.45665448904037476,0.0,1.4566544890403748
লাগলো,0.45664191246032715,0.0,1.4566419124603271
ক্রিম,0.466733455657959,0.010101010101010102,1.456632445556949
নৌকা,0.466732382774353,0.010101010101010102,1.456631372673343
গুরুত্বপূর্ণ,0.45653969049453735,0.0,1.4565396904945374
ঘটনায়,0.4565333127975464,0.0,1.4565333127975464
গতিপথ,0.4564225673675537,0.0,1.4564225673675537
মতপার্থক্য,0.45620375871658325,0.0,1.4562037587165833
কাশির,0.4662601947784424,0.010101010101010102,1.4561591846774324
রশী,0.4561375379562378,0.0,1.4561375379562378
পরিবার,0.4561121463775635,0.0,1.4561121463775635
কাঠামো,0.45610105991363525,0.0,1.4561010599136353
ব্যাটারি,0.4560021758079529,0.0,1.4560021758079529
অসহযোগ,0.4559648036956787,0.0,1.4559648036956787
ক্ষুধ,0.4660550355911255,0.010101010101010102,1.4559540254901155
পার্কিং,0.4558292627334595,0.0,1.4558292627334595
যেকেউ,0.45576202869415283,0.0,1.4557620286941528
লাইসেন্স,0.45566225051879883,0.0,1.4556622505187988
সংক্ষেপ,0.45561838150024414,0.0,1.4556183815002441
একাডেমীর,0.4556179642677307,0.0,1.4556179642677307
নির্বিচারে,0.4554874897003174,0.0,1.4554874897003174
জামিন,0.4655408263206482,0.010101010101010102,1.4554398162196382
আনুষ্ঠানিকতা,0.4554298520088196,0.0,1.4554298520088196
ভোগ,0.4554019570350647,0.0,1.4554019570350647
আজগুবি,0.455363392829895,0.0,1.455363392829895
প্রতিবেদন,0.455345094203949,0.0,1.455345094203949
পিষে,0.4552820324897766,0.0,1.4552820324897766
বাস্তব,0.45515692234039307,0.0,1.455156922340393
সীমাবদ্ধ,0.45512449741363525,0.0,1.4551244974136353
মাংস,0.4754357933998108,0.02040816326530612,1.4550276301345046
ছারখার,0.454948365688324,0.0,1.454948365688324
এনেছিল,0.4548996686935425,0.0,1.4548996686935425
নির্ভর,0.46486854553222656,0.010101010101010102,1.4547675354312166
কেবিনেট,0.454723060131073,0.0,1.454723060131073
তারিখে,0.45470863580703735,0.0,1.4547086358070374
জননী,0.46469980478286743,0.010101010101010102,1.4545987946818575
দরজা,0.45455169677734375,0.0,1.4545516967773438
স্পেন,0.4545515179634094,0.0,1.4545515179634094
শাল,0.45447975397109985,0.0,1.4544797539710999
ফ্রিল্যান্স,0.4544650912284851,0.0,1.454465091228485
এক্সরে,0.4543657898902893,0.0,1.4543657898902893
রেস্টুরেন্ট,0.46440452337265015,0.010101010101010102,1.4543035132716402
লেবু,0.4542310833930969,0.0,1.454231083393097
অপ্রতিরোধ্য,0.4541630744934082,0.0,1.4541630744934082
ডেড,0.45414042472839355,0.0,1.4541404247283936
জিজ্ঞাসাবা,0.46410101652145386,0.010101010101010102,1.454000006420444
সিলিন্ড,0.46409326791763306,0.010101010101010102,1.4539922578166231
কল্যাণে,0.4539298415184021,0.0,1.453929841518402
জিয়াউর,0.4539271593093872,0.0,1.4539271593093872
স্বস্তি,0.4539185166358948,0.0,1.4539185166358948
রক্ষার্থে,0.45387113094329834,0.0,1.4538711309432983
সার্জেন্ট,0.45385658740997314,0.0,1.4538565874099731
গাদা,0.45384496450424194,0.0,1.453844964504242
খুঁজে,0.45372939109802246,0.0,1.4537293910980225
শরণাপন্ন,0.4536677598953247,0.0,1.4536677598953247
ধরো,0.45359426736831665,0.0,1.4535942673683167
রোড,0.47391098737716675,0.02040816326530612,1.4535028241118606
নেব,0.46354585886001587,0.010101010101010102,1.453444848759006
শ্বাসকষ্ট,0.4533701539039612,0.0,1.4533701539039612
মিলাদ,0.4533299207687378,0.0,1.4533299207687378
লরির,0.4533194899559021,0.0,1.453319489955902
ব্যাগে,0.45326483249664307,0.0,1.453264832496643
উদ্ধারকারী,0.45319002866744995,0.0,1.45319002866745
ভারসাম্যহীন,0.453182578086853,0.0,1.453182578086853
পর্দায়,0.4531506299972534,0.0,1.4531506299972534
খাবারে,0.45312225818634033,0.0,1.4531222581863403
বিষ,0.4631649851799011,0.010101010101010102,1.4530639750788912
জার্নাল,0.4529207944869995,0.0,1.4529207944869995
কাউল,0.45284736156463623,0.0,1.4528473615646362
উদ্ভিদ,0.4527571201324463,0.0,1.4527571201324463
জিন্স,0.45262277126312256,0.0,1.4526227712631226
প্রসেস,0.4526156783103943,0.0,1.4526156783103943
উঠছি,0.4525383710861206,0.0,1.4525383710861206
রান্নাঘরে,0.4525342583656311,0.0,1.452534258365631
স্বামী,0.45250403881073,0.0,1.45250403881073
অশান্তি,0.45249342918395996,0.0,1.45249342918396
দেখতাম,0.4522278904914856,0.0,1.4522278904914856
বছরখানেক,0.45205146074295044,0.0,1.4520514607429504
যাইনি,0.45203036069869995,0.0,1.4520303606987
অপেক্ষ,0.4520185589790344,0.0,1.4520185589790344
চাকরি,0.46193212270736694,0.010101010101010102,1.451831112606357
ওসির,0.4619133472442627,0.010101010101010102,1.4518123371432528
জীবনযাত্,0.4517481327056885,0.0,1.4517481327056885
সাদামা,0.4517417550086975,0.0,1.4517417550086975
স্বাস্থ্যবান,0.46180886030197144,0.010101010101010102,1.4517078502009615
শার্ট,0.451629102230072,0.0,1.451629102230072
কাচা,0.451559841632843,0.0,1.451559841632843
আখত,0.45154839754104614,0.0,1.4515483975410461
আপনে,0.45151960849761963,0.0,1.4515196084976196
চাদর,0.4718097448348999,0.02040816326530612,1.4514015815695938
অধ্যাপক,0.45138055086135864,0.0,1.4513805508613586
দিচ্ছি,0.4614580273628235,0.010101010101010102,1.4513570172618135
অনুমতি,0.4512370228767395,0.0,1.4512370228767395
লিখি,0.45122361183166504,0.0,1.451223611831665
স্বাভাবিক,0.4612753391265869,0.010101010101010102,1.451174329025577
স্টেশন,0.47130876779556274,0.02040816326530612,1.4509006045302566
কেঁদে,0.46085280179977417,0.010101010101010102,1.4507517916987642
ঘুরে,0.46082109212875366,0.010101010101010102,1.4507200820277437
দৃষ্টিসীমা,0.45062363147735596,0.0,1.450623631477356
পাওনা,0.45054537057876587,0.0,1.4505453705787659
ইস্যু,0.45051002502441406,0.0,1.450510025024414
মিনতি,0.45040053129196167,0.0,1.4504005312919617
স্থানান্তরিত,0.4502936005592346,0.0,1.4502936005592346
নির্দিষ্ট,0.45025569200515747,0.0,1.4502556920051575
বিশ্বে,0.4502524733543396,0.0,1.4502524733543396
একি,0.4502098560333252,0.0,1.4502098560333252
একতলা,0.4501725435256958,0.0,1.4501725435256958
বুক,0.4501665234565735,0.0,1.4501665234565735
কাউন্সিলে,0.45012080669403076,0.0,1.4501208066940308
অভিযান,0.4602172374725342,0.010101010101010102,1.4501162273715242
অরণ্য,0.4500736594200134,0.0,1.4500736594200134
গহিনে,0.44998490810394287,0.0,1.4499849081039429
চিরে,0.44998157024383545,0.0,1.4499815702438354
অর্ধেকের,0.44994282722473145,0.0,1.4499428272247314
নদী,0.44993311166763306,0.0,1.449933111667633
রমরমা,0.449901282787323,0.0,1.449901282787323
ফ্রিজ,0.44984954595565796,0.0,1.449849545955658
এইবার,0.4497380256652832,0.0,1.4497380256652832
সেন্টিমি,0.4497178792953491,0.0,1.4497178792953491
প্রবাহ,0.4496987462043762,0.0,1.4496987462043762
পরোক্ষভাবে,0.4495091438293457,0.0,1.4495091438293457
বিজ্ঞান,0.4494903087615967,0.0,1.4494903087615967
সংসারে,0.4494485855102539,0.0,1.449448585510254
থান,0.4494401216506958,0.0,1.4494401216506958
ল্যাম্প,0.44943761825561523,0.0,1.4494376182556152
পিএইচডি,0.4494069814682007,0.0,1.4494069814682007
জুম্মা,0.44920670986175537,0.0,1.4492067098617554
কটেজ,0.44916313886642456,0.0,1.4491631388664246
ফুল,0.45913076400756836,0.010101010101010102,1.4490297539065584
ব্যবহার্য,0.4487777352333069,0.0,1.4487777352333069
খুশি,0.44867902994155884,0.0,1.4486790299415588
তৃপ্তির,0.4486371874809265,0.0,1.4486371874809265
ধরি,0.45870816707611084,0.010101010101010102,1.448607156975101
ছাই,0.4485269784927368,0.0,1.4485269784927368
ডাল,0.4794347286224365,0.030927835051546393,1.4485068935708902
রোবট,0.44847357273101807,0.0,1.448473572731018
জরাজীর্ণ,0.44841647148132324,0.0,1.4484164714813232
সরে,0.4483495354652405,0.0,1.4483495354652405
ভাষণ,0.448306143283844,0.0,1.448306143283844
নাকমুখ,0.4482671618461609,0.0,1.4482671618461609
ভারে,0.45830482244491577,0.010101010101010102,1.4482038123439058
মানসিক,0.45827585458755493,0.010101010101010102,1.448174844486545
অবশ,0.4481624364852905,0.0,1.4481624364852905
ক্যামেরার,0.4481039047241211,0.0,1.448103904724121
লিখিতভাবে,0.4479907155036926,0.0,1.4479907155036926
রেল,0.4580833315849304,0.010101010101010102,1.4479823214839205
অনুপাত,0.44793134927749634,0.0,1.4479313492774963
শুনেছি,0.4479284882545471,0.0,1.4479284882545471
বেটি,0.44792115688323975,0.0,1.4479211568832397
মার্কেট,0.4479118585586548,0.0,1.4479118585586548
পরিষ্কারভাবে,0.44789326190948486,0.0,1.4478932619094849
পিত,0.4478881359100342,0.0,1.4478881359100342
জোরালো,0.44781941175460815,0.0,1.4478194117546082
কর্নেল,0.4477927088737488,0.0,1.4477927088737488
চোরা,0.4476849436759949,0.0,1.4476849436759949
কমি,0.4476580023765564,0.0,1.4476580023765564
ভাঙ্গে,0.447576642036438,0.0,1.447576642036438
ডলার,0.45761698484420776,0.010101010101010102,1.4475159747431978
উপচে,0.45751285552978516,0.010101010101010102,1.4474118454287752
যোগসূত্র,0.44735872745513916,0.0,1.4473587274551392
লাঠি,0.44732630252838135,0.0,1.4473263025283813
খারাপভাবে,0.4472848176956177,0.0,1.4472848176956177
অন্ধকার,0.44702112674713135,0.0,1.4470211267471313
ধ্বংসস্তূপ,0.446982741355896,0.0,1.446982741355896
মশারির,0.4469815492630005,0.0,1.4469815492630005
সরবরাহ,0.45706915855407715,0.010101010101010102,1.4469681484530672
বৈশিষ্ট্য,0.4467267394065857,0.0,1.4467267394065857
নেমেছেন,0.44656068086624146,0.0,1.4465606808662415
রশ্মির,0.4465254545211792,0.0,1.4465254545211792
সেলুন,0.44639259576797485,0.0,1.4463925957679749
ডক্টরেট,0.4463235139846802,0.0,1.4463235139846802
বিক্রির,0.44630545377731323,0.0,1.4463054537773132
শোভা,0.44618940353393555,0.0,1.4461894035339355
পাবে,0.44615769386291504,0.0,1.446157693862915
নাদি,0.4460926651954651,0.0,1.446092665195465
কেন্দ্রটিতে,0.4460064768791199,0.0,1.4460064768791199
জাতি,0.45598751306533813,0.010101010101010102,1.4458865029643282
রোডে,0.4559769630432129,0.010101010101010102,1.445875952942203
মেঘলা,0.45572972297668457,0.010101010101010102,1.4456287128756746
খ্যাতির,0.4455721378326416,0.0,1.4455721378326416
অবস্থান,0.4455432891845703,0.0,1.4455432891845703
ডাক্ত,0.44551151990890503,0.0,1.445511519908905
মেদ,0.4555394649505615,0.010101010101010102,1.4454384548495516
রোগ,0.45547229051589966,0.010101010101010102,1.4453712804148897
বিকেল,0.44532740116119385,0.0,1.4453274011611938
হাটে,0.4452688694000244,0.0,1.4452688694000244
করতা,0.4452463388442993,0.0,1.4452463388442993
মাসিক,0.44510966539382935,0.0,1.4451096653938293
উন্নতির,0.45512503385543823,0.010101010101010102,1.4450240237544283
মোশতাক,0.44490426778793335,0.0,1.4449042677879333
নিয়োজিত,0.4448953866958618,0.0,1.4448953866958618
কক্ষপথে,0.44484078884124756,0.0,1.4448407888412476
লাগ,0.4448396563529968,0.0,1.4448396563529968
মফিজ,0.44481581449508667,0.0,1.4448158144950867
কেন্দ্রটি,0.4447399377822876,0.0,1.4447399377822876
অনুচ্ছে,0.454656183719635,0.010101010101010102,1.444555173618625
পারবে,0.4445323348045349,0.0,1.444532334804535
প্রতিরক্ষা,0.4444344639778137,0.0,1.4444344639778137
ঘুরা,0.44422096014022827,0.0,1.4442209601402283
পাল্লা,0.44409340620040894,0.0,1.444093406200409
লেখালেখি,0.4541875123977661,0.010101010101010102,1.4440865022967562
প্রকাশক,0.4857245087623596,0.041666666666666664,1.444057842095693
সাই,0.4439953565597534,0.0,1.4439953565597534
চাষী,0.4439120292663574,0.0,1.4439120292663574
পড়াশোনায়,0.4438488483428955,0.0,1.4438488483428955
মীমাংসা,0.44381576776504517,0.0,1.4438157677650452
কামনা,0.44380199909210205,0.0,1.443801999092102
আগস্ট,0.46420997381210327,0.02040816326530612,1.4438018105467971
আবহাওয়া,0.4437978267669678,0.0,1.4437978267669678
ব্লাস্,0.4437592029571533,0.0,1.4437592029571533
সান্ত্বনা,0.4437568783760071,0.0,1.443756878376007
আইর,0.44367629289627075,0.0,1.4436762928962708
আস্ত,0.44360673427581787,0.0,1.4436067342758179
পারস্পরিক,0.4435865879058838,0.0,1.4435865879058838
পরিস্থিতি,0.4434725046157837,0.0,1.4434725046157837
থার্ড,0.4434676766395569,0.0,1.4434676766395569
ইংরেজি,0.44335120916366577,0.0,1.4433512091636658
মাওলা,0.4433012008666992,0.0,1.4433012008666992
দোকানে,0.4432096481323242,0.0,1.4432096481323242
স্থাপন,0.4431619644165039,0.0,1.443161964416504
রাজনীতিবিদরা,0.44300585985183716,0.0,1.4430058598518372
মাসখানেক,0.4429781436920166,0.0,1.4429781436920166
কোট,0.4530288577079773,0.010101010101010102,1.4429278476069674
সৃষ্টিকর্তা,0.4429240822792053,0.0,1.4429240822792053
রুপা,0.4428648352622986,0.0,1.4428648352622986
কোষ,0.4529649615287781,0.010101010101010102,1.4428639514277681
ঢালা,0.44260889291763306,0.0,1.442608892917633
পরিধি,0.44260793924331665,0.0,1.4426079392433167
নামাজে,0.4424790143966675,0.0,1.4424790143966675
মার্বেল,0.4424346089363098,0.0,1.4424346089363098
করিয়েছি,0.44242608547210693,0.0,1.442426085472107
দোতলা,0.4423508644104004,0.0,1.4423508644104004
বিদ্রুপ,0.44233089685440063,0.0,1.4423308968544006
নমুন,0.44220679998397827,0.0,1.4422067999839783
জিন্দাবাদ,0.44208264350891113,0.0,1.4420826435089111
ভাঙ,0.4624202847480774,0.02040816326530612,1.4420121214827712
শুক্রাণু,0.4418873190879822,0.0,1.4418873190879822
দিনে,0.4418869614601135,0.0,1.4418869614601135
উপলক্ষে,0.441877543926239,0.0,1.441877543926239
পাঠানে,0.44182896614074707,0.0,1.441828966140747
কাটে,0.44180750846862793,0.0,1.441807508468628
নভোযান,0.4417225122451782,0.0,1.4417225122451782
উপাদান,0.44169938564300537,0.0,1.4416993856430054
টিউন,0.4416918158531189,0.0,1.441691815853119
পরিশ্রমে,0.4415186643600464,0.0,1.4415186643600464
বিবি,0.4414907693862915,0.0,1.4414907693862915
অসুস্থত,0.44148486852645874,0.0,1.4414848685264587
কিনে,0.4414513111114502,0.0,1.4414513111114502
পুঁ,0.44145095348358154,0.0,1.4414509534835815
কৌতুহল,0.4413870573043823,0.0,1.4413870573043823
উত্তরাঞ্চল,0.44134521484375,0.0,1.44134521484375
কারেন্সি,0.441303551197052,0.0,1.441303551197052
শারীরিক,0.46170783042907715,0.02040816326530612,1.441299667163771
চেয়েছেন,0.4412611126899719,0.0,1.441261112689972
জাহান্নামে,0.441231369972229,0.0,1.441231369972229
ফুক,0.4411611557006836,0.0,1.4411611557006836
গভীরে,0.44113534688949585,0.0,1.4411353468894958
ডেক,0.4411039352416992,0.0,1.4411039352416992
ঢুকা,0.4410439133644104,0.0,1.4410439133644104
দেশবিদেশের,0.4410396218299866,0.0,1.4410396218299866
গৃহস্থা,0.441028356552124,0.0,1.441028356552124
সর্বকাল,0.4510963559150696,0.010101010101010102,1.4409953458140596
লিচু,0.44098126888275146,0.0,1.4409812688827515
আত্মত্যাগ,0.4409000277519226,0.0,1.4409000277519226
গুঁড়ি,0.4408547282218933,0.0,1.4408547282218933
ট্যাঙ্ক,0.4407949447631836,0.0,1.4407949447631836
গ্রন্থে,0.4407691955566406,0.0,1.4407691955566406
অপরিকল্পিত,0.4407312870025635,0.0,1.4407312870025635
চাচী,0.4407210350036621,0.0,1.440721035003662
কান্নাকা,0.4406980276107788,0.0,1.4406980276107788
তুমি,0.44065046310424805,0.0,1.440650463104248
ঘেউ,0.4507092833518982,0.010101010101010102,1.4406082732508882
দুপুরে,0.4406030774116516,0.0,1.4406030774116516
গরিল,0.4405691623687744,0.0,1.4405691623687744
পবিত্রতা,0.44055598974227905,0.0,1.440555989742279
বিশৃঙ্খলা,0.4405403733253479,0.0,1.440540373325348
মাখ,0.44051647186279297,0.0,1.440516471862793
রিমান্ড,0.44051092863082886,0.0,1.4405109286308289
হিন্দি,0.44050800800323486,0.0,1.4405080080032349
ওষুধপত্র,0.44036924839019775,0.0,1.4403692483901978
একপাশে,0.44031208753585815,0.0,1.4403120875358582
অনুষ্ঠান,0.4402088522911072,0.0,1.4402088522911072
নিশ্চিন্,0.4401850700378418,0.0,1.4401850700378418
দেশত্যাগ,0.4401599168777466,0.0,1.4401599168777466
ফাঁসির,0.4502546191215515,0.010101010101010102,1.4401536090205416
মহাসাগর,0.44012320041656494,0.0,1.440123200416565
যাত্রাপথে,0.4400787949562073,0.0,1.4400787949562073
অশালীন,0.440025269985199,0.0,1.440025269985199
নার,0.4400123357772827,0.0,1.4400123357772827
তরমুজ,0.43994033336639404,0.0,1.439940333366394
দীর্ঘক্ষণ,0.43990588188171387,0.0,1.4399058818817139
মনোরম,0.4398282766342163,0.0,1.4398282766342163
অবস্থানকারী,0.439746618270874,0.0,1.439746618270874
চেম্বারে,0.4394994378089905,0.0,1.4394994378089905
ভোঁ,0.43947649002075195,0.0,1.439476490020752
সর্বনাশা,0.4392085075378418,0.0,1.4392085075378418
জমা,0.43902748823165894,0.0,1.439027488231659
ব্যাস,0.4389086961746216,0.0,1.4389086961746216
সমুদ্রে,0.448996901512146,0.010101010101010102,1.438895891411136
দক্ষিণাঞ্চল,0.4388366937637329,0.0,1.438836693763733
দুঃসাধ্য,0.43883633613586426,0.0,1.4388363361358643
খোদা,0.43876588344573975,0.0,1.4387658834457397
হ্যাপি,0.4387054443359375,0.0,1.4387054443359375
মহাত্মা,0.44879359006881714,0.010101010101010102,1.4386925799678072
খুলে,0.43860429525375366,0.0,1.4386042952537537
ব্যথিত,0.43857622146606445,0.0,1.4385762214660645
তুলব,0.43854987621307373,0.0,1.4385498762130737
অভিযোগ,0.4385017156600952,0.0,1.4385017156600952
সম্পাদক,0.43844807147979736,0.0,1.4384480714797974
বুঝেছেন,0.4383397102355957,0.0,1.4383397102355957
মৌলিক,0.4382726550102234,0.0,1.4382726550102234
শোনানো,0.4382280707359314,0.0,1.4382280707359314
দশগুণ,0.4382206201553345,0.0,1.4382206201553345
মিথ্যা,0.44824349880218506,0.010101010101010102,1.4381424887011751
চাইনি,0.43814247846603394,0.0,1.438142478466034
মাঘ,0.4381105899810791,0.0,1.438110589981079
বিদেশের,0.4379897713661194,0.0,1.4379897713661194
কিনবে,0.43796294927597046,0.0,1.4379629492759705
স্মরণে,0.43794095516204834,0.0,1.4379409551620483
অঞ্চল,0.44801968336105347,0.010101010101010102,1.4379186732600435
ওগো,0.4377647638320923,0.0,1.4377647638320923
ঘুম,0.44786179065704346,0.010101010101010102,1.4377607805560335
লেখ,0.43772709369659424,0.0,1.4377270936965942
লেকচ,0.4377182722091675,0.0,1.4377182722091675
প্রতিহিংস,0.4375779628753662,0.0,1.4375779628753662
পাম্প,0.4476228952407837,0.010101010101010102,1.4375218851397737
কিক,0.4374884366989136,0.0,1.4374884366989136
যুবা,0.4374529719352722,0.0,1.4374529719352722
খাদ্য,0.4372187852859497,0.0,1.4372187852859497
রিসার্চ,0.4371222257614136,0.0,1.4371222257614136
মৃত্যুদণ্ড,0.4680328369140625,0.030927835051546393,1.4371050018625162
দেখেননি,0.4370883107185364,0.0,1.4370883107185364
সভা,0.4370502829551697,0.0,1.4370502829551697
সালামের,0.43688321113586426,0.0,1.4368832111358643
গতিবেগ,0.4366997480392456,0.0,1.4366997480392456
সম্মানিত,0.4366845488548279,0.0,1.4366845488548279
জিন্দ,0.43656134605407715,0.0,1.4365613460540771
নির্মম,0.43650221824645996,0.0,1.43650221824646
লিখছি,0.4363557696342468,0.0,1.4363557696342468
লেন্স,0.43634045124053955,0.0,1.4363404512405396
অমৃত,0.43623727560043335,0.0,1.4362372756004333
ডেকেছেন,0.43615567684173584,0.0,1.4361556768417358
ভরপুর,0.4361546039581299,0.0,1.4361546039581299
ভিত,0.43615299463272095,0.0,1.436152994632721
শান্তিনগর,0.43614327907562256,0.0,1.4361432790756226
পৃথিবীর,0.43603330850601196,0.0,1.436033308506012
পোষাক,0.43603038787841797,0.0,1.436030387878418
সামুদ্রিক,0.4460564851760864,0.010101010101010102,1.4359554750750765
অমূলক,0.4460331201553345,0.010101010101010102,1.4359321100543245
অপেক্ষমাণ,0.43586963415145874,0.0,1.4358696341514587
গভীরভাবে,0.4357643723487854,0.0,1.4357643723487854
প্রাচীর,0.4357408285140991,0.0,1.4357408285140991
অবিচ,0.43570470809936523,0.0,1.4357047080993652
বেঁচে,0.4457327723503113,0.010101010101010102,1.4356317622493013
আনুষঙ্গিক,0.43553614616394043,0.0,1.4355361461639404
ইন্টারভিউ,0.43553364276885986,0.0,1.4355336427688599
জানল,0.43549245595932007,0.0,1.43549245595932
কাহিনি,0.445489764213562,0.010101010101010102,1.435388754112552
অব্যবহৃত,0.43536508083343506,0.0,1.435365080833435
লেবুর,0.4353402256965637,0.0,1.4353402256965637
সুষম,0.4353361129760742,0.0,1.4353361129760742
ভাবত,0.4353277087211609,0.0,1.4353277087211609
নাসা,0.43516576290130615,0.0,1.4351657629013062
কর্মকর্তা,0.4351347088813782,0.0,1.4351347088813782
চেকআপ,0.43512994050979614,0.0,1.4351299405097961
আলামীন,0.43511372804641724,0.0,1.4351137280464172
সমপরিমাণ,0.4349849820137024,0.0,1.4349849820137024
কনফারেন্সে,0.4349128007888794,0.0,1.4349128007888794
আতাউল,0.4347783923149109,0.0,1.4347783923149109
বীর,0.44484567642211914,0.010101010101010102,1.4347446663211092
অসুবিধ,0.4346495270729065,0.0,1.4346495270729065
মাবাবা,0.434583842754364,0.0,1.434583842754364
স্বীকৃত,0.43436819314956665,0.0,1.4343681931495667
স্তূপ,0.43434232473373413,0.0,1.4343423247337341
মোটর,0.4545803666114807,0.02040816326530612,1.4341722033461746
উকিল,0.4341185688972473,0.0,1.4341185688972473
পরিমাণ,0.4341132640838623,0.0,1.4341132640838623
ফোরে,0.43406498432159424,0.0,1.4340649843215942
যাদুঘরে,0.4340546131134033,0.0,1.4340546131134033
গোল,0.4339892268180847,0.0,1.4339892268180847
পরিসমাপ্তি,0.43397724628448486,0.0,1.4339772462844849
হাতাহাতি,0.4339721202850342,0.0,1.4339721202850342
একবিংশ,0.443988561630249,0.010101010101010102,1.433887551529239
ময়মনসিংহ,0.4337978959083557,0.0,1.4337978959083557
ইতিহাস,0.4337896704673767,0.0,1.4337896704673767
ফটো,0.43366938829421997,0.0,1.43366938829422
আসবাবপত্র,0.43364137411117554,0.0,1.4336413741111755
গোলা,0.4334681034088135,0.0,1.4334681034088135
নিরপরাধ,0.4334349036216736,0.0,1.4334349036216736
ডাইনিং,0.43339622020721436,0.0,1.4333962202072144
আঁকা,0.43320369720458984,0.0,1.4332036972045898
গোপন,0.4432418942451477,0.010101010101010102,1.4331408841441378
অস্থিরত,0.4330955743789673,0.0,1.4330955743789673
মেশানো,0.43303024768829346,0.0,1.4330302476882935
গোয়েন্দা,0.43300700187683105,0.0,1.433007001876831
ঢেউ,0.4329710602760315,0.0,1.4329710602760315
শিকদ,0.432969331741333,0.0,1.432969331741333
রোদ,0.43286460638046265,0.0,1.4328646063804626
প্রকাশনা,0.44283008575439453,0.010101010101010102,1.4327290756533846
ডাউনলোড,0.4427272081375122,0.010101010101010102,1.4326261980365023
ক্রেতা,0.4326111674308777,0.0,1.4326111674308777
ক্লিন,0.43259596824645996,0.0,1.43259596824646
বিবাহ,0.44251692295074463,0.010101010101010102,1.4324159128497347
ভীতিকর,0.43236851692199707,0.0,1.432368516921997
অবসাদ,0.4424300193786621,0.010101010101010102,1.4323290092776522
স্পিকার,0.4323204755783081,0.0,1.432320475578308
আইল্যান্ড,0.4323195815086365,0.0,1.4323195815086365
আসামি,0.45272648334503174,0.02040816326530612,1.4323183200797256
জন্মদিন,0.44241487979888916,0.010101010101010102,1.4323138696978792
মেইন,0.43221163749694824,0.0,1.4322116374969482
লাবু,0.4321620464324951,0.0,1.4321620464324951
ছাত্রনেতা,0.43214303255081177,0.0,1.4321430325508118
চাঙ্গা,0.4321332573890686,0.0,1.4321332573890686
পারো,0.4320775866508484,0.0,1.4320775866508484
যৌক্তিক,0.43205273151397705,0.0,1.432052731513977
অনভিজ্ঞ,0.4421377182006836,0.010101010101010102,1.4320367080996736
আরেক,0.43202638626098633,0.0,1.4320263862609863
কলাবাগানে,0.4320072531700134,0.0,1.4320072531700134
ড্রেসিং,0.43192464113235474,0.0,1.4319246411323547
স্বাদ,0.43188804388046265,0.0,1.4318880438804626
অবিবাহিত,0.43187862634658813,0.0,1.4318786263465881
দুর্গন্ধ,0.43183082342147827,0.0,1.4318308234214783
এনে,0.4318242073059082,0.0,1.4318242073059082
নিল,0.431765079498291,0.0,1.431765079498291
রতনপুর,0.4317081570625305,0.0,1.4317081570625305
আনোয়,0.4316341280937195,0.0,1.4316341280937195
জীবনী,0.43161916732788086,0.0,1.4316191673278809
বাসাতে,0.43161284923553467,0.0,1.4316128492355347
সংবিধানে,0.4315929412841797,0.0,1.4315929412841797
বাহ,0.4315073490142822,0.0,1.4315073490142822
প্রাণে,0.4314711093902588,0.0,1.4314711093902588
দিনকাল,0.431418240070343,0.0,1.431418240070343
বিচ,0.4314119815826416,0.0,1.4314119815826416
ধরনে,0.43134868144989014,0.0,1.4313486814498901
বাসন,0.4312613606452942,0.0,1.4312613606452942
জীবাণুমুক্ত,0.43125271797180176,0.0,1.4312527179718018
বৃদ্ধি,0.431201696395874,0.0,1.431201696395874
আশ্চর্যজনক,0.43119269609451294,0.0,1.431192696094513
খোঁজা,0.44118207693099976,0.010101010101010102,1.4310810668299898
খুন,0.43078672885894775,0.0,1.4307867288589478
সন্ধ্যা,0.43074488639831543,0.0,1.4307448863983154
জনসংখ্যা,0.4407985806465149,0.010101010101010102,1.430697570545505
প্রত্যে,0.43064939975738525,0.0,1.4306493997573853
শীতকালে,0.43058282136917114,0.0,1.4305828213691711
ঘোলা,0.4305633306503296,0.0,1.4305633306503296
তিল,0.43054407835006714,0.0,1.4305440783500671
সুইট,0.4305161237716675,0.0,1.4305161237716675
ঘূর্ণিঝড়,0.43043434619903564,0.0,1.4304343461990356
বিবাহিত,0.4304174780845642,0.0,1.4304174780845642
ফোটানোর,0.4303809404373169,0.0,1.430380940437317
মিরর,0.4302600026130676,0.0,1.4302600026130676
পালনে,0.4302132725715637,0.0,1.4302132725715637
অর্থনীতির,0.43016135692596436,0.0,1.4301613569259644
নিদিষ্ট,0.4299747943878174,0.0,1.4299747943878174
প্রহরীর,0.42991775274276733,0.0,1.4299177527427673
শোধন,0.42982596158981323,0.0,1.4298259615898132
অন্যসব,0.4298204183578491,0.0,1.4298204183578491
করিলে,0.4297940731048584,0.0,1.4297940731048584
খোন্দক,0.42977458238601685,0.0,1.4297745823860168
কেরানি,0.4297698140144348,0.0,1.4297698140144348
বিভীষিকা,0.4297333359718323,0.0,1.4297333359718323
চাকা,0.4296056032180786,0.0,1.4296056032180786
বিজ্ঞাপনে,0.4294188618659973,0.0,1.4294188618659973
সিস্টেমের,0.4394955635070801,0.010101010101010102,1.4293945534060701
কোনোক্রমে,0.429374635219574,0.0,1.429374635219574
রুদ্ধ,0.42933857440948486,0.0,1.4293385744094849
প্রতিষ্ঠিত,0.4292755722999573,0.0,1.4292755722999573
ডিগ্রি,0.44964349269866943,0.02040816326530612,1.4292353294333633
শৃঙ্খলা,0.4392915368080139,0.010101010101010102,1.429190526707004
কাভা,0.42915982007980347,0.0,1.4291598200798035
নটা,0.4291530251502991,0.0,1.429153025150299
শরীর,0.4495050311088562,0.02040816326530612,1.42909686784355
জানাবে,0.4391899108886719,0.010101010101010102,1.429088900787662
যুবতী,0.42903685569763184,0.0,1.4290368556976318
সংজ্ঞা,0.4289919137954712,0.0,1.4289919137954712
ক্যাট,0.42889124155044556,0.0,1.4288912415504456
পাশ্চাত্য,0.42882680892944336,0.0,1.4288268089294434
বিদ্যমান,0.4285992383956909,0.0,1.428599238395691
ঝুকি,0.4285900592803955,0.0,1.4285900592803955
পুরো,0.42855268716812134,0.0,1.4285526871681213
লিটা,0.42847001552581787,0.0,1.4284700155258179
সবাইকে,0.4284207224845886,0.0,1.4284207224845886
আলু,0.4283422827720642,0.0,1.4283422827720642
খোলামেলা,0.42831599712371826,0.0,1.4283159971237183
বিএ,0.4383010268211365,0.010101010101010102,1.4282000167201265
বিস্ফোরণে,0.4382644295692444,0.010101010101010102,1.4281634194682344
উজ্জীবিত,0.4281371235847473,0.0,1.4281371235847473
আলমি,0.42813414335250854,0.0,1.4281341433525085
আখ্যা,0.42812860012054443,0.0,1.4281286001205444
উঠছিল,0.42809969186782837,0.0,1.4280996918678284
অনুগত,0.42807722091674805,0.0,1.428077220916748
শিল,0.4280630946159363,0.0,1.4280630946159363
মারধোর,0.428045392036438,0.0,1.428045392036438
ঘুটঘুটে,0.4279780387878418,0.0,1.4279780387878418
পদার্থবিদ্যা,0.42797672748565674,0.0,1.4279767274856567
পরেছেন,0.42795073986053467,0.0,1.4279507398605347
অবুঝ,0.42791348695755005,0.0,1.42791348695755
নাগাল,0.4278692603111267,0.0,1.4278692603111267
শিশুর,0.42784637212753296,0.0,1.427846372127533
সাধ্য,0.4278201460838318,0.0,1.4278201460838318
ম্যাপে,0.4278112053871155,0.0,1.4278112053871155
ইমেইল,0.42778730392456055,0.0,1.4277873039245605
আলাদা,0.42774951457977295,0.0,1.427749514579773
নিশ্চুপ,0.4277307987213135,0.0,1.4277307987213135
পাল,0.4276885390281677,0.0,1.4276885390281677
অসম্মান,0.4276497960090637,0.0,1.4276497960090637
সর্বসাধারণের,0.4276084899902344,0.0,1.4276084899902344
চেয়ারম্যান,0.4275352358818054,0.0,1.4275352358818054
নভেম্বর,0.4478152394294739,0.02040816326530612,1.4274070761641677
সূত্রাপুর,0.42740464210510254,0.0,1.4274046421051025
ছিন্নভিন্ন,0.4272385835647583,0.0,1.4272385835647583
মালী,0.42708081007003784,0.0,1.4270808100700378
অ্যাড্রেস,0.4269390106201172,0.0,1.4269390106201172
কোল,0.4269249439239502,0.0,1.4269249439239502
অন্যান্য,0.4269137382507324,0.0,1.4269137382507324
ছুটি,0.43700850009918213,0.010101010101010102,1.4269074899981722
সার্থক,0.42690539360046387,0.0,1.4269053936004639
শরীরে,0.42688870429992676,0.0,1.4268887042999268
খুনোখুনি,0.4268730878829956,0.0,1.4268730878829956
সাউন্ড,0.4267084002494812,0.0,1.4267084002494812
ভাগ্যবান,0.42668747901916504,0.0,1.426687479019165
পাকানো,0.42664623260498047,0.0,1.4266462326049805
রেলিং,0.42658478021621704,0.0,1.426584780216217
দেশী,0.4264851212501526,0.0,1.4264851212501526
সাপ্লা,0.42647111415863037,0.0,1.4264711141586304
রুখে,0.42634284496307373,0.0,1.4263428449630737
অনন্ত,0.426292359828949,0.0,1.426292359828949
ইশ,0.4262806177139282,0.0,1.4262806177139282
বনাম,0.4262230396270752,0.0,1.4262230396270752
নাগালে,0.42621171474456787,0.0,1.4262117147445679
জটলা,0.42612534761428833,0.0,1.4261253476142883
ফুটপা,0.4259483814239502,0.0,1.4259483814239502
সুরক্ষিত,0.4258947968482971,0.0,1.4258947968482971
অভিভাবকত্ব,0.42586755752563477,0.0,1.4258675575256348
চারশ,0.4258648753166199,0.0,1.4258648753166199
বালি,0.4258592128753662,0.0,1.4258592128753662
জাসদ,0.425795316696167,0.0,1.425795316696167
দাম,0.45671218633651733,0.030927835051546393,1.425784351284971
নিজেক,0.4257018566131592,0.0,1.4257018566131592
অশোভন,0.4256932735443115,0.0,1.4256932735443115
নগরবাসী,0.42568349838256836,0.0,1.4256834983825684
পরশু,0.4255872368812561,0.0,1.425587236881256
গোন,0.42557603120803833,0.0,1.4255760312080383
বিমূর্ত,0.42555272579193115,0.0,1.4255527257919312
খোসা,0.425503134727478,0.0,1.425503134727478
লাল,0.42544418573379517,0.0,1.4254441857337952
দীর্ঘতম,0.4254440665245056,0.0,1.4254440665245056
ছুটে,0.4252457022666931,0.0,1.4252457022666931
পাত্রে,0.42519235610961914,0.0,1.4251923561096191
চাঁ,0.42508912086486816,0.0,1.4250891208648682
শাস্তি,0.4559798240661621,0.030927835051546393,1.4250519890146158
হবি,0.4250282645225525,0.0,1.4250282645225525
শীঘ্র,0.4249606132507324,0.0,1.4249606132507324
তুল,0.43493759632110596,0.010101010101010102,1.424836586220096
মুহূর্,0.4246255159378052,0.0,1.4246255159378052
একাউন্টে,0.42453694343566895,0.0,1.424536943435669
পুস্তক,0.42448335886001587,0.0,1.4244833588600159
দোল,0.4243748188018799,0.0,1.4243748188018799
মাঝরাত,0.4243738055229187,0.0,1.4243738055229187
পরা,0.4243674874305725,0.0,1.4243674874305725
রাষ্ট্রপতির,0.42433488368988037,0.0,1.4243348836898804
আইস,0.42416614294052124,0.0,1.4241661429405212
মানিব্যাগ,0.4241294860839844,0.0,1.4241294860839844
ঘুমান,0.4240456819534302,0.0,1.4240456819534302
সাধারণভাবে,0.42401617765426636,0.0,1.4240161776542664
অবিরাম,0.42386651039123535,0.0,1.4238665103912354
ভলিউম,0.4237467050552368,0.0,1.4237467050552368
অক্সিজেনের,0.4236547350883484,0.0,1.4236547350883484
হাবীব,0.42349469661712646,0.0,1.4234946966171265
ডিআইজি,0.4233519434928894,0.0,1.4233519434928894
ইউসুফ,0.4233490228652954,0.0,1.4233490228652954
ব্রেকার,0.4233269691467285,0.0,1.4233269691467285
বন্ধুত্ব,0.423315167427063,0.0,1.423315167427063
কনস্টেবল,0.4232370853424072,0.0,1.4232370853424072
পরিহাস,0.42306697368621826,0.0,1.4230669736862183
সাঃ,0.42291516065597534,0.0,1.4229151606559753
বিভ্রান্তির,0.42287904024124146,0.0,1.4228790402412415
অ্যান্থনি,0.42287373542785645,0.0,1.4228737354278564
নায়িকা,0.43286049365997314,0.010101010101010102,1.4227594835589632
দেশপ্রেমিক,0.42273420095443726,0.0,1.4227342009544373
আশ্বাস,0.43270862102508545,0.010101010101010102,1.4226076109240755
শ্বেত,0.42260438203811646,0.0,1.4226043820381165
লাভজনক,0.4226001501083374,0.0,1.4226001501083374
প্যান্ট,0.4225134253501892,0.0,1.4225134253501892
আশা,0.42224931716918945,0.0,1.4222493171691895
পাশাপাশি,0.422227144241333,0.0,1.422227144241333
তিনমাস,0.42203110456466675,0.0,1.4220311045646667
আক্রমণকারী,0.42201173305511475,0.0,1.4220117330551147
বিরাজ,0.4218805432319641,0.0,1.4218805432319641
অবান্তর,0.4218670129776001,0.0,1.4218670129776
সুরমা,0.42185771465301514,0.0,1.4218577146530151
ত্রাস,0.4218301773071289,0.0,1.421830177307129
উদ্দিন,0.4216883182525635,0.0,1.4216883182525635
ক্ষমতাধর,0.42159879207611084,0.0,1.4215987920761108
ইন্টারনেটের,0.4214107394218445,0.0,1.4214107394218445
একাত্তরে,0.4213557243347168,0.0,1.4213557243347168
অত্যন্ত,0.42123955488204956,0.0,1.4212395548820496
একর,0.43133020401000977,0.010101010101010102,1.4212291939089998
অফ,0.4212266206741333,0.0,1.4212266206741333
দুএকদিন,0.42119061946868896,0.0,1.421190619468689
বগুড়া,0.4312518239021301,0.010101010101010102,1.4211508138011202
ক্লাসরুম,0.42107343673706055,0.0,1.4210734367370605
বঙ্গবন্ধুর,0.42097318172454834,0.0,1.4209731817245483
ওয়েবসাইটে,0.4209554195404053,0.0,1.4209554195404053
চিত্রশিল্পীর,0.42094647884368896,0.0,1.420946478843689
চরিতার্থ,0.42093217372894287,0.0,1.4209321737289429
গতিবিধি,0.42086315155029297,0.0,1.420863151550293
রেস্ট,0.4206528067588806,0.0,1.4206528067588806
হবে,0.42045319080352783,0.0,1.4204531908035278
রোজগ,0.4304925799369812,0.010101010101010102,1.4203915698359713
গোলযোগ,0.4203464388847351,0.0,1.420346438884735
ডালপালা,0.4203011393547058,0.0,1.4203011393547058
অভিশাপ,0.42026418447494507,0.0,1.420264184474945
রাব্বুল,0.4202035665512085,0.0,1.4202035665512085
অটোমেটিক,0.42018067836761475,0.0,1.4201806783676147
ব্যাপারির,0.420071005821228,0.0,1.420071005821228
ধূমকেতু,0.4200555682182312,0.0,1.4200555682182312
সমাধিস্থ,0.419977605342865,0.0,1.419977605342865
সেনাবাহিনী,0.4403485059738159,0.02040816326530612,1.4199403427085098
সপ্তাহখানেক,0.4199327826499939,0.0,1.419932782649994
চতুর,0.4198756217956543,0.0,1.4198756217956543
খেতাব,0.41984623670578003,0.0,1.41984623670578
শুধরে,0.419769823551178,0.0,1.419769823551178
ভীষণভাবে,0.4197353720664978,0.0,1.4197353720664978
কবুল,0.41973376274108887,0.0,1.4197337627410889
সাহিত্যে,0.41966140270233154,0.0,1.4196614027023315
বিদ্যালয়,0.4195433259010315,0.0,1.4195433259010315
বদির,0.4195159673690796,0.0,1.4195159673690796
বক্সে,0.4194316864013672,0.0,1.4194316864013672
মেটানো,0.4194115400314331,0.0,1.419411540031433
সন্তানে,0.4192730784416199,0.0,1.4192730784416199
হন্যে,0.41913336515426636,0.0,1.4191333651542664
কূল,0.41909652948379517,0.0,1.4190965294837952
মোজা,0.4190870523452759,0.0,1.4190870523452759
কমতি,0.4188252091407776,0.0,1.4188252091407776
ভূমিক,0.42892009019851685,0.010101010101010102,1.418819080097507
উল্লসিত,0.4188153147697449,0.0,1.4188153147697449
ফলিত,0.41872555017471313,0.0,1.4187255501747131
দামে,0.41869425773620605,0.0,1.418694257736206
অকৃত্রিম,0.41851091384887695,0.0,1.418510913848877
দেখাচ্,0.4184221625328064,0.0,1.4184221625328064
উপসর্গ,0.41835421323776245,0.0,1.4183542132377625
মানবদেহের,0.4180721044540405,0.0,1.4180721044540405
অবদান,0.4178605079650879,0.0,1.417860507965088
অসমাপ্ত,0.4177776575088501,0.0,1.41777765750885
তেইশ,0.41769278049468994,0.0,1.41769278049469
আবেদনে,0.42777353525161743,0.010101010101010102,1.4176725251506075
সরকারি,0.4176636338233948,0.0,1.4176636338233948
কার্ডে,0.4175737500190735,0.0,1.4175737500190735
একইসাথে,0.41753339767456055,0.0,1.4175333976745605
জাতির,0.42763012647628784,0.010101010101010102,1.417529116375278
পাঁচশ,0.4175185561180115,0.0,1.4175185561180115
পাইপগান,0.42760032415390015,0.010101010101010102,1.4174993140528902
দুর্লভ,0.4174782633781433,0.0,1.4174782633781433
টিকেট,0.4173402190208435,0.0,1.4173402190208435
ক্ষমা,0.41727542877197266,0.0,1.4172754287719727
উঠানে,0.41721242666244507,0.0,1.417212426662445
ততদিনে,0.4171745777130127,0.0,1.4171745777130127
শুনছ,0.4171288013458252,0.0,1.4171288013458252
বুলু,0.4170917272567749,0.0,1.417091727256775
হেনস্থা,0.4170435667037964,0.0,1.4170435667037964
ফাইব,0.41703087091445923,0.0,1.4170308709144592
বন্ধু,0.4169973134994507,0.0,1.4169973134994507
রুচি,0.41686350107192993,0.0,1.41686350107193
বারি,0.4168163537979126,0.0,1.4168163537979126
উপন্যাসে,0.41672229766845703,0.0,1.416722297668457
বঙ্গভবনে,0.42681342363357544,0.010101010101010102,1.4167124135325655
মাইক্রোবাসে,0.4166101813316345,0.0,1.4166101813316345
জুলা,0.4475039839744568,0.030927835051546393,1.4165761489229105
মিসাইল,0.4164760112762451,0.0,1.4164760112762451
বিচ্যুত,0.4164639711380005,0.0,1.4164639711380005
স্বর্গে,0.41629230976104736,0.0,1.4162923097610474
চাপ,0.4162719249725342,0.0,1.4162719249725342
হত্যাকারী,0.4162418246269226,0.0,1.4162418246269226
কথাবার্তার,0.4161929488182068,0.0,1.4161929488182068
ইউনিয়ন,0.4161025881767273,0.0,1.4161025881767273
অর্জন,0.41608941555023193,0.0,1.416089415550232
সই,0.41592293977737427,0.0,1.4159229397773743
ভালোবাসে,0.4158709645271301,0.0,1.4158709645271301
কিলো,0.41583871841430664,0.0,1.4158387184143066
মাখা,0.41582292318344116,0.0,1.4158229231834412
সাইনবোর্ডে,0.4156798720359802,0.0,1.4156798720359802
চষে,0.4156530499458313,0.0,1.4156530499458313
ধানে,0.4155823588371277,0.0,1.4155823588371277
সুসংবাদ,0.4155738949775696,0.0,1.4155738949775696
রাখো,0.4155643582344055,0.0,1.4155643582344055
প্রকম্পিত,0.4155500531196594,0.0,1.4155500531196594
অবজ্ঞা,0.42531293630599976,0.010101010101010102,1.4152119262049898
লাম,0.4150751829147339,0.0,1.4150751829147339
কাউন্সিল,0.4250051975250244,0.010101010101010102,1.4149041874240145
থাকো,0.41486358642578125,0.0,1.4148635864257812
মেজর,0.4147688150405884,0.0,1.4147688150405884
যথাযোগ্য,0.4147629737854004,0.0,1.4147629737854004
প্রবেশাধিক,0.4146961569786072,0.0,1.4146961569786072
মনোযোগে,0.4247526526451111,0.010101010101010102,1.4146516425441011
হোটেল,0.4349862337112427,0.02040816326530612,1.4145780704459365
ক্ষতিকর,0.4145287871360779,0.0,1.4145287871360779
স্টাডি,0.42460256814956665,0.010101010101010102,1.4145015580485567
কুশন,0.42443811893463135,0.010101010101010102,1.4143371088336214
শিরোনামে,0.41430896520614624,0.0,1.4143089652061462
বাহিনী,0.4139237403869629,0.0,1.413923740386963
ভাইরাসে,0.4343045949935913,0.02040816326530612,1.4138964317282852
বিবেচিত,0.4137246608734131,0.0,1.413724660873413
খাইনি,0.41370511054992676,0.0,1.4137051105499268
ফটোকপি,0.4136536121368408,0.0,1.4136536121368408
খাচ্ছি,0.4135834574699402,0.0,1.4135834574699402
টর্নেডো,0.4133819341659546,0.0,1.4133819341659546
সঙ্গিনী,0.4131730794906616,0.0,1.4131730794906616
ভাজা,0.413135826587677,0.0,1.413135826587677
জবাবদিহি,0.4129834771156311,0.0,1.412983477115631
মীন,0.41289955377578735,0.0,1.4128995537757874
খাবারটা,0.42299675941467285,0.010101010101010102,1.412895749313663
অভিহিত,0.4127234220504761,0.0,1.412723422050476
রচনা,0.412708580493927,0.0,1.412708580493927
সিরাজুল,0.41270148754119873,0.0,1.4127014875411987
লেকের,0.4123358130455017,0.0,1.4123358130455017
লো,0.41229021549224854,0.0,1.4122902154922485
মামলা,0.4122816324234009,0.0,1.4122816324234009
সদুত্তর,0.41212403774261475,0.0,1.4121240377426147
বিনোদন,0.4121042490005493,0.0,1.4121042490005493
লটারির,0.4119490385055542,0.0,1.4119490385055542
বইটিতে,0.4220157861709595,0.010101010101010102,1.4119147760699495
উদ্ভাবন,0.41190075874328613,0.0,1.4119007587432861
রেগ,0.41186410188674927,0.0,1.4118641018867493
কিডনি,0.4219610095024109,0.010101010101010102,1.411859999401401
সমাধান,0.421863853931427,0.010101010101010102,1.411762843830417
সৌর,0.4117220640182495,0.0,1.4117220640182495
কামান,0.41161882877349854,0.0,1.4116188287734985
কোনম,0.41155755519866943,0.0,1.4115575551986694
ভেতরে,0.4114561676979065,0.0,1.4114561676979065
অর্থবহ,0.4113876223564148,0.0,1.4113876223564148
পরিব,0.431771457195282,0.02040816326530612,1.4113632939299758
জ্বালানির,0.4112586975097656,0.0,1.4112586975097656
মারি,0.4112308621406555,0.0,1.4112308621406555
গেয়ে,0.421278178691864,0.010101010101010102,1.411177168590854
ইউরেনাস,0.41104650497436523,0.0,1.4110465049743652
নূরে,0.4109775424003601,0.0,1.41097754240036
বাঁকা,0.41093188524246216,0.0,1.4109318852424622
কলোনী,0.4107908606529236,0.0,1.4107908606529236
একশত,0.4107014536857605,0.0,1.4107014536857605
আবিষ্কারে,0.41070014238357544,0.0,1.4107001423835754
তাঁবু,0.4105188846588135,0.0,1.4105188846588135
শ্রেষ্ঠ,0.4103850722312927,0.0,1.4103850722312927
নাস্তিক,0.4103720784187317,0.0,1.4103720784187317
দপ্তরে,0.4103587865829468,0.0,1.4103587865829468
সেভেন্টি,0.41035687923431396,0.0,1.410356879234314
কান্ত,0.4103308916091919,0.0,1.410330891609192
দোকানপাট,0.4102964997291565,0.0,1.4102964997291565
প্রতিকূল,0.410278856754303,0.0,1.410278856754303
অজুহাত,0.4101937413215637,0.0,1.4101937413215637
গ্রোথ,0.41017574071884155,0.0,1.4101757407188416
নুরু,0.41016608476638794,0.0,1.410166084766388
তালাবদ্ধ,0.4101548194885254,0.0,1.4101548194885254
পরিপা,0.4101359248161316,0.0,1.4101359248161316
বাঁচানো,0.410067081451416,0.0,1.410067081451416
ক্যানস,0.4100571274757385,0.0,1.4100571274757385
কংক্রিট,0.41003966331481934,0.0,1.4100396633148193
ফেলেনি,0.4100162386894226,0.0,1.4100162386894226
চ্যানেলের,0.4099505543708801,0.0,1.4099505543708801
উপলব্ধি,0.40986865758895874,0.0,1.4098686575889587
কাঁপ,0.40984243154525757,0.0,1.4098424315452576
সন্ধা,0.4097716808319092,0.0,1.4097716808319092
চর্বি,0.4198269248008728,0.010101010101010102,1.4097259146998629
ইনকাম,0.4096469283103943,0.0,1.4096469283103943
জনগোষ্ঠীর,0.409572958946228,0.0,1.409572958946228
সারাটা,0.4095393419265747,0.0,1.4095393419265747
রূপান্তর,0.4094664454460144,0.0,1.4094664454460144
কোণ,0.4094414710998535,0.0,1.4094414710998535
ট্রেনটি,0.40942275524139404,0.0,1.409422755241394
ভাঙবে,0.4093446731567383,0.0,1.4093446731567383
পরিশোধন,0.4194229245185852,0.010101010101010102,1.4093219144175753
কলসি,0.4092976450920105,0.0,1.4092976450920105
শাহে,0.4092813730239868,0.0,1.4092813730239868
খুচ,0.409099280834198,0.0,1.409099280834198
সুটকেস,0.4090532064437866,0.0,1.4090532064437866
বিরোধীদল,0.4090152382850647,0.0,1.4090152382850647
কোনভাবে,0.4089118242263794,0.0,1.4089118242263794
পদ্ধতির,0.40887904167175293,0.0,1.408879041671753
স্যালাইন,0.40884971618652344,0.0,1.4088497161865234
জেলখানা,0.40882617235183716,0.0,1.4088261723518372
রাইড,0.40881162881851196,0.0,1.408811628818512
দক্ষিণ,0.4088032841682434,0.0,1.4088032841682434
উচ্চাভিলাষী,0.4087570309638977,0.0,1.4087570309638977
প্রসারিত,0.40865790843963623,0.0,1.4086579084396362
মুরগী,0.4086419343948364,0.0,1.4086419343948364
লিখছ,0.418731689453125,0.010101010101010102,1.408630679352115
রাণী,0.4086182713508606,0.0,1.4086182713508606
সোনাদানা,0.408596396446228,0.0,1.408596396446228
স্টাম্প,0.4084743857383728,0.0,1.4084743857383728
আক্রান্ত,0.42874497175216675,0.02040816326530612,1.4083368084868606
ক্যামিকেল,0.4082624316215515,0.0,1.4082624316215515
জার্নালে,0.4082549810409546,0.0,1.4082549810409546
সিরিঞ্জ,0.4082368016242981,0.0,1.408236801624298
একাডেমির,0.4183286428451538,0.010101010101010102,1.4082276327441439
অসমান,0.40811872482299805,0.0,1.408118724822998
ব্যক্তি,0.407840371131897,0.0,1.407840371131897
বারে,0.4077691435813904,0.0,1.4077691435813904
লোভ,0.41786128282546997,0.010101010101010102,1.40776027272446
দ্রুত,0.40767890214920044,0.0,1.4076789021492004
সুতা,0.40759748220443726,0.0,1.4075974822044373
ফেবারিট,0.407497763633728,0.0,1.407497763633728
স্বীক,0.40748822689056396,0.0,1.407488226890564
স্টাইল,0.4074086546897888,0.0,1.4074086546897888
অপছন্,0.4074070453643799,0.0,1.4074070453643799
ফরিদা,0.4175037145614624,0.010101010101010102,1.4074027044604525
নৈতিকত,0.4073529839515686,0.0,1.4073529839515686
সেপ্টেম্বর,0.43818604946136475,0.030927835051546393,1.4072582144098185
বাদশ,0.4070918560028076,0.0,1.4070918560028076
আলমারি,0.40702348947525024,0.0,1.4070234894752502
খেতেন,0.4170146584510803,0.010101010101010102,1.4069136483500704
সতেরো,0.4068962335586548,0.0,1.4068962335586548
মোল্ল,0.4068947434425354,0.0,1.4068947434425354
কোর্টে,0.4169690012931824,0.010101010101010102,1.4068679911921724
সামঞ্জস্য,0.40686285495758057,0.0,1.4068628549575806
ভর্তি,0.40683668851852417,0.0,1.4068366885185242
আদান,0.40658092498779297,0.0,1.406580924987793
ঘটানোর,0.40648889541625977,0.0,1.4064888954162598
স্পর্শে,0.40640437602996826,0.0,1.4064043760299683
লোহা,0.4064022898674011,0.0,1.4064022898674011
পদার্থে,0.40632516145706177,0.0,1.4063251614570618
বিস্ফোরণ,0.4062911868095398,0.0,1.4062911868095398
নাস্তা,0.4161190986633301,0.010101010101010102,1.4060180885623201
নানানভাবে,0.40593940019607544,0.0,1.4059394001960754
পাঠানোর,0.40593045949935913,0.0,1.4059304594993591
অধিবেশনে,0.42616575956344604,0.02040816326530612,1.40575759629814
কিরিচ,0.4158032536506653,0.010101010101010102,1.4057022435496553
জোবেদ,0.40567177534103394,0.0,1.405671775341034
সুসজ্জিত,0.4056106209754944,0.0,1.4056106209754944
আনুগত্য,0.4055648446083069,0.0,1.4055648446083069
মতি,0.40544915199279785,0.0,1.4054491519927979
বাসযোগ্য,0.40540605783462524,0.0,1.4054060578346252
চিপ,0.40540146827697754,0.0,1.4054014682769775
নায়ক,0.4053937792778015,0.0,1.4053937792778015
চিঠি,0.41541045904159546,0.010101010101010102,1.4053094489405855
অগ্রাধিক,0.4052978754043579,0.0,1.405297875404358
দুরূহ,0.405232310295105,0.0,1.405232310295105
ফেল,0.41501325368881226,0.010101010101010102,1.4049122435878023
ভ্রমণে,0.4149821996688843,0.010101010101010102,1.4048811895678743
ক্ষতির,0.41491901874542236,0.010101010101010102,1.4048180086444124
ফ্যাক্টরির,0.4046087861061096,0.0,1.4046087861061096
শোনামাত্র,0.4045974016189575,0.0,1.4045974016189575
উদ্ধ,0.4045707583427429,0.0,1.404570758342743
রূপে,0.4044864773750305,0.0,1.4044864773750305
এক্সিট,0.4044792652130127,0.0,1.4044792652130127
জিজ্ঞাসাবাদ,0.4145665168762207,0.010101010101010102,1.4044655067752108
পাংগাশ,0.4044484496116638,0.0,1.4044484496116638
প্রোটিন,0.41451847553253174,0.010101010101010102,1.4044174654315218
বাল,0.40432918071746826,0.0,1.4043291807174683
আরোহণ,0.40430963039398193,0.0,1.404309630393982
সপ্তাহ,0.4143494963645935,0.010101010101010102,1.4042484862635836
নিথর,0.4042365550994873,0.0,1.4042365550994873
লীগ,0.41432952880859375,0.010101010101010102,1.4042285187075838
কিবোর্ড,0.40405380725860596,0.0,1.404053807258606
দমকা,0.4141497015953064,0.010101010101010102,1.4040486914942965
জাজ,0.41407299041748047,0.010101010101010102,1.4039719803164705
ফিটফাট,0.4039187431335449,0.0,1.403918743133545
স্কুলজীবন,0.40381401777267456,0.0,1.4038140177726746
পেপার,0.4036926031112671,0.0,1.403692603111267
একপাশ,0.4036753177642822,0.0,1.4036753177642822
ডুব,0.40365636348724365,0.0,1.4036563634872437
খাদে,0.403647243976593,0.0,1.403647243976593
বাবামা,0.4137226343154907,0.010101010101010102,1.4036216242144808
ছোবল,0.4036124348640442,0.0,1.4036124348640442
মানবে,0.4036019444465637,0.0,1.4036019444465637
ব্রেক,0.4136604070663452,0.010101010101010102,1.4035593969653353
মন্ত্রণালয়,0.40350109338760376,0.0,1.4035010933876038
ইস্পাত,0.40335243940353394,0.0,1.403352439403534
প্লাস্টিক,0.41338497400283813,0.010101010101010102,1.4032839639018282
আটকানোর,0.40328192710876465,0.0,1.4032819271087646
দোলনা,0.40319687128067017,0.0,1.4031968712806702
কেরোসিনের,0.40313684940338135,0.0,1.4031368494033813
ঘটানো,0.4031130075454712,0.0,1.4031130075454712
হাম,0.40301811695098877,0.0,1.4030181169509888
নির্জীব,0.4028802514076233,0.0,1.4028802514076233
তুলকা,0.40279895067214966,0.0,1.4027989506721497
বলুক,0.40251731872558594,0.0,1.402517318725586
ওয়েবসাইট,0.4024900197982788,0.0,1.4024900197982788
অসংলগ্ন,0.40243953466415405,0.0,1.402439534664154
সিনথেটিক,0.4024343490600586,0.0,1.4024343490600586
মুদ্রা,0.40223270654678345,0.0,1.4022327065467834
অমুক,0.40219414234161377,0.0,1.4021941423416138
রাস্তা,0.40217918157577515,0.0,1.4021791815757751
ভাষাতে,0.4020550847053528,0.0,1.4020550847053528
ফ্লাট,0.4020432233810425,0.0,1.4020432233810425
খনির,0.40202659368515015,0.0,1.4020265936851501
আগ,0.40195363759994507,0.0,1.401953637599945
অবমাননা,0.4120476245880127,0.010101010101010102,1.4019466144870028
চরমে,0.40183788537979126,0.0,1.4018378853797913
ইতিহাসে,0.40178436040878296,0.0,1.401784360408783
গোত্র,0.4017072319984436,0.0,1.4017072319984436
রান্নাবান্না,0.4016318917274475,0.0,1.4016318917274475
বিনিয়োগ,0.40162718296051025,0.0,1.4016271829605103
রুই,0.42201894521713257,0.02040816326530612,1.4016107819518264
সিলিকন,0.4016040563583374,0.0,1.4016040563583374
কমে,0.41169631481170654,0.010101010101010102,1.4015953047106966
ভিন্ন,0.41159576177597046,0.010101010101010102,1.4014947516749605
দশদিন,0.4014713168144226,0.0,1.4014713168144226
রকেটের,0.40135377645492554,0.0,1.4013537764549255
বোরক,0.4013203978538513,0.0,1.4013203978538513
পরিসরে,0.4011979103088379,0.0,1.401197910308838
আসমান,0.4011691212654114,0.0,1.4011691212654114
সুযোগসুবিধা,0.40109121799468994,0.0,1.40109121799469
বিদ্রোহ,0.40103745460510254,0.0,1.4010374546051025
রাডা,0.4009820818901062,0.0,1.4009820818901062
হারিয়েছেন,0.4007825255393982,0.0,1.4007825255393982
আঘা,0.4107702374458313,0.010101010101010102,1.4006692273448214
ধাঁচ,0.4006534814834595,0.0,1.4006534814834595
জেলহাজ,0.4006119966506958,0.0,1.4006119966506958
হানাহানি,0.40045100450515747,0.0,1.4004510045051575
শেয়,0.4004438519477844,0.0,1.4004438519477844
চিরকাল,0.40036851167678833,0.0,1.4003685116767883
গ্রিল,0.400357186794281,0.0,1.400357186794281
লেখক,0.4418497681617737,0.041666666666666664,1.4001831014951072
কমলে,0.4000973701477051,0.0,1.400097370147705
হোস,0.39999133348464966,0.0,1.3999913334846497
বিচ্যুতি,0.3998863101005554,0.0,1.3998863101005554
মুখমণ্ডলে,0.39979809522628784,0.0,1.3997980952262878
তাপমাত্র,0.4098818898200989,0.010101010101010102,1.399780879719089
গ্যাস,0.39971357583999634,0.0,1.3997135758399963
গ্লানি,0.39965903759002686,0.0,1.3996590375900269
পুনরুজ্জীবিত,0.39958101511001587,0.0,1.3995810151100159
সর্বমোট,0.3995357155799866,0.0,1.3995357155799866
সংক্রামক,0.39951372146606445,0.0,1.3995137214660645
বইটিকে,0.40960752964019775,0.010101010101010102,1.3995065195391878
প্রচারিত,0.39947056770324707,0.0,1.399470567703247
বিধান,0.40946412086486816,0.010101010101010102,1.3993631107638582
নুরুজ্জামান,0.39932501316070557,0.0,1.3993250131607056
রিহার্সাল,0.39931660890579224,0.0,1.3993166089057922
জানাব,0.3993040919303894,0.0,1.3993040919303894
জানমাল,0.39919596910476685,0.0,1.3991959691047668
মেয়েরা,0.3991725444793701,0.0,1.3991725444793701
থেতলে,0.39894378185272217,0.0,1.3989437818527222
সাহিত্যিক,0.3988404870033264,0.0,1.3988404870033264
উকুন,0.3987935781478882,0.0,1.3987935781478882
আসামী,0.40885406732559204,0.010101010101010102,1.398753057224582
পরিবর্তনশীল,0.3986782431602478,0.0,1.3986782431602478
ট্যাক্সি,0.39849358797073364,0.0,1.3984935879707336
প্রাণী,0.3983182907104492,0.0,1.3983182907104492
দোকান,0.4187120199203491,0.02040816326530612,1.398303856655043
হালি,0.3982207775115967,0.0,1.3982207775115967
সামরিক,0.39808356761932373,0.0,1.3980835676193237
নারী,0.4184524416923523,0.02040816326530612,1.3980442784270461
বাড়ানো,0.3979201316833496,0.0,1.3979201316833496
এসপি,0.39775222539901733,0.0,1.3977522253990173
কার্যকর,0.39759260416030884,0.0,1.3975926041603088
ধুলো,0.3975512981414795,0.0,1.3975512981414795
হ্যাঁ,0.3971049189567566,0.0,1.3971049189567566
উপন্যাস,0.4173176884651184,0.02040816326530612,1.3969095251998123
দুজনকে,0.39685243368148804,0.0,1.396852433681488
প্রস্তুতি,0.4069451689720154,0.010101010101010102,1.3968441588710054
লোকজন,0.39681583642959595,0.0,1.396815836429596
মোবাইল,0.3967432379722595,0.0,1.3967432379722595
উৎপাদন,0.3966591954231262,0.0,1.3966591954231262
ব্যাহত,0.396637499332428,0.0,1.396637499332428
রোগজীবাণু,0.4066745638847351,0.010101010101010102,1.3965735537837252
প্লানিং,0.3965516686439514,0.0,1.3965516686439514
ফার্মগেটের,0.3965263366699219,0.0,1.3965263366699219
তারেকের,0.3963284492492676,0.0,1.3963284492492676
আঁম,0.3962033987045288,0.0,1.3962033987045288
আলেকজান্ড,0.3961681127548218,0.0,1.3961681127548218
শাবক,0.396157443523407,0.0,1.396157443523407
ছুটোছু,0.39594292640686035,0.0,1.3959429264068604
কালক,0.39589500427246094,0.0,1.395895004272461
গন্তব্যস্থলে,0.3958386182785034,0.0,1.3958386182785034
আখ্যান,0.39567261934280396,0.0,1.395672619342804
অভিব্যক্তি,0.4160574674606323,0.02040816326530612,1.3956493041953262
লিখন,0.39564692974090576,0.0,1.3956469297409058
শিকদার,0.3953908085823059,0.0,1.395390808582306
সৃজনশীলতা,0.39532214403152466,0.0,1.3953221440315247
পিকআপ,0.39497607946395874,0.0,1.3949760794639587
সাধ,0.394961416721344,0.0,1.394961416721344
সমাজব্যবস্থা,0.39495033025741577,0.0,1.3949503302574158
কণিকা,0.3947804570198059,0.0,1.394780457019806
স্নাতক,0.3947744369506836,0.0,1.3947744369506836
দাবি,0.3946491479873657,0.0,1.3946491479873657
ডাহা,0.3946486711502075,0.0,1.3946486711502075
গুণে,0.394584596157074,0.0,1.394584596157074
ব্রাঞ্চ,0.3945659399032593,0.0,1.3945659399032593
আসিনি,0.3945465683937073,0.0,1.3945465683937073
দিনদিন,0.3945196270942688,0.0,1.3945196270942688
মহিমান্বিত,0.3945184350013733,0.0,1.3945184350013733
পাইকারি,0.39449620246887207,0.0,1.394496202468872
সঞ্চারিত,0.3944306969642639,0.0,1.394430696964264
জঞ্জাল,0.3942880630493164,0.0,1.3942880630493164
মানসিকত,0.39417344331741333,0.0,1.3941734433174133
পুষ্টিকর,0.40426069498062134,0.010101010101010102,1.3941596848796114
দুসপ্তাহ,0.39411818981170654,0.0,1.3941181898117065
বাহক,0.39409857988357544,0.0,1.3940985798835754
বেগম,0.41443121433258057,0.02040816326530612,1.3940230510672744
বিশ্বাস,0.3939555883407593,0.0,1.3939555883407593
চাবা,0.39392805099487305,0.0,1.393928050994873
দুর্ব্যবহ,0.3937036991119385,0.0,1.3937036991119385
অটোগ্রাফ,0.3934432864189148,0.0,1.3934432864189148
তরকারি,0.40338218212127686,0.010101010101010102,1.393281172020267
খেল,0.4033740162849426,0.010101010101010102,1.3932730061839327
জেনেছেন,0.3932647109031677,0.0,1.3932647109031677
বিরোধিতা,0.39321643114089966,0.0,1.3932164311408997
কুতুব,0.3929818868637085,0.0,1.3929818868637085
নইলে,0.3926955461502075,0.0,1.3926955461502075
পরিবেশক,0.3926263451576233,0.0,1.3926263451576233
অম,0.39261525869369507,0.0,1.392615258693695
বেজ,0.39259225130081177,0.0,1.3925922513008118
গদা,0.392372190952301,0.0,1.392372190952301
আর্মস,0.3922276496887207,0.0,1.3922276496887207
গর্জে,0.39209675788879395,0.0,1.392096757888794
আর্তচিৎকারে,0.3920327425003052,0.0,1.3920327425003052
লেজের,0.3919321298599243,0.0,1.3919321298599243
খাওয়ানো,0.39187151193618774,0.0,1.3918715119361877
ঢাকাতে,0.39133763313293457,0.0,1.3913376331329346
ভবঘুরে,0.39132559299468994,0.0,1.39132559299469
পেত,0.39128774404525757,0.0,1.3912877440452576
মেনু,0.3911466598510742,0.0,1.3911466598510742
বাসস্থান,0.3910956382751465,0.0,1.3910956382751465
হাসিমুখ,0.391002357006073,0.0,1.391002357006073
উপত্যকা,0.3907870650291443,0.0,1.3907870650291443
জনগোষ্ঠী,0.39069563150405884,0.0,1.3906956315040588
আওয়ামী,0.39066576957702637,0.0,1.3906657695770264
সন্তান,0.390636146068573,0.0,1.390636146068573
বায়ু,0.3904220461845398,0.0,1.3904220461845398
কুনাল,0.39041614532470703,0.0,1.390416145324707
ইন্না,0.3900943398475647,0.0,1.3900943398475647
কাঁদছিল,0.39005136489868164,0.0,1.3900513648986816
দশা,0.3899526000022888,0.0,1.3899526000022888
সোহাগী,0.3898170590400696,0.0,1.3898170590400696
দিব্যি,0.38971012830734253,0.0,1.3897101283073425
স্তম্ভিত,0.3896230459213257,0.0,1.3896230459213257
অরিজিনাল,0.38955432176589966,0.0,1.3895543217658997
প্রবেশ,0.38953298330307007,0.0,1.38953298330307
বোধগম্য,0.3894597887992859,0.0,1.3894597887992859
হলোগ্রাম,0.38943129777908325,0.0,1.3894312977790833
মিশনে,0.38916462659835815,0.0,1.3891646265983582
ডাকনাম,0.38916200399398804,0.0,1.389162003993988
সম্পর্কযুক্ত,0.38910698890686035,0.0,1.3891069889068604
নাস্ত,0.3890534043312073,0.0,1.3890534043312073
ভূখণ্ড,0.38899552822113037,0.0,1.3889955282211304
সাম,0.3889496326446533,0.0,1.3889496326446533
প্রতিষেধক,0.38893288373947144,0.0,1.3889328837394714
মনা,0.38887667655944824,0.0,1.3888766765594482
মেন্দি,0.3888236880302429,0.0,1.388823688030243
খ্যাতিমান,0.3888179063796997,0.0,1.3888179063796997
সাইকেলের,0.3886244297027588,0.0,1.3886244297027588
চাল,0.3986852169036865,0.010101010101010102,1.3885842068026766
বুলেটের,0.38841456174850464,0.0,1.3884145617485046
অব,0.3883950710296631,0.0,1.388395071029663
ঘুমানো,0.3882431387901306,0.0,1.3882431387901306
তালিকায়,0.3881874680519104,0.0,1.3881874680519104
মে,0.41908591985702515,0.030927835051546393,1.3881580848054789
নিরীক্ষ,0.38805603981018066,0.0,1.3880560398101807
গাইতে,0.41895484924316406,0.030927835051546393,1.3880270141916178
চুলা,0.3880044221878052,0.0,1.3880044221878052
বাবাম,0.3877995014190674,0.0,1.3877995014190674
সীমাবদ্ধতা,0.3877304792404175,0.0,1.3877304792404175
উঁচুনিচু,0.3876386880874634,0.0,1.3876386880874634
নামায,0.3876023292541504,0.0,1.3876023292541504
আব্বু,0.387498140335083,0.0,1.387498140335083
দাপাদাপি,0.38746708631515503,0.0,1.387467086315155
শিরোমণি,0.38745367527008057,0.0,1.3874536752700806
চিপস,0.38739174604415894,0.0,1.387391746044159
স্বা,0.387018084526062,0.0,1.387018084526062
কেজি,0.3969738483428955,0.010101010101010102,1.3868728382418856
টাঙানো,0.3867182731628418,0.0,1.3867182731628418
অবসান,0.39673370122909546,0.010101010101010102,1.3866326911280855
রূপান্তরিত,0.3864881992340088,0.0,1.3864881992340088
বলাব,0.386480450630188,0.0,1.386480450630188
স্কুল,0.3864745497703552,0.0,1.3864745497703552
ভেস্,0.3864595890045166,0.0,1.3864595890045166
দুস্থ,0.3862020969390869,0.0,1.386202096939087
যাইতে,0.38611137866973877,0.0,1.3861113786697388
মিনিট,0.39618295431137085,0.010101010101010102,1.386081944210361
পরস্পরবিরোধী,0.3860766291618347,0.0,1.3860766291618347
রেজিমেন্ট,0.3960420489311218,0.010101010101010102,1.3859410388301119
কর্তা,0.38589805364608765,0.0,1.3858980536460876
নোঙর,0.3857252597808838,0.0,1.3857252597808838
স্টেপ,0.38565361499786377,0.0,1.3856536149978638
কনভেনশন,0.38564032316207886,0.0,1.3856403231620789
প্রতিভা,0.38563698530197144,0.0,1.3856369853019714
কাহারে,0.38552480936050415,0.0,1.3855248093605042
ধারণার,0.385466992855072,0.0,1.385466992855072
সাদাত,0.38533931970596313,0.0,1.3853393197059631
ফিস্ট,0.38526684045791626,0.0,1.3852668404579163
পৈশাচিক,0.3852459788322449,0.0,1.3852459788322449
সুত,0.39532703161239624,0.010101010101010102,1.3852260215113863
সুযোগসুবিধ,0.3851766586303711,0.0,1.385176658630371
হালা,0.3851620554924011,0.0,1.3851620554924011
ভালোবাসি,0.3849964141845703,0.0,1.3849964141845703
আইনকে,0.384951114654541,0.0,1.384951114654541
লক্ষ্যবস্তু,0.38485419750213623,0.0,1.3848541975021362
বিস্ফোরিত,0.3949437737464905,0.010101010101010102,1.3848427636454805
গ্যারেজ,0.3847789764404297,0.0,1.3847789764404297
পেনশন,0.384552538394928,0.0,1.384552538394928
রক্ষীবাহিনী,0.38454413414001465,0.0,1.3845441341400146
দৃষ্টিভঙ্গি,0.38445764780044556,0.0,1.3844576478004456
লাঠির,0.3844457268714905,0.0,1.3844457268714905
একাডেমী,0.3843523859977722,0.0,1.3843523859977722
নামানোর,0.3842396140098572,0.0,1.3842396140098572
শিক্ষক,0.4046322703361511,0.02040816326530612,1.384224107070845
মিলেমিশে,0.384138286113739,0.0,1.384138286113739
ঋণী,0.3841322660446167,0.0,1.3841322660446167
কামা,0.38400572538375854,0.0,1.3840057253837585
শাষ,0.38398271799087524,0.0,1.3839827179908752
যাবজ্জীবন,0.3839682340621948,0.0,1.3839682340621948
দিগন্,0.38387590646743774,0.0,1.3838759064674377
আইজি,0.3837243914604187,0.0,1.3837243914604187
দুইজনই,0.3836534023284912,0.0,1.3836534023284912
এলএ,0.3836386203765869,0.0,1.383638620376587
হেট,0.3834523558616638,0.0,1.3834523558616638
টেক্কা,0.383430540561676,0.0,1.383430540561676
মস্তিস্ক,0.3833456039428711,0.0,1.383345603942871
ঝাঁ,0.3833174705505371,0.0,1.383317470550537
তথাকথিত,0.38299012184143066,0.0,1.3829901218414307
ল্যান্স,0.38285112380981445,0.0,1.3828511238098145
থামে,0.3828437328338623,0.0,1.3828437328338623
চিকিৎসা,0.39290112257003784,0.010101010101010102,1.382800112469028
সংবাদপত্রে,0.3827478289604187,0.0,1.3827478289604187
সর্বাধুনিক,0.3827006220817566,0.0,1.3827006220817566
হাঙ্গ,0.38266146183013916,0.0,1.3826614618301392
দেখুক,0.3826259970664978,0.0,1.3826259970664978
জাহেদ,0.3825991153717041,0.0,1.382599115371704
ট্রাক,0.38249921798706055,0.0,1.3824992179870605
থিসিস,0.3823208808898926,0.0,1.3823208808898926
জুলেখা,0.3822302222251892,0.0,1.3822302222251892
উষ্ণতা,0.3822168707847595,0.0,1.3822168707847595
পুকুর,0.3821144104003906,0.0,1.3821144104003906
সুখকর,0.381921648979187,0.0,1.381921648979187
সিলিন্ডারে,0.3818657398223877,0.0,1.3818657398223877
ডলফিন,0.38175803422927856,0.0,1.3817580342292786
লতাপাতা,0.3816746473312378,0.0,1.3816746473312378
উচ্চতা,0.381591260433197,0.0,1.381591260433197
কয়েকশ,0.3815827965736389,0.0,1.381582796573639
যুদ্ধজাহাজ,0.381494402885437,0.0,1.381494402885437
ডালিম,0.38143497705459595,0.0,1.381434977054596
আবর্তন,0.3915090560913086,0.010101010101010102,1.3814080459902986
এটু,0.3813985586166382,0.0,1.3813985586166382
চন্দ্রশেখর,0.3812248110771179,0.0,1.381224811077118
হুই,0.3808482885360718,0.0,1.3808482885360718
পরিজন,0.39075595140457153,0.010101010101010102,1.3806549413035616
অকারণ,0.3906533718109131,0.010101010101010102,1.3805523617099031
নাহলে,0.3804914355278015,0.0,1.3804914355278015
রূপালী,0.3803498148918152,0.0,1.3803498148918152
বসবাসকারী,0.38030344247817993,0.0,1.38030344247818
পাঠানো,0.3802974820137024,0.0,1.3802974820137024
ক্ষমতা,0.38023072481155396,0.0,1.380230724811554
লেটা,0.38013172149658203,0.0,1.380131721496582
এহ,0.3799683451652527,0.0,1.3799683451652527
অপরিণত,0.37985074520111084,0.0,1.3798507452011108
এসব,0.37970519065856934,0.0,1.3797051906585693
নামি,0.3796885013580322,0.0,1.3796885013580322
দিনক্ষণ,0.37968504428863525,0.0,1.3796850442886353
শিখি,0.3796795606613159,0.0,1.379679560661316
মাতৃগর্ভে,0.3796333074569702,0.0,1.3796333074569702
গাণিতিক,0.3794693350791931,0.0,1.3794693350791931
যাত্রী,0.37946444749832153,0.0,1.3794644474983215
গালমন্দ,0.3793986439704895,0.0,1.3793986439704895
এনি,0.3793044090270996,0.0,1.3793044090270996
চাউল,0.3890838027000427,0.010101010101010102,1.3789827925990328
জীববিজ্ঞান,0.3789254426956177,0.0,1.3789254426956177
নেয়,0.38893985748291016,0.010101010101010102,1.3788388473819002
স্টলে,0.37877416610717773,0.0,1.3787741661071777
গাছ,0.37875980138778687,0.0,1.3787598013877869
ছোপ,0.37869709730148315,0.0,1.3786970973014832
সকালে,0.37859922647476196,0.0,1.378599226474762
চাষ,0.3989982008934021,0.02040816326530612,1.378590037628096
তেজস্বী,0.3783602714538574,0.0,1.3783602714538574
নেম,0.37829333543777466,0.0,1.3782933354377747
বারান্দার,0.37826770544052124,0.0,1.3782677054405212
খুঁজছি,0.3782552480697632,0.0,1.3782552480697632
বঙ্গবন্ধু,0.388344943523407,0.010101010101010102,1.378243933422397
অত্যাচারে,0.37814080715179443,0.0,1.3781408071517944
ধাতুর,0.3780457377433777,0.0,1.3780457377433777
নীতির,0.37796229124069214,0.0,1.3779622912406921
রমা,0.377920925617218,0.0,1.377920925617218
কিলোমি,0.37785637378692627,0.0,1.3778563737869263
বেঁধ,0.3778379559516907,0.0,1.3778379559516907
ফাইন,0.37771350145339966,0.0,1.3777135014533997
খুশী,0.37770015001296997,0.0,1.37770015001297
বির,0.37765514850616455,0.0,1.3776551485061646
চুন,0.3776112198829651,0.0,1.377611219882965
জার্মানী,0.37747830152511597,0.0,1.377478301525116
নদীর,0.3774426579475403,0.0,1.3774426579475403
দশে,0.37743616104125977,0.0,1.3774361610412598
ক্ষে,0.3873583674430847,0.010101010101010102,1.3772573573420748
ভাগনে,0.3771730065345764,0.0,1.3771730065345764
মহাবিশ্ব,0.3771630525588989,0.0,1.377163052558899
ভুলত্রু,0.377158522605896,0.0,1.377158522605896
ভগবান,0.37693774700164795,0.0,1.376937747001648
দেইনি,0.3768306374549866,0.0,1.3768306374549866
বদলানো,0.37681716680526733,0.0,1.3768171668052673
বান্ডিল,0.3768081068992615,0.0,1.3768081068992615
ফটোগ্র,0.37678056955337524,0.0,1.3767805695533752
বাহিনীর,0.3765642046928406,0.0,1.3765642046928406
পিটুনি,0.37650519609451294,0.0,1.376505196094513
শামসুদ্দিন,0.37647581100463867,0.0,1.3764758110046387
ভোজ,0.37639713287353516,0.0,1.3763971328735352
চৈ,0.37636810541152954,0.0,1.3763681054115295
রিকশ,0.37625229358673096,0.0,1.376252293586731
অপব্যবহার,0.37622761726379395,0.0,1.376227617263794
চালা,0.38610678911209106,0.010101010101010102,1.3760057790110811
বাড়বে,0.3759923577308655,0.0,1.3759923577308655
নামাজ,0.4283595681190491,0.05263157894736842,1.3757279891716807
মুক্তিযুদ্ধে,0.3756038546562195,0.0,1.3756038546562195
পঞ্জিকা,0.37551647424697876,0.0,1.3755164742469788
জরুরিভাবে,0.37519901990890503,0.0,1.375199019908905
কামাল,0.37517380714416504,0.0,1.375173807144165
মেলামেশা,0.375049352645874,0.0,1.375049352645874
হেয়,0.3750125765800476,0.0,1.3750125765800476
বিক্রি,0.3850875496864319,0.010101010101010102,1.374986539585422
চাই,0.37492406368255615,0.0,1.3749240636825562
সেকেন্ডারি,0.3748927116394043,0.0,1.3748927116394043
বইমেলা,0.37468791007995605,0.0,1.374687910079956
পিটিশন,0.3847254514694214,0.010101010101010102,1.3746244413684114
ক্লিপ,0.3745771646499634,0.0,1.3745771646499634
ঝোপ,0.3744775652885437,0.0,1.3744775652885437
স্বার্থে,0.37446630001068115,0.0,1.3744663000106812
পলিথিন,0.3741855025291443,0.0,1.3741855025291443
বাংলাদেশের,0.3741267919540405,0.0,1.3741267919540405
ঘোরাফেরা,0.37410879135131836,0.0,1.3741087913513184
ব্যালেন্স,0.3740995526313782,0.0,1.3740995526313782
ছোটে,0.3740083575248718,0.0,1.3740083575248718
সুপ্ত,0.3739117383956909,0.0,1.373911738395691
নির্দেশ,0.3738301396369934,0.0,1.3738301396369934
রাজপুত্র,0.3737563490867615,0.0,1.3737563490867615
পাকস্থলী,0.373737633228302,0.0,1.373737633228302
চেরাগ,0.3736773133277893,0.0,1.3736773133277893
আযান,0.37351030111312866,0.0,1.3735103011131287
প্রশান্তির,0.3733232617378235,0.0,1.3733232617378235
দীর্ঘকাল,0.37324559688568115,0.0,1.3732455968856812
নাকচ,0.3833346962928772,0.010101010101010102,1.3732336861918673
পটভূমি,0.3729938864707947,0.0,1.3729938864707947
জন্তু,0.37298524379730225,0.0,1.3729852437973022
অহন,0.37291544675827026,0.0,1.3729154467582703
কুমারী,0.37289416790008545,0.0,1.3728941679000854
কূপে,0.37288928031921387,0.0,1.3728892803192139
আজো,0.37287014722824097,0.0,1.372870147228241
সন্ধে,0.37285536527633667,0.0,1.3728553652763367
ভ্রমণকারী,0.3728450536727905,0.0,1.3728450536727905
অনেককিছু,0.3728156089782715,0.0,1.3728156089782715
দশমিক,0.38281166553497314,0.010101010101010102,1.3727106554339632
গবেষণায়,0.37259602546691895,0.0,1.372596025466919
আঁক,0.3725746273994446,0.0,1.3725746273994446
ন্যায়,0.37249672412872314,0.0,1.3724967241287231
মানবত,0.37234944105148315,0.0,1.3723494410514832
সাহসিকত,0.3723164200782776,0.0,1.3723164200782776
সারপ্রাইজ,0.3722454905509949,0.0,1.3722454905509949
ত্রুটিপূর্ণ,0.37185847759246826,0.0,1.3718584775924683
পোলা,0.37182462215423584,0.0,1.3718246221542358
তীব্রতা,0.3819146752357483,0.010101010101010102,1.3718136651347383
সেনাসদস্য,0.37177222967147827,0.0,1.3717722296714783
জ্বরে,0.3713814616203308,0.0,1.3713814616203308
সম্ভাবনায়,0.37126678228378296,0.0,1.371266782283783
কন্টেইন,0.3711842894554138,0.0,1.3711842894554138
কঠিনতম,0.3811463713645935,0.010101010101010102,1.3710453612635836
বমির,0.37098628282546997,0.0,1.37098628282547
সিরাজউদ্দৌলা,0.37096482515335083,0.0,1.3709648251533508
মালিক,0.37095367908477783,0.0,1.3709536790847778
পদত্যাগপত্র,0.370949387550354,0.0,1.370949387550354
লক্ষ্যভেদ,0.37090569734573364,0.0,1.3709056973457336
সিনিয়র,0.3708949089050293,0.0,1.3708949089050293
নান্দনিক,0.3707348108291626,0.0,1.3707348108291626
নাম্বারে,0.37067264318466187,0.0,1.3706726431846619
বিকশিত,0.370586633682251,0.0,1.370586633682251
মুরগি,0.390949547290802,0.02040816326530612,1.3705413840254959
চাঁপা,0.37037086486816406,0.0,1.370370864868164
ঘোষণা,0.3702816367149353,0.0,1.3702816367149353
দৃষ্টিশক্তি,0.37023764848709106,0.0,1.370237648487091
ছাত্র,0.37021034955978394,0.0,1.370210349559784
রোগী,0.38012999296188354,0.010101010101010102,1.3700289828608736
বাঁচব,0.36990493535995483,0.0,1.3699049353599548
প্রকাশনী,0.3902823328971863,0.02040816326530612,1.3698741696318801
অবধারিত,0.36983489990234375,0.0,1.3698348999023438
সাধারণের,0.36973679065704346,0.0,1.3697367906570435
পলিটিক্যাল,0.3697252869606018,0.0,1.3697252869606018
রানি,0.3696690797805786,0.0,1.3696690797805786
ওখান,0.3695697784423828,0.0,1.3695697784423828
মরুভূমির,0.37966519594192505,0.010101010101010102,1.369564185840915
পরিবেশের,0.36956411600112915,0.0,1.3695641160011292
পরিশোধিত,0.3695491552352905,0.0,1.3695491552352905
অভ্যুত্থান,0.36927616596221924,0.0,1.3692761659622192
অতিষ্ঠ,0.3690951466560364,0.0,1.3690951466560364
বাটা,0.3690582513809204,0.0,1.3690582513809204
ফাইভ,0.36900097131729126,0.0,1.3690009713172913
কাগজপত্রে,0.3689054846763611,0.0,1.368905484676361
পরীক্ষাগারে,0.36885273456573486,0.0,1.3688527345657349
মহাদেশ,0.3687950372695923,0.0,1.3687950372695923
সেনাপ্রধান,0.36845600605010986,0.0,1.3684560060501099
কিউরেটর,0.36831825971603394,0.0,1.368318259716034
পরীক্ষক,0.3682982325553894,0.0,1.3682982325553894
চ্যান্সেলর,0.36798936128616333,0.0,1.3679893612861633
কচি,0.3679218292236328,0.0,1.3679218292236328
টার্মিনালের,0.36774736642837524,0.0,1.3677473664283752
কৃতজ্ঞতা,0.3677014708518982,0.0,1.3677014708518982
অভূতপূর্ব,0.36759573221206665,0.0,1.3675957322120667
ভিক্ষাবৃত্তি,0.3675425052642822,0.0,1.3675425052642822
পরিশ্রমী,0.3675363063812256,0.0,1.3675363063812256
ফিরি,0.3674859404563904,0.0,1.3674859404563904
মূল্যবোধ,0.3674740195274353,0.0,1.3674740195274353
টিকবে,0.36744511127471924,0.0,1.3674451112747192
পেটেন্ট,0.3673645853996277,0.0,1.3673645853996277
বিক,0.36724114418029785,0.0,1.3672411441802979
ভাবাবেগ,0.3671950101852417,0.0,1.3671950101852417
অতিষ্ট,0.36713653802871704,0.0,1.367136538028717
মনো,0.367115318775177,0.0,1.367115318775177
কণা,0.3668794631958008,0.0,1.3668794631958008
রাখতাম,0.3668329119682312,0.0,1.3668329119682312
ক্ষণিক,0.36641472578048706,0.0,1.366414725780487
চিনা,0.36637794971466064,0.0,1.3663779497146606
শান্তিনগরে,0.36620837450027466,0.0,1.3662083745002747
চাইত,0.36610424518585205,0.0,1.366104245185852
বালির,0.36562108993530273,0.0,1.3656210899353027
জিপিএস,0.3655642867088318,0.0,1.3655642867088318
কাব্য,0.365540087223053,0.0,1.365540087223053
হাস্যোজ্জ্বল,0.3654968738555908,0.0,1.3654968738555908
দ্রুতগতি,0.3654594421386719,0.0,1.3654594421386719
ইসাবেল,0.3654264211654663,0.0,1.3654264211654663
ট্রেস,0.36534351110458374,0.0,1.3653435111045837
সুপারিশে,0.36516642570495605,0.0,1.365166425704956
অত্যাচারের,0.3650607466697693,0.0,1.3650607466697693
স্টোরি,0.36492985486984253,0.0,1.3649298548698425
বালতি,0.36488473415374756,0.0,1.3648847341537476
শ্যালো,0.3646128177642822,0.0,1.3646128177642822
রসালো,0.3746289014816284,0.010101010101010102,1.3645278913806185
সিপাহী,0.37446004152297974,0.010101010101010102,1.3643590314219698
পথে,0.36409085988998413,0.0,1.3640908598899841
টাটকা,0.3637945055961609,0.0,1.3637945055961609
আবেগের,0.36378949880599976,0.0,1.3637894988059998
মিউটেশন,0.3637716770172119,0.0,1.363771677017212
বাংলা,0.3737666606903076,0.010101010101010102,1.3636656505892977
উৎখাত,0.36348289251327515,0.0,1.3634828925132751
সাবধানতা,0.3634132742881775,0.0,1.3634132742881775
গ্রাম,0.37348973751068115,0.010101010101010102,1.3633887274096712
অঙ্গভঙ্গি,0.36332380771636963,0.0,1.3633238077163696
পাঙ্গাস,0.3733554482460022,0.010101010101010102,1.3632544381449923
ভিডি,0.3835589289665222,0.02040816326530612,1.363150765701216
দুধে,0.36309218406677246,0.0,1.3630921840667725
বার্জটি,0.36289745569229126,0.0,1.3628974556922913
কিডনির,0.3627803325653076,0.0,1.3627803325653076
ঘেঁষে,0.3627254366874695,0.0,1.3627254366874695
অপরাধীরা,0.36248838901519775,0.0,1.3624883890151978
ধীরস্থির,0.3623915910720825,0.0,1.3623915910720825
ভরি,0.3724793791770935,0.010101010101010102,1.3623783690760836
ইবাদত,0.3621525764465332,0.0,1.3621525764465332
তুলছ,0.3621496558189392,0.0,1.3621496558189392
যন্ত্রাংশ,0.36205607652664185,0.0,1.3620560765266418
পায়নি,0.3619535565376282,0.0,1.3619535565376282
ব্যবহারযোগ্য,0.3618183732032776,0.0,1.3618183732032776
জামি,0.3616752624511719,0.0,1.3616752624511719
থই,0.36150282621383667,0.0,1.3615028262138367
সন্দেশ,0.361492395401001,0.0,1.361492395401001
অসুখে,0.36136120557785034,0.0,1.3613612055778503
অন্তহীন,0.36136114597320557,0.0,1.3613611459732056
ওষুধে,0.3613182306289673,0.0,1.3613182306289673
গ্রাফিক্স,0.361223042011261,0.0,1.361223042011261
চাইতাম,0.36114978790283203,0.0,1.361149787902832
ফাস্টফুড,0.361014723777771,0.0,1.361014723777771
লিখেছিল,0.36098748445510864,0.0,1.3609874844551086
মৌলবাদী,0.36098724603652954,0.0,1.3609872460365295
হাসিত,0.3609488606452942,0.0,1.3609488606452942
প্রান্,0.3609324097633362,0.0,1.3609324097633362
ভেবেচিন্,0.3608551621437073,0.0,1.3608551621437073
কমিক,0.3607898950576782,0.0,1.3607898950576782
আলস্য,0.37016361951828003,0.010101010101010102,1.36006260941727
রাস্ত,0.36004823446273804,0.0,1.360048234462738
অস্বচ্,0.3600462079048157,0.0,1.3600462079048157
পপুল,0.36001962423324585,0.0,1.3600196242332458
শিশুকিশোর,0.35997241735458374,0.0,1.3599724173545837
ধাঁধা,0.35990744829177856,0.0,1.3599074482917786
কাস্টমার,0.35983359813690186,0.0,1.3598335981369019
ভাসুর,0.35942357778549194,0.0,1.359423577785492
কমলাপুর,0.37943172454833984,0.02040816326530612,1.3590235612830337
প্লাস,0.3590036630630493,0.0,1.3590036630630493
খুনির,0.3588203191757202,0.0,1.3588203191757202
লেপ,0.3587859869003296,0.0,1.3587859869003296
হোমিওপ্যাথি,0.35866886377334595,0.0,1.358668863773346
পরিবারটি,0.3584773540496826,0.0,1.3584773540496826
জুম্ম,0.37886548042297363,0.02040816326530612,1.3584573171576675
কুপিয়ে,0.35832250118255615,0.0,1.3583225011825562
তাপমাত্,0.39982014894485474,0.041666666666666664,1.3581534822781882
আবরণ,0.3581470251083374,0.0,1.3581470251083374
অসৌজন্যমূলক,0.3579868674278259,0.0,1.357986867427826
মাফিক,0.3579074740409851,0.0,1.357907474040985
সার্থকতা,0.357901394367218,0.0,1.357901394367218
সাত,0.3675727844238281,0.010101010101010102,1.3574717743228182
প্রকাশিত,0.3675518035888672,0.010101010101010102,1.3574507934878572
একাএকা,0.35744214057922363,0.0,1.3574421405792236
অনুকূল,0.3574078679084778,0.0,1.3574078679084778
সকাল,0.3777680993080139,0.02040816326530612,1.3573599360427078
দেবীর,0.35711485147476196,0.0,1.357114851474762
হাসপাতাল,0.35708481073379517,0.0,1.3570848107337952
কসমেটিক,0.3570743799209595,0.0,1.3570743799209595
সমভাবে,0.3570483922958374,0.0,1.3570483922958374
প্রোটন,0.3570305109024048,0.0,1.3570305109024048
আদানপ্রদান,0.3570250868797302,0.0,1.3570250868797302
জ্বালানোর,0.3671169877052307,0.010101010101010102,1.3570159776042208
দুলা,0.35699784755706787,0.0,1.3569978475570679
পড়েনি,0.3566330671310425,0.0,1.3566330671310425
রেকর্ডে,0.3666284680366516,0.010101010101010102,1.3565274579356417
রিস্ক,0.36650919914245605,0.010101010101010102,1.356408189041446
পনির,0.35637056827545166,0.0,1.3563705682754517
পরিবেশ,0.3766070604324341,0.02040816326530612,1.356198897167128
বিসর্জন,0.3561103940010071,0.0,1.356110394001007
খেলোয়াড়,0.35602933168411255,0.0,1.3560293316841125
অর্থ,0.3557661175727844,0.0,1.3557661175727844
ভুগে,0.3557415008544922,0.0,1.3557415008544922
পছন্দঅপছন্দ,0.3556934595108032,0.0,1.3556934595108032
নৈতিকতা,0.35558849573135376,0.0,1.3555884957313538
নিরুত্সাহিত,0.355566143989563,0.0,1.355566143989563
আমে,0.35523414611816406,0.0,1.355234146118164
পুরুষে,0.3551138639450073,0.0,1.3551138639450073
একাত্তর,0.3651231527328491,0.010101010101010102,1.3550221426318392
কনকনে,0.3549134135246277,0.0,1.3549134135246277
কখনো,0.37522125244140625,0.02040816326530612,1.3548130891761
মানসিকতা,0.3547225594520569,0.0,1.3547225594520569
থানা,0.35470569133758545,0.0,1.3547056913375854
আলোচনা,0.36465513706207275,0.010101010101010102,1.3545541269610628
পালন,0.36462467908859253,0.010101010101010102,1.3545236689875826
আমজনতা,0.3544713258743286,0.0,1.3544713258743286
সঠিকভাবে,0.35444802045822144,0.0,1.3544480204582214
ফলমূল,0.354369580745697,0.0,1.354369580745697
পাউরু,0.3536471724510193,0.0,1.3536471724510193
যুক্তরাষ্ট,0.3536030650138855,0.0,1.3536030650138855
খাঁর,0.35348325967788696,0.0,1.353483259677887
প্রতিমাসে,0.3534764051437378,0.0,1.3534764051437378
কারণেঅকারণে,0.3534609079360962,0.0,1.3534609079360962
সুবেদ,0.353265643119812,0.0,1.353265643119812
রোমান্স,0.35317927598953247,0.0,1.3531792759895325
লোহিত,0.35302191972732544,0.0,1.3530219197273254
মাদা,0.3526458740234375,0.0,1.3526458740234375
রাইত,0.35261714458465576,0.0,1.3526171445846558
লুকোচুরি,0.3525746464729309,0.0,1.352574646472931
শাস্তিমূলক,0.3525659441947937,0.0,1.3525659441947937
শ্লোক,0.35245126485824585,0.0,1.3524512648582458
থু,0.35238248109817505,0.0,1.352382481098175
ফলো,0.3523234724998474,0.0,1.3523234724998474
গোষ্ঠী,0.35194069147109985,0.0,1.3519406914710999
অনুধাবন,0.35177940130233765,0.0,1.3517794013023376
বিকেলের,0.37212878465652466,0.02040816326530612,1.3517206213912185
ধীরে,0.3516564965248108,0.0,1.3516564965248108
প্রশ্বাস,0.3516201376914978,0.0,1.3516201376914978
জুতাপে,0.3515326976776123,0.0,1.3515326976776123
রেজিস্,0.3513854742050171,0.0,1.351385474205017
পরেরটি,0.35136812925338745,0.0,1.3513681292533875
ভাবিনি,0.3511459231376648,0.0,1.3511459231376648
নেভানো,0.37147021293640137,0.02040816326530612,1.3510620496710952
পেনাল,0.3508606553077698,0.0,1.3508606553077698
সুস্বাদু,0.35071659088134766,0.0,1.3507165908813477
জনপ্রিয়তা,0.35070401430130005,0.0,1.3507040143013
পুরুষ,0.36079174280166626,0.010101010101010102,1.3506907327006563
সেলিব্রেট,0.3506859540939331,0.0,1.350685954093933
জীবনযাত্র,0.3506438732147217,0.0,1.3506438732147217
আসা,0.3504762649536133,0.0,1.3504762649536133
মূল,0.35044997930526733,0.0,1.3504499793052673
থাপ্পড়,0.3504405617713928,0.0,1.3504405617713928
ঢুক,0.36047810316085815,0.010101010101010102,1.3503770930598482
জৈব,0.35005706548690796,0.0,1.350057065486908
এশিয়া,0.35001593828201294,0.0,1.350015938282013
অপ্রাসঙ্গিক,0.349909245967865,0.0,1.349909245967865
রেলের,0.3598390221595764,0.010101010101010102,1.3497380120585665
সর্বহা,0.34964829683303833,0.0,1.3496482968330383
ফার্মেসীর,0.34948766231536865,0.0,1.3494876623153687
তাজউদ্দিন,0.3493213653564453,0.0,1.3493213653564453
গ্রাফ,0.3492234945297241,0.0,1.3492234945297241
অভ্যেস,0.3592844605445862,0.010101010101010102,1.3491834504435762
আস,0.3491624593734741,0.0,1.3491624593734741
শানু,0.34896910190582275,0.0,1.3489691019058228
নামডাক,0.3489103317260742,0.0,1.3489103317260742
সেকথা,0.3488391041755676,0.0,1.3488391041755676
ছাপানোর,0.3487263321876526,0.0,1.3487263321876526
চানাচুর,0.3486328721046448,0.0,1.3486328721046448
দিলে,0.36891114711761475,0.02040816326530612,1.3485029838523086
নির্মলেন্দু,0.34843504428863525,0.0,1.3484350442886353
লেভেলের,0.3481208086013794,0.0,1.3481208086013794
আলোক,0.34811341762542725,0.0,1.3481134176254272
সংস্কৃতির,0.34805822372436523,0.0,1.3480582237243652
বাস,0.3480004072189331,0.0,1.348000407218933
কষ্টসাধ্য,0.3479614853858948,0.0,1.3479614853858948
জয়ী,0.3477151393890381,0.0,1.347715139389038
মুক্তিপণ,0.34761106967926025,0.0,1.3476110696792603
অপমানসূচক,0.347489595413208,0.0,1.347489595413208
অত্যধিক,0.34742826223373413,0.0,1.3474282622337341
মোক্ত,0.3472183346748352,0.0,1.3472183346748352
পুরু,0.34700506925582886,0.0,1.3470050692558289
দূরবর্তী,0.34686386585235596,0.0,1.346863865852356
ছটা,0.34658247232437134,0.0,1.3465824723243713
নেগেটিভ,0.3464532494544983,0.0,1.3464532494544983
পাঁচেক,0.34643352031707764,0.0,1.3464335203170776
পোষণ,0.3464323878288269,0.0,1.346432387828827
গতানুগতিক,0.3461431860923767,0.0,1.3461431860923767
নিরামিষ,0.3459727168083191,0.0,1.345972716808319
অহংক,0.3459678292274475,0.0,1.3459678292274475
উদারতা,0.3459351062774658,0.0,1.3459351062774658
তিনগুণ,0.34576499462127686,0.0,1.3457649946212769
থুবড়ে,0.34574878215789795,0.0,1.345748782157898
দুইজনেই,0.3454667329788208,0.0,1.3454667329788208
স্মৃতিচারণ,0.3454369902610779,0.0,1.3454369902610779
জেনারেল,0.3453928232192993,0.0,1.3453928232192993
ইন্টারেস্ট,0.3452710509300232,0.0,1.3452710509300232
বদঅভ্যাস,0.3451542258262634,0.0,1.3451542258262634
ভুবন,0.34510111808776855,0.0,1.3451011180877686
গবেষণাধর্মী,0.3450102210044861,0.0,1.345010221004486
ধাতু,0.3447771668434143,0.0,1.3447771668434143
প্রসেসিং,0.3447297215461731,0.0,1.344729721546173
অবস্থা,0.34462666511535645,0.0,1.3446266651153564
প্রতিহিংসা,0.3445768356323242,0.0,1.3445768356323242
পর্যালোচনা,0.3440782427787781,0.0,1.344078242778778
পশ্চিমে,0.3439893126487732,0.0,1.3439893126487732
স্থবির,0.3439793586730957,0.0,1.3439793586730957
পাঁচ,0.35400593280792236,0.010101010101010102,1.3439049227069124
অক্ষে,0.3436822295188904,0.0,1.3436822295188904
আগাছা,0.3436118960380554,0.0,1.3436118960380554
রাজপথ,0.3432902693748474,0.0,1.3432902693748474
ঝড়ে,0.3432489037513733,0.0,1.3432489037513733
স্ট্যাম্প,0.34300899505615234,0.0,1.3430089950561523
পুলিশকে,0.34299421310424805,0.0,1.342994213104248
ডেট,0.3429340720176697,0.0,1.3429340720176697
কাটাতারের,0.3426981568336487,0.0,1.3426981568336487
ধুলাবা,0.3426244258880615,0.0,1.3426244258880615
ব্যর্থতা,0.3424569368362427,0.0,1.3424569368362427
অপূর্ণ,0.34214621782302856,0.0,1.3421462178230286
মৃত্যু,0.342110276222229,0.0,1.342110276222229
মান,0.3520078659057617,0.010101010101010102,1.3419068558047518
গভীর,0.351995587348938,0.010101010101010102,1.341894577247928
ঝিল,0.3415261507034302,0.0,1.3415261507034302
সংকীর্ণ,0.34129947423934937,0.0,1.3412994742393494
পা,0.3513305187225342,0.010101010101010102,1.3412295086215242
টেম্পো,0.3407672643661499,0.0,1.34076726436615
ভাগ,0.37165844440460205,0.030927835051546393,1.3407306093530558
২৫শে,0.34072190523147583,0.0,1.3407219052314758
যৌবন,0.3406980633735657,0.0,1.3406980633735657
মেলানো,0.34060823917388916,0.0,1.3406082391738892
নিমজ্জিত,0.3405776023864746,0.0,1.3405776023864746
অতঃপর,0.3404974937438965,0.0,1.3404974937438965
এডিশনাল,0.3404446244239807,0.0,1.3404446244239807
অস্ত্র,0.3402248024940491,0.0,1.340224802494049
ভাইরাস,0.3605438470840454,0.02040816326530612,1.3401356838187393
ব্রিগেডিয়,0.3400077223777771,0.0,1.340007722377777
নিঝুম,0.33995717763900757,0.0,1.3399571776390076
মানচিত্র,0.33979231119155884,0.0,1.3397923111915588
মরিচ,0.3397252559661865,0.0,1.3397252559661865
উদ্দীপনা,0.33965057134628296,0.0,1.339650571346283
কাটা,0.339305579662323,0.0,1.339305579662323
রেফারেন্স,0.339052677154541,0.0,1.339052677154541
রেজ,0.3388073444366455,0.0,1.3388073444366455
নায়েক,0.3387991189956665,0.0,1.3387991189956665
সেনের,0.3387940526008606,0.0,1.3387940526008606
সংবিধান,0.3488816022872925,0.010101010101010102,1.3387805921862825
বেগুন,0.35917603969573975,0.02040816326530612,1.3387678764304336
মহারাজা,0.33875077962875366,0.0,1.3387507796287537
ভিটামিন,0.33867186307907104,0.0,1.338671863079071
সক্রিয়,0.34874510765075684,0.010101010101010102,1.338644097549747
কার্টুন,0.3385494351387024,0.0,1.3385494351387024
ট্রিটমেন্ট,0.338398814201355,0.0,1.338398814201355
জিহ্বা,0.33825600147247314,0.0,1.3382560014724731
পাত্রী,0.33820444345474243,0.0,1.3382044434547424
নামেনি,0.3381699323654175,0.0,1.3381699323654175
ঘরে,0.3482162356376648,0.010101010101010102,1.3381152255366549
মুহম্মদ,0.33805668354034424,0.0,1.3380566835403442
উপকরণ,0.3379966616630554,0.0,1.3379966616630554
গোলাপী,0.33798062801361084,0.0,1.3379806280136108
পারফেক্ট,0.33747780323028564,0.0,1.3374778032302856
ফুসফুসে,0.33746975660324097,0.0,1.337469756603241
আঘাত,0.3374238610267639,0.0,1.337423861026764
তৃষিত,0.3374004364013672,0.0,1.3374004364013672
নির্মুল,0.3373972177505493,0.0,1.3373972177505493
পরিকল্পনা,0.34749406576156616,0.010101010101010102,1.3373930556605562
উন্নয়ন,0.3373204469680786,0.0,1.3373204469680786
গুলিটি,0.336919367313385,0.0,1.336919367313385
চিন্তাধা,0.3366294503211975,0.0,1.3366294503211975
বেসিক,0.33641594648361206,0.0,1.336415946483612
মাটি,0.35669273138046265,0.02040816326530612,1.3362845681151565
অলংক,0.33608007431030273,0.0,1.3360800743103027
ভুল,0.36681032180786133,0.030927835051546393,1.335882486756315
কাটিং,0.33581769466400146,0.0,1.3358176946640015
অনাগ্রহ,0.3355574607849121,0.0,1.335557460784912
হাতপ,0.3353196382522583,0.0,1.3353196382522583
লাগান,0.335277259349823,0.0,1.335277259349823
ঈগল,0.33493465185165405,0.0,1.334934651851654
ধারণাটি,0.3349301218986511,0.0,1.3349301218986511
কুসংস্ক,0.3348124027252197,0.0,1.3348124027252197
টিবি,0.3346099853515625,0.0,1.3346099853515625
সমাদর,0.3345510959625244,0.0,1.3345510959625244
পাঠকেরা,0.33438676595687866,0.0,1.3343867659568787
স্পিড,0.3444178104400635,0.010101010101010102,1.3343168003390535
খাদ্যাভ্যাস,0.3343098759651184,0.0,1.3343098759651184
ধারণা,0.3342629075050354,0.0,1.3342629075050354
শুনত,0.33425360918045044,0.0,1.3342536091804504
ফুসে,0.33419299125671387,0.0,1.3341929912567139
সম্পাদনা,0.33404040336608887,0.0,1.3340404033660889
প্রুফ,0.3339952826499939,0.0,1.333995282649994
শাবল,0.3335608243942261,0.0,1.333560824394226
পুলকিত,0.3334771394729614,0.0,1.3334771394729614
রকিব,0.34357476234436035,0.010101010101010102,1.3334737522433504
মতবিরোধ,0.33328932523727417,0.0,1.3332893252372742
বৃহস্পতিবারে,0.3332609534263611,0.0,1.333260953426361
চকলেট,0.33322834968566895,0.0,1.333228349685669
জনা,0.3331548571586609,0.0,1.3331548571586609
খাইতে,0.3331524133682251,0.0,1.333152413368225
অশ্রু,0.333138108253479,0.0,1.333138108253479
ইনকিউবেটরে,0.33297109603881836,0.0,1.3329710960388184
পাঠাচ্,0.3329106569290161,0.0,1.3329106569290161
দেবতা,0.3328685164451599,0.0,1.33286851644516
দীর্ঘদিনে,0.332475483417511,0.0,1.332475483417511
শেখানোর,0.33247309923171997,0.0,1.33247309923172
আদৌ,0.3422966003417969,0.010101010101010102,1.332195590240787
শ্যাম্পু,0.3420814871788025,0.010101010101010102,1.3319804770777925
লোপাট,0.3319476842880249,0.0,1.331947684288025
পেরেছিলে,0.33174407482147217,0.0,1.3317440748214722
লোক,0.33151769638061523,0.0,1.3315176963806152
ফিফথ,0.33138132095336914,0.0,1.3313813209533691
ট্রলারটি,0.3313789367675781,0.0,1.3313789367675781
কলাকৌশল,0.3312128186225891,0.0,1.3312128186225891
সবজি,0.34099119901657104,0.010101010101010102,1.330890188915561
সৃষ্টিকর্ত,0.33029329776763916,0.0,1.3302932977676392
নিরীক্ষা,0.3301956057548523,0.0,1.3301956057548523
জ্যামে,0.3402256965637207,0.010101010101010102,1.3301246864627108
পৃথিবীতে,0.33011525869369507,0.0,1.330115258693695
বাবদ,0.3300456404685974,0.0,1.3300456404685974
সুযোগ,0.3298518657684326,0.0,1.3298518657684326
ইংরেজী,0.3298429250717163,0.0,1.3298429250717163
নৃশংসভাবে,0.3297879099845886,0.0,1.3297879099845886
উপহাস,0.3297475576400757,0.0,1.3297475576400757
শেষদি,0.32949763536453247,0.0,1.3294976353645325
অস্থায়ী,0.32946282625198364,0.0,1.3294628262519836
সরঞ্জাম,0.3291144371032715,0.0,1.3291144371032715
পুলিশ,0.3390912413597107,0.010101010101010102,1.3289902312587007
কোনোরকমে,0.3288065791130066,0.0,1.3288065791130066
শাসনে,0.32848238945007324,0.0,1.3284823894500732
গামছা,0.3283284306526184,0.0,1.3283284306526184
সিক্ত,0.32828521728515625,0.0,1.3282852172851562
ছিপি,0.3281465172767639,0.0,1.328146517276764
সেটাতে,0.3279435634613037,0.0,1.3279435634613037
তারিখটি,0.32776349782943726,0.0,1.3277634978294373
পারিশ্রমিক,0.3276345729827881,0.0,1.327634572982788
ক্লান্তির,0.3374888300895691,0.010101010101010102,1.3273878199885591
কাট,0.3273656964302063,0.0,1.3273656964302063
সম্বন্ধে,0.3273615837097168,0.0,1.3273615837097168
দৈর্ঘ,0.32726943492889404,0.0,1.327269434928894
মেরেছেন,0.32718944549560547,0.0,1.3271894454956055
সংখ্যা,0.32715266942977905,0.0,1.327152669429779
গন্ধে,0.3269619941711426,0.0,1.3269619941711426
বিশ্বাসঘাতক,0.3269590139389038,0.0,1.3269590139389038
তেজ,0.32658034563064575,0.0,1.3265803456306458
সন্ধি,0.32657313346862793,0.0,1.326573133468628
উঠ,0.33653682470321655,0.010101010101010102,1.3264358146022066
বার্জ,0.3264315128326416,0.0,1.3264315128326416
লেখা,0.32641130685806274,0.0,1.3264113068580627
পাল্ল,0.3261433243751526,0.0,1.3261433243751526
ক্যাঙ্গারু,0.32596856355667114,0.0,1.3259685635566711
পাতানো,0.3258361220359802,0.0,1.3258361220359802
রোদের,0.3358301520347595,0.010101010101010102,1.3257291419337496
প্রকাশনীর,0.3460961580276489,0.02040816326530612,1.3256879947623428
সিকদার,0.3250029683113098,0.0,1.3250029683113098
এলাকা,0.32485151290893555,0.0,1.3248515129089355
হলু,0.3248409032821655,0.0,1.3248409032821655
জরুরি,0.32435154914855957,0.0,1.3243515491485596
প্রকোপ,0.32423102855682373,0.0,1.3242310285568237
চাঁদে,0.32421404123306274,0.0,1.3242140412330627
ছোটভা,0.3240850567817688,0.0,1.3240850567817688
দুবেলা,0.32395851612091064,0.0,1.3239585161209106
জন্মস্থান,0.3237457871437073,0.0,1.3237457871437073
ডিফিকাল্ট,0.32363396883010864,0.0,1.3236339688301086
শোষণ,0.32324308156967163,0.0,1.3232430815696716
টিউশনি,0.3230026960372925,0.0,1.3230026960372925
ভক্তি,0.32269883155822754,0.0,1.3226988315582275
চাচি,0.33274906873703003,0.010101010101010102,1.32264805863602
প্রধান,0.3326815366744995,0.010101010101010102,1.3225805265734896
পাটাতন,0.32201695442199707,0.0,1.322016954421997
স্ফুলিঙ্গ,0.3318173289299011,0.010101010101010102,1.3217163188288912
টোন,0.3212452530860901,0.0,1.32124525308609
কোরবানির,0.3207501769065857,0.0,1.3207501769065857
পাথুরে,0.33068782091140747,0.010101010101010102,1.3205868108103975
নিম্নবিত্ত,0.3203928470611572,0.0,1.3203928470611572
আলতা,0.3200327754020691,0.0,1.320032775402069
টিচ,0.319794237613678,0.0,1.319794237613678
সমৃদ্ধির,0.31960880756378174,0.0,1.3196088075637817
উপস্থাপিকা,0.31947189569473267,0.0,1.3194718956947327
চালাব,0.3194122314453125,0.0,1.3194122314453125
ভূমিকম্পে,0.31930750608444214,0.0,1.3193075060844421
ফিক,0.3189409375190735,0.0,1.3189409375190735
বাবুর্চির,0.3189118504524231,0.0,1.318911850452423
চালিয়েছিল,0.31825166940689087,0.0,1.3182516694068909
চারিদি,0.32834064960479736,0.010101010101010102,1.3182396395037874
আপনারা,0.3181001543998718,0.0,1.3181001543998718
উট,0.3178228735923767,0.0,1.3178228735923767
ক্ষতচিহ্ন,0.317669153213501,0.0,1.317669153213501
আটা,0.31766700744628906,0.0,1.317667007446289
মহিলা,0.3174600601196289,0.0,1.317460060119629
ঘুমালে,0.3171636462211609,0.0,1.3171636462211609
প্রকাশন,0.34807634353637695,0.030927835051546393,1.3171485084848307
চুরম,0.31711262464523315,0.0,1.3171126246452332
শরিফে,0.3170117139816284,0.0,1.3170117139816284
কলেজ,0.32702308893203735,0.010101010101010102,1.3169220788310274
টাওয়,0.3167186975479126,0.0,1.3167186975479126
সীমাহীন,0.3164587616920471,0.0,1.3164587616920471
প্রথমা,0.3161177635192871,0.0,1.316117763519287
ব্যাকটেরিয়া,0.3160262107849121,0.0,1.316026210784912
মানুষরা,0.31588321924209595,0.0,1.315883219242096
জ্যোতির্বিদ,0.3156880736351013,0.0,1.3156880736351013
সেলসম্যান,0.3154922127723694,0.0,1.3154922127723694
ধানমণ্ডির,0.3152497410774231,0.0,1.315249741077423
কবিরাজ,0.3151639699935913,0.0,1.3151639699935913
হরমোন,0.32515180110931396,0.010101010101010102,1.315050791008304
মেডেল,0.3149139881134033,0.0,1.3149139881134033
বোমাবর্ষণ,0.3145875334739685,0.0,1.3145875334739685
পরিশেষ,0.3138442039489746,0.0,1.3138442039489746
ভাসানী,0.3237144351005554,0.010101010101010102,1.3136134249995455
পেরিয়ে,0.31353622674942017,0.0,1.3135362267494202
ক্লিপটি,0.3132147192955017,0.0,1.3132147192955017
অক্সাইড,0.31312018632888794,0.0,1.313120186328888
হতভাগ্য,0.3130905032157898,0.0,1.3130905032157898
লাখ,0.3128818869590759,0.0,1.312881886959076
সেকারণে,0.3116776943206787,0.0,1.3116776943206787
গিফট,0.31106287240982056,0.0,1.3110628724098206
শেখ,0.34082281589508057,0.030927835051546393,1.3098949808435343
আত্মহা,0.30979233980178833,0.0,1.3097923398017883
ফিল্,0.3096598982810974,0.0,1.3096598982810974
এলিফ্যান্ট,0.30958884954452515,0.0,1.3095888495445251
ফিরত,0.30945777893066406,0.0,1.309457778930664
দিনদুপুরে,0.30930614471435547,0.0,1.3093061447143555
জ্বালানো,0.3088570237159729,0.0,1.308857023715973
ছোট,0.3086804747581482,0.0,1.3086804747581482
হীন,0.30866843461990356,0.0,1.3086684346199036
ভ্যাপসা,0.30852991342544556,0.0,1.3085299134254456
ডোরাকা,0.30849766731262207,0.0,1.308497667312622
শিখেছেন,0.30787837505340576,0.0,1.3078783750534058
হত্যা,0.3071903586387634,0.0,1.3071903586387634
প্রযুক্তিবিদ,0.30714303255081177,0.0,1.3071430325508118
করাত,0.30694490671157837,0.0,1.3069449067115784
জানিয়েছি,0.306784451007843,0.0,1.306784451007843
বুধবারে,0.3065425753593445,0.0,1.3065425753593445
বিরুদ্ধে,0.3266691565513611,0.02040816326530612,1.306260993286055
একচ্ছত্র,0.3060232996940613,0.0,1.3060232996940613
ঘটে,0.3264272212982178,0.02040816326530612,1.3060190580329116
বইও,0.3054587244987488,0.0,1.3054587244987488
রোমান্টিক,0.3050362467765808,0.0,1.3050362467765808
মা,0.31490588188171387,0.010101010101010102,1.304804871780704
ওনারা,0.30471813678741455,0.0,1.3047181367874146
ফাইটিং,0.31479936838150024,0.010101010101010102,1.3046983582804903
সারাংশ,0.31479448080062866,0.010101010101010102,1.3046934706996187
বাস্তবায়ন,0.30338054895401,0.0,1.30338054895401
তাপমাত্রা,0.30318474769592285,0.0,1.3031847476959229
সহানুভূতি,0.3031439781188965,0.0,1.3031439781188965
চালাচ্ছিল,0.30312103033065796,0.0,1.303121030330658
নেতা,0.303105890750885,0.0,1.303105890750885
অভ্যুত্থানে,0.30307650566101074,0.0,1.3030765056610107
সাংবাদিক,0.3030340075492859,0.0,1.3030340075492859
লাগেনি,0.3028829097747803,0.0,1.3028829097747803
আন,0.3129224181175232,0.010101010101010102,1.3028214080165132
অপ্রতুল,0.302571177482605,0.0,1.302571177482605
চৌধুরী,0.3125463128089905,0.010101010101010102,1.3024453027079805
নিস্তেজ,0.30239176750183105,0.0,1.302391767501831
জবা,0.30189353227615356,0.0,1.3018935322761536
উঠুক,0.3018200993537903,0.0,1.3018200993537903
সবজির,0.3217337131500244,0.02040816326530612,1.3013255498847183
কিলোমিটারের,0.3008641004562378,0.0,1.3008641004562378
সফলভাবে,0.3007054328918457,0.0,1.3007054328918457
দেশ,0.30048131942749023,0.0,1.3004813194274902
গান,0.3313405513763428,0.030927835051546393,1.3004127163247965
বাঁদর,0.30023473501205444,0.0,1.3002347350120544
অবমানন,0.3102080821990967,0.010101010101010102,1.3001070720980867
কোর্সে,0.29988622665405273,0.0,1.2998862266540527
প্রথমদিন,0.2996535301208496,0.0,1.2996535301208496
ছাল,0.2994943857192993,0.0,1.2994943857192993
পায়,0.3092976212501526,0.010101010101010102,1.2991966111491426
উপকারী,0.29907941818237305,0.0,1.299079418182373
নিরাপত্তা,0.2988407611846924,0.0,1.2988407611846924
মুখে,0.2987520098686218,0.0,1.2987520098686218
শিখরে,0.29874199628829956,0.0,1.2987419962882996
দুদিনে,0.2987391948699951,0.0,1.2987391948699951
তলপেট,0.2985827922821045,0.0,1.2985827922821045
সহায়ক,0.2977786064147949,0.0,1.297778606414795
পরীক্ষা,0.3078364133834839,0.010101010101010102,1.297735403282474
আর,0.3076398968696594,0.010101010101010102,1.2975388867686495
নিম্নচাপ,0.29737842082977295,0.0,1.297378420829773
অপারগ,0.29723286628723145,0.0,1.2972328662872314
অঢেল,0.2971220016479492,0.0,1.2971220016479492
পদার্পণ,0.2968679666519165,0.0,1.2968679666519165
নীচু,0.29673266410827637,0.0,1.2967326641082764
জীবন,0.3066641688346863,0.010101010101010102,1.2965631587336763
জমানোর,0.29650795459747314,0.0,1.2965079545974731
অনুপা,0.2958994507789612,0.0,1.2958994507789612
ঝালাপালা,0.295845627784729,0.0,1.295845627784729
আসে,0.2955324649810791,0.0,1.295532464981079
ডলারে,0.2953692078590393,0.0,1.2953692078590393
ভুবনে,0.29518914222717285,0.0,1.2951891422271729
পকেটবিহীন,0.29444074630737305,0.0,1.294440746307373
হাসপাতালে,0.2943388819694519,0.0,1.294338881969452
মিশ্রিত,0.29406243562698364,0.0,1.2940624356269836
বিন্যাস,0.29405224323272705,0.0,1.294052243232727
রেন্ট,0.29378074407577515,0.0,1.2937807440757751
হাসান,0.29367339611053467,0.0,1.2936733961105347
চন্দ্রবিন্দু,0.29330432415008545,0.0,1.2933043241500854
সমুচা,0.2930496335029602,0.0,1.2930496335029602
ছোটবেল,0.2930262088775635,0.0,1.2930262088775635
এশিয়,0.2929977774620056,0.0,1.2929977774620056
কৈ,0.3029419779777527,0.010101010101010102,1.2928409678767427
বাষ্প,0.292721152305603,0.0,1.292721152305603
আট,0.29260051250457764,0.0,1.2926005125045776
চিপে,0.2924579381942749,0.0,1.292457938194275
একইরকম,0.2912387251853943,0.0,1.2912387251853943
ঘাটি,0.29121607542037964,0.0,1.2912160754203796
বিস্তীর্ণ,0.29073745012283325,0.0,1.2907374501228333
উপস্থিত,0.29071110486984253,0.0,1.2907111048698425
প্রতিভ,0.290674090385437,0.0,1.290674090385437
মেশা,0.2905871272087097,0.0,1.2905871272087097
ফার্মেসির,0.2904588580131531,0.0,1.290458858013153
রোজী,0.28989362716674805,0.0,1.289893627166748
উৎসর্গ,0.29976707696914673,0.010101010101010102,1.2896660668681368
বিষে,0.28917235136032104,0.0,1.289172351360321
থামলে,0.2990708351135254,0.010101010101010102,1.2889698250125154
লাস্ট,0.2888484597206116,0.0,1.2888484597206116
পানা,0.28850698471069336,0.0,1.2885069847106934
সিরোস,0.28823208808898926,0.0,1.2882320880889893
অহংকারী,0.28815603256225586,0.0,1.2881560325622559
ডাক্তারী,0.28815239667892456,0.0,1.2881523966789246
গুপ্তধন,0.28807157278060913,0.0,1.2880715727806091
কদিনে,0.28775572776794434,0.0,1.2877557277679443
চলাফেরার,0.28725945949554443,0.0,1.2872594594955444
সুবিশাল,0.2871917486190796,0.0,1.2871917486190796
দেয়,0.28691256046295166,0.0,1.2869125604629517
অপরিষ্ক,0.285896897315979,0.0,1.285896897315979
আনাগোনা,0.2957877516746521,0.010101010101010102,1.2856867415736422
কামর,0.28498226404190063,0.0,1.2849822640419006
উদ্দাম,0.28464555740356445,0.0,1.2846455574035645
মহাদেশের,0.28460103273391724,0.0,1.2846010327339172
আত্মপক্ষ,0.28440892696380615,0.0,1.2844089269638062
ঘনিষ্ঠজন,0.2839965224266052,0.0,1.2839965224266052
পরিপন্থী,0.2837598919868469,0.0,1.283759891986847
ভাউচ,0.28371143341064453,0.0,1.2837114334106445
পরিবর্তন,0.28351593017578125,0.0,1.2835159301757812
সার,0.29329174757003784,0.010101010101010102,1.283190737469028
হিসাবনিকাশ,0.2829996943473816,0.0,1.2829996943473816
সৈয়দ,0.2829176187515259,0.0,1.2829176187515259
বেডের,0.2819916009902954,0.0,1.2819916009902954
থাকলে,0.2813761830329895,0.0,1.2813761830329895
যোগাযোগ,0.2805911898612976,0.0,1.2805911898612976
অজু,0.2802315354347229,0.0,1.280231535434723
গাইছ,0.280176043510437,0.0,1.280176043510437
আইন,0.30055564641952515,0.02040816326530612,1.280147483154219
গর্ভধারণ,0.2801169157028198,0.0,1.2801169157028198
ক্যাম,0.2799758315086365,0.0,1.2799758315086365
মহাসাগরে,0.27978694438934326,0.0,1.2797869443893433
হারাবে,0.27971887588500977,0.0,1.2797188758850098
ভুলভাবে,0.2792494297027588,0.0,1.2792494297027588
কুলের,0.28891849517822266,0.010101010101010102,1.2788174850772127
চারিত্রিক,0.2785126566886902,0.0,1.2785126566886902
ভাই,0.2882882356643677,0.010101010101010102,1.2781872255633577
অভ্যাসে,0.27782106399536133,0.0,1.2778210639953613
লাগাব,0.27776986360549927,0.0,1.2777698636054993
চৈত্রমাস,0.27771151065826416,0.0,1.2777115106582642
পরবে,0.27757716178894043,0.0,1.2775771617889404
ফোন,0.2972980737686157,0.02040816326530612,1.2768899105033096
পত্নী,0.2763739824295044,0.0,1.2763739824295044
শুকানো,0.275723397731781,0.0,1.275723397731781
সেলুনে,0.2754620909690857,0.0,1.2754620909690857
হার্টে,0.2750973105430603,0.0,1.2750973105430603
ওরে,0.2749711871147156,0.0,1.2749711871147156
সবাইকেই,0.2744407057762146,0.0,1.2744407057762146
বাব,0.274239718914032,0.0,1.274239718914032
জানো,0.2741740345954895,0.0,1.2741740345954895
মাপকাঠি,0.27380597591400146,0.0,1.2738059759140015
নামে,0.27354055643081665,0.0,1.2735405564308167
হাদিসে,0.2729368209838867,0.0,1.2729368209838867
আঁখি,0.2724815607070923,0.0,1.2724815607070923
সিদ্ধান্ত,0.27230727672576904,0.0,1.272307276725769
বিদ,0.2720468044281006,0.0,1.2720468044281006
স্কলারশিপ,0.2715494632720947,0.0,1.2715494632720947
এখানেসেখানে,0.27047526836395264,0.0,1.2704752683639526
ধেয়ে,0.2702980637550354,0.0,1.2702980637550354
ভুলি,0.2696866989135742,0.0,1.2696866989135742
বিনে,0.2691994309425354,0.0,1.2691994309425354
কাঁদে,0.2686219811439514,0.0,1.2686219811439514
মাছ,0.3324049115180969,0.06382978723404255,1.2685751242840544
পূর্বপরিচিত,0.26847952604293823,0.0,1.2684795260429382
তথ্যাদি,0.26828455924987793,0.0,1.268284559249878
যন্ত্রে,0.26800650358200073,0.0,1.2680065035820007
স্বৈরাচারী,0.26756030321121216,0.0,1.2675603032112122
ক্ষেত্রবিশেষ,0.2671108841896057,0.0,1.2671108841896057
গ্যাপ,0.2666164040565491,0.0,1.266616404056549
প্রকাশ,0.28700631856918335,0.02040816326530612,1.2665981553038772
কার্যকলাপে,0.26637881994247437,0.0,1.2663788199424744
অবজারভেশন,0.2646629810333252,0.0,1.2646629810333252
খাইলে,0.2643502950668335,0.0,1.2643502950668335
কর্মক্ষমতা,0.264178991317749,0.0,1.264178991317749
পাইপে,0.26399368047714233,0.0,1.2639936804771423
নার্ভাস,0.26377320289611816,0.0,1.2637732028961182
ললিতা,0.26362502574920654,0.0,1.2636250257492065
হরফে,0.2636045813560486,0.0,1.2636045813560486
বটি,0.2633349299430847,0.0,1.2633349299430847
অপ,0.2630956172943115,0.0,1.2630956172943115
বাইরে,0.2728733420372009,0.010101010101010102,1.262772331936191
কাঁথা,0.2618592381477356,0.0,1.2618592381477356
দেশের,0.26109224557876587,0.0,1.2610922455787659
খান,0.2705967426300049,0.010101010101010102,1.260495732528995
মার,0.259784460067749,0.0,1.259784460067749
উলটপালট,0.25977909564971924,0.0,1.2597790956497192
নিছক,0.2594793438911438,0.0,1.2594793438911438
বাজবে,0.25877970457077026,0.0,1.2587797045707703
আরো,0.25871527194976807,0.0,1.258715271949768
গামা,0.2685389518737793,0.010101010101010102,1.2584379417727694
সুপারনোভা,0.26851415634155273,0.010101010101010102,1.2584131462405428
রানির,0.2574787139892578,0.0,1.2574787139892578
মেঘাচ্ছন্ন,0.2663041353225708,0.010101010101010102,1.2562031252215609
রাতদিন,0.25607842206954956,0.0,1.2560784220695496
বাবা,0.25575846433639526,0.0,1.2557584643363953
সামল,0.26498574018478394,0.010101010101010102,1.254884730083774
সভায়,0.26471418142318726,0.010101010101010102,1.2546131713221773
হ্যাভ,0.25440216064453125,0.0,1.2544021606445312
মিশ্রণ,0.25397855043411255,0.0,1.2539785504341125
ভালো,0.2532721161842346,0.0,1.2532721161842346
শুনা,0.25307220220565796,0.0,1.253072202205658
বাসর,0.2529131770133972,0.0,1.2529131770133972
সকালবিকাল,0.2515515685081482,0.0,1.2515515685081482
দাউ,0.25092172622680664,0.0,1.2509217262268066
ফার্নিচার,0.25006920099258423,0.0,1.2500692009925842
খাবা,0.29019224643707275,0.041666666666666664,1.2485255797704062
সৌজন্যমূলক,0.24578642845153809,0.0,1.245786428451538
খালাত,0.24541640281677246,0.0,1.2454164028167725
ব্রেকফাস্ট,0.24504905939102173,0.0,1.2450490593910217
ছোটগল্প,0.24431556463241577,0.0,1.2443155646324158
লেলিহান,0.26400601863861084,0.02040816326530612,1.2435978553733047
ধর্মে,0.24181705713272095,0.0,1.241817057132721
কিউবিক,0.2414928674697876,0.0,1.2414928674697876
অফিস,0.24081075191497803,0.0,1.240810751914978
লোডশেডিং,0.2403358817100525,0.0,1.2403358817100525
আগরবাতি,0.23974323272705078,0.0,1.2397432327270508
ফেরেনি,0.2392597198486328,0.0,1.2392597198486328
ভিনি,0.23883992433547974,0.0,1.2388399243354797
আলী,0.2482839822769165,0.010101010101010102,1.2381829721759066
সমস্যা,0.25854361057281494,0.02040816326530612,1.2381354473075088
কর্মে,0.23374003171920776,0.0,1.2337400317192078
নিশ্চিত,0.23369699716567993,0.0,1.23369699716568
সহযোদ্ধা,0.23285824060440063,0.0,1.2328582406044006
এশ,0.23270189762115479,0.0,1.2327018976211548
কথাতে,0.23228347301483154,0.0,1.2322834730148315
পরীর,0.23178863525390625,0.0,1.2317886352539062
জমানো,0.2409815788269043,0.010101010101010102,1.2308805687258944
ঘটনা,0.24078375101089478,0.010101010101010102,1.2306827409098848
মাস,0.24075204133987427,0.010101010101010102,1.2306510312388643
পুনরাবৃত্তি,0.23029577732086182,0.0,1.2302957773208618
বই,0.2503023147583008,0.02040816326530612,1.2298941514929946
সাথে,0.22900384664535522,0.0,1.2290038466453552
প্রত্যুত্তরে,0.22822779417037964,0.0,1.2282277941703796
আগুন,0.28068339824676514,0.05263157894736842,1.2280518192993968
ভরপেট,0.22741329669952393,0.0,1.227413296699524
শেলী,0.22588974237442017,0.0,1.2258897423744202
থেকেছি,0.22559762001037598,0.0,1.225597620010376
লাগব,0.22398269176483154,0.0,1.2239826917648315
আর্টিলারি,0.22320282459259033,0.0,1.2232028245925903
ডুকরে,0.22315603494644165,0.0,1.2231560349464417
কেজির,0.2225184440612793,0.0,1.2225184440612793
হঠকারী,0.2218530774116516,0.0,1.2218530774116516
ম্যাসাজ,0.2213129997253418,0.0,1.2213129997253418
সওদা,0.22050940990447998,0.0,1.22050940990448
অংশ,0.22043758630752563,0.0,1.2204375863075256
ছবি,0.22019833326339722,0.0,1.2201983332633972
ফেরেননি,0.2391347885131836,0.02040816326530612,1.2187266252478774
অনুশোচনা,0.21772819757461548,0.0,1.2177281975746155
পাশে,0.23807698488235474,0.02040816326530612,1.2176688216170486
চেনাজানা,0.21740585565567017,0.0,1.2174058556556702
রাজকন্যা,0.21713197231292725,0.0,1.2171319723129272
ফিক্সড,0.22534120082855225,0.010101010101010102,1.2152401907275423
পাবলিশার্স,0.21407145261764526,0.0,1.2140714526176453
বলিরেখা,0.21338677406311035,0.0,1.2133867740631104
পাওন,0.2071632742881775,0.0,1.2071632742881775
সুপ্রভাত,0.20516127347946167,0.0,1.2051612734794617
শিশু,0.2136911153793335,0.010101010101010102,1.2035901052783236
প্রাণভিক্ষ,0.1963215470314026,0.0,1.1963215470314026
গি,0.18921828269958496,0.0,1.189218282699585
শ্বশুরবাড়ি,0.18838590383529663,0.0,1.1883859038352966
সাক্ষা,0.1831672191619873,0.0,1.1831672191619873
তৈরি,0.19241398572921753,0.010101010101010102,1.1823129756282076
টাকা,0.20036935806274414,0.02040816326530612,1.179961194797438
ব্যবস্থা,0.186626136302948,0.010101010101010102,1.176525126201938
পানি,0.1840958595275879,0.010101010101010102,1.173994849426578
মাগনা,0.1663874387741089,0.0,1.1663874387741089
রাত,0.17384564876556396,0.010101010101010102,1.163744638664554
কারণে,0.1561286449432373,0.0,1.1561286449432373
ওপর,0.16068339347839355,0.030927835051546393,1.1297555584268473
