word,delta_cos,neighbor_jaccard,change_score
পাল্,0.910967193543911,0.0,1.910967193543911
সামিল,0.9104260206222534,0.0,1.9104260206222534
কো,0.9098547622561455,0.0,1.9098547622561455
চেম্ব,0.9036324620246887,0.0,1.9036324620246887
দীর্ঘদিন,0.9007825329899788,0.0,1.9007825329899788
তুফান,0.8970913738012314,0.0,1.8970913738012314
সত্যতা,0.8933796510100365,0.0,1.8933796510100365
কর্মকর্তা,0.8877862021327019,0.0,1.8877862021327019
স্তরে,0.884136289358139,0.0,1.884136289358139
কাহা,0.8840577155351639,0.0,1.8840577155351639
জিরো,0.8815543875098228,0.0,1.8815543875098228
জোট,0.8801523745059967,0.0,1.8801523745059967
দফা,0.8793128579854965,0.0,1.8793128579854965
সংযুক্ত,0.8768964484333992,0.0,1.8768964484333992
লিজ,0.8744385689496994,0.0,1.8744385689496994
তালিকা,0.8741345703601837,0.0,1.8741345703601837
আরোহী,0.8739225715398788,0.0,1.8739225715398788
মিটে,0.8727453202009201,0.0,1.87274532020092
চালিত,0.8710065186023712,0.0,1.8710065186023712
প্রস্তুতি,0.8675427585840225,0.0,1.8675427585840225
লালন,0.8666793555021286,0.0,1.8666793555021286
বাত,0.8657045364379883,0.0,1.8657045364379883
জনি,0.8642042577266693,0.0,1.8642042577266693
ওল্ড,0.8630159646272659,0.0,1.863015964627266
ঈদ,0.8615657389163971,0.0,1.861565738916397
চলমান,0.861254945397377,0.0,1.861254945397377
উজ্জল,0.8573583215475082,0.0,1.8573583215475082
চ্যান,0.8569803833961487,0.0,1.8569803833961487
সেতু,0.8569097220897675,0.0,1.8569097220897675
লাখো,0.8530087769031525,0.0,1.8530087769031525
লিক,0.8522647470235825,0.0,1.8522647470235825
সূত্র,0.8508914262056351,0.0,1.850891426205635
কিশোরীর,0.8505015224218369,0.0,1.8505015224218369
অজ্ঞাতনামা,0.8479469120502472,0.0,1.8479469120502472
শামা,0.8477458953857422,0.0,1.8477458953857422
খোদ,0.8475885093212128,0.0,1.8475885093212128
জায়গা,0.8473288118839264,0.0,1.8473288118839264
লাবণ্য,0.846686378121376,0.0,1.846686378121376
চিহ্নিত,0.8433907479047775,0.0,1.8433907479047775
কোটা,0.8431631028652191,0.0,1.8431631028652191
পান্না,0.8401283025741577,0.0,1.8401283025741577
হাজারো,0.83754001557827,0.0,1.83754001557827
বেশিরভাগ,0.8371673226356506,0.0,1.8371673226356506
প্রাপ্ত,0.8363779932260513,0.0,1.8363779932260513
শিরোপা,0.8360786736011505,0.0,1.8360786736011505
বাঙ্গালী,0.8357034921646118,0.0,1.8357034921646118
হানিফ,0.8356208801269531,0.0,1.8356208801269531
যথাযথ,0.8354054689407349,0.0,1.8354054689407349
লক্ষে,0.8346098959445953,0.0,1.8346098959445953
তাণ্ডব,0.8343845009803772,0.0,1.8343845009803772
তুললো,0.8340546637773514,0.0,1.8340546637773514
জামাল,0.8329056650400162,0.0,1.8329056650400162
রাস,0.8323594033718109,0.0,1.832359403371811
সম্পর্কিত,0.8321396112442017,0.0,1.8321396112442017
ক্ষতিগ্রস্ত,0.8308968394994736,0.0,1.8308968394994736
দাপট,0.8308796435594559,0.0,1.8308796435594559
নবাগত,0.8308149427175522,0.0,1.8308149427175522
তিনেক,0.8300327360630035,0.0,1.8300327360630035
দ্বৈত,0.8293085396289825,0.0,1.8293085396289825
খানা,0.8291539698839188,0.0,1.8291539698839188
উপ,0.8279341161251068,0.0,1.8279341161251068
সর্বশেষ,0.827709898352623,0.0,1.827709898352623
ক্যাম্প,0.8271376341581345,0.0,1.8271376341581345
লেন,0.8261697888374329,0.0,1.8261697888374329
জুতা,0.825921893119812,0.0,1.825921893119812
চার্জ,0.8254029750823975,0.0,1.8254029750823975
বহাল,0.8251285254955292,0.0,1.8251285254955292
সামাল,0.8239362984895706,0.0,1.8239362984895706
সহকর্মী,0.8236563503742218,0.0,1.8236563503742218
ভাবী,0.8231041580438614,0.0,1.8231041580438614
পুলক,0.8212078660726547,0.0,1.8212078660726547
পোস্টে,0.8204138576984406,0.0,1.8204138576984406
জবাবে,0.8191674947738647,0.0,1.8191674947738647
রানা,0.8188453614711761,0.0,1.8188453614711761
নৈশ,0.8176073431968689,0.0,1.817607343196869
এরমধ্যে,0.8169786334037781,0.0,1.816978633403778
মহিল,0.8156276792287827,0.0,1.8156276792287827
জামাত,0.8152487426996231,0.0,1.815248742699623
হোতা,0.8151006549596786,0.0,1.8151006549596786
দিবস,0.8149696737527847,0.0,1.8149696737527847
নিউজ,0.8148747533559799,0.0,1.81487475335598
ফিল্ম,0.8140188604593277,0.0,1.8140188604593277
নির্যাতন,0.813981756567955,0.0,1.813981756567955
পশু,0.8138701021671295,0.0,1.8138701021671295
বনলতা,0.8137394189834595,0.0,1.8137394189834595
রসিকতা,0.8133315145969391,0.0,1.813331514596939
কাজী,0.8129124343395233,0.0,1.8129124343395233
সুপ,0.8120494782924652,0.0,1.8120494782924652
একদিনে,0.811333641409874,0.0,1.811333641409874
পশ্চিমবঙ্গ,0.8112823218107224,0.0,1.8112823218107224
বাপা,0.810979887843132,0.0,1.810979887843132
পাইথন,0.8108478635549545,0.0,1.8108478635549545
এদিন,0.8107033669948578,0.0,1.8107033669948578
উত্তাল,0.8104156851768494,0.0,1.8104156851768494
বলিষ্ঠ,0.8103927075862885,0.0,1.8103927075862885
করান,0.8098455518484116,0.0,1.8098455518484116
মার্কিন,0.8096857517957687,0.0,1.8096857517957687
চুক্তি,0.8096041232347488,0.0,1.8096041232347488
আত্মসমর্পণ,0.8095487952232361,0.0,1.809548795223236
বিক্ষোভ,0.8094560652971268,0.0,1.8094560652971268
আমদানি,0.8094402104616165,0.0,1.8094402104616165
কার্যত,0.8094016164541245,0.0,1.8094016164541245
লাঞ্ছিত,0.8087834566831589,0.0,1.8087834566831589
চবি,0.8087040930986404,0.0,1.8087040930986404
এড,0.8086380213499069,0.0,1.808638021349907
এলাহী,0.8086134940385818,0.0,1.8086134940385818
২টি,0.808358907699585,0.0,1.808358907699585
আকত,0.8083076626062393,0.0,1.8083076626062393
পরিবর্তনে,0.8078249990940094,0.0,1.8078249990940094
উনিশ,0.8074280768632889,0.0,1.8074280768632889
বিন্দু,0.8064560294151306,0.0,1.8064560294151306
সৌরভ,0.806222066283226,0.0,1.806222066283226
চ্যানেল,0.8059942722320557,0.0,1.8059942722320557
যেতেন,0.8058394491672516,0.0,1.8058394491672516
বাইরেও,0.8054384887218475,0.0,1.8054384887218475
অবরোধ,0.8049051761627197,0.0,1.8049051761627197
বক্তা,0.8047061413526535,0.0,1.8047061413526535
আহবান,0.8046543002128601,0.0,1.80465430021286
আলে,0.8046360164880753,0.0,1.8046360164880753
অমিত,0.804229661822319,0.0,1.804229661822319
সাফা,0.8040726184844971,0.0,1.804072618484497
এগ,0.8037849366664886,0.0,1.8037849366664886
অধীন,0.8036357313394547,0.0,1.8036357313394547
হুই,0.8025845140218735,0.0,1.8025845140218735
ভোলা,0.8024918586015701,0.0,1.8024918586015701
নিহত,0.802294597029686,0.0,1.802294597029686
চাইল,0.8018269836902618,0.0,1.8018269836902618
পুর,0.8013757169246674,0.0,1.8013757169246674
নবী,0.8011174350976944,0.0,1.8011174350976944
কেবিনে,0.8008375018835068,0.0,1.8008375018835068
সহযোগী,0.8007326871156693,0.0,1.8007326871156693
কার্যকর,0.8001979440450668,0.0,1.8001979440450668
বাল,0.8001174032688141,0.0,1.800117403268814
জালাল,0.7997922003269196,0.0,1.7997922003269196
গুলো,0.799497440457344,0.0,1.799497440457344
খরচে,0.7993926852941513,0.0,1.7993926852941513
আড্ডা,0.7993468046188354,0.0,1.7993468046188354
কুলি,0.7990842461585999,0.0,1.7990842461585999
ফিস,0.7990783154964447,0.0,1.7990783154964447
সাবু,0.7987461686134338,0.0,1.7987461686134338
রবির,0.7987243682146072,0.0,1.7987243682146072
ভিক্টর,0.7986301779747009,0.0,1.798630177974701
উদঘাটন,0.7985826730728149,0.0,1.798582673072815
হতাহত,0.7981261163949966,0.0,1.7981261163949966
পরিকল্পিত,0.7979373931884766,0.0,1.7979373931884766
বিলুপ্ত,0.7978231012821198,0.0,1.7978231012821198
বসবে,0.7975014746189117,0.0,1.7975014746189117
কামা,0.7974920272827148,0.0,1.7974920272827148
বাঙলা,0.7972024828195572,0.0,1.7972024828195572
আনি,0.7970485240221024,0.0,1.7970485240221024
কাটাকা,0.7969887554645538,0.0,1.7969887554645538
আকবর,0.7969224900007248,0.0,1.7969224900007248
মোম,0.7968773692846298,0.0,1.7968773692846298
দীন,0.7959062159061432,0.0,1.7959062159061432
অলীক,0.7958989292383194,0.0,1.7958989292383194
পেপারে,0.7956601083278656,0.0,1.7956601083278656
ইশ,0.7954030930995941,0.0,1.7954030930995941
সংস্কারে,0.7952853441238403,0.0,1.7952853441238403
পাণ্ডে,0.7950761318206787,0.0,1.7950761318206787
কারিগর,0.7950096428394318,0.0,1.7950096428394318
ওদিকে,0.7947386354207993,0.0,1.7947386354207993
হুমকি,0.7946873009204865,0.0,1.7946873009204865
চুক্তির,0.7940729558467865,0.0,1.7940729558467865
যশোর,0.7938202470541,0.0,1.7938202470541
ঠিকম,0.7936949878931046,0.0,1.7936949878931046
ভারাক্রান্ত,0.793496161699295,0.0,1.793496161699295
মাম,0.7932857871055603,0.0,1.7932857871055603
তারকা,0.7931525111198425,0.0,1.7931525111198425
সিকদ,0.7930195182561874,0.0,1.7930195182561874
বিনোদ,0.7926227152347565,0.0,1.7926227152347565
বরাত,0.7925600707530975,0.0,1.7925600707530975
শাজাহান,0.7924583256244659,0.0,1.792458325624466
সূত্রে,0.7919948250055313,0.0,1.7919948250055313
রাকা,0.7919359803199768,0.0,1.7919359803199768
টিল,0.7919117361307144,0.0,1.7919117361307144
ফিত,0.7918561697006226,0.0,1.7918561697006226
মধুপুরে,0.7917968779802322,0.0,1.7917968779802322
কংগ্রেস,0.7917722016572952,0.0,1.7917722016572952
শর্মা,0.7913507670164108,0.0,1.7913507670164108
মলে,0.7913348227739334,0.0,1.7913348227739334
বেঞ্চ,0.7911524325609207,0.0,1.7911524325609207
দেয়া,0.790925458073616,0.0,1.790925458073616
সবশেষ,0.7907770723104477,0.0,1.7907770723104477
ধারা,0.7907721251249313,0.0,1.7907721251249313
ভারপ্রাপ্ত,0.7906481772661209,0.0,1.790648177266121
আগাম,0.7906425297260284,0.0,1.7906425297260284
বিলা,0.7902684807777405,0.0,1.7902684807777405
কর্মকাণ্ড,0.7896646857261658,0.0,1.7896646857261658
মাধব,0.7895630300045013,0.0,1.7895630300045013
অর্ধ,0.7894268184900284,0.0,1.7894268184900284
ডেড,0.7893163859844208,0.0,1.7893163859844208
সোমব,0.7892388999462128,0.0,1.7892388999462128
অগত্যা,0.7888761758804321,0.0,1.7888761758804321
আত,0.7887028455734253,0.0,1.7887028455734253
পিপি,0.788556843996048,0.0,1.788556843996048
শুদ্ধ,0.7884306311607361,0.0,1.788430631160736
যায়নি,0.7880476266145706,0.0,1.7880476266145706
শীতল,0.7877310961484909,0.0,1.787731096148491
সবটুকু,0.7869243621826172,0.0,1.7869243621826172
চ্যালেঞ্জ,0.786670133471489,0.0,1.786670133471489
বাঘা,0.7865340411663055,0.0,1.7865340411663055
ক্যাম্পে,0.7858553528785706,0.0,1.7858553528785706
ফেলেছি,0.7856247425079346,0.0,1.7856247425079346
অভ্যন্তরে,0.785150796175003,0.0,1.785150796175003
মাইন,0.784707173705101,0.0,1.784707173705101
ব্যারাক,0.7846503406763077,0.0,1.7846503406763077
ব্যতিক্রম,0.7845162004232407,0.0,1.7845162004232407
চাইছি,0.7842195928096771,0.0,1.7842195928096771
ইউরোপীয়,0.7839427590370178,0.0,1.7839427590370178
কারবারি,0.7839294373989105,0.0,1.7839294373989105
প্রত্যাশী,0.7838363647460938,0.0,1.7838363647460938
আসন্ন,0.7836097478866577,0.0,1.7836097478866577
পোশা,0.7832879722118378,0.0,1.7832879722118378
বো,0.7831027209758759,0.0,1.7831027209758759
পালিত,0.782864049077034,0.0,1.782864049077034
অভ্যেস,0.7823390811681747,0.0,1.7823390811681747
থাবা,0.7822078764438629,0.0,1.782207876443863
গোপালপুর,0.7921780198812485,0.010101010101010102,1.7820770097802385
লাই,0.7819874584674835,0.0,1.7819874584674835
ওন,0.7818446755409241,0.0,1.781844675540924
অবশিষ্ট,0.7817770689725876,0.0,1.7817770689725876
জায়গায়,0.7816821932792664,0.0,1.7816821932792664
ধ্যান,0.7814723402261734,0.0,1.7814723402261734
সমর্থনে,0.7813433408737183,0.0,1.7813433408737183
বিজ্ঞপ্তি,0.7812952101230621,0.0,1.7812952101230621
শুরুতে,0.7812303453683853,0.0,1.7812303453683853
রাজকুমার,0.7807667702436447,0.0,1.7807667702436447
আসুন,0.7804655283689499,0.0,1.78046552836895
সবুর,0.7801504135131836,0.0,1.7801504135131836
বিজ্ঞ,0.780112236738205,0.0,1.780112236738205
শুনি,0.7800066918134689,0.0,1.780006691813469
বাক,0.7797552347183228,0.0,1.7797552347183228
র্যা,0.7796756029129028,0.0,1.7796756029129028
বিস্তারিত,0.7795987129211426,0.0,1.7795987129211426
বিশেষভাবে,0.7795297354459763,0.0,1.7795297354459763
বনানীর,0.7794387191534042,0.0,1.7794387191534042
প্রদর্শনী,0.7793503701686859,0.0,1.779350370168686
অভিভূত,0.7792599946260452,0.0,1.7792599946260452
ম্যাট,0.7790233790874481,0.0,1.7790233790874481
কারু,0.7790225893259048,0.0,1.7790225893259048
নির,0.7787485122680664,0.0,1.7787485122680664
অনুপস্থিতি,0.7783614099025726,0.0,1.7783614099025726
থাকলো,0.7783247977495193,0.0,1.7783247977495193
সুন্দরী,0.778295710682869,0.0,1.778295710682869
তাছাড়া,0.7782912701368332,0.0,1.7782912701368332
বারো,0.7781699746847153,0.0,1.7781699746847153
এনা,0.7780696004629135,0.0,1.7780696004629135
হিম,0.7779918611049652,0.0,1.7779918611049652
করিম,0.7779515236616135,0.0,1.7779515236616135
ঝুলে,0.777816116809845,0.0,1.777816116809845
এছাড়া,0.7770034074783325,0.0,1.7770034074783325
চেয়,0.7769376039505005,0.0,1.7769376039505005
নিখিল,0.7768400013446808,0.0,1.7768400013446808
কটাক্ষ,0.7767911553382874,0.0,1.7767911553382874
আরেকজন,0.7767654359340668,0.0,1.7767654359340668
হামা,0.776647686958313,0.0,1.776647686958313
অচেনা,0.776606097817421,0.0,1.776606097817421
সিন্ধু,0.7765324264764786,0.0,1.7765324264764786
নিয়েছি,0.7765291035175323,0.0,1.7765291035175323
মোকাবিলা,0.7763877511024475,0.0,1.7763877511024475
খাজা,0.7762285470962524,0.0,1.7762285470962524
আক্রমণে,0.7761988341808319,0.0,1.776198834180832
মুখ্য,0.7761930972337723,0.0,1.7761930972337723
তুষ,0.7761221528053284,0.0,1.7761221528053284
প্রত্যাশিত,0.7760927826166153,0.0,1.7760927826166153
দিছ,0.785999983549118,0.010101010101010102,1.775898973448108
কঠোরভাবে,0.7758321762084961,0.0,1.775832176208496
গিয়েছেন,0.7756457626819611,0.0,1.775645762681961
দেখাশোনা,0.7754924595355988,0.0,1.7754924595355988
পেপ,0.7752126008272171,0.0,1.775212600827217
সংলাপে,0.7749671041965485,0.0,1.7749671041965485
খুলন,0.7748980820178986,0.0,1.7748980820178986
নাগর,0.7748693525791168,0.0,1.7748693525791168
শশী,0.7747160941362381,0.0,1.774716094136238
শেয়,0.7746418565511703,0.0,1.7746418565511703
চুমকি,0.7742762416601181,0.0,1.774276241660118
গ্রে,0.774224042892456,0.0,1.774224042892456
শুর,0.7741470485925674,0.0,1.7741470485925674
মোচন,0.7739404588937759,0.0,1.773940458893776
বাসন্তী,0.7737953960895538,0.0,1.7737953960895538
সিটি,0.7736024111509323,0.0,1.7736024111509323
সিংএর,0.7731608301401138,0.0,1.7731608301401138
বণিক,0.7729420810937881,0.0,1.7729420810937881
মুনি,0.7728170901536942,0.0,1.7728170901536942
দুটোর,0.7727382332086563,0.0,1.7727382332086563
হ্যারি,0.7726824730634689,0.0,1.772682473063469
সবে,0.7725776582956314,0.0,1.7725776582956314
কটা,0.7722318172454834,0.0,1.7722318172454834
তাঁত,0.7717439383268356,0.0,1.7717439383268356
রঞ্জিত,0.7716245502233505,0.0,1.7716245502233505
থরে,0.7714937180280685,0.0,1.7714937180280685
বিবি,0.7710588574409485,0.0,1.7710588574409485
বহিরাগত,0.7709670662879944,0.0,1.7709670662879944
ভোল,0.7709577530622482,0.0,1.7709577530622482
সম্ভাব্য,0.7707889378070831,0.0,1.7707889378070831
ষাট,0.77047498524189,0.0,1.77047498524189
মাজা,0.7703845053911209,0.0,1.770384505391121
রেড,0.7703511416912079,0.0,1.7703511416912079
থামে,0.7700165212154388,0.0,1.7700165212154388
কুমার,0.7697711884975433,0.0,1.7697711884975433
অনুকূলে,0.7696002870798111,0.0,1.769600287079811
সংঘর্ষে,0.7695786654949188,0.0,1.7695786654949188
লীগে,0.7695621401071548,0.0,1.7695621401071548
গো,0.7695100456476212,0.0,1.7695100456476212
শীল,0.7694922983646393,0.0,1.7694922983646393
একুশে,0.7694364786148071,0.0,1.7694364786148071
কোম্পানী,0.768886387348175,0.0,1.768886387348175
ফিল্ড,0.7688818871974945,0.0,1.7688818871974945
রাতারাতি,0.7687627524137497,0.0,1.7687627524137497
ছাত,0.7680285274982452,0.0,1.7680285274982452
পেরেছি,0.7679437845945358,0.0,1.7679437845945358
যোগী,0.7679437398910522,0.0,1.7679437398910522
বজায়,0.7678783237934113,0.0,1.7678783237934113
নগরে,0.7678393125534058,0.0,1.7678393125534058
পথিমধ্যে,0.7678102254867554,0.0,1.7678102254867554
আমে,0.7677957266569138,0.0,1.7677957266569138
রাজধানীর,0.7677706778049469,0.0,1.767770677804947
ঋষি,0.7676273137331009,0.0,1.767627313733101
মানি,0.7673340886831284,0.0,1.7673340886831284
প্রার্থনার,0.76714788377285,0.0,1.76714788377285
আঁচল,0.7668102830648422,0.0,1.7668102830648422
নিরাপত্ত,0.7667595893144608,0.0,1.7667595893144608
শিষ্য,0.7666947841644287,0.0,1.7666947841644287
রাজকুম,0.7665200680494308,0.0,1.7665200680494308
জাক,0.7664913237094879,0.0,1.766491323709488
পান্তা,0.7663427144289017,0.0,1.7663427144289017
মোঃ,0.766217365860939,0.0,1.766217365860939
মু,0.7660856693983078,0.0,1.7660856693983078
বিভোর,0.7660577744245529,0.0,1.766057774424553
রয়েছেন,0.7656862586736679,0.0,1.765686258673668
চার্লস,0.7655733674764633,0.0,1.7655733674764633
দের,0.76556196808815,0.0,1.76556196808815
প্রতিরোধে,0.7655262649059296,0.0,1.7655262649059296
ট্রা,0.7654624879360199,0.0,1.76546248793602
আক্ত,0.7652274370193481,0.0,1.7652274370193481
সংক্ষিপ্ত,0.7648289501667023,0.0,1.7648289501667023
এগোচ্,0.7647338658571243,0.0,1.7647338658571243
তিরিশ,0.7645271569490433,0.0,1.7645271569490433
সিভিল,0.7645229548215866,0.0,1.7645229548215866
বুলু,0.7643544971942902,0.0,1.7643544971942902
বিক্রম,0.7639930546283722,0.0,1.7639930546283722
সাথী,0.7639323174953461,0.0,1.763932317495346
শ্রমিক,0.7637050300836563,0.0,1.7637050300836563
হামল,0.7636363804340363,0.0,1.7636363804340363
সতীর্থ,0.7635536640882492,0.0,1.7635536640882492
মজুত,0.7635307610034943,0.0,1.7635307610034943
মালপত্র,0.7635289430618286,0.0,1.7635289430618286
মুশকিল,0.7634826004505157,0.0,1.7634826004505157
বহুল,0.7634638249874115,0.0,1.7634638249874115
বিদায়,0.7634634226560593,0.0,1.7634634226560593
চাকর,0.7634300589561462,0.0,1.7634300589561462
বনানী,0.7634063512086868,0.0,1.7634063512086868
ক্যান,0.7633925527334213,0.0,1.7633925527334213
মহানগর,0.7633134871721268,0.0,1.7633134871721268
ভাণ্ড,0.7632003873586655,0.0,1.7632003873586655
গ্রুপ,0.7630608826875687,0.0,1.7630608826875687
প্রতিপক্ষ,0.7629454433917999,0.0,1.7629454433918
জানাল,0.7629406452178955,0.0,1.7629406452178955
জোড়া,0.762856513261795,0.0,1.762856513261795
দিনরাত,0.762794703245163,0.0,1.762794703245163
সারির,0.7627342045307159,0.0,1.762734204530716
মতিগতি,0.7627056688070297,0.0,1.7627056688070297
উপচে,0.7626655995845795,0.0,1.7626655995845795
সাবান,0.7625670731067657,0.0,1.7625670731067657
ড্রাইভার,0.7625517398118973,0.0,1.7625517398118973
গিল,0.762509286403656,0.0,1.762509286403656
সাফ,0.7624490410089493,0.0,1.7624490410089493
এও,0.7623921036720276,0.0,1.7623921036720276
ফ্যামি,0.7622026205062866,0.0,1.7622026205062866
বন্ধনে,0.7621964067220688,0.0,1.7621964067220688
তামাক,0.7621937394142151,0.0,1.762193739414215
পোস্ট,0.7621409893035889,0.0,1.7621409893035889
অংশটুকু,0.7621099948883057,0.0,1.7621099948883057
নেমেছিল,0.7618758380413055,0.0,1.7618758380413055
একত্রিত,0.761850968003273,0.0,1.761850968003273
বেআইনি,0.7618072330951691,0.0,1.761807233095169
মিশন,0.7616612911224365,0.0,1.7616612911224365
দেয়নি,0.761617049574852,0.0,1.761617049574852
চড়া,0.7614271938800812,0.0,1.7614271938800812
মিজ,0.7612727880477905,0.0,1.7612727880477905
অপরিচিত,0.7611851841211319,0.0,1.761185184121132
চাকুরী,0.7610981166362762,0.0,1.7610981166362762
শো,0.7608853578567505,0.0,1.7608853578567505
বেসরকারী,0.760874554514885,0.0,1.760874554514885
সেনা,0.7608595043420792,0.0,1.7608595043420792
মণ্ডলীর,0.7608164548873901,0.0,1.7608164548873901
সংগ্রহে,0.7608143538236618,0.0,1.7608143538236618
গার্ডেন,0.7607325166463852,0.0,1.7607325166463852
খোঁচা,0.760691910982132,0.0,1.760691910982132
মর্মান্তিক,0.76067154109478,0.0,1.76067154109478
পারত,0.7605991363525391,0.0,1.760599136352539
সাদ,0.7605578601360321,0.0,1.760557860136032
যুগল,0.7604743987321854,0.0,1.7604743987321854
বিকল্প,0.760264053940773,0.0,1.760264053940773
পাঁচেক,0.7601927667856216,0.0,1.7601927667856216
ভোট,0.7600404620170593,0.0,1.7600404620170593
পড়েছেন,0.7598711997270584,0.0,1.7598711997270584
যুবতী,0.7598691433668137,0.0,1.7598691433668137
খারিজ,0.7596093118190765,0.0,1.7596093118190765
বকুল,0.7595754265785217,0.0,1.7595754265785217
কারাগারে,0.759498342871666,0.0,1.759498342871666
জিম,0.7594004422426224,0.0,1.7594004422426224
টনটনে,0.7592785954475403,0.0,1.7592785954475403
সান্ত্বনা,0.7592704445123672,0.0,1.7592704445123672
এমনভাবে,0.7591980546712875,0.0,1.7591980546712875
খুললো,0.7591832876205444,0.0,1.7591832876205444
সাধনা,0.7591217458248138,0.0,1.7591217458248138
অনুষ্ঠিত,0.7591200619935989,0.0,1.759120061993599
আমল,0.7589975446462631,0.0,1.7589975446462631
থাই,0.7589515596628189,0.0,1.758951559662819
মেটা,0.758894219994545,0.0,1.758894219994545
লাফিয়ে,0.7587686777114868,0.0,1.7587686777114868
ফুক,0.7586840689182281,0.0,1.7586840689182281
রজনী,0.7586767375469208,0.0,1.7586767375469208
বসলে,0.7585944086313248,0.0,1.7585944086313248
রূপসী,0.7585910856723785,0.0,1.7585910856723785
লাইসেন্স,0.7585866451263428,0.0,1.7585866451263428
সম্মিলিত,0.7585847824811935,0.0,1.7585847824811935
রাবণ,0.7584720999002457,0.0,1.7584720999002457
জেনেছি,0.7584001570940018,0.0,1.7584001570940018
বাদশ,0.7583959996700287,0.0,1.7583959996700287
লুকিয়ে,0.7583203166723251,0.0,1.7583203166723251
সুখবর,0.7582767158746719,0.0,1.758276715874672
কোর,0.7581739574670792,0.0,1.7581739574670792
গ্রানাইট,0.7581510245800018,0.0,1.7581510245800018
নেপা,0.7580317556858063,0.0,1.7580317556858063
হবেনা,0.7579538971185684,0.0,1.7579538971185684
ব্যাপারী,0.7578669786453247,0.0,1.7578669786453247
পার্শ্ববর্তী,0.7577915340662003,0.0,1.7577915340662003
পরিচালিত,0.7577618658542633,0.0,1.7577618658542633
উত্তপ্ত,0.757746696472168,0.0,1.757746696472168
বাঙ্গালীর,0.7577120363712311,0.0,1.757712036371231
দিচ্ছি,0.7575432807207108,0.0,1.7575432807207108
নামলো,0.7575388699769974,0.0,1.7575388699769974
জনসাধারণ,0.75749671459198,0.0,1.75749671459198
ছলে,0.7573925107717514,0.0,1.7573925107717514
উল্লিখিত,0.7571087181568146,0.0,1.7571087181568146
সোজ,0.757060095667839,0.0,1.757060095667839
যৌথ,0.7570314407348633,0.0,1.7570314407348633
ভবানীপুর,0.7565775513648987,0.0,1.7565775513648987
অন্ধ,0.7563075125217438,0.0,1.7563075125217438
লিস্ট,0.7561497241258621,0.0,1.7561497241258621
সংক্ষেপ,0.7558652609586716,0.0,1.7558652609586716
দর্শনার্থী,0.7558605521917343,0.0,1.7558605521917343
ফোর্স,0.7558181285858154,0.0,1.7558181285858154
হাতছানি,0.7557869255542755,0.0,1.7557869255542755
শ্রীরাম,0.7557812333106995,0.0,1.7557812333106995
উত্তোলন,0.755776047706604,0.0,1.755776047706604
বেড,0.7557641267776489,0.0,1.755764126777649
বুড়ো,0.7557133883237839,0.0,1.7557133883237839
সতর্কতা,0.7556235492229462,0.0,1.7556235492229462
ভাইরাল,0.7556045651435852,0.0,1.7556045651435852
প্রকৃতপক্ষে,0.7553859204053879,0.0,1.7553859204053879
এনেছিল,0.7553846538066864,0.0,1.7553846538066864
কালে,0.755375012755394,0.0,1.755375012755394
ভবঘুরে,0.7551784962415695,0.0,1.7551784962415695
সত্বে,0.7550665140151978,0.0,1.7550665140151978
যুবা,0.7547471672296524,0.0,1.7547471672296524
দানব,0.7546809911727905,0.0,1.7546809911727905
রাজপথে,0.7546662092208862,0.0,1.7546662092208862
পাচা,0.7544285506010056,0.0,1.7544285506010056
তাড়া,0.754424199461937,0.0,1.754424199461937
কুশল,0.7543839514255524,0.0,1.7543839514255524
ইউনিভার্সি,0.7542901188135147,0.0,1.7542901188135147
তাঁতী,0.7542809695005417,0.0,1.7542809695005417
সহসা,0.7542528957128525,0.0,1.7542528957128525
ভেবেছিল,0.7541113495826721,0.0,1.7541113495826721
ক্ষতবিক্ষত,0.7541095018386841,0.0,1.754109501838684
এজ,0.7540403604507446,0.0,1.7540403604507446
আলোকিত,0.7539626061916351,0.0,1.7539626061916351
চলুন,0.7539154887199402,0.0,1.7539154887199402
ইতি,0.7537282854318619,0.0,1.7537282854318619
জেন,0.7537175565958023,0.0,1.7537175565958023
নাকচ,0.7536526769399643,0.0,1.7536526769399643
কান্ত,0.7530445158481598,0.0,1.7530445158481598
হ্যাঁ,0.7529769241809845,0.0,1.7529769241809845
ভ্যান,0.7529521733522415,0.0,1.7529521733522415
ধার্য,0.7529336214065552,0.0,1.7529336214065552
দুবে,0.7529155164957047,0.0,1.7529155164957047
পিছ,0.7525660395622253,0.0,1.7525660395622253
হেলিকপ্,0.752381905913353,0.0,1.752381905913353
সাক,0.752065896987915,0.0,1.752065896987915
কেয়,0.7519941180944443,0.0,1.7519941180944443
কথিত,0.7519676387310028,0.0,1.7519676387310028
ঢাবি,0.7519485801458359,0.0,1.7519485801458359
প্রস্তুতির,0.751651406288147,0.0,1.751651406288147
নিরুদ্দেশ,0.7516045868396759,0.0,1.751604586839676
একগুচ্,0.7515340596437454,0.0,1.7515340596437454
নামবে,0.7515030652284622,0.0,1.7515030652284622
তাহ,0.7514897286891937,0.0,1.7514897286891937
কুসুম,0.7615259438753128,0.010101010101010102,1.7514249337743029
হোম,0.7512924820184708,0.0,1.7512924820184708
মনোরঞ্জন,0.7512393891811371,0.0,1.751239389181137
নূন,0.7508866488933563,0.0,1.7508866488933563
মীর,0.7508511245250702,0.0,1.7508511245250702
এতো,0.7506165057420731,0.0,1.750616505742073
অসন্তোষ,0.750483512878418,0.0,1.750483512878418
নগরবাসী,0.7503196150064468,0.0,1.7503196150064468
হয়েছি,0.7502479553222656,0.0,1.7502479553222656
সুবীর,0.7502460777759552,0.0,1.7502460777759552
বানু,0.7498544156551361,0.0,1.749854415655136
করেছিলো,0.7497017085552216,0.0,1.7497017085552216
শেষবার,0.7495564818382263,0.0,1.7495564818382263
রাই,0.7495331168174744,0.0,1.7495331168174744
সিদ্ধ,0.7495229840278625,0.0,1.7495229840278625
বলেননি,0.7494738101959229,0.0,1.7494738101959229
হত্যাকাণ্ড,0.7493346035480499,0.0,1.74933460354805
প্রীতি,0.7493225336074829,0.0,1.749322533607483
টুকু,0.7492300271987915,0.0,1.7492300271987915
কর্তা,0.749151885509491,0.0,1.749151885509491
দিগন্ত,0.749127060174942,0.0,1.749127060174942
প্রত্যাশা,0.7490759789943695,0.0,1.7490759789943695
এলাকায়,0.7490435242652893,0.0,1.7490435242652893
খাটা,0.7489835619926453,0.0,1.7489835619926453
রাখবো,0.7489776611328125,0.0,1.7489776611328125
পাঠানোর,0.7488960027694702,0.0,1.7488960027694702
তারুণ্য,0.7488774061203003,0.0,1.7488774061203003
পাঠান,0.7488440871238708,0.0,1.7488440871238708
জামিন,0.7487440705299377,0.0,1.7487440705299377
বাস্তবে,0.7487149834632874,0.0,1.7487149834632874
পটু,0.7487149238586426,0.0,1.7487149238586426
চব্বিশ,0.7486986815929413,0.0,1.7486986815929413
তান,0.7587925046682358,0.010101010101010102,1.7486914945672258
শার,0.7486647665500641,0.0,1.748664766550064
অ্যাকশন,0.758691281080246,0.010101010101010102,1.748590270979236
হেন,0.7484961748123169,0.0,1.748496174812317
লিন,0.7484444081783295,0.0,1.7484444081783295
তিনব,0.7584889084100723,0.010101010101010102,1.7483878983090624
মন্ত্রীর,0.7483609914779663,0.0,1.7483609914779663
ছোটে,0.7483314573764801,0.0,1.74833145737648
কাটলে,0.7482538819313049,0.0,1.748253881931305
অন্যত্র,0.7482481598854065,0.0,1.7482481598854065
নৌকায়,0.7480214238166809,0.0,1.748021423816681
হু,0.7479556798934937,0.0,1.7479556798934937
জনা,0.7479531466960907,0.0,1.7479531466960907
মিলা,0.7478626370429993,0.0,1.7478626370429993
জামিনে,0.7478269636631012,0.0,1.7478269636631012
মানা,0.7476946413516998,0.0,1.7476946413516998
তফাৎ,0.7476594746112823,0.0,1.7476594746112823
শয্যা,0.7577223777770996,0.010101010101010102,1.7476213676760897
দীঘি,0.7475675940513611,0.0,1.747567594051361
ফিরেছেন,0.7475638687610626,0.0,1.7475638687610626
পৌনে,0.7474420368671417,0.0,1.7474420368671417
ভাষ্য,0.7473787665367126,0.0,1.7473787665367126
খোদা,0.747373640537262,0.0,1.747373640537262
নেতিবাচক,0.7472894489765167,0.0,1.7472894489765167
বাঙালী,0.746953159570694,0.0,1.746953159570694
মুনমুন,0.7468890249729156,0.0,1.7468890249729156
নিরাপত্তা,0.7468655109405518,0.0,1.7468655109405518
ঢালা,0.74675253033638,0.0,1.74675253033638
পরগনা,0.7466696500778198,0.0,1.7466696500778198
দশমিক,0.7466514706611633,0.0,1.7466514706611633
ঠুক,0.7465789914131165,0.0,1.7465789914131165
আহ,0.7464829981327057,0.0,1.7464829981327057
আবদ্ধ,0.7463643848896027,0.0,1.7463643848896027
আবাসিক,0.7459912300109863,0.0,1.7459912300109863
আসছিলো,0.7456328272819519,0.0,1.745632827281952
বিধু,0.7456208169460297,0.0,1.7456208169460297
তুলবো,0.7455984950065613,0.0,1.7455984950065613
সেল,0.7454278767108917,0.0,1.7454278767108917
রামু,0.7454003989696503,0.0,1.7454003989696503
উপায়ে,0.745316356420517,0.0,1.745316356420517
গালি,0.7452412843704224,0.0,1.7452412843704224
বিরল,0.7552955895662308,0.010101010101010102,1.7451945794652208
ভাবনা,0.7451452016830444,0.0,1.7451452016830444
আমু,0.7449273765087128,0.0,1.7449273765087128
আনছ,0.7445836961269379,0.0,1.7445836961269379
বাবামা,0.7445476353168488,0.0,1.7445476353168488
পুরান,0.7445364892482758,0.0,1.7445364892482758
ঔষধ,0.7445011138916016,0.0,1.7445011138916016
স্টেট,0.7444768846035004,0.0,1.7444768846035004
ছোটখাটো,0.7443483471870422,0.0,1.7443483471870422
পারল,0.7544282525777817,0.010101010101010102,1.7443272424767717
এটুকু,0.7442161440849304,0.0,1.7442161440849304
বন্দে,0.7442080676555634,0.0,1.7442080676555634
শম্পা,0.7441328763961792,0.0,1.7441328763961792
নির্বাচনে,0.7440779507160187,0.0,1.7440779507160187
মুখর,0.7440601885318756,0.0,1.7440601885318756
দেখল,0.7439761459827423,0.0,1.7439761459827423
জাদু,0.7439420521259308,0.0,1.7439420521259308
চাইনিজ,0.7437954843044281,0.0,1.743795484304428
ছোট্র,0.7437050640583038,0.0,1.7437050640583038
হইলে,0.7435734272003174,0.0,1.7435734272003174
কারচুপি,0.7434569597244263,0.0,1.7434569597244263
ধরতে,0.7434253096580505,0.0,1.7434253096580505
অধিবেশন,0.7433681190013885,0.0,1.7433681190013885
নিতা,0.7433499693870544,0.0,1.7433499693870544
ফাঁদে,0.7433300614356995,0.0,1.7433300614356995
লোকসান,0.7432730793952942,0.0,1.7432730793952942
চ্যানেলের,0.7431675791740417,0.0,1.7431675791740417
চক্ষু,0.7429841756820679,0.0,1.7429841756820679
আজাদ,0.7429652214050293,0.0,1.7429652214050293
একর,0.7428288161754608,0.0,1.7428288161754608
পিসির,0.7427749037742615,0.0,1.7427749037742615
বাঙালির,0.7426968514919281,0.0,1.742696851491928
সাহেবের,0.7426725327968597,0.0,1.7426725327968597
আত্মহত্য,0.7425859570503235,0.0,1.7425859570503235
মিলটন,0.7425558567047119,0.0,1.742555856704712
অগোচরে,0.7424986362457275,0.0,1.7424986362457275
রাও,0.7524911463260651,0.010101010101010102,1.7423901362250551
শিপ,0.7423734664916992,0.0,1.7423734664916992
বলতে,0.7423063814640045,0.0,1.7423063814640045
আরব,0.7422962784767151,0.0,1.742296278476715
পরাস্ত,0.7421914935112,0.0,1.7421914935112
অংশগ্রহণকারী,0.7421795427799225,0.0,1.7421795427799225
সারদা,0.7420983016490936,0.0,1.7420983016490936
অস্ক,0.7420673370361328,0.0,1.7420673370361328
তরে,0.741814523935318,0.0,1.741814523935318
শকুন,0.7417524755001068,0.0,1.7417524755001068
গতিবিধি,0.741618812084198,0.0,1.741618812084198
সাড়া,0.7413467764854431,0.0,1.7413467764854431
হারানোর,0.7413381040096283,0.0,1.7413381040096283
পপি,0.7412345707416534,0.0,1.7412345707416534
রহিম,0.7412301599979401,0.0,1.74123015999794
এথেন্স,0.7411728799343109,0.0,1.741172879934311
বিশু,0.7409094870090485,0.0,1.7409094870090485
জমকালো,0.7408490777015686,0.0,1.7408490777015686
হাতপা,0.74073526263237,0.0,1.74073526263237
দ্যা,0.7407116889953613,0.0,1.7407116889953613
অবদান,0.7407044172286987,0.0,1.7407044172286987
কেট,0.7406553030014038,0.0,1.7406553030014038
পরিস্থিতি,0.7406467795372009,0.0,1.740646779537201
বাড,0.7406134903430939,0.0,1.7406134903430939
মমতাজ,0.7405304908752441,0.0,1.7405304908752441
সংঘটিত,0.74042147397995,0.0,1.74042147397995
প্রতিব,0.7404061555862427,0.0,1.7404061555862427
রেঞ্জ,0.7403531670570374,0.0,1.7403531670570374
বিডি,0.7402165532112122,0.0,1.7402165532112122
জিমি,0.7401076555252075,0.0,1.7401076555252075
পাল্লা,0.740071177482605,0.0,1.740071177482605
অঙ্গে,0.739905059337616,0.0,1.739905059337616
বির,0.7398291826248169,0.0,1.739829182624817
অটল,0.7395957708358765,0.0,1.7395957708358765
আনলো,0.73956698179245,0.0,1.73956698179245
হ্যান,0.7394784092903137,0.0,1.7394784092903137
কমপক্ষে,0.7393923699855804,0.0,1.7393923699855804
ব্যতীত,0.7393184006214142,0.0,1.7393184006214142
উৎপাত,0.7390942275524139,0.0,1.739094227552414
লিপি,0.7390896677970886,0.0,1.7390896677970886
বেঁ,0.7389818429946899,0.0,1.73898184299469
ক্ষেত্র,0.738905519247055,0.0,1.738905519247055
দার,0.7388862073421478,0.0,1.7388862073421478
কলোনির,0.7388433814048767,0.0,1.7388433814048767
আহ্বানে,0.7387738823890686,0.0,1.7387738823890686
খাচ্,0.7386897206306458,0.0,1.7386897206306458
অন্ত,0.7385920584201813,0.0,1.7385920584201813
দোষারোপ,0.7385580539703369,0.0,1.738558053970337
দাঙ্গা,0.7385078370571136,0.0,1.7385078370571136
বাঁচবে,0.7384675145149231,0.0,1.738467514514923
শবে,0.7384606599807739,0.0,1.738460659980774
হাসিব,0.7382639050483704,0.0,1.7382639050483704
লরেন্স,0.7382434904575348,0.0,1.7382434904575348
চলাকালীন,0.7482186853885651,0.010101010101010102,1.7381176752875551
তের,0.7380998730659485,0.0,1.7380998730659485
আদলে,0.7380848526954651,0.0,1.738084852695465
ফাক,0.7380775213241577,0.0,1.7380775213241577
সম্পূর্ণভাবে,0.7380073964595795,0.0,1.7380073964595795
তাঁকে,0.7380025386810303,0.0,1.7380025386810303
কাটান,0.7379980087280273,0.0,1.7379980087280273
আদেশের,0.7379862368106842,0.0,1.7379862368106842
আজকাল,0.7379531562328339,0.0,1.7379531562328339
দফতরে,0.737898200750351,0.0,1.737898200750351
মেশিন,0.7377108633518219,0.0,1.737710863351822
গলে,0.7376024127006531,0.0,1.737602412700653
সোম,0.7376022934913635,0.0,1.7376022934913635
দুঃখে,0.7375946640968323,0.0,1.7375946640968323
পে,0.7375737428665161,0.0,1.7375737428665161
দ্বারে,0.7375322580337524,0.0,1.7375322580337524
রেখা,0.7374809682369232,0.0,1.7374809682369232
সংবর্ধনা,0.7374769151210785,0.0,1.7374769151210785
একতা,0.7373287081718445,0.0,1.7373287081718445
হইত,0.7373239099979401,0.0,1.73732390999794
অসমাপ্ত,0.7371409237384796,0.0,1.7371409237384796
জুল,0.7370208501815796,0.0,1.7370208501815796
নিবারণ,0.7367440164089203,0.0,1.7367440164089203
উপদেষ্,0.736730545759201,0.0,1.736730545759201
দিয়েছিল,0.736700713634491,0.0,1.736700713634491
সন্তোষ,0.7366309762001038,0.0,1.7366309762001038
ভাঙ্গে,0.7366181015968323,0.0,1.7366181015968323
ইমারত,0.7364771962165833,0.0,1.7364771962165833
কল্পনা,0.7364478409290314,0.0,1.7364478409290314
চালডাল,0.7363746464252472,0.0,1.7363746464252472
ভরসা,0.7363501489162445,0.0,1.7363501489162445
ভাবন,0.7362642586231232,0.0,1.7362642586231232
ঋতু,0.7362080514431,0.0,1.7362080514431
ইডেনের,0.7362067997455597,0.0,1.7362067997455597
নেহা,0.7359801530838013,0.0,1.7359801530838013
কয়েকব,0.7359745800495148,0.0,1.7359745800495148
জের,0.7359049022197723,0.0,1.7359049022197723
গাট,0.7358816862106323,0.0,1.7358816862106323
পদত্যাগ,0.7358541190624237,0.0,1.7358541190624237
তুলেছেন,0.735767275094986,0.0,1.735767275094986
কাপা,0.7357304692268372,0.0,1.7357304692268372
বিক্রির,0.7356154322624207,0.0,1.7356154322624207
জননীর,0.7355683743953705,0.0,1.7355683743953705
হ্রাস,0.7355431914329529,0.0,1.7355431914329529
এইচ,0.7354167103767395,0.0,1.7354167103767395
পাক,0.7354129254817963,0.0,1.7354129254817963
বিপত্তি,0.7352869212627411,0.0,1.735286921262741
নাস,0.7352858781814575,0.0,1.7352858781814575
সিমলা,0.7352308630943298,0.0,1.7352308630943298
সমন্বিত,0.7352274656295776,0.0,1.7352274656295776
মোহনপুর,0.73521888256073,0.0,1.73521888256073
হাম,0.7352007627487183,0.0,1.7352007627487183
অগ্নিকাণ্ডে,0.7351983785629272,0.0,1.7351983785629272
মিন,0.7350844740867615,0.0,1.7350844740867615
নূতন,0.7350299656391144,0.0,1.7350299656391144
দোকানী,0.7350248694419861,0.0,1.735024869441986
রোধ,0.7349920272827148,0.0,1.7349920272827148
হাদ,0.7349753677845001,0.0,1.7349753677845001
ভেজাল,0.7450350821018219,0.010101010101010102,1.734934072000812
মহা,0.7348740696907043,0.0,1.7348740696907043
অতুল,0.7348586618900299,0.0,1.73485866189003
দুর্বলত,0.7347834706306458,0.0,1.7347834706306458
পার্স,0.7347260415554047,0.0,1.7347260415554047
প্রবাসী,0.7346611022949219,0.0,1.7346611022949219
আহম,0.734581708908081,0.0,1.734581708908081
সুবর্ণ,0.734541118144989,0.0,1.734541118144989
পিঠ,0.7345404922962189,0.0,1.7345404922962189
বুদ্ধিমত্ত,0.7345272302627563,0.0,1.7345272302627563
কিসে,0.7344620823860168,0.0,1.7344620823860168
অজানা,0.7342035472393036,0.0,1.7342035472393036
ধসে,0.7341551780700684,0.0,1.7341551780700684
বাদল,0.7341528236865997,0.0,1.7341528236865997
কাজল,0.7341394126415253,0.0,1.7341394126415253
মুর্শিদাবাদে,0.7340634763240814,0.0,1.7340634763240814
দুষ্ট,0.7340244352817535,0.0,1.7340244352817535
ইনস্টিটিউট,0.7339707911014557,0.0,1.7339707911014557
চিনে,0.7339430153369904,0.0,1.7339430153369904
ঘোচা,0.7339092791080475,0.0,1.7339092791080475
হাফিজ,0.733794242143631,0.0,1.733794242143631
সিডি,0.7337609231472015,0.0,1.7337609231472015
কামর,0.7334364056587219,0.0,1.733436405658722
লেখেন,0.7334320545196533,0.0,1.7334320545196533
সেক্টর,0.7435233294963837,0.010101010101010102,1.7334223193953737
চাষি,0.7333912551403046,0.0,1.7333912551403046
বিকল,0.7333909571170807,0.0,1.7333909571170807
উঠছ,0.7333719432353973,0.0,1.7333719432353973
বিকিনি,0.7333357036113739,0.0,1.733335703611374
অধিকতর,0.7332590222358704,0.0,1.7332590222358704
হেফাজ,0.7332543134689331,0.0,1.733254313468933
প্রাপ্তি,0.7331442832946777,0.0,1.7331442832946777
ঝুঁ,0.7431981265544891,0.010101010101010102,1.7330971164534792
সদা,0.7330143749713898,0.0,1.7330143749713898
অগ্নি,0.7329091131687164,0.0,1.7329091131687164
বহুদিন,0.7328761219978333,0.0,1.7328761219978333
হুট,0.732805609703064,0.0,1.732805609703064
বাঁধন,0.7327861487865448,0.0,1.7327861487865448
জনে,0.7325706779956818,0.0,1.7325706779956818
নির্মম,0.7325519323348999,0.0,1.7325519323349
সত্ত্বে,0.7323788702487946,0.0,1.7323788702487946
নকশা,0.7322155833244324,0.0,1.7322155833244324
হামি,0.7322026789188385,0.0,1.7322026789188385
ডোম,0.7321700155735016,0.0,1.7321700155735016
ফাঁস,0.7320961058139801,0.0,1.73209610581398
স্থির,0.7320837080478668,0.0,1.7320837080478668
শিক্ষিকা,0.7319943904876709,0.0,1.731994390487671
তুলবে,0.7319167256355286,0.0,1.7319167256355286
প্রহরী,0.7318932116031647,0.0,1.7318932116031647
মিট,0.7318631708621979,0.0,1.7318631708621979
ব্যাং,0.7318060100078583,0.0,1.7318060100078583
অকারণে,0.731762558221817,0.0,1.731762558221817
বিচার,0.7317407727241516,0.0,1.7317407727241516
খা,0.7418213486671448,0.010101010101010102,1.7317203385661348
কষ্টে,0.7317132353782654,0.0,1.7317132353782654
তিনদিনে,0.7315696775913239,0.0,1.7315696775913239
রাশি,0.7315208911895752,0.0,1.7315208911895752
শহীদ,0.731505423784256,0.0,1.731505423784256
পাত্রে,0.7314557731151581,0.0,1.731455773115158
মর্যাদা,0.741517186164856,0.010101010101010102,1.731416176063846
নিরীক্ষণ,0.731414794921875,0.0,1.731414794921875
অব্যবহৃত,0.7313843667507172,0.0,1.7313843667507172
দোয়া,0.7313490211963654,0.0,1.7313490211963654
অতী,0.7312749922275543,0.0,1.7312749922275543
সমাবেশ,0.7312620282173157,0.0,1.7312620282173157
জাহান,0.7309524416923523,0.0,1.7309524416923523
আকুল,0.7308793067932129,0.0,1.730879306793213
হাই,0.7307969331741333,0.0,1.7307969331741333
দিচ্ছিল,0.7307869791984558,0.0,1.7307869791984558
থাকতে,0.7307774722576141,0.0,1.7307774722576141
দুর্ঘটন,0.7307689189910889,0.0,1.7307689189910889
বানচাল,0.7306870520114899,0.0,1.7306870520114899
অনিল,0.7306807041168213,0.0,1.7306807041168213
অভিমত,0.7305564284324646,0.0,1.7305564284324646
বেরো,0.7304404079914093,0.0,1.7304404079914093
অভিশাপ,0.7304246127605438,0.0,1.7304246127605438
আরম্ভ,0.7303898632526398,0.0,1.7303898632526398
হাইকোর্ট,0.7404157519340515,0.010101010101010102,1.7303147418330416
হানি,0.7302979826927185,0.0,1.7302979826927185
পড়বে,0.7300919890403748,0.0,1.7300919890403748
রেখেছিল,0.7300654947757721,0.0,1.730065494775772
সদরে,0.7300094366073608,0.0,1.7300094366073608
নিধন,0.7299690246582031,0.0,1.7299690246582031
ইন্টেলিজেন্স,0.729932963848114,0.0,1.729932963848114
উত্তেজন,0.7298974990844727,0.0,1.7298974990844727
আতিথ্য,0.7298480868339539,0.0,1.7298480868339539
মদ্যপান,0.729837566614151,0.0,1.729837566614151
সংকুলান,0.7294463217258453,0.0,1.7294463217258453
বাব,0.729430615901947,0.0,1.729430615901947
জার,0.7293972969055176,0.0,1.7293972969055176
জনৈক,0.7293972373008728,0.0,1.7293972373008728
ভঙ্গি,0.7293829619884491,0.0,1.729382961988449
মিললো,0.729376494884491,0.0,1.729376494884491
দুজনকে,0.7293596863746643,0.0,1.7293596863746643
বিশ্বাসঘাতক,0.7293545305728912,0.0,1.7293545305728912
মানস,0.7293465435504913,0.0,1.7293465435504913
অদৃশ্য,0.7293375134468079,0.0,1.7293375134468079
লে,0.7293325066566467,0.0,1.7293325066566467
খেদ,0.7293065190315247,0.0,1.7293065190315247
যথা,0.7292256951332092,0.0,1.7292256951332092
তালুকদার,0.7291315793991089,0.0,1.7291315793991089
ব্যারিস্,0.7291026413440704,0.0,1.7291026413440704
মুনির,0.7289923131465912,0.0,1.7289923131465912
নৌক,0.7289094924926758,0.0,1.7289094924926758
বলুন,0.7288903295993805,0.0,1.7288903295993805
কোমল,0.7288664877414703,0.0,1.7288664877414703
বিচ্ছেদ,0.7287858426570892,0.0,1.7287858426570892
আগামীকাল,0.7287151515483856,0.0,1.7287151515483856
খানেক,0.7285837531089783,0.0,1.7285837531089783
অগ্নিদগ্ধ,0.7285664975643158,0.0,1.7285664975643158
চালাবে,0.7285498082637787,0.0,1.7285498082637787
লেটা,0.7285470962524414,0.0,1.7285470962524414
ফিট,0.7285178899765015,0.0,1.7285178899765015
থমথমে,0.7284393906593323,0.0,1.7284393906593323
স্বপ্নে,0.7385271489620209,0.010101010101010102,1.728426138861011
বিবেকানন্দ,0.7282949686050415,0.0,1.7282949686050415
বেড়,0.7282116711139679,0.0,1.728211671113968
পদদলিত,0.7281179130077362,0.0,1.7281179130077362
আনতে,0.728116899728775,0.0,1.728116899728775
দেখান,0.7280752658843994,0.0,1.7280752658843994
আড়ালে,0.7280648052692413,0.0,1.7280648052692413
বানান,0.7280295193195343,0.0,1.7280295193195343
সরিয়ে,0.7278710901737213,0.0,1.7278710901737213
সাম,0.7278652489185333,0.0,1.7278652489185333
টানাটানি,0.7278608977794647,0.0,1.7278608977794647
ন্যাশনাল,0.7278091013431549,0.0,1.727809101343155
মিলল,0.7277094125747681,0.0,1.727709412574768
আদানপ্রদান,0.72767174243927,0.0,1.72767174243927
হন্যে,0.7275437116622925,0.0,1.7275437116622925
লজ্জা,0.7274959981441498,0.0,1.7274959981441498
তলায়,0.727429211139679,0.0,1.727429211139679
এখনি,0.7273983955383301,0.0,1.72739839553833
অপরাজিত,0.7270894646644592,0.0,1.7270894646644592
লাগলো,0.7270517945289612,0.0,1.7270517945289612
বুধব,0.727018415927887,0.0,1.727018415927887
স্টেজের,0.7269937098026276,0.0,1.7269937098026276
লই,0.7269932925701141,0.0,1.7269932925701141
অন্যরকম,0.7269222140312195,0.0,1.7269222140312195
সাহ,0.7268917560577393,0.0,1.7268917560577393
নিশান,0.7268716990947723,0.0,1.7268716990947723
এগারো,0.7267409563064575,0.0,1.7267409563064575
খোক,0.7266772985458374,0.0,1.7266772985458374
অবসরে,0.7266625761985779,0.0,1.7266625761985779
গিয়েছি,0.7266559898853302,0.0,1.7266559898853302
মাধ্যম,0.7266009151935577,0.0,1.7266009151935577
বিমানবন্দরে,0.726536363363266,0.0,1.726536363363266
অন্তরে,0.7265257835388184,0.0,1.7265257835388184
চিরদিন,0.7264963388442993,0.0,1.7264963388442993
নিচ্ছি,0.7264330387115479,0.0,1.7264330387115479
অবগত,0.7264212667942047,0.0,1.7264212667942047
রূপকথ,0.7264137268066406,0.0,1.7264137268066406
ফেরানো,0.7264042496681213,0.0,1.7264042496681213
মিলন,0.7261390388011932,0.0,1.7261390388011932
বসেছিল,0.726127028465271,0.0,1.726127028465271
কটুক্তি,0.7261234819889069,0.0,1.7261234819889069
দুর্ঘটনা,0.7260584533214569,0.0,1.726058453321457
অমানুষিক,0.7260488867759705,0.0,1.7260488867759705
পুরানো,0.726027637720108,0.0,1.726027637720108
পতাকা,0.7259311974048615,0.0,1.7259311974048615
বাধন,0.7259103357791901,0.0,1.72591033577919
একসাথে,0.7359299063682556,0.010101010101010102,1.7258288962672457
অপারেশন,0.7258018255233765,0.0,1.7258018255233765
মূলে,0.7257492542266846,0.0,1.7257492542266846
চারপাঁচ,0.7358018755912781,0.010101010101010102,1.7257008654902681
প্রাধান্য,0.7256873846054077,0.0,1.7256873846054077
গীতা,0.7256560027599335,0.0,1.7256560027599335
চেক,0.7256379425525665,0.0,1.7256379425525665
কিপ,0.7256113886833191,0.0,1.725611388683319
থাকবো,0.725602388381958,0.0,1.725602388381958
থাকুন,0.7255898118019104,0.0,1.7255898118019104
সর্বনাশ,0.7254816889762878,0.0,1.7254816889762878
উঠতে,0.7254445254802704,0.0,1.7254445254802704
ওব,0.7254137396812439,0.0,1.725413739681244
একটিমাত্র,0.7253391444683075,0.0,1.7253391444683075
ভাবছ,0.7252697348594666,0.0,1.7252697348594666
সানা,0.7252354025840759,0.0,1.725235402584076
কবির,0.7251982390880585,0.0,1.7251982390880585
মুল,0.7251606285572052,0.0,1.7251606285572052
ফিরছিল,0.725022941827774,0.0,1.725022941827774
কাঠামো,0.7248924374580383,0.0,1.7248924374580383
মই,0.7248299419879913,0.0,1.7248299419879913
বহুব,0.7247776985168457,0.0,1.7247776985168457
সওদাগর,0.7247506976127625,0.0,1.7247506976127625
নিত্য,0.7247324585914612,0.0,1.7247324585914612
ঘোর,0.724696546792984,0.0,1.724696546792984
ক্ষিপ্ত,0.7246809899806976,0.0,1.7246809899806976
নাহি,0.7246706783771515,0.0,1.7246706783771515
দমে,0.7245286405086517,0.0,1.7245286405086517
পড়েছিল,0.7244045436382294,0.0,1.7244045436382294
কমা,0.7242982685565948,0.0,1.7242982685565948
ফোনে,0.7242742478847504,0.0,1.7242742478847504
সমিতির,0.73436638712883,0.010101010101010102,1.72426537702782
কেনো,0.7242528200149536,0.0,1.7242528200149536
পাঞ্জাবি,0.7342834174633026,0.010101010101010102,1.7241824073622927
বাঁদর,0.7241798639297485,0.0,1.7241798639297485
অবস্থাতে,0.7240793406963348,0.0,1.7240793406963348
চাইনি,0.7240355312824249,0.0,1.724035531282425
অপারেটর,0.7240013480186462,0.0,1.7240013480186462
প্রকাশ্য,0.723991870880127,0.0,1.723991870880127
ফাইল,0.7239634990692139,0.0,1.7239634990692139
আলা,0.7239343523979187,0.0,1.7239343523979187
নামধারী,0.723819375038147,0.0,1.723819375038147
রীতিমত,0.7237805128097534,0.0,1.7237805128097534
অবকাশে,0.7237685918807983,0.0,1.7237685918807983
প্রভা,0.7237614989280701,0.0,1.72376149892807
ষোলো,0.7237446308135986,0.0,1.7237446308135986
বুঝা,0.7237262725830078,0.0,1.7237262725830078
দেহরক্ষী,0.7237210869789124,0.0,1.7237210869789124
দিশা,0.7236735820770264,0.0,1.7236735820770264
চৌকস,0.723670244216919,0.0,1.723670244216919
নেমেছেন,0.7236668169498444,0.0,1.7236668169498444
কারাগারের,0.7236343026161194,0.0,1.7236343026161194
ওপাশে,0.723606288433075,0.0,1.723606288433075
ঘোষণ,0.7236024439334869,0.0,1.723602443933487
দেখব,0.7235872149467468,0.0,1.7235872149467468
মেঘনা,0.7235493063926697,0.0,1.7235493063926697
পেয়,0.723475992679596,0.0,1.723475992679596
ঢুকে,0.7234579622745514,0.0,1.7234579622745514
মাপে,0.7232643961906433,0.0,1.7232643961906433
আধিপত্য,0.7232082486152649,0.0,1.723208248615265
দেখতাম,0.7230653166770935,0.0,1.7230653166770935
আত্মঘাতী,0.7230315804481506,0.0,1.7230315804481506
জাগে,0.7229638695716858,0.0,1.7229638695716858
কবলে,0.7229508459568024,0.0,1.7229508459568024
সম্রাট,0.7229490578174591,0.0,1.722949057817459
কর্পোরেশন,0.722901314496994,0.0,1.722901314496994
পরামর্শে,0.7228726446628571,0.0,1.722872644662857
ভোম,0.7228263020515442,0.0,1.7228263020515442
বিবির,0.7227051556110382,0.0,1.7227051556110382
ট্রেন,0.7226864099502563,0.0,1.7226864099502563
মুঠো,0.7226671874523163,0.0,1.7226671874523163
মালির,0.7225464284420013,0.0,1.7225464284420013
অসভ্য,0.7224925756454468,0.0,1.7224925756454468
পার্ক,0.7224581837654114,0.0,1.7224581837654114
ফাঁসি,0.7224440574645996,0.0,1.7224440574645996
কুমারেশ,0.7223818302154541,0.0,1.722381830215454
বান,0.7223607301712036,0.0,1.7223607301712036
অমৃত,0.722355306148529,0.0,1.722355306148529
মিলি,0.7223518192768097,0.0,1.7223518192768097
প্রকাশে,0.7223151326179504,0.0,1.7223151326179504
টেলিভিশন,0.7222999632358551,0.0,1.722299963235855
নিঃস্ব,0.722263514995575,0.0,1.722263514995575
বন্দুকধারী,0.7221686840057373,0.0,1.7221686840057373
নান,0.7220683991909027,0.0,1.7220683991909027
বদনাম,0.7220143377780914,0.0,1.7220143377780914
একেক,0.7220055758953094,0.0,1.7220055758953094
রমণী,0.7219724953174591,0.0,1.721972495317459
ওট,0.7219542562961578,0.0,1.7219542562961578
সিসি,0.7219248414039612,0.0,1.7219248414039612
সর্বনাশা,0.7218325138092041,0.0,1.721832513809204
দা,0.7217977344989777,0.0,1.7217977344989777
ছিন্ন,0.7217702865600586,0.0,1.7217702865600586
নাও,0.7217564582824707,0.0,1.7217564582824707
এক্কেবারে,0.7217353284358978,0.0,1.7217353284358978
চিত্,0.7216348350048065,0.0,1.7216348350048065
তেজস্বী,0.7216027975082397,0.0,1.7216027975082397
অহংকার,0.7215181291103363,0.0,1.7215181291103363
তালুকদ,0.7215062081813812,0.0,1.7215062081813812
মাত,0.7213584780693054,0.0,1.7213584780693054
একত্রে,0.7213392555713654,0.0,1.7213392555713654
খবরে,0.7213341891765594,0.0,1.7213341891765594
গুণী,0.7213331758975983,0.0,1.7213331758975983
হটা,0.7211436331272125,0.0,1.7211436331272125
নির্ধারণ,0.721069872379303,0.0,1.721069872379303
গুণে,0.7210370004177094,0.0,1.7210370004177094
শ্রেণীর,0.7210276424884796,0.0,1.7210276424884796
যতো,0.730983704328537,0.010101010101010102,1.720882694227527
মালি,0.7208259999752045,0.0,1.7208259999752045
বেই,0.7207428514957428,0.0,1.7207428514957428
সাক্ষাত,0.7206883132457733,0.0,1.7206883132457733
হাঁকা,0.7206757068634033,0.0,1.7206757068634033
দাবী,0.7206480205059052,0.0,1.7206480205059052
বেগ,0.7206408083438873,0.0,1.7206408083438873
একুশ,0.720637857913971,0.0,1.720637857913971
গিয়েছিল,0.7206372618675232,0.0,1.7206372618675232
ঈশ্বর,0.7205921113491058,0.0,1.7205921113491058
বর্ধমান,0.7205769419670105,0.0,1.7205769419670105
আপস,0.7205341160297394,0.0,1.7205341160297394
কাঠামোর,0.720531165599823,0.0,1.720531165599823
অপূর্ব,0.7204897403717041,0.0,1.720489740371704
অযথা,0.7204005718231201,0.0,1.7204005718231201
তৎক্ষণাৎ,0.7203980088233948,0.0,1.7203980088233948
জড়া,0.7203947305679321,0.0,1.7203947305679321
দিকে,0.7203482985496521,0.0,1.720348298549652
খেললে,0.7203286588191986,0.0,1.7203286588191986
বাঙা,0.7203273773193359,0.0,1.720327377319336
বর্ণিত,0.7202947735786438,0.0,1.7202947735786438
কূল,0.7202134728431702,0.0,1.7202134728431702
হাতপ,0.7201982140541077,0.0,1.7201982140541077
অপেক্ষায়,0.7201811373233795,0.0,1.7201811373233795
শোভা,0.7199083864688873,0.0,1.7199083864688873
দণ্ডে,0.7198229730129242,0.0,1.7198229730129242
সাতশ,0.7197656631469727,0.0,1.7197656631469727
রইল,0.7197147607803345,0.0,1.7197147607803345
প্রচারে,0.7196900248527527,0.0,1.7196900248527527
সেভাবে,0.7196016013622284,0.0,1.7196016013622284
উপাচার্য,0.7194583415985107,0.0,1.7194583415985107
রাজপুত্র,0.7194228172302246,0.0,1.7194228172302246
পঞ্চাশ,0.7193050682544708,0.0,1.7193050682544708
সঞ্চালন,0.7192910015583038,0.0,1.7192910015583038
খালাস,0.7191533148288727,0.0,1.7191533148288727
আগমনে,0.7191077768802643,0.0,1.7191077768802643
বাড়া,0.7190202474594116,0.0,1.7190202474594116
জুনিয়র,0.7189096212387085,0.0,1.7189096212387085
অভিনেত,0.7188908755779266,0.0,1.7188908755779266
দুঃসাহস,0.7188870906829834,0.0,1.7188870906829834
দানা,0.7188391387462616,0.0,1.7188391387462616
যেভাবে,0.7287516593933105,0.010101010101010102,1.7186506492923006
রয়ে,0.7185682952404022,0.0,1.7185682952404022
গাও,0.7185369431972504,0.0,1.7185369431972504
বৈশাখে,0.7285597920417786,0.010101010101010102,1.7184587819407686
লেক,0.7184324562549591,0.0,1.718432456254959
ভাঙচুর,0.718429684638977,0.0,1.718429684638977
গণ্ডগোল,0.7184084057807922,0.0,1.7184084057807922
নিরপেক্ষ,0.7183826565742493,0.0,1.7183826565742493
বিভক্ত,0.7183238863945007,0.0,1.7183238863945007
রকমে,0.7182957828044891,0.0,1.7182957828044891
পাগলা,0.7181980609893799,0.0,1.7181980609893799
কোণে,0.7180124521255493,0.0,1.7180124521255493
মশাল,0.7179769575595856,0.0,1.7179769575595856
বিপরীত,0.7179470360279083,0.0,1.7179470360279083
হরিদাস,0.7179463505744934,0.0,1.7179463505744934
সোহাগী,0.7177643775939941,0.0,1.7177643775939941
সিদ্ধান্,0.7278587818145752,0.010101010101010102,1.7177577717135653
ভারতীয়,0.7176812589168549,0.0,1.7176812589168549
পিসি,0.7176786363124847,0.0,1.7176786363124847
ভাবল,0.71766796708107,0.0,1.71766796708107
স্বাগত,0.7176385521888733,0.0,1.7176385521888733
বাজি,0.7175954282283783,0.0,1.7175954282283783
বৈদ্য,0.717492550611496,0.0,1.717492550611496
হার্ট,0.7172983586788177,0.0,1.7172983586788177
আমরণ,0.7172770202159882,0.0,1.7172770202159882
ভূত,0.7172719836235046,0.0,1.7172719836235046
এতদিনে,0.7172623872756958,0.0,1.7172623872756958
ইস্,0.7172306180000305,0.0,1.7172306180000305
মৃদু,0.7172074019908905,0.0,1.7172074019908905
মুখ্যমন্ত্রী,0.7272727191448212,0.010101010101010102,1.7171717090438112
দুরে,0.7171232402324677,0.0,1.7171232402324677
চৌদ্দ,0.7171129584312439,0.0,1.717112958431244
কণা,0.7169924378395081,0.0,1.716992437839508
আপনাকে,0.7169757187366486,0.0,1.7169757187366486
অঙ্কিত,0.7169138491153717,0.0,1.7169138491153717
দীপ,0.7168063223361969,0.0,1.716806322336197
তাজ,0.7167559564113617,0.0,1.7167559564113617
আয়োজনে,0.7167494893074036,0.0,1.7167494893074036
কাম,0.7166801989078522,0.0,1.7166801989078522
বানানো,0.7165759205818176,0.0,1.7165759205818176
গোষ্ঠী,0.716547280550003,0.0,1.716547280550003
হাতপাখা,0.7165354192256927,0.0,1.7165354192256927
বলাব,0.7164134383201599,0.0,1.71641343832016
দাবানল,0.7164058983325958,0.0,1.7164058983325958
হিংস্র,0.7163446843624115,0.0,1.7163446843624115
হ্যা,0.7163060307502747,0.0,1.7163060307502747
স্থগিত,0.7161826193332672,0.0,1.7161826193332672
তেইশ,0.716179609298706,0.0,1.716179609298706
পৃথকভাবে,0.716035932302475,0.0,1.716035932302475
মরোক্কো,0.7159887254238129,0.0,1.7159887254238129
চাইনা,0.7159311771392822,0.0,1.7159311771392822
অনিশ্চিত,0.7158773243427277,0.0,1.7158773243427277
অনেককে,0.7158664464950562,0.0,1.7158664464950562
একমাস,0.7157905697822571,0.0,1.715790569782257
স্বার্থে,0.715789794921875,0.0,1.715789794921875
মেরি,0.7157289385795593,0.0,1.7157289385795593
আপত্তির,0.7157251238822937,0.0,1.7157251238822937
পরিচ্ছন্নতা,0.7157216668128967,0.0,1.7157216668128967
একবারে,0.7156003415584564,0.0,1.7156003415584564
মঞ্জুর,0.7155972123146057,0.0,1.7155972123146057
আদমি,0.7155956923961639,0.0,1.715595692396164
আমবাগান,0.71554896235466,0.0,1.71554896235466
বডি,0.7155420780181885,0.0,1.7155420780181885
বাট,0.7155396938323975,0.0,1.7155396938323975
সূচনা,0.7155115902423859,0.0,1.7155115902423859
বিধ্বস্ত,0.7155076563358307,0.0,1.7155076563358307
পার্থিব,0.7154393494129181,0.0,1.715439349412918
কোনম,0.7154312133789062,0.0,1.7154312133789062
হাওয়া,0.7153648436069489,0.0,1.7153648436069489
মাউথ,0.7153488397598267,0.0,1.7153488397598267
নিস,0.7153158187866211,0.0,1.715315818786621
প্রসাধন,0.7152951657772064,0.0,1.7152951657772064
অবসর,0.7152755260467529,0.0,1.715275526046753
সেলা,0.7152243554592133,0.0,1.7152243554592133
ঘা,0.7152087986469269,0.0,1.7152087986469269
উড়ে,0.7151477336883545,0.0,1.7151477336883545
তৃপ্তি,0.7150711715221405,0.0,1.7150711715221405
নিরসন,0.7150630354881287,0.0,1.7150630354881287
তখনো,0.7150364220142365,0.0,1.7150364220142365
সাব,0.7150106430053711,0.0,1.715010643005371
চে,0.7150079011917114,0.0,1.7150079011917114
ভোজ,0.7150028944015503,0.0,1.7150028944015503
দিতাম,0.7149280607700348,0.0,1.7149280607700348
অভিনেতা,0.7149126529693604,0.0,1.7149126529693604
নির্যাতিতা,0.7148960828781128,0.0,1.7148960828781128
অবতরণ,0.714851051568985,0.0,1.714851051568985
ঠান্ডা,0.7148370146751404,0.0,1.7148370146751404
নাতনি,0.714765876531601,0.0,1.714765876531601
মাসুদা,0.714707762002945,0.0,1.714707762002945
ফেলবে,0.7146892547607422,0.0,1.7146892547607422
মুখোশ,0.7146795392036438,0.0,1.7146795392036438
মমতা,0.7145808041095734,0.0,1.7145808041095734
বলেনি,0.7145216763019562,0.0,1.7145216763019562
কেবিন,0.7145044803619385,0.0,1.7145044803619385
প্রাইভেট,0.7144937515258789,0.0,1.714493751525879
কেই,0.7144878804683685,0.0,1.7144878804683685
মিঞা,0.7144253551959991,0.0,1.7144253551959991
মর্মে,0.7143949866294861,0.0,1.714394986629486
অবলম্বন,0.7143158316612244,0.0,1.7143158316612244
কারে,0.7141725420951843,0.0,1.7141725420951843
আরোগ্য,0.7141075730323792,0.0,1.7141075730323792
তুলেছিল,0.7139879465103149,0.0,1.713987946510315
বর্ধিত,0.7139847576618195,0.0,1.7139847576618195
দেখো,0.7139295041561127,0.0,1.7139295041561127
সাধু,0.7138469815254211,0.0,1.7138469815254211
লালমা,0.7138167917728424,0.0,1.7138167917728424
সৌদ,0.7137481570243835,0.0,1.7137481570243835
বিম,0.7137426137924194,0.0,1.7137426137924194
আংশিক,0.7137258052825928,0.0,1.7137258052825928
দেশবিদেশ,0.7136298716068268,0.0,1.7136298716068268
ক্লার্ক,0.7136004269123077,0.0,1.7136004269123077
পর্দা,0.7135380506515503,0.0,1.7135380506515503
চতুর,0.7135217189788818,0.0,1.7135217189788818
গায়ে,0.7135040462017059,0.0,1.713504046201706
কাক,0.7135016024112701,0.0,1.7135016024112701
দেখানো,0.71346515417099,0.0,1.71346515417099
মীমাংসা,0.7134459316730499,0.0,1.71344593167305
মার্ক,0.7134386003017426,0.0,1.7134386003017426
বাহিরে,0.7133890688419342,0.0,1.7133890688419342
অনেকখানি,0.7133816182613373,0.0,1.7133816182613373
প্রাইজ,0.7133036255836487,0.0,1.7133036255836487
মিললে,0.7132660746574402,0.0,1.7132660746574402
সূর্য্য,0.7131619155406952,0.0,1.7131619155406952
রিপোর্টে,0.7130151689052582,0.0,1.7130151689052582
জাব,0.7130094170570374,0.0,1.7130094170570374
দেখালে,0.7129654884338379,0.0,1.712965488433838
গ্রাম্য,0.7128312587738037,0.0,1.7128312587738037
আলম,0.7128159403800964,0.0,1.7128159403800964
বধূ,0.7127688527107239,0.0,1.7127688527107239
দ্বিগুণ,0.7127496898174286,0.0,1.7127496898174286
অর্ধেক,0.7126462459564209,0.0,1.712646245956421
হাঁস,0.7226642668247223,0.010101010101010102,1.7125632567237123
নির্বিচারে,0.7124640941619873,0.0,1.7124640941619873
হলি,0.7124638557434082,0.0,1.7124638557434082
গরমিল,0.7124431729316711,0.0,1.7124431729316711
গ্রামাঞ্চলে,0.712390661239624,0.0,1.712390661239624
সংলাপ,0.7123858034610748,0.0,1.7123858034610748
কোনোভাবে,0.712382435798645,0.0,1.712382435798645
সুনাম,0.7123454213142395,0.0,1.7123454213142395
যান৷,0.7123400866985321,0.0,1.712340086698532
জবাবদিহি,0.7123206257820129,0.0,1.712320625782013
রইলো,0.712240606546402,0.0,1.712240606546402
কয়েকদিন,0.7121641337871552,0.0,1.7121641337871552
দুদিনে,0.7121326923370361,0.0,1.7121326923370361
সন্তোষজনক,0.7121326923370361,0.0,1.7121326923370361
বিনামূল্যে,0.7120010256767273,0.0,1.7120010256767273
ইঞ্চিতে,0.7119268774986267,0.0,1.7119268774986267
মশা,0.7118904888629913,0.0,1.7118904888629913
দ্বিধা,0.7117672264575958,0.0,1.7117672264575958
ইজ্জত,0.7117663323879242,0.0,1.7117663323879242
ভিক্ষু,0.7117654085159302,0.0,1.7117654085159302
মিসেস,0.7117244899272919,0.0,1.7117244899272919
গুরুজন,0.7117234170436859,0.0,1.711723417043686
সেদিক,0.7218171060085297,0.010101010101010102,1.7117160959075197
সপ্তাহে,0.7116603851318359,0.0,1.711660385131836
দুঃসংবাদ,0.7116317451000214,0.0,1.7116317451000214
কিল,0.7113796472549438,0.0,1.7113796472549438
আসান,0.7113598883152008,0.0,1.7113598883152008
রত্না,0.7112924456596375,0.0,1.7112924456596375
ইন্সপেক্টর,0.7112405896186829,0.0,1.7112405896186829
ঐশ্বর্য,0.7112169861793518,0.0,1.7112169861793518
চাদ,0.7112103402614594,0.0,1.7112103402614594
নিজের,0.711188793182373,0.0,1.711188793182373
খুচরো,0.7111832797527313,0.0,1.7111832797527313
খনির,0.7110834717750549,0.0,1.711083471775055
উচ্চারিত,0.7110691964626312,0.0,1.7110691964626312
শিকদ,0.711042046546936,0.0,1.711042046546936
ক্ষেপ,0.7110041677951813,0.0,1.7110041677951813
ঢাক,0.7110011279582977,0.0,1.7110011279582977
মণি,0.710951566696167,0.0,1.710951566696167
শেল,0.7109438478946686,0.0,1.7109438478946686
শুভ্র,0.7108995616436005,0.0,1.7108995616436005
পিচ,0.7106207609176636,0.0,1.7106207609176636
দুর্লভ,0.7106037139892578,0.0,1.7106037139892578
ক্যাবিন,0.7106028497219086,0.0,1.7106028497219086
সম্মানহানি,0.7105956375598907,0.0,1.7105956375598907
জর্জরিত,0.710474967956543,0.0,1.710474967956543
অমূল্য,0.7104661464691162,0.0,1.7104661464691162
সুইসাইড,0.7103905379772186,0.0,1.7103905379772186
চাক,0.7103740274906158,0.0,1.7103740274906158
সরানো,0.7099653780460358,0.0,1.7099653780460358
মৃত্যুদণ্ড,0.709961861371994,0.0,1.709961861371994
সৌম্য,0.7097464799880981,0.0,1.7097464799880981
উল্টো,0.7096235454082489,0.0,1.709623545408249
প্রতিকার,0.7096172273159027,0.0,1.7096172273159027
কুমির,0.7096025347709656,0.0,1.7096025347709656
সামনাসামনি,0.7095996141433716,0.0,1.7095996141433716
কটি,0.7095710039138794,0.0,1.7095710039138794
প্রিয়,0.7095281183719635,0.0,1.7095281183719635
উত্তরাধিক,0.7094823122024536,0.0,1.7094823122024536
অন্তরঙ্গ,0.7094356715679169,0.0,1.7094356715679169
বিন,0.7093923389911652,0.0,1.7093923389911652
মের,0.7093749344348907,0.0,1.7093749344348907
রাইফেল,0.709362268447876,0.0,1.709362268447876
গ্রাস,0.7093517780303955,0.0,1.7093517780303955
বৈঠক,0.7093458771705627,0.0,1.7093458771705627
পূর্বপুরুষ,0.7093223631381989,0.0,1.7093223631381989
অনুকূল,0.7093223631381989,0.0,1.7093223631381989
বিপর্যয়,0.7093044221401215,0.0,1.7093044221401215
চীনা,0.7092910408973694,0.0,1.7092910408973694
সিট,0.7092549800872803,0.0,1.7092549800872803
আসব,0.7092408835887909,0.0,1.709240883588791
লাইনে,0.7091069221496582,0.0,1.7091069221496582
বস্তুর,0.7091024219989777,0.0,1.7091024219989777
উদ্ধৃত,0.7090961635112762,0.0,1.7090961635112762
স্কুলকলেজ,0.7090754210948944,0.0,1.7090754210948944
রক্ষার্থে,0.709027498960495,0.0,1.709027498960495
অষ্টম,0.709009200334549,0.0,1.709009200334549
গ্যালারি,0.7089504301548004,0.0,1.7089504301548004
অনুপ্রবেশ,0.7088662981987,0.0,1.7088662981987
চিপ,0.7088346183300018,0.0,1.7088346183300018
প্রশমিত,0.7088078260421753,0.0,1.7088078260421753
রোমান,0.7189005613327026,0.010101010101010102,1.7087995512316927
আদ,0.7087674736976624,0.0,1.7087674736976624
সাফল্যে,0.7087604403495789,0.0,1.7087604403495789
কলসি,0.7087275385856628,0.0,1.7087275385856628
শ্রী,0.7085923552513123,0.0,1.7085923552513123
চত্বরে,0.718641996383667,0.010101010101010102,1.708540986282657
বিশেষত,0.7085371613502502,0.0,1.7085371613502502
ভালুক,0.708528995513916,0.0,1.708528995513916
নির্দোষ,0.7084553837776184,0.0,1.7084553837776184
নিঝুম,0.708433210849762,0.0,1.708433210849762
শৈশবে,0.7084023952484131,0.0,1.708402395248413
কাল্পনিক,0.7083548903465271,0.0,1.708354890346527
অতিথির,0.7082647085189819,0.0,1.708264708518982
দাখিল,0.7082437574863434,0.0,1.7082437574863434
শাল,0.7082098126411438,0.0,1.7082098126411438
কারণটি,0.7081118822097778,0.0,1.7081118822097778
শূন্যে,0.7079412043094635,0.0,1.7079412043094635
রাখব,0.7078673839569092,0.0,1.7078673839569092
জড়িত,0.7078393399715424,0.0,1.7078393399715424
গুটি,0.707731306552887,0.0,1.707731306552887
জুড়ে,0.7075126469135284,0.0,1.7075126469135284
গল্পে,0.7075007259845734,0.0,1.7075007259845734
সত্যিক,0.7074509263038635,0.0,1.7074509263038635
বিনি,0.7074245810508728,0.0,1.7074245810508728
বিলম্ব,0.7073439359664917,0.0,1.7073439359664917
গভীরভাবে,0.707302987575531,0.0,1.707302987575531
প্রণালীর,0.7073023617267609,0.0,1.7073023617267609
মৃত্যুবরণ,0.707269936800003,0.0,1.707269936800003
কাটে,0.7071939706802368,0.0,1.7071939706802368
বাবুর,0.7071760594844818,0.0,1.7071760594844818
কালী,0.707156240940094,0.0,1.707156240940094
কালচ,0.7071512043476105,0.0,1.7071512043476105
লাট,0.7071231007575989,0.0,1.7071231007575989
হুমায়ুন,0.7069409489631653,0.0,1.7069409489631653
হয়েছিলো,0.7068885564804077,0.0,1.7068885564804077
উত্যক্ত,0.7068410217761993,0.0,1.7068410217761993
অনুসারী,0.7068323493003845,0.0,1.7068323493003845
চাপে,0.7067198157310486,0.0,1.7067198157310486
শেষের,0.7066928744316101,0.0,1.70669287443161
ব্রিট,0.7066338658332825,0.0,1.7066338658332825
মৌন,0.7065140306949615,0.0,1.7065140306949615
মনোযোগী,0.7064917683601379,0.0,1.706491768360138
টাইমে,0.7064677476882935,0.0,1.7064677476882935
সিদ্ধেশ্বরী,0.7064376473426819,0.0,1.7064376473426819
মতি,0.7064144611358643,0.0,1.7064144611358643
হানা,0.7063523530960083,0.0,1.7063523530960083
এজেন্ট,0.7063500881195068,0.0,1.7063500881195068
অগ্রণী,0.7062046825885773,0.0,1.7062046825885773
পিক,0.7061320245265961,0.0,1.706132024526596
লোকে,0.7061141729354858,0.0,1.7061141729354858
সংযোজন,0.7060408294200897,0.0,1.7060408294200897
প্রমাণিত,0.7060011029243469,0.0,1.706001102924347
টফি,0.7059712111949921,0.0,1.705971211194992
যানবাহন,0.7059427797794342,0.0,1.7059427797794342
তোপ,0.7059405446052551,0.0,1.7059405446052551
ব্যবহার,0.7058937251567841,0.0,1.705893725156784
নিম্ন,0.7058711349964142,0.0,1.7058711349964142
রাতদিন,0.7058453857898712,0.0,1.7058453857898712
পঙ্গু,0.7058399319648743,0.0,1.7058399319648743
দোষী,0.705826461315155,0.0,1.705826461315155
অতিবাহিত,0.7057878077030182,0.0,1.7057878077030182
এসময়,0.705764502286911,0.0,1.705764502286911
সম্মুখীন,0.7055617570877075,0.0,1.7055617570877075
দেখেননি,0.7055424451828003,0.0,1.7055424451828003
উঠা,0.7054889798164368,0.0,1.7054889798164368
স্বরূপ,0.7054314911365509,0.0,1.705431491136551
হিমসিম,0.7054108679294586,0.0,1.7054108679294586
ভ্যা,0.7053964138031006,0.0,1.7053964138031006
প্রাসাদ,0.7053868174552917,0.0,1.7053868174552917
নিশ্বাস,0.705384761095047,0.0,1.705384761095047
হুবে,0.705377459526062,0.0,1.705377459526062
নারীপুরুষ,0.705328494310379,0.0,1.705328494310379
কিরণ,0.7051946520805359,0.0,1.7051946520805359
লাগিয়ে,0.705061137676239,0.0,1.705061137676239
একপ্রক,0.7050557434558868,0.0,1.7050557434558868
প্রেসিডেন্ট,0.7050074338912964,0.0,1.7050074338912964
সবদিক,0.7050040066242218,0.0,1.7050040066242218
অগ্নিসংযোগ,0.7049795985221863,0.0,1.7049795985221863
নির্দেশের,0.7049697041511536,0.0,1.7049697041511536
বানর,0.7048358917236328,0.0,1.7048358917236328
সহানুভূতি,0.7048092186450958,0.0,1.7048092186450958
আহা,0.7047434747219086,0.0,1.7047434747219086
নম্বরে,0.70472252368927,0.0,1.70472252368927
হিন্দুস্তান,0.704716145992279,0.0,1.704716145992279
সাধ,0.7046948373317719,0.0,1.7046948373317719
জ্যোতিষী,0.7046843767166138,0.0,1.7046843767166138
ফ্রান্স,0.704591304063797,0.0,1.704591304063797
ভ্যানে,0.7045804262161255,0.0,1.7045804262161255
অন্দরে,0.7045360803604126,0.0,1.7045360803604126
অপকর্ম,0.7044981718063354,0.0,1.7044981718063354
রেশম,0.7044500410556793,0.0,1.7044500410556793
পরিস্ক,0.7044070363044739,0.0,1.7044070363044739
গালিগালাজ,0.7144814431667328,0.010101010101010102,1.7043804330657228
কাইল,0.7042930126190186,0.0,1.7042930126190186
মিথ্য,0.7041661739349365,0.0,1.7041661739349365
তথাপি,0.7040051221847534,0.0,1.7040051221847534
বন্ধুর,0.7039996683597565,0.0,1.7039996683597565
যোগে,0.7039119303226471,0.0,1.703911930322647
সংস্কার,0.7038203179836273,0.0,1.7038203179836273
ছাতা,0.7037530541419983,0.0,1.7037530541419983
প্রদানে,0.7037370502948761,0.0,1.703737050294876
শুনেছেন,0.7036404311656952,0.0,1.7036404311656952
পুলকিত,0.7036276161670685,0.0,1.7036276161670685
উন্মুক্ত,0.7036063373088837,0.0,1.7036063373088837
তদারকি,0.7035757303237915,0.0,1.7035757303237915
অবরুদ্ধ,0.7035636603832245,0.0,1.7035636603832245
সঙ্গিনী,0.7035634517669678,0.0,1.7035634517669678
ভয়াবহ,0.703535795211792,0.0,1.703535795211792
ভূষণ,0.7034179270267487,0.0,1.7034179270267487
উপরোক্ত,0.7033963203430176,0.0,1.7033963203430176
ফিরছি,0.703391820192337,0.0,1.703391820192337
ঝামেল,0.7032417356967926,0.0,1.7032417356967926
আটকা,0.7032409012317657,0.0,1.7032409012317657
শাখ,0.7032350599765778,0.0,1.7032350599765778
পুলিশে,0.7032150626182556,0.0,1.7032150626182556
বোঝানো,0.7031688094139099,0.0,1.70316880941391
ব্যাংক,0.703150063753128,0.0,1.703150063753128
হাজারে,0.7031497657299042,0.0,1.7031497657299042
আহ্বান,0.7031086683273315,0.0,1.7031086683273315
প্রদর্শিত,0.7030875086784363,0.0,1.7030875086784363
খামা,0.7030085027217865,0.0,1.7030085027217865
অন্দরমহল,0.7029595673084259,0.0,1.702959567308426
সুন্দরবন,0.7029277980327606,0.0,1.7029277980327606
প্রকাশ্যে,0.7029067873954773,0.0,1.7029067873954773
নূর,0.7028396427631378,0.0,1.7028396427631378
লালস,0.7028047442436218,0.0,1.7028047442436218
হতভাগ্য,0.7027892768383026,0.0,1.7027892768383026
নিকটে,0.7027772068977356,0.0,1.7027772068977356
অমিল,0.7027488350868225,0.0,1.7027488350868225
সেবক,0.7027361690998077,0.0,1.7027361690998077
বয়সী,0.7027100622653961,0.0,1.7027100622653961
সংকটে,0.702682763338089,0.0,1.702682763338089
ভালোর,0.7026745975017548,0.0,1.7026745975017548
অত্যাচারে,0.712673157453537,0.010101010101010102,1.702572147352527
মেদিনীপুর,0.7023820877075195,0.0,1.7023820877075195
চারপাশ,0.7124797701835632,0.010101010101010102,1.7023787600825533
টেক্সাস,0.7022939026355743,0.0,1.7022939026355743
বৈঠ,0.7022751271724701,0.0,1.70227512717247
দিদি,0.7022390961647034,0.0,1.7022390961647034
তামিল,0.7123055756092072,0.010101010101010102,1.7022045655081972
প্যান,0.7021826505661011,0.0,1.702182650566101
অনুষ,0.7021364569664001,0.0,1.7021364569664001
ভীষণ,0.7020938694477081,0.0,1.7020938694477081
যথাক্রমে,0.7020378410816193,0.0,1.7020378410816193
জোরালো,0.7020353674888611,0.0,1.702035367488861
শুটিং,0.702029824256897,0.0,1.702029824256897
মারা,0.7020117938518524,0.0,1.7020117938518524
সুন্দরভাবে,0.7019508481025696,0.0,1.7019508481025696
পতিত,0.7018466889858246,0.0,1.7018466889858246
জো,0.71192666888237,0.010101010101010102,1.70182565878136
দেশী,0.7018072605133057,0.0,1.7018072605133057
আশেপাশে,0.7017950415611267,0.0,1.7017950415611267
বিলি,0.7017699778079987,0.0,1.7017699778079987
একশত,0.7118414342403412,0.010101010101010102,1.7017404241393312
ভারে,0.7016664445400238,0.0,1.7016664445400238
সতেজ,0.7016519010066986,0.0,1.7016519010066986
হাবিব,0.7015736401081085,0.0,1.7015736401081085
কলে,0.7015509903430939,0.0,1.7015509903430939
অপেক্ষাকৃত,0.7015475332736969,0.0,1.701547533273697
উপেক্ষা,0.7015053331851959,0.0,1.701505333185196
নিউটন,0.7013909220695496,0.0,1.7013909220695496
জ্যোতি,0.7013499736785889,0.0,1.7013499736785889
কাঁপা,0.7012234032154083,0.0,1.7012234032154083
কানে,0.7011987864971161,0.0,1.701198786497116
পশ্চিমা,0.7011751532554626,0.0,1.7011751532554626
বৃন্দাবন,0.7010943591594696,0.0,1.7010943591594696
জেনেছেন,0.7010090053081512,0.0,1.7010090053081512
বিভ্রান্ত,0.7009857594966888,0.0,1.7009857594966888
একযোগে,0.7009706795215607,0.0,1.7009706795215607
কতদিন,0.7009153366088867,0.0,1.7009153366088867
ভোগী,0.7008965909481049,0.0,1.7008965909481049
হাঙ্গ,0.700891762971878,0.0,1.700891762971878
বিবেচন,0.7008884251117706,0.0,1.7008884251117706
এদিক,0.7109363675117493,0.010101010101010102,1.7008353574107393
আসামে,0.7008251547813416,0.0,1.7008251547813416
কীর্তি,0.7008166015148163,0.0,1.7008166015148163
যাইনি,0.7109030187129974,0.010101010101010102,1.7008020086119875
ছড়ানো,0.7007755041122437,0.0,1.7007755041122437
বিবেক,0.7005157768726349,0.0,1.7005157768726349
জোটে,0.7004739344120026,0.0,1.7004739344120026
জন্মদিন,0.7004604339599609,0.0,1.700460433959961
অর,0.7004599273204803,0.0,1.7004599273204803
বিরতি,0.7004424035549164,0.0,1.7004424035549164
ভালভাবে,0.7004407346248627,0.0,1.7004407346248627
হাহা,0.7004141807556152,0.0,1.7004141807556152
তুলেছি,0.700398176908493,0.0,1.700398176908493
আলাদাভাবে,0.700380951166153,0.0,1.700380951166153
চিক,0.7003563642501831,0.0,1.700356364250183
পাইন,0.7003209590911865,0.0,1.7003209590911865
কোচ,0.7003094851970673,0.0,1.7003094851970673
কার্য,0.700273334980011,0.0,1.700273334980011
ক্ষীণ,0.7002350687980652,0.0,1.7002350687980652
বিনোদন,0.7002235054969788,0.0,1.7002235054969788
কারা,0.700215220451355,0.0,1.700215220451355
ভাস্কর,0.7002029418945312,0.0,1.7002029418945312
সৌভাগ্যবান,0.700141191482544,0.0,1.700141191482544
কার্যকরী,0.7001096308231354,0.0,1.7001096308231354
ঝুলন্ত,0.7000439167022705,0.0,1.7000439167022705
সীমাবদ্ধ,0.7000249028205872,0.0,1.7000249028205872
ম্যাপ,0.6999703943729401,0.0,1.69997039437294
খেতেন,0.6999389231204987,0.0,1.6999389231204987
আনবে,0.6998976469039917,0.0,1.6998976469039917
স্পষ্টভাবে,0.6998860538005829,0.0,1.6998860538005829
বিশ,0.7099106013774872,0.010101010101010102,1.6998095912764772
বিগত,0.699745386838913,0.0,1.699745386838913
ভক্তি,0.6997207999229431,0.0,1.6997207999229431
সঙ্গতি,0.6996553838253021,0.0,1.6996553838253021
পাত্তা,0.6996453404426575,0.0,1.6996453404426575
হাতাহাতি,0.6994693577289581,0.0,1.6994693577289581
সঙ্গীর,0.6994654834270477,0.0,1.6994654834270477
ফিরলো,0.6993511021137238,0.0,1.6993511021137238
তিনটে,0.6993117034435272,0.0,1.6993117034435272
উপক্রম,0.6992594301700592,0.0,1.6992594301700592
যাত্রীর,0.6992419362068176,0.0,1.6992419362068176
লাগান,0.6992301642894745,0.0,1.6992301642894745
বসি,0.6992168426513672,0.0,1.6992168426513672
আশ্রম,0.6991861462593079,0.0,1.6991861462593079
সুসজ্জিত,0.6991649270057678,0.0,1.6991649270057678
বাসন,0.6991282403469086,0.0,1.6991282403469086
সীম,0.6990454196929932,0.0,1.6990454196929932
সুখ্যাতি,0.6990419328212738,0.0,1.6990419328212738
সূর্যকুম,0.6989941000938416,0.0,1.6989941000938416
যাননি,0.6989076435565948,0.0,1.6989076435565948
পাইলট,0.6988834142684937,0.0,1.6988834142684937
অজুহা,0.6988820135593414,0.0,1.6988820135593414
ছাপ,0.6988557577133179,0.0,1.6988557577133179
সাই,0.6988199949264526,0.0,1.6988199949264526
কালি,0.6987339854240417,0.0,1.6987339854240417
তাৎপর্য,0.6986939609050751,0.0,1.698693960905075
শালিখ,0.6986475586891174,0.0,1.6986475586891174
স্নানে,0.6986021399497986,0.0,1.6986021399497986
বেরি,0.6985253393650055,0.0,1.6985253393650055
ডিফেন্স,0.6984744071960449,0.0,1.698474407196045
টেলিফোনে,0.6984288394451141,0.0,1.6984288394451141
সিকিউরি,0.6984191238880157,0.0,1.6984191238880157
ব্যাপারটি,0.6983729302883148,0.0,1.6983729302883148
একবার,0.6983315348625183,0.0,1.6983315348625183
দেবতা,0.6982423365116119,0.0,1.698242336511612
গুচ্,0.6981222331523895,0.0,1.6981222331523895
পাটি,0.698106199502945,0.0,1.698106199502945
অমন,0.6981046199798584,0.0,1.6981046199798584
স্টিল,0.6981044113636017,0.0,1.6981044113636017
ছোটাছু,0.6980633735656738,0.0,1.6980633735656738
পোহা,0.6980336308479309,0.0,1.698033630847931
গজে,0.6980054080486298,0.0,1.6980054080486298
অর্থে,0.6979540884494781,0.0,1.6979540884494781
একথা,0.6978999376296997,0.0,1.6978999376296997
অসম্পূর্ণ,0.697898805141449,0.0,1.697898805141449
পাও,0.6978606283664703,0.0,1.6978606283664703
পঞ্চানন,0.6978372931480408,0.0,1.6978372931480408
সজীব,0.6977725923061371,0.0,1.697772592306137
চির,0.6976823508739471,0.0,1.6976823508739471
অনুগত,0.6976511180400848,0.0,1.6976511180400848
নেপো,0.697577029466629,0.0,1.697577029466629
আলি,0.6975520253181458,0.0,1.6975520253181458
গতিশীল,0.6975326836109161,0.0,1.6975326836109161
মজুর,0.6974819898605347,0.0,1.6974819898605347
পদার্থ,0.6974673271179199,0.0,1.69746732711792
অশেষ,0.6973514258861542,0.0,1.6973514258861542
শোর,0.6973423659801483,0.0,1.6973423659801483
অবিবাহিত,0.6972869038581848,0.0,1.6972869038581848
ভাঙন,0.6972737610340118,0.0,1.6972737610340118
সেদিকে,0.6972375512123108,0.0,1.6972375512123108
কৌতুক,0.6972285509109497,0.0,1.6972285509109497
রিচার্ডসন,0.697221964597702,0.0,1.697221964597702
রাজকুমারীর,0.6971900463104248,0.0,1.6971900463104248
সীমা,0.6971761584281921,0.0,1.6971761584281921
লাশ,0.6971594095230103,0.0,1.6971594095230103
তাকালে,0.697143942117691,0.0,1.697143942117691
অনবদ্য,0.6971026062965393,0.0,1.6971026062965393
চারটে,0.6970771253108978,0.0,1.6970771253108978
সফরে,0.6970434188842773,0.0,1.6970434188842773
ফেলু,0.6970033645629883,0.0,1.6970033645629883
গাজা,0.6969691216945648,0.0,1.6969691216945648
দেরী,0.696966290473938,0.0,1.696966290473938
লেজ,0.6969479322433472,0.0,1.6969479322433472
আজীবন,0.696926087141037,0.0,1.696926087141037
প্রেমিক,0.696904867887497,0.0,1.696904867887497
অনুশীলন,0.6968850195407867,0.0,1.6968850195407867
ভালবাস,0.6968013942241669,0.0,1.6968013942241669
বিধব,0.6967313587665558,0.0,1.6967313587665558
ভীতি,0.6967030465602875,0.0,1.6967030465602875
টুটুল,0.6966125667095184,0.0,1.6966125667095184
অভিমান,0.6966121792793274,0.0,1.6966121792793274
গণেশ,0.6965576112270355,0.0,1.6965576112270355
হাতা,0.696524977684021,0.0,1.696524977684021
বারাসত,0.6964075267314911,0.0,1.696407526731491
অভিনীত,0.6963750422000885,0.0,1.6963750422000885
পিকনিক,0.6963713467121124,0.0,1.6963713467121124
ধইরা,0.696285605430603,0.0,1.696285605430603
হইনি,0.6961557865142822,0.0,1.6961557865142822
কলোনি,0.6961552798748016,0.0,1.6961552798748016
এস্টেট,0.6961426138877869,0.0,1.6961426138877869
পাইক,0.6961420774459839,0.0,1.6961420774459839
কথাতে,0.6960335671901703,0.0,1.6960335671901703
ধরেছেন,0.6959115266799927,0.0,1.6959115266799927
দুর্গ,0.695907473564148,0.0,1.695907473564148
নানাভাবে,0.6958821713924408,0.0,1.6958821713924408
আশ্বস্ত,0.6957578659057617,0.0,1.6957578659057617
ঝগড়া,0.6957291662693024,0.0,1.6957291662693024
নাচগান,0.6957121193408966,0.0,1.6957121193408966
স্বচ্ছন্দে,0.6956077218055725,0.0,1.6956077218055725
সংগ্রাম,0.6955061256885529,0.0,1.6955061256885529
কৈশোরে,0.6954481303691864,0.0,1.6954481303691864
সভাপতি,0.6954212486743927,0.0,1.6954212486743927
মুহম্মদ,0.6952973306179047,0.0,1.6952973306179047
রুচি,0.6952935755252838,0.0,1.6952935755252838
খোলামেলা,0.6952458918094635,0.0,1.6952458918094635
বাঁক,0.6952212750911713,0.0,1.6952212750911713
চীনে,0.6952088177204132,0.0,1.6952088177204132
অভিজিৎ,0.6951909065246582,0.0,1.6951909065246582
থাকো,0.6951861381530762,0.0,1.6951861381530762
ঢোকা,0.6951856315135956,0.0,1.6951856315135956
অপব্যবহ,0.6951789259910583,0.0,1.6951789259910583
দশা,0.6951670944690704,0.0,1.6951670944690704
বাহা,0.6950893700122833,0.0,1.6950893700122833
গড়া,0.6950666606426239,0.0,1.695066660642624
বিরোধ,0.6949504911899567,0.0,1.6949504911899567
কুক,0.6948859393596649,0.0,1.694885939359665
গেট,0.6948759257793427,0.0,1.6948759257793427
কেবলমাত্র,0.694830060005188,0.0,1.694830060005188
ডিঙ্গি,0.6947896778583527,0.0,1.6947896778583527
শেখের,0.6947832107543945,0.0,1.6947832107543945
ভাবি,0.6947828531265259,0.0,1.6947828531265259
ব্যাচে,0.6947254240512848,0.0,1.6947254240512848
বাধে,0.6946312189102173,0.0,1.6946312189102173
ভিক্ষে,0.6946170926094055,0.0,1.6946170926094055
স্মৃতির,0.6945173740386963,0.0,1.6945173740386963
জ্যোৎস্না,0.6945129632949829,0.0,1.694512963294983
উধা,0.6944950520992279,0.0,1.694495052099228
ঠিকঠাক,0.6944648027420044,0.0,1.6944648027420044
উঠেছি,0.6944353878498077,0.0,1.6944353878498077
কোট,0.6944331228733063,0.0,1.6944331228733063
অলি,0.6944115161895752,0.0,1.6944115161895752
লোন,0.6943621039390564,0.0,1.6943621039390564
সম্ভাবন,0.6943415999412537,0.0,1.6943415999412537
চেন,0.694144606590271,0.0,1.694144606590271
সোহাগ,0.6941290199756622,0.0,1.6941290199756622
পাসপোর্ট,0.704146683216095,0.010101010101010102,1.694045673115085
ঝাঁক,0.6940380930900574,0.0,1.6940380930900574
ফৌজ,0.6940314173698425,0.0,1.6940314173698425
হৈচৈ,0.6939938962459564,0.0,1.6939938962459564
সাতদিন,0.6939578950405121,0.0,1.693957895040512
বাসনা,0.6937376856803894,0.0,1.6937376856803894
চালানো,0.6937240958213806,0.0,1.6937240958213806
বর্ষা,0.6936954855918884,0.0,1.6936954855918884
বিপজ্জনক,0.6936500370502472,0.0,1.6936500370502472
দখলে,0.6936345994472504,0.0,1.6936345994472504
অভিজ্ঞত,0.7037074863910675,0.010101010101010102,1.6936064762900576
গদাধর,0.693598747253418,0.0,1.693598747253418
বুঝি,0.6935624182224274,0.0,1.6935624182224274
মিলিয়ে,0.6935260891914368,0.0,1.6935260891914368
নিতে,0.693502813577652,0.0,1.693502813577652
ধন্যবাদ,0.6934617757797241,0.0,1.6934617757797241
পিস,0.693440318107605,0.0,1.693440318107605
দাপাদাপি,0.6934087574481964,0.0,1.6934087574481964
চিন্ত,0.6933773458003998,0.0,1.6933773458003998
সুদ্ধ,0.6932530999183655,0.0,1.6932530999183655
পাইনি,0.6932397782802582,0.0,1.6932397782802582
মতিঝিল,0.693238765001297,0.0,1.693238765001297
নিবে,0.6932248771190643,0.0,1.6932248771190643
অপরাধে,0.6932241022586823,0.0,1.6932241022586823
অস্বীক,0.6932137608528137,0.0,1.6932137608528137
জনসমাগম,0.6932022273540497,0.0,1.6932022273540497
লাগালো,0.6931646764278412,0.0,1.6931646764278412
কাঁচ,0.6931185126304626,0.0,1.6931185126304626
চালক,0.6930941045284271,0.0,1.6930941045284271
বাসায়,0.6930617392063141,0.0,1.693061739206314
রাখল,0.6930564045906067,0.0,1.6930564045906067
বান্ধব,0.6930027306079865,0.0,1.6930027306079865
ধেয়ে,0.692969024181366,0.0,1.692969024181366
ওসব,0.6929448843002319,0.0,1.692944884300232
মেজাজ,0.6928884088993073,0.0,1.6928884088993073
দস্যু,0.69284388422966,0.0,1.69284388422966
জলি,0.6928377747535706,0.0,1.6928377747535706
দৈত্য,0.6927191317081451,0.0,1.6927191317081451
জিনিসপত্র,0.6926884353160858,0.0,1.6926884353160858
প্যারিসে,0.6926862597465515,0.0,1.6926862597465515
হারলে,0.6926815211772919,0.0,1.6926815211772919
বিপা,0.6926760077476501,0.0,1.6926760077476501
ভাগাভাগি,0.6926125884056091,0.0,1.6926125884056091
মহারাষ্ট্র,0.7027059197425842,0.010101010101010102,1.6926049096415743
সাতজন,0.6925846934318542,0.0,1.6925846934318542
নিবিড়,0.6925739943981171,0.0,1.692573994398117
আঃ,0.6925667524337769,0.0,1.6925667524337769
শিকলে,0.6925239562988281,0.0,1.6925239562988281
মাবা,0.6925223767757416,0.0,1.6925223767757416
অবর্তমানে,0.6925220787525177,0.0,1.6925220787525177
হারে,0.6925021708011627,0.0,1.6925021708011627
মাঝপথে,0.7025850713253021,0.010101010101010102,1.6924840612242922
মসজিদ,0.6924770176410675,0.0,1.6924770176410675
হুগ,0.6924397945404053,0.0,1.6924397945404053
বিপ,0.6923910975456238,0.0,1.6923910975456238
রোমাঞ্চকর,0.6923653483390808,0.0,1.6923653483390808
প্রস্ততি,0.6923561692237854,0.0,1.6923561692237854
যাবৎ,0.6922398209571838,0.0,1.6922398209571838
জানলে,0.6922314763069153,0.0,1.6922314763069153
চাঁ,0.6921997964382172,0.0,1.6921997964382172
মেট,0.692169725894928,0.0,1.692169725894928
খ্যাতি,0.6920981407165527,0.0,1.6920981407165527
শনির,0.6919993162155151,0.0,1.6919993162155151
বিষে,0.6919601559638977,0.0,1.6919601559638977
নিরপরাধ,0.6919199228286743,0.0,1.6919199228286743
পরান,0.6919111609458923,0.0,1.6919111609458923
সংঘাত,0.6918896436691284,0.0,1.6918896436691284
বন্যপ্রাণী,0.6918236911296844,0.0,1.6918236911296844
সই,0.6918000876903534,0.0,1.6918000876903534
অত,0.6917834877967834,0.0,1.6917834877967834
গোলমাল,0.6917163729667664,0.0,1.6917163729667664
স্কেল,0.6917102038860321,0.0,1.691710203886032
আধা,0.6916919052600861,0.0,1.691691905260086
জবা,0.6916816532611847,0.0,1.6916816532611847
সিমল,0.6916376650333405,0.0,1.6916376650333405
ধাবিত,0.6916188299655914,0.0,1.6916188299655914
খাবারে,0.6915934979915619,0.0,1.691593497991562
যৌবন,0.6915615499019623,0.0,1.6915615499019623
প্রান্ত,0.6915421187877655,0.0,1.6915421187877655
বেত,0.6915005743503571,0.0,1.691500574350357
ফুটে,0.6914972364902496,0.0,1.6914972364902496
খাত,0.6914300620555878,0.0,1.6914300620555878
ঐসব,0.691419243812561,0.0,1.691419243812561
ফাঁকি,0.6913677155971527,0.0,1.6913677155971527
আলাপ,0.6913398802280426,0.0,1.6913398802280426
নিশ্চিন্,0.6912834346294403,0.0,1.6912834346294403
সংবাদে,0.6912795901298523,0.0,1.6912795901298523
অঙ্,0.6911698877811432,0.0,1.6911698877811432
ধরা,0.6910910904407501,0.0,1.6910910904407501
প্রতিবাদে,0.6910727024078369,0.0,1.691072702407837
নিভৃ,0.69104865193367,0.0,1.69104865193367
অল,0.6910237371921539,0.0,1.691023737192154
পারিশ্রমিক,0.6910215318202972,0.0,1.6910215318202972
চেতন,0.6909651756286621,0.0,1.690965175628662
পাখা,0.6909539699554443,0.0,1.6909539699554443
যুক্তরাষ্ট্র,0.6909155547618866,0.0,1.6909155547618866
প্রফেসর,0.6908835768699646,0.0,1.6908835768699646
উত্তীর্ণ,0.6908402740955353,0.0,1.6908402740955353
প্রাদেশিক,0.6907069385051727,0.0,1.6907069385051727
সতি,0.6906696259975433,0.0,1.6906696259975433
ভদ্রলোক,0.6906497776508331,0.0,1.6906497776508331
প্ল্যান,0.6905731856822968,0.0,1.6905731856822968
হেডফোন,0.690529853105545,0.0,1.690529853105545
শেখা,0.6904242932796478,0.0,1.6904242932796478
হাতিয়,0.6903210878372192,0.0,1.6903210878372192
অনাহারে,0.6902870237827301,0.0,1.69028702378273
সনাতন,0.6902398765087128,0.0,1.6902398765087128
এইব,0.6902272999286652,0.0,1.6902272999286652
কথায়,0.6902070343494415,0.0,1.6902070343494415
হাতে,0.6901362836360931,0.0,1.6901362836360931
মোর,0.6900980174541473,0.0,1.6900980174541473
বোর,0.6900890469551086,0.0,1.6900890469551086
দূরত্ব,0.6900829076766968,0.0,1.6900829076766968
রিং,0.6899895966053009,0.0,1.689989596605301
উদাহরণ,0.6899406313896179,0.0,1.689940631389618
তেজ,0.6899219453334808,0.0,1.6899219453334808
গোলাপী,0.6899036765098572,0.0,1.6899036765098572
প্রাপ্য,0.6898842453956604,0.0,1.6898842453956604
গুরু,0.6898795068264008,0.0,1.6898795068264008
চাচা,0.6898764073848724,0.0,1.6898764073848724
ধরলে,0.6898707449436188,0.0,1.6898707449436188
ফিরছ,0.6898499429225922,0.0,1.6898499429225922
অস্বস্তি,0.6898195743560791,0.0,1.689819574356079
অনেকক্ষণ,0.6898172199726105,0.0,1.6898172199726105
চিৎকারে,0.6897910833358765,0.0,1.6897910833358765
হামলা,0.6897771656513214,0.0,1.6897771656513214
দুএকজন,0.6897619366645813,0.0,1.6897619366645813
ওপ,0.6997813582420349,0.010101010101010102,1.689680348141025
পূজা,0.6896439492702484,0.0,1.6896439492702484
অবহেল,0.6896307170391083,0.0,1.6896307170391083
মালুম,0.6896280944347382,0.0,1.6896280944347382
রাজত্ব,0.6895445883274078,0.0,1.6895445883274078
ধ্বনিত,0.6895405352115631,0.0,1.689540535211563
আঠারো,0.6895133554935455,0.0,1.6895133554935455
অসহায়,0.6894666254520416,0.0,1.6894666254520416
কচি,0.6894661486148834,0.0,1.6894661486148834
পুরোহিত,0.6893827319145203,0.0,1.6893827319145203
দাঁড়া,0.689372181892395,0.0,1.689372181892395
জানানোর,0.6892917454242706,0.0,1.6892917454242706
গামছা,0.689273864030838,0.0,1.689273864030838
ডাব,0.6892680823802948,0.0,1.6892680823802948
পার্,0.6892441809177399,0.0,1.6892441809177399
অন্তর্গত,0.6891220211982727,0.0,1.6891220211982727
বাহুল্য,0.6890707612037659,0.0,1.6890707612037659
সাট,0.6890687644481659,0.0,1.689068764448166
সন্ধ্যায়,0.6890586316585541,0.0,1.689058631658554
ইংরেজী,0.6890445351600647,0.0,1.6890445351600647
অফিসার,0.6890419721603394,0.0,1.6890419721603394
নাস্তানাবুদ,0.6889814138412476,0.0,1.6889814138412476
ফেভারিট,0.6889665424823761,0.0,1.688966542482376
সামর্থ্য,0.6889329254627228,0.0,1.6889329254627228
চেষ্টায়,0.6889152526855469,0.0,1.6889152526855469
ডাকাতি,0.6888858675956726,0.0,1.6888858675956726
আগা,0.6888830363750458,0.0,1.6888830363750458
বাউল,0.6888819336891174,0.0,1.6888819336891174
জানিয়েছিল,0.6888702213764191,0.0,1.688870221376419
চাঙ্গা,0.6888608634471893,0.0,1.6888608634471893
গোনা,0.6989552080631256,0.010101010101010102,1.6888541979621157
কপাল,0.6888432502746582,0.0,1.6888432502746582
ঘটলে,0.6888270974159241,0.0,1.688827097415924
মাথায়,0.688809871673584,0.0,1.688809871673584
চলি,0.6887561976909637,0.0,1.6887561976909637
একি,0.6887489259243011,0.0,1.6887489259243011
ভেদ,0.6887076199054718,0.0,1.6887076199054718
উদ্ভিদ,0.6886486113071442,0.0,1.6886486113071442
তিনজনে,0.6886123418807983,0.0,1.6886123418807983
এতোদিন,0.6886060535907745,0.0,1.6886060535907745
কর্মী,0.6885179579257965,0.0,1.6885179579257965
উঁকি,0.6884379684925079,0.0,1.688437968492508
দেখাবে,0.6883487105369568,0.0,1.6883487105369568
বুনো,0.6883297264575958,0.0,1.6883297264575958
টোল,0.688247412443161,0.0,1.688247412443161
বিশ্বনাথ,0.6882353723049164,0.0,1.6882353723049164
বৃথা,0.6881673634052277,0.0,1.6881673634052277
নিষ্ঠুর,0.6880757510662079,0.0,1.6880757510662079
নইলে,0.6880714595317841,0.0,1.688071459531784
উৎস,0.6880538165569305,0.0,1.6880538165569305
পুত্রবধূ,0.6879575252532959,0.0,1.687957525253296
হও,0.687898576259613,0.0,1.687898576259613
কোনোক্রমে,0.6878489851951599,0.0,1.68784898519516
নিভৃত,0.6878278851509094,0.0,1.6878278851509094
যেখান,0.6878180801868439,0.0,1.6878180801868439
সংগঠিত,0.6877975761890411,0.0,1.6877975761890411
চারদিন,0.6877424418926239,0.0,1.687742441892624
উত্তম,0.6877240240573883,0.0,1.6877240240573883
অশোক,0.6877192258834839,0.0,1.6877192258834839
দাড়ি,0.6977969110012054,0.010101010101010102,1.6876959009001955
বিলাস,0.6876957416534424,0.0,1.6876957416534424
যথারীতি,0.687676727771759,0.0,1.687676727771759
উপলক্ষ,0.6876154243946075,0.0,1.6876154243946075
যাত্র,0.6875452101230621,0.0,1.6875452101230621
বাঁকা,0.6974087953567505,0.010101010101010102,1.6873077852557405
বৈধ,0.6972971856594086,0.010101010101010102,1.6871961755583986
ড্যাম,0.6871910393238068,0.0,1.6871910393238068
ফেলল,0.687176913022995,0.0,1.687176913022995
হাজ,0.6871733665466309,0.0,1.6871733665466309
মাদ্রাসা,0.6871069073677063,0.0,1.6871069073677063
শে,0.6870800852775574,0.0,1.6870800852775574
পেয়েছি,0.6870226263999939,0.0,1.687022626399994
ছোবলে,0.6870121657848358,0.0,1.6870121657848358
জানাতে,0.6870083808898926,0.0,1.6870083808898926
ভবনে,0.6869786083698273,0.0,1.6869786083698273
নানারকম,0.6869530379772186,0.0,1.6869530379772186
লেদ,0.6869442462921143,0.0,1.6869442462921143
অহংকারী,0.6868567764759064,0.0,1.6868567764759064
শঙ্কিত,0.6868538856506348,0.0,1.6868538856506348
মাথাব্যথা,0.6868475377559662,0.0,1.6868475377559662
অন্ধকার,0.6868351101875305,0.0,1.6868351101875305
উৎসাহিত,0.6868283450603485,0.0,1.6868283450603485
পারা,0.6867831945419312,0.0,1.6867831945419312
গণনা,0.6867614090442657,0.0,1.6867614090442657
আপত্তিকর,0.6867607533931732,0.0,1.6867607533931732
বয়সে,0.6867515742778778,0.0,1.6867515742778778
তোকে,0.6867181956768036,0.0,1.6867181956768036
উদ্ধার,0.6867082715034485,0.0,1.6867082715034485
হুদ,0.6866995394229889,0.0,1.686699539422989
মুকুল,0.6865967512130737,0.0,1.6865967512130737
নিচ্ছিল,0.6865879893302917,0.0,1.6865879893302917
কারখ,0.6865874230861664,0.0,1.6865874230861664
পড়তে,0.6865725815296173,0.0,1.6865725815296173
সরকারে,0.6865562498569489,0.0,1.6865562498569489
অগ্রগতির,0.6865359842777252,0.0,1.6865359842777252
উচ্ছেদ,0.6865240633487701,0.0,1.6865240633487701
হীন,0.6864376664161682,0.0,1.6864376664161682
ভালোভাবে,0.6864205300807953,0.0,1.6864205300807953
সংস্পর্শে,0.6863926649093628,0.0,1.6863926649093628
খাবারের,0.6863643825054169,0.0,1.6863643825054169
আসরে,0.6863130629062653,0.0,1.6863130629062653
হচ্ছিলো,0.6862901151180267,0.0,1.6862901151180267
অনবরত,0.6862653195858002,0.0,1.6862653195858002
বললো,0.6862531304359436,0.0,1.6862531304359436
গোষ্ঠীর,0.6862449645996094,0.0,1.6862449645996094
পদার্পণ,0.6862296164035797,0.0,1.6862296164035797
প্রাসাদে,0.6860920190811157,0.0,1.6860920190811157
ডালিম,0.6859520673751831,0.0,1.685952067375183
আপেল,0.6859343945980072,0.0,1.6859343945980072
পরনে,0.6859109699726105,0.0,1.6859109699726105
চালানে,0.6859068274497986,0.0,1.6859068274497986
বলেছিল,0.6858489215373993,0.0,1.6858489215373993
উপায়,0.6857552826404572,0.0,1.6857552826404572
চুপচাপ,0.6857154667377472,0.0,1.6857154667377472
শুল্ক,0.6857055425643921,0.0,1.685705542564392
আপ,0.6856802701950073,0.0,1.6856802701950073
টেক্কা,0.6856606006622314,0.0,1.6856606006622314
সাময়িক,0.685639888048172,0.0,1.685639888048172
হো,0.6855904161930084,0.0,1.6855904161930084
ধুম,0.6855781078338623,0.0,1.6855781078338623
ডাঃ,0.6854081451892853,0.0,1.6854081451892853
খোঁজে,0.6853924691677094,0.0,1.6853924691677094
সুদূর,0.6853911280632019,0.0,1.685391128063202
ফাঁ,0.6853147745132446,0.0,1.6853147745132446
বেক,0.6853063702583313,0.0,1.6853063702583313
গবেষক,0.6851617991924286,0.0,1.6851617991924286
ধরবে,0.6851164400577545,0.0,1.6851164400577545
এবার,0.685005396604538,0.0,1.685005396604538
চারপাশে,0.684932142496109,0.0,1.684932142496109
চৌধুরীর,0.6849116384983063,0.0,1.6849116384983063
হারালে,0.6848893761634827,0.0,1.6848893761634827
চলতি,0.6848854422569275,0.0,1.6848854422569275
ম্যাপে,0.6847954094409943,0.0,1.6847954094409943
জনিত,0.6847499012947083,0.0,1.6847499012947083
বেগম,0.6847314238548279,0.0,1.6847314238548279
পারতেন,0.6847003102302551,0.0,1.6847003102302551
বলছি,0.6846975684165955,0.0,1.6846975684165955
তর্কবাগীশ,0.684666097164154,0.0,1.684666097164154
চোটে,0.684627503156662,0.0,1.684627503156662
পুরীর,0.684562623500824,0.0,1.684562623500824
বিবাদ,0.6845577359199524,0.0,1.6845577359199524
চিরকাল,0.6845235824584961,0.0,1.684523582458496
আশীর্বাদ,0.6845054924488068,0.0,1.6845054924488068
অনুসরণ,0.6844766438007355,0.0,1.6844766438007355
হয়েছে৷,0.6844446361064911,0.0,1.684444636106491
গতির,0.6844435930252075,0.0,1.6844435930252075
নিয়মিত,0.6843801736831665,0.0,1.6843801736831665
দীপ্ত,0.6944374442100525,0.010101010101010102,1.6843364341090425
নেশ,0.6843114495277405,0.0,1.6843114495277405
দুতিন,0.6842917203903198,0.0,1.6842917203903198
খুকি,0.6842153072357178,0.0,1.6842153072357178
সুরক্ষিত,0.6841838955879211,0.0,1.6841838955879211
ওরে,0.6841771006584167,0.0,1.6841771006584167
বুলবু,0.6841573417186737,0.0,1.6841573417186737
প্রয়োগ,0.6841434836387634,0.0,1.6841434836387634
পল্টু,0.6840120851993561,0.0,1.684012085199356
চিন্তিত,0.6839984357357025,0.0,1.6839984357357025
সম্বোধন,0.6839474439620972,0.0,1.6839474439620972
আশাবাদী,0.6839339733123779,0.0,1.683933973312378
চরে,0.6838109195232391,0.0,1.6838109195232391
আরামদায়ক,0.6837899386882782,0.0,1.6837899386882782
অকল্যাণ,0.683787614107132,0.0,1.683787614107132
হারানো,0.683526873588562,0.0,1.683526873588562
জমিদ,0.6834611594676971,0.0,1.6834611594676971
স্বর্গে,0.6834090948104858,0.0,1.6834090948104858
উন্মোচিত,0.6834037005901337,0.0,1.6834037005901337
কারণটা,0.6833130419254303,0.0,1.6833130419254303
স্মরণে,0.6832849979400635,0.0,1.6832849979400635
ভাগ্নে,0.6832617223262787,0.0,1.6832617223262787
কৌশল,0.6832205057144165,0.0,1.6832205057144165
মিনতি,0.6832005679607391,0.0,1.6832005679607391
ভাড়া,0.6831776201725006,0.0,1.6831776201725006
রোমাঞ্চ,0.6831522583961487,0.0,1.6831522583961487
অস্বাভাবিক,0.6831125617027283,0.0,1.6831125617027283
কতখানি,0.6830945312976837,0.0,1.6830945312976837
অনেকব,0.6830605566501617,0.0,1.6830605566501617
চালিয়ে,0.6829712986946106,0.0,1.6829712986946106
শিমুল,0.682968407869339,0.0,1.682968407869339
প্রতারণা,0.6829465925693512,0.0,1.6829465925693512
কিছুকাল,0.6829363405704498,0.0,1.6829363405704498
মেডিকেল,0.6829282343387604,0.0,1.6829282343387604
রইচ,0.6828639805316925,0.0,1.6828639805316925
অংশবিশেষ,0.682862401008606,0.0,1.682862401008606
লিখেছি,0.6828559339046478,0.0,1.6828559339046478
পরিপূর্ণ,0.6828334331512451,0.0,1.6828334331512451
একত্র,0.6828152239322662,0.0,1.6828152239322662
ভি,0.6828112900257111,0.0,1.682811290025711
মুলু,0.6827896237373352,0.0,1.6827896237373352
পুঁ,0.682783305644989,0.0,1.682783305644989
অতীত,0.6827682256698608,0.0,1.6827682256698608
সৌভাগ্য,0.6825914978981018,0.0,1.6825914978981018
পেলো,0.6825902163982391,0.0,1.6825902163982391
প্রতিবাদী,0.6825498938560486,0.0,1.6825498938560486
কৃতজ্ঞতা,0.6825021207332611,0.0,1.682502120733261
গুজরাট,0.6824757158756256,0.0,1.6824757158756256
কেলি,0.6824446320533752,0.0,1.6824446320533752
সাইন,0.6824431419372559,0.0,1.6824431419372559
শ্লোগান,0.6824338734149933,0.0,1.6824338734149933
তুলুন,0.6824271082878113,0.0,1.6824271082878113
সচরাচর,0.6823146641254425,0.0,1.6823146641254425
পরিবর্তিত,0.6821934878826141,0.0,1.6821934878826141
অস্থিরতা,0.6821861565113068,0.0,1.6821861565113068
বুদ্ধিমান,0.6821848452091217,0.0,1.6821848452091217
দীপ্তি,0.6821646094322205,0.0,1.6821646094322205
ঘুষ,0.6821539103984833,0.0,1.6821539103984833
কর্মে,0.6821505725383759,0.0,1.6821505725383759
চরিত্রে,0.6821374893188477,0.0,1.6821374893188477
তোরা,0.6820982694625854,0.0,1.6820982694625854
সোনালী,0.6820863783359528,0.0,1.6820863783359528
অন্ন,0.681995302438736,0.0,1.681995302438736
দিশেহা,0.6819562911987305,0.0,1.6819562911987305
ছেঁটে,0.6818954348564148,0.0,1.6818954348564148
একবছর,0.6818839609622955,0.0,1.6818839609622955
কাশ্মীর,0.6818452179431915,0.0,1.6818452179431915
ঘটানো,0.6817505955696106,0.0,1.6817505955696106
বিহার,0.6817294061183929,0.0,1.681729406118393
বুদ্ধি,0.6817164421081543,0.0,1.6817164421081543
আশাতে,0.6817009150981903,0.0,1.6817009150981903
বিদ্ধ,0.6816969215869904,0.0,1.6816969215869904
সামগ্রী,0.6816634833812714,0.0,1.6816634833812714
রাগে,0.6816459894180298,0.0,1.6816459894180298
কেক,0.6816016733646393,0.0,1.6816016733646393
সিনেমা,0.6815625429153442,0.0,1.6815625429153442
পরিষ,0.6815618872642517,0.0,1.6815618872642517
কুইন,0.6815354824066162,0.0,1.6815354824066162
রক্ষী,0.68152916431427,0.0,1.68152916431427
নবাব,0.6815120577812195,0.0,1.6815120577812195
মরিয়া,0.681472897529602,0.0,1.681472897529602
বেরিয়ে,0.6814278960227966,0.0,1.6814278960227966
দৌড়ে,0.6814277768135071,0.0,1.681427776813507
তুরুপ,0.6814072132110596,0.0,1.6814072132110596
টেক,0.681404173374176,0.0,1.681404173374176
কইরা,0.6915046870708466,0.010101010101010102,1.6814036769698366
ঘটিকা,0.6813977062702179,0.0,1.681397706270218
চালানোর,0.6813803017139435,0.0,1.6813803017139435
সহপাঠী,0.6813619136810303,0.0,1.6813619136810303
কালা,0.6813281178474426,0.0,1.6813281178474426
সংকেত,0.6812913417816162,0.0,1.6812913417816162
বাঙ্গ,0.6812899112701416,0.0,1.6812899112701416
সুস্পষ্ট,0.6812702119350433,0.0,1.6812702119350433
নিবাস,0.6812519729137421,0.0,1.681251972913742
আলাল,0.6812323927879333,0.0,1.6812323927879333
ম্যানেজার,0.6812101006507874,0.0,1.6812101006507874
রাখেনি,0.6811965107917786,0.0,1.6811965107917786
নেশাগ্রস্ত,0.6811653971672058,0.0,1.6811653971672058
আস্তানা,0.6811414062976837,0.0,1.6811414062976837
অন্যজন,0.6810552775859833,0.0,1.6810552775859833
আশাকরি,0.681048572063446,0.0,1.681048572063446
চলেছেন,0.6810247302055359,0.0,1.6810247302055359
দোল,0.6809696853160858,0.0,1.6809696853160858
পূর্ণিমা,0.6809357106685638,0.0,1.6809357106685638
হেল্প,0.6809262037277222,0.0,1.6809262037277222
ডাকলে,0.6809046268463135,0.0,1.6809046268463135
হেয়,0.6808763444423676,0.0,1.6808763444423676
বিমান,0.680854320526123,0.0,1.680854320526123
স্প্যানিশ,0.6808218955993652,0.0,1.6808218955993652
নেপাল,0.6808202862739563,0.0,1.6808202862739563
চাবি,0.6808184385299683,0.0,1.6808184385299683
মহাজন,0.6807680130004883,0.0,1.6807680130004883
খানিক,0.6806987226009369,0.0,1.680698722600937
জগন্নাথ,0.6806981265544891,0.0,1.6806981265544891
বেচা,0.6806168258190155,0.0,1.6806168258190155
ভবতোষ,0.6805975437164307,0.0,1.6805975437164307
খাদ্যদ্রব্য,0.6805884540081024,0.0,1.6805884540081024
বাসিন্দা,0.6805830001831055,0.0,1.6805830001831055
রবি,0.680529922246933,0.0,1.680529922246933
প্রত্যে,0.6805269420146942,0.0,1.6805269420146942
ভেস্,0.68050217628479,0.0,1.68050217628479
নানাবিধ,0.6804964244365692,0.0,1.6804964244365692
করতাম,0.680456131696701,0.0,1.680456131696701
বাতিল,0.6904851496219635,0.010101010101010102,1.6803841395209536
বিশ্বাসযোগ্য,0.6803441047668457,0.0,1.6803441047668457
ইচ্ছা,0.6802957355976105,0.0,1.6802957355976105
নেমেছি,0.6802919209003448,0.0,1.6802919209003448
নিয়ন্ত্রণ,0.6802482008934021,0.0,1.680248200893402
দিও,0.6802351474761963,0.0,1.6802351474761963
শীর্ষে,0.6801897883415222,0.0,1.6801897883415222
সাহা,0.6801136136054993,0.0,1.6801136136054993
গৃহিণী,0.680061012506485,0.0,1.680061012506485
তোর,0.6800038516521454,0.0,1.6800038516521454
চারবার,0.6799953579902649,0.0,1.679995357990265
কুটি,0.6799324154853821,0.0,1.679932415485382
ভরপুর,0.6799229681491852,0.0,1.6799229681491852
বাতি,0.6799131631851196,0.0,1.6799131631851196
দিল্,0.6799030303955078,0.0,1.6799030303955078
নীরবে,0.6798657178878784,0.0,1.6798657178878784
নালিশ,0.6798590421676636,0.0,1.6798590421676636
অনুমান,0.6798374056816101,0.0,1.67983740568161
চিহ্ন,0.679825633764267,0.0,1.679825633764267
পশুর,0.6899203360080719,0.010101010101010102,1.679819325907062
চালালে,0.6797835528850555,0.0,1.6797835528850555
গুপ্ত,0.6797203421592712,0.0,1.6797203421592712
রেলপথ,0.6796798706054688,0.0,1.6796798706054688
ভুলু,0.6796459257602692,0.0,1.6796459257602692
থিম,0.679610550403595,0.0,1.679610550403595
রাখি,0.6796062290668488,0.0,1.6796062290668488
একইভাবে,0.6795830428600311,0.0,1.6795830428600311
মজা,0.6795613169670105,0.0,1.6795613169670105
চৌকি,0.6795417964458466,0.0,1.6795417964458466
প্রজা,0.6795251965522766,0.0,1.6795251965522766
তিনচ,0.6794999837875366,0.0,1.6794999837875366
বিদ্যুত,0.6794825196266174,0.0,1.6794825196266174
তেলের,0.6794646382331848,0.0,1.6794646382331848
ব্যবসায়ী,0.6794053316116333,0.0,1.6794053316116333
হইল,0.6793839931488037,0.0,1.6793839931488037
জন্মদিনে,0.6793817579746246,0.0,1.6793817579746246
প্রজ্ঞা,0.6793500781059265,0.0,1.6793500781059265
তুলি,0.6793457269668579,0.0,1.679345726966858
রাস্তায়,0.6793326139450073,0.0,1.6793326139450073
উঠতি,0.6793261766433716,0.0,1.6793261766433716
সন্ধানে,0.6791551411151886,0.0,1.6791551411151886
সোনাদানা,0.6791179776191711,0.0,1.6791179776191711
পেরিয়ে,0.6790708303451538,0.0,1.6790708303451538
বাঁচে,0.6790620982646942,0.0,1.6790620982646942
আশ্রিত,0.6789998710155487,0.0,1.6789998710155487
পার্থক্য,0.6789893209934235,0.0,1.6789893209934235
ব্রাজিল,0.6789734065532684,0.0,1.6789734065532684
প্রতিবেশী,0.6789114475250244,0.0,1.6789114475250244
সাধারণের,0.6789112985134125,0.0,1.6789112985134125
দ্রুতগতি,0.678895503282547,0.0,1.678895503282547
বিরক্ত,0.6788821220397949,0.0,1.678882122039795
অহংক,0.6788307726383209,0.0,1.678830772638321
দীর্ঘকাল,0.6788251996040344,0.0,1.6788251996040344
ইতিমধ্যেই,0.6787844598293304,0.0,1.6787844598293304
নভেম্বর,0.6787837147712708,0.0,1.6787837147712708
বশে,0.6787235736846924,0.0,1.6787235736846924
কার্যকলাপ,0.6888024806976318,0.010101010101010102,1.678701470596622
জালে,0.6786980330944061,0.0,1.6786980330944061
ঘাঁ,0.678690493106842,0.0,1.678690493106842
গদি,0.6786684095859528,0.0,1.6786684095859528
গ্রামীণ,0.6786656081676483,0.0,1.6786656081676483
দুপক্ষ,0.678629070520401,0.0,1.678629070520401
বোট,0.6785786151885986,0.0,1.6785786151885986
দুএকদিন,0.678568571805954,0.0,1.678568571805954
পরিবেশন,0.6785155832767487,0.0,1.6785155832767487
হতাশ,0.6784455478191376,0.0,1.6784455478191376
সন্ধানী,0.6784398257732391,0.0,1.6784398257732391
এড়া,0.6783556342124939,0.0,1.678355634212494
অঙ্ক,0.6782780885696411,0.0,1.6782780885696411
স্টেজ,0.6782412528991699,0.0,1.67824125289917
অকেজো,0.678219735622406,0.0,1.678219735622406
সাক্ষ্য,0.678181529045105,0.0,1.678181529045105
সাধারণভাবে,0.6781353652477264,0.0,1.6781353652477264
বালা,0.6780792474746704,0.0,1.6780792474746704
রেলের,0.67806276679039,0.0,1.67806276679039
সবচাইতে,0.6780597865581512,0.0,1.6780597865581512
স্লোগান,0.678057074546814,0.0,1.678057074546814
দাঁত,0.6780279874801636,0.0,1.6780279874801636
কাদের,0.6779715418815613,0.0,1.6779715418815613
ছেলেটা,0.6779441833496094,0.0,1.6779441833496094
পোলো,0.6779420673847198,0.0,1.6779420673847198
কালীর,0.6779346466064453,0.0,1.6779346466064453
খোকন,0.6779328286647797,0.0,1.6779328286647797
অনিবার্য,0.6778947114944458,0.0,1.6778947114944458
রাজকুমারী,0.6778696775436401,0.0,1.6778696775436401
এড়িয়ে,0.6778587102890015,0.0,1.6778587102890015
গ্রন্থাগারের,0.677772581577301,0.0,1.677772581577301
চীফ,0.6777684092521667,0.0,1.6777684092521667
রকেট,0.6777409613132477,0.0,1.6777409613132477
থাকুক,0.6777398586273193,0.0,1.6777398586273193
বোঝ,0.6777180433273315,0.0,1.6777180433273315
দেখেছেন,0.6777088344097137,0.0,1.6777088344097137
এখনক,0.6776396334171295,0.0,1.6776396334171295
আরেকব,0.6775920689105988,0.0,1.6775920689105988
চাঁদা,0.6775917112827301,0.0,1.67759171128273
সেক্রেটারি,0.6775900423526764,0.0,1.6775900423526764
তিথি,0.6775270104408264,0.0,1.6775270104408264
আলিঙ্গন,0.6773746609687805,0.0,1.6773746609687805
অনুপস্থিতির,0.6773690581321716,0.0,1.6773690581321716
কবীর,0.6773253083229065,0.0,1.6773253083229065
পায়ে,0.6773101091384888,0.0,1.6773101091384888
খুদে,0.6772839426994324,0.0,1.6772839426994324
আমবাগানে,0.6772752702236176,0.0,1.6772752702236176
বিপিন,0.6771766245365143,0.0,1.6771766245365143
কিনেছিল,0.6771646440029144,0.0,1.6771646440029144
অপেক্ষমান,0.6771577298641205,0.0,1.6771577298641205
জীবন্ত,0.6771174669265747,0.0,1.6771174669265747
দাপটে,0.6770921945571899,0.0,1.67709219455719
অবিশ্বাস্য,0.6770911812782288,0.0,1.6770911812782288
সার্কাস,0.6871781051158905,0.010101010101010102,1.6770770950148806
জিন্দাবাদ,0.6769968271255493,0.0,1.6769968271255493
ফেরেন,0.6769566833972931,0.0,1.676956683397293
মেকানিক,0.6769083142280579,0.0,1.6769083142280579
অটুট,0.6768656373023987,0.0,1.6768656373023987
মেক্সিকো,0.6768178045749664,0.0,1.6768178045749664
মেয়,0.676761269569397,0.0,1.676761269569397
শ্রেয়,0.6767170131206512,0.0,1.6767170131206512
অজস্র,0.6767138838768005,0.0,1.6767138838768005
বয়ে,0.676698625087738,0.0,1.676698625087738
কিচ্ছু,0.6766125857830048,0.0,1.6766125857830048
ভোগে,0.6765332520008087,0.0,1.6765332520008087
মান্য,0.6764980852603912,0.0,1.6764980852603912
অর্ড,0.6764980852603912,0.0,1.6764980852603912
গবেষণাগারের,0.676443338394165,0.0,1.676443338394165
তৎকালীন,0.6764405071735382,0.0,1.6764405071735382
বোনে,0.6764080822467804,0.0,1.6764080822467804
চলছিল,0.6763963401317596,0.0,1.6763963401317596
ওমর,0.6763750314712524,0.0,1.6763750314712524
গলিত,0.6763471066951752,0.0,1.6763471066951752
মিশ্রিত,0.6763359308242798,0.0,1.6763359308242798
প্রয়োজন,0.6763346791267395,0.0,1.6763346791267395
ফ্ল্যাট,0.6762566268444061,0.0,1.6762566268444061
ধৈর্য,0.6761764287948608,0.0,1.6761764287948608
ছোটন,0.6761663854122162,0.0,1.6761663854122162
সংগৃহীত,0.6761560440063477,0.0,1.6761560440063477
নিই,0.6761540472507477,0.0,1.6761540472507477
বিছানা,0.6761041581630707,0.0,1.6761041581630707
শুন্য,0.6760927438735962,0.0,1.6760927438735962
প্রমোদ,0.6760541796684265,0.0,1.6760541796684265
খাওয়া,0.6760114431381226,0.0,1.6760114431381226
মঞ্জিল,0.6759953796863556,0.0,1.6759953796863556
ম্যারাথন,0.6759676337242126,0.0,1.6759676337242126
দোহা,0.6759095191955566,0.0,1.6759095191955566
প্যারেড,0.6758468449115753,0.0,1.6758468449115753
বারংবার,0.6758311688899994,0.0,1.6758311688899994
জাস্ট,0.6758192479610443,0.0,1.6758192479610443
সাবধানে,0.6757325232028961,0.0,1.6757325232028961
ব্যাপারটা,0.675665020942688,0.0,1.675665020942688
মিশ,0.6756302118301392,0.0,1.6756302118301392
করাল,0.675598531961441,0.0,1.675598531961441
ছিলে,0.6755901575088501,0.0,1.67559015750885
বিরাজ,0.6755849421024323,0.0,1.6755849421024323
শান,0.6755689680576324,0.0,1.6755689680576324
বাসর,0.6755395233631134,0.0,1.6755395233631134
পড়লে,0.6755014359951019,0.0,1.675501435995102
সুবাদে,0.675379753112793,0.0,1.675379753112793
টেলিভিশনে,0.6753424108028412,0.0,1.6753424108028412
তারে,0.6753116548061371,0.0,1.675311654806137
মেঘ,0.6751207113265991,0.0,1.6751207113265991
চেঞ্জ,0.6751142144203186,0.0,1.6751142144203186
আচ,0.6751036643981934,0.0,1.6751036643981934
মারলে,0.6750822365283966,0.0,1.6750822365283966
প্রতিক,0.6748709678649902,0.0,1.6748709678649902
ভূমি,0.6748573780059814,0.0,1.6748573780059814
মেলামেশা,0.674837201833725,0.0,1.674837201833725
তোরণ,0.6746659278869629,0.0,1.674665927886963
মোড়ে,0.6746084690093994,0.0,1.6746084690093994
উপস্থিতির,0.6744899749755859,0.0,1.674489974975586
সন্দেহের,0.6744488179683685,0.0,1.6744488179683685
উঠলো,0.6743848323822021,0.0,1.6743848323822021
নিপা,0.6743797659873962,0.0,1.6743797659873962
লাঠির,0.6743179559707642,0.0,1.6743179559707642
রাজী,0.6742987334728241,0.0,1.674298733472824
প্রবাহিত,0.6742983758449554,0.0,1.6742983758449554
কোণঠাসা,0.6742514371871948,0.0,1.6742514371871948
দম্পতির,0.6742366254329681,0.0,1.6742366254329681
দূত,0.6742165982723236,0.0,1.6742165982723236
টিকিটে,0.6741862893104553,0.0,1.6741862893104553
আকস্মিক,0.674138069152832,0.0,1.674138069152832
করুণ,0.6740312278270721,0.0,1.6740312278270721
সিত,0.6740062832832336,0.0,1.6740062832832336
মুসলিম,0.6740000545978546,0.0,1.6740000545978546
রক্ষিত,0.673983633518219,0.0,1.673983633518219
তিলক,0.6739469468593597,0.0,1.6739469468593597
নামেনি,0.6738747656345367,0.0,1.6738747656345367
নৌবাহিনীর,0.6738360226154327,0.0,1.6738360226154327
গোপ,0.6738120317459106,0.0,1.6738120317459106
মুখার্জি,0.6737813353538513,0.0,1.6737813353538513
মহলে,0.6737473607063293,0.0,1.6737473607063293
মেট্রোপলিটন,0.6737203598022461,0.0,1.673720359802246
বালতি,0.6736968457698822,0.0,1.6736968457698822
জ্ঞাত,0.6736935675144196,0.0,1.6736935675144196
আভাস,0.6736899018287659,0.0,1.6736899018287659
পৌছ,0.6736792922019958,0.0,1.6736792922019958
বাপ,0.67367023229599,0.0,1.67367023229599
অবস্থায়,0.6736470758914948,0.0,1.6736470758914948
তুচ্,0.6735623180866241,0.0,1.6735623180866241
যোগান,0.673552542924881,0.0,1.673552542924881
শি,0.673495888710022,0.0,1.673495888710022
উর,0.6734552979469299,0.0,1.67345529794693
গালে,0.6733843684196472,0.0,1.6733843684196472
চেনা,0.6733435392379761,0.0,1.673343539237976
বেড়ে,0.673293948173523,0.0,1.673293948173523
কের,0.6732518076896667,0.0,1.6732518076896667
ইস্ট,0.673240453004837,0.0,1.673240453004837
রেজাউল,0.6731915175914764,0.0,1.6731915175914764
একমত,0.6731674671173096,0.0,1.6731674671173096
অসুখ,0.67314612865448,0.0,1.67314612865448
আকা,0.6731297373771667,0.0,1.6731297373771667
সুরাহা,0.6731215119361877,0.0,1.6731215119361877
পড়েছি,0.6731126010417938,0.0,1.6731126010417938
প্রতিদান,0.6731066703796387,0.0,1.6731066703796387
ঝলসে,0.673096090555191,0.0,1.673096090555191
কূপ,0.6730414927005768,0.0,1.6730414927005768
নাগাল,0.6730368137359619,0.0,1.673036813735962
আকৃষ্ট,0.6730165779590607,0.0,1.6730165779590607
একাধিকব,0.6729708015918732,0.0,1.6729708015918732
ডিগ্রী,0.6729671955108643,0.0,1.6729671955108643
গাইড,0.6729549467563629,0.0,1.672954946756363
বহরে,0.6729428470134735,0.0,1.6729428470134735
সাধ্য,0.672933042049408,0.0,1.672933042049408
কানা,0.6729186177253723,0.0,1.6729186177253723
বিভ্রাট,0.6729098856449127,0.0,1.6729098856449127
সেন্ট,0.672893226146698,0.0,1.672893226146698
পরিচয়,0.6829647719860077,0.010101010101010102,1.6728637618849977
রাখলে,0.6728315353393555,0.0,1.6728315353393555
অবিলম্বে,0.672810435295105,0.0,1.672810435295105
জ্বরে,0.6727782487869263,0.0,1.6727782487869263
পরিমাপ,0.6727607548236847,0.0,1.6727607548236847
কেশব,0.6727598011493683,0.0,1.6727598011493683
বিভীষিকা,0.6727493405342102,0.0,1.6727493405342102
তাস,0.6727298200130463,0.0,1.6727298200130463
সাক্ষা,0.6727262735366821,0.0,1.6727262735366821
সুযোগে,0.6727204322814941,0.0,1.6727204322814941
ভারতী,0.672683447599411,0.0,1.672683447599411
ভিত্তি,0.6726635992527008,0.0,1.6726635992527008
হাঁ,0.672620415687561,0.0,1.672620415687561
রাবিশ,0.6726196706295013,0.0,1.6726196706295013
গুদামে,0.672605574131012,0.0,1.672605574131012
পানি,0.672545462846756,0.0,1.672545462846756
লার,0.6725243926048279,0.0,1.6725243926048279
ঠাই,0.6725236177444458,0.0,1.6725236177444458
ঢুকলে,0.6725221276283264,0.0,1.6725221276283264
ইঙ্গিতে,0.6725215911865234,0.0,1.6725215911865234
আমারে,0.7034436762332916,0.030927835051546393,1.6725158411817453
আগ্রহে,0.6825840771198273,0.010101010101010102,1.6724830670188173
পুনঃ,0.6724517345428467,0.0,1.6724517345428467
সমানে,0.672438770532608,0.0,1.672438770532608
দৈনন্দিন,0.672396719455719,0.0,1.672396719455719
ম্যান,0.6723131835460663,0.0,1.6723131835460663
শিকারে,0.6723038852214813,0.0,1.6723038852214813
বাধ,0.6722510755062103,0.0,1.6722510755062103
রেখেছেন,0.6721412539482117,0.0,1.6721412539482117
পরিত্যাগ,0.6721177995204926,0.0,1.6721177995204926
নবীন,0.6720913052558899,0.0,1.67209130525589
বিছ,0.6720762550830841,0.0,1.672076255083084
দুহাত,0.6720682084560394,0.0,1.6720682084560394
শাড়ি,0.6720481514930725,0.0,1.6720481514930725
মীর্জা,0.6720172166824341,0.0,1.672017216682434
টিকা,0.6719337403774261,0.0,1.6719337403774261
বোধগম্য,0.6719096004962921,0.0,1.6719096004962921
কোন্দল,0.6718879044055939,0.0,1.6718879044055939
নন্দিনী,0.671843409538269,0.0,1.671843409538269
সর্বোচ্চ,0.6819358170032501,0.010101010101010102,1.6718348069022402
ফাঁক,0.6718200743198395,0.0,1.6718200743198395
আর্থ,0.6717532873153687,0.0,1.6717532873153687
কাশ্মীরী,0.67170450091362,0.0,1.67170450091362
মনোযোগ,0.6717034578323364,0.0,1.6717034578323364
প্রদেশের,0.6716421246528625,0.0,1.6716421246528625
ছমাস,0.6716330051422119,0.0,1.671633005142212
অস্থির,0.6715945601463318,0.0,1.6715945601463318
আসতে,0.6715646386146545,0.0,1.6715646386146545
সারি,0.6715587079524994,0.0,1.6715587079524994
প্রতিবা,0.6715586185455322,0.0,1.6715586185455322
কোনদিন,0.6715422570705414,0.0,1.6715422570705414
বসেছেন,0.6715014278888702,0.0,1.6715014278888702
এলসি,0.6714908182621002,0.0,1.6714908182621002
উৎসাহ,0.6918416023254395,0.02040816326530612,1.6714334390601333
কৈশোর,0.6714249849319458,0.0,1.6714249849319458
জড়িয়ে,0.6714027523994446,0.0,1.6714027523994446
কাঁদে,0.6814705431461334,0.010101010101010102,1.6713695330451235
একাদশ,0.6713557541370392,0.0,1.6713557541370392
উদ্বেগ,0.671344667673111,0.0,1.671344667673111
ফিরি,0.67132967710495,0.0,1.67132967710495
আক্ষেপ,0.6713033318519592,0.0,1.6713033318519592
দুবছর,0.6712630391120911,0.0,1.671263039112091
দায়িত্ব,0.6712276935577393,0.0,1.6712276935577393
অপরাধী,0.6711883544921875,0.0,1.6711883544921875
অ্যালবাম,0.6711820363998413,0.0,1.6711820363998413
গুগ,0.6711809933185577,0.0,1.6711809933185577
রোদের,0.6711690723896027,0.0,1.6711690723896027
স্ত্রীর,0.6711567342281342,0.0,1.6711567342281342
অদূর,0.671127587556839,0.0,1.671127587556839
শিখর,0.671114057302475,0.0,1.671114057302475
থানায়,0.6710556745529175,0.0,1.6710556745529175
পিটা,0.6710360050201416,0.0,1.6710360050201416
মেধ,0.6709858775138855,0.0,1.6709858775138855
ধাতুর,0.6709848046302795,0.0,1.6709848046302795
উপদেশ,0.6709704697132111,0.0,1.670970469713211
নৈর্ব্যক্তিক,0.6709690093994141,0.0,1.670969009399414
শুত,0.6709681749343872,0.0,1.6709681749343872
চতুর্থ,0.6709669232368469,0.0,1.670966923236847
রপ্তানি,0.6708486974239349,0.0,1.670848697423935
ট্রাম,0.6708298921585083,0.0,1.6708298921585083
মিস,0.6708064377307892,0.0,1.6708064377307892
যেতাম,0.6707886457443237,0.0,1.6707886457443237
হারান,0.6707735657691956,0.0,1.6707735657691956
এক্ষেত্রে,0.6707007586956024,0.0,1.6707007586956024
জমান,0.670663595199585,0.0,1.670663595199585
আটকানো,0.6706554591655731,0.0,1.6706554591655731
কলি,0.6704656183719635,0.0,1.6704656183719635
জেদ,0.6704407036304474,0.0,1.6704407036304474
অমুক,0.6704074442386627,0.0,1.6704074442386627
লাগেনি,0.6703732013702393,0.0,1.6703732013702393
ইউনিভার্সিটি,0.6703657507896423,0.0,1.6703657507896423
গ্রন্থে,0.6703375279903412,0.0,1.6703375279903412
ইব্রাহিম,0.6702942252159119,0.0,1.6702942252159119
ভালোবেস,0.6702790856361389,0.0,1.670279085636139
দুঃখিত,0.6702401041984558,0.0,1.6702401041984558
সংগে,0.6702100932598114,0.0,1.6702100932598114
গেছি,0.6701436042785645,0.0,1.6701436042785645
মাঝখান,0.6701090037822723,0.0,1.6701090037822723
তিল,0.6700945198535919,0.0,1.670094519853592
এবারে,0.6700728237628937,0.0,1.6700728237628937
বৌ,0.6700714826583862,0.0,1.6700714826583862
অবস্থিত,0.6700703203678131,0.0,1.670070320367813
চল্লিশ,0.6700310111045837,0.0,1.6700310111045837
জ্যোতির,0.6700270175933838,0.0,1.6700270175933838
যোগদান,0.6699447333812714,0.0,1.6699447333812714
হাতেনাতে,0.6698579788208008,0.0,1.6698579788208008
ইঁদুর,0.6697753369808197,0.0,1.6697753369808197
লাইক,0.6798725724220276,0.010101010101010102,1.6697715623210176
মেল,0.6696978807449341,0.0,1.669697880744934
দিনকাল,0.6696401536464691,0.0,1.6696401536464691
যাচ্ছিলো,0.6696150302886963,0.0,1.6696150302886963
অগ্রিম,0.6696108877658844,0.0,1.6696108877658844
সেবন,0.669527679681778,0.0,1.669527679681778
আঁ,0.6694975793361664,0.0,1.6694975793361664
দাঁড়িয়ে,0.6694687604904175,0.0,1.6694687604904175
ঘের,0.6694544553756714,0.0,1.6694544553756714
বিধি,0.6694015264511108,0.0,1.6694015264511108
জন্মভূমি,0.6693991720676422,0.0,1.6693991720676422
করছিলো,0.6693918704986572,0.0,1.6693918704986572
সপরিবারে,0.6692911982536316,0.0,1.6692911982536316
শত্রুতা,0.6692279577255249,0.0,1.669227957725525
উষ্ণ,0.6691108644008636,0.0,1.6691108644008636
শিল,0.6690696775913239,0.0,1.6690696775913239
হাতির,0.669031411409378,0.0,1.669031411409378
কৃষ্ণাঙ্গ,0.6791276335716248,0.010101010101010102,1.6690266234706148
পেতাম,0.6689764559268951,0.0,1.6689764559268951
হবে৷,0.6689677238464355,0.0,1.6689677238464355
চলেছিল,0.6689421236515045,0.0,1.6689421236515045
পাওয়,0.6689382493495941,0.0,1.6689382493495941
উদাসীন,0.6689324080944061,0.0,1.6689324080944061
পুরাতন,0.668910801410675,0.0,1.668910801410675
ঝাঁপা,0.6688581109046936,0.0,1.6688581109046936
অতঃপর,0.6688005030155182,0.0,1.6688005030155182
কিস,0.668781578540802,0.0,1.668781578540802
দ্বিতীয়,0.6686863899230957,0.0,1.6686863899230957
বেলুন,0.6686693429946899,0.0,1.66866934299469
ভাঙবে,0.668625146150589,0.0,1.668625146150589
গম্ভীর,0.6686251163482666,0.0,1.6686251163482666
পরদিন,0.6686103940010071,0.0,1.668610394001007
সুলভ,0.668583333492279,0.0,1.668583333492279
পণ্ডিত,0.6685552000999451,0.0,1.668555200099945
জ্যেষ্ঠ,0.6684768199920654,0.0,1.6684768199920654
অপরাপর,0.6683270633220673,0.0,1.6683270633220673
ভাঙেনি,0.6683191657066345,0.0,1.6683191657066345
মধ্যপ্রদেশ,0.6683166325092316,0.0,1.6683166325092316
রীতি,0.6682776808738708,0.0,1.6682776808738708
দেখবো,0.6783551573753357,0.010101010101010102,1.6682541472743257
পায়,0.6682060062885284,0.0,1.6682060062885284
কাজকর্মে,0.6682049632072449,0.0,1.6682049632072449
থেকো,0.6681700944900513,0.0,1.6681700944900513
ব্রিজ,0.6681259870529175,0.0,1.6681259870529175
বাইরেই,0.6680805385112762,0.0,1.6680805385112762
নিশ্চয়,0.6680789291858673,0.0,1.6680789291858673
এলোমেলো,0.6680529117584229,0.0,1.6680529117584229
চালাচ্ছিল,0.6679421067237854,0.0,1.6679421067237854
থালা,0.6679075062274933,0.0,1.6679075062274933
ভিসা,0.6779893934726715,0.010101010101010102,1.6678883833716616
দোকানদ,0.6678731441497803,0.0,1.6678731441497803
হাসান,0.6678589284420013,0.0,1.6678589284420013
রুবী,0.6678261458873749,0.0,1.6678261458873749
বারে,0.6677905023097992,0.0,1.6677905023097992
উঠোনে,0.6677747368812561,0.0,1.667774736881256
তুলতে,0.6677578687667847,0.0,1.6677578687667847
একদি,0.6676914691925049,0.0,1.6676914691925049
অশালীন,0.6676463782787323,0.0,1.6676463782787323
গনেশ,0.6675970256328583,0.0,1.6675970256328583
প্রতাপ,0.667593389749527,0.0,1.667593389749527
প্রতিযোগী,0.6675718724727631,0.0,1.667571872472763
মাতাল,0.6675691306591034,0.0,1.6675691306591034
সারারাত,0.6675263047218323,0.0,1.6675263047218323
মারেন,0.6674220561981201,0.0,1.6674220561981201
লোকেরা,0.6673731207847595,0.0,1.6673731207847595
বটগা,0.6673575341701508,0.0,1.6673575341701508
খুশির,0.6673039495944977,0.0,1.6673039495944977
বানা,0.6672853827476501,0.0,1.6672853827476501
অলস,0.6672806441783905,0.0,1.6672806441783905
সুসংবাদ,0.6672740280628204,0.0,1.6672740280628204
মজবুত,0.6672733426094055,0.0,1.6672733426094055
অভিষেকের,0.667273223400116,0.0,1.667273223400116
সাপ্তাহিক,0.6672246754169464,0.0,1.6672246754169464
তালুক,0.6671992540359497,0.0,1.6671992540359497
প্রত্যাবর্তন,0.6671773791313171,0.0,1.6671773791313171
দুল,0.6671620309352875,0.0,1.6671620309352875
মহাভারতের,0.6671181619167328,0.0,1.6671181619167328
বেড়া,0.6670434474945068,0.0,1.6670434474945068
প্রাণগোপাল,0.6669091880321503,0.0,1.6669091880321503
প্রহরে,0.6668868660926819,0.0,1.6668868660926819
বাদাম,0.6667279303073883,0.0,1.6667279303073883
গ্রেট,0.6666609942913055,0.0,1.6666609942913055
ছোটভা,0.6666603982448578,0.0,1.6666603982448578
মদের,0.6767487823963165,0.010101010101010102,1.6666477722953066
সংস্থা,0.6666463017463684,0.0,1.6666463017463684
বিস্মিত,0.6666367053985596,0.0,1.6666367053985596
সৈনিক,0.6666311025619507,0.0,1.6666311025619507
আনন্দিত,0.6666125357151031,0.0,1.6666125357151031
নাইন,0.6665727496147156,0.0,1.6665727496147156
নিক,0.6665290892124176,0.0,1.6665290892124176
ভাগ্যবান,0.6665235757827759,0.0,1.6665235757827759
গোলরক্ষক,0.666481077671051,0.0,1.666481077671051
আগ্রহী,0.6663904190063477,0.0,1.6663904190063477
শুধুমাত্র,0.6662791669368744,0.0,1.6662791669368744
প্রতিপালন,0.6662670969963074,0.0,1.6662670969963074
সুদর্শন,0.6662286818027496,0.0,1.6662286818027496
নিকটস্থ,0.6661601066589355,0.0,1.6661601066589355
আয়,0.6661089062690735,0.0,1.6661089062690735
ফি,0.6660844683647156,0.0,1.6660844683647156
ধীর,0.6660746932029724,0.0,1.6660746932029724
কাঁধ,0.6660440862178802,0.0,1.6660440862178802
পোষ্য,0.6660091876983643,0.0,1.6660091876983643
ঘাস,0.666008323431015,0.0,1.666008323431015
ফটো,0.665998786687851,0.0,1.665998786687851
পিছলে,0.665987104177475,0.0,1.665987104177475
ফৌজদারি,0.6659691035747528,0.0,1.6659691035747528
কিমি,0.6659049093723297,0.0,1.6659049093723297
আলোচ্য,0.665899932384491,0.0,1.665899932384491
মাউন্ট,0.665867269039154,0.0,1.665867269039154
আতঙ্ক,0.665828287601471,0.0,1.665828287601471
গেমস,0.6658174693584442,0.0,1.6658174693584442
খেলাঘর,0.6657586693763733,0.0,1.6657586693763733
বনি,0.6656457483768463,0.0,1.6656457483768463
প্রথমা,0.6656133532524109,0.0,1.6656133532524109
ডাকা,0.6656075119972229,0.0,1.665607511997223
খাটে,0.6655995547771454,0.0,1.6655995547771454
জানাব,0.6655659377574921,0.0,1.665565937757492
দেশবাসী,0.6655588746070862,0.0,1.6655588746070862
এইটুকু,0.665531188249588,0.0,1.665531188249588
বিলে,0.6654893457889557,0.0,1.6654893457889557
জিহ্বা,0.6654372811317444,0.0,1.6654372811317444
খেলোয়াড়,0.6654233634471893,0.0,1.6654233634471893
দিবে,0.6653606295585632,0.0,1.6653606295585632
পুন,0.6653507351875305,0.0,1.6653507351875305
খসে,0.6653122901916504,0.0,1.6653122901916504
বিচলিত,0.6652791202068329,0.0,1.6652791202068329
পর্যায়,0.6652727127075195,0.0,1.6652727127075195
রাখবে,0.6652645766735077,0.0,1.6652645766735077
এমনিতে,0.6753574907779694,0.010101010101010102,1.6652564806769594
নেহাত,0.6652356684207916,0.0,1.6652356684207916
কেননা,0.665155440568924,0.0,1.665155440568924
হেল,0.6651465594768524,0.0,1.6651465594768524
সমাধির,0.6650759875774384,0.0,1.6650759875774384
অবিকল,0.6650227606296539,0.0,1.665022760629654
দরবারে,0.6650196313858032,0.0,1.6650196313858032
অনুরাগ,0.665010392665863,0.0,1.665010392665863
উদ্যত,0.6649833023548126,0.0,1.6649833023548126
জাগরণ,0.6649826467037201,0.0,1.66498264670372
৫টি,0.6958872675895691,0.030927835051546393,1.6649594325380228
ওষুধে,0.66490238904953,0.0,1.66490238904953
স্বাস্থ্যকর,0.66487056016922,0.0,1.66487056016922
ভাববে,0.6648448407649994,0.0,1.6648448407649994
দেখিয়ে,0.6648021042346954,0.0,1.6648021042346954
আশু,0.6647893786430359,0.0,1.6647893786430359
সেক্রেটারী,0.6647685170173645,0.0,1.6647685170173645
৪টি,0.6851666867733002,0.02040816326530612,1.664758523507994
বিপক্ষ,0.6646934449672699,0.0,1.66469344496727
নাট্য,0.6646893620491028,0.0,1.6646893620491028
খোঁজখবর,0.6646764278411865,0.0,1.6646764278411865
অবসাদ,0.6646700203418732,0.0,1.6646700203418732
মারামারি,0.6646378934383392,0.0,1.6646378934383392
কেউবা,0.6646349132061005,0.0,1.6646349132061005
বাড়,0.6646272540092468,0.0,1.6646272540092468
গফুর,0.6645961999893188,0.0,1.6645961999893188
একাধিক,0.6645523905754089,0.0,1.664552390575409
বোটে,0.6645393073558807,0.0,1.6645393073558807
চাইব,0.6645336747169495,0.0,1.6645336747169495
বলো,0.6645283102989197,0.0,1.6645283102989197
পানা,0.6644861698150635,0.0,1.6644861698150635
গাম,0.6643200218677521,0.0,1.664320021867752
টোকি,0.6643184721469879,0.0,1.664318472146988
প্রতিশ্রুত,0.6643156707286835,0.0,1.6643156707286835
সাদামা,0.6641869246959686,0.0,1.6641869246959686
অসুবিধা,0.6742680668830872,0.010101010101010102,1.6641670567820772
ভৌমিক,0.6641563773155212,0.0,1.6641563773155212
বুদ্ধির,0.6641443371772766,0.0,1.6641443371772766
ভেরি,0.6641329824924469,0.0,1.664132982492447
নাক,0.6845192909240723,0.02040816326530612,1.6641111276587661
দিদ,0.6640556752681732,0.0,1.6640556752681732
পাঠিয়েছেন,0.6640099585056305,0.0,1.6640099585056305
ইমদাদ,0.6639959216117859,0.0,1.6639959216117859
খান৷,0.6639166474342346,0.0,1.6639166474342346
সগর্বে,0.6639063954353333,0.0,1.6639063954353333
ভাঙ্গা,0.6638037860393524,0.0,1.6638037860393524
বস্তু,0.663771003484726,0.0,1.663771003484726
আইল,0.6637610495090485,0.0,1.6637610495090485
বিচরণ,0.6637501418590546,0.0,1.6637501418590546
ঘটেনি,0.6637429296970367,0.0,1.6637429296970367
লিখি,0.6637232899665833,0.0,1.6637232899665833
ওটা,0.6635772287845612,0.0,1.6635772287845612
ভাগা,0.66352978348732,0.0,1.66352978348732
রাজপুত,0.6634740233421326,0.0,1.6634740233421326
আগত,0.6634722352027893,0.0,1.6634722352027893
ভিড়,0.6634505391120911,0.0,1.663450539112091
জ্বলে,0.6634197235107422,0.0,1.6634197235107422
ওখান,0.6634039282798767,0.0,1.6634039282798767
বাজে,0.6633898615837097,0.0,1.6633898615837097
দৃশ্যে,0.6633466482162476,0.0,1.6633466482162476
সময়ে,0.6633259952068329,0.0,1.6633259952068329
জানাবে,0.6632378101348877,0.0,1.6632378101348877
একান্ত,0.6632309556007385,0.0,1.6632309556007385
হুঙ্ক,0.6631630957126617,0.0,1.6631630957126617
পড়ায়,0.6631448268890381,0.0,1.663144826889038
অসীম,0.6631390750408173,0.0,1.6631390750408173
কলকারখানা,0.6732169687747955,0.010101010101010102,1.6631159586737856
উঠছিল,0.6630609333515167,0.0,1.6630609333515167
লাকি,0.6629887819290161,0.0,1.6629887819290161
নিব,0.6629425585269928,0.0,1.6629425585269928
আচরণ,0.6629396378993988,0.0,1.6629396378993988
ব্যাটে,0.6628905534744263,0.0,1.6628905534744263
পাঁচব,0.6628677248954773,0.0,1.6628677248954773
মানুষে,0.6729622781276703,0.010101010101010102,1.6628612680266603
এঞ্জেল,0.6628347933292389,0.0,1.662834793329239
আমন,0.6628143787384033,0.0,1.6628143787384033
বারাণসী,0.6627685129642487,0.0,1.6627685129642487
কৃত্রিম,0.6627456247806549,0.0,1.662745624780655
হাজারের,0.6626884639263153,0.0,1.6626884639263153
ট্রেনের,0.6625663340091705,0.0,1.6625663340091705
ছদ্মবেশ,0.6625524461269379,0.0,1.6625524461269379
ওগো,0.6625143885612488,0.0,1.6625143885612488
শিগগির,0.6625134944915771,0.0,1.6625134944915771
নিষিদ্ধ,0.6623637974262238,0.0,1.6623637974262238
সুখকর,0.6623587310314178,0.0,1.6623587310314178
দেবেন্দ্র,0.6623544096946716,0.0,1.6623544096946716
অমল,0.662287712097168,0.0,1.662287712097168
অপবাদ,0.662268191576004,0.0,1.662268191576004
ভাঙ্গ,0.6622516512870789,0.0,1.6622516512870789
প্রসিদ্ধ,0.6622482240200043,0.0,1.6622482240200043
পত্নী,0.662194162607193,0.0,1.662194162607193
পুনরাবৃত্তি,0.6621904075145721,0.0,1.6621904075145721
কুমারী,0.6621824502944946,0.0,1.6621824502944946
স্বস্তি,0.6621649265289307,0.0,1.6621649265289307
দশদিন,0.6621530652046204,0.0,1.6621530652046204
আহরণ,0.6621480286121368,0.0,1.6621480286121368
কাপড়,0.6620935797691345,0.0,1.6620935797691345
থান,0.6620758473873138,0.0,1.6620758473873138
ঢুকেছিল,0.6620617210865021,0.0,1.662061721086502
হিসাব,0.6619923710823059,0.0,1.661992371082306
নিষ্পাপ,0.6720716953277588,0.010101010101010102,1.6619706852267488
জিজ্ঞেস,0.661940336227417,0.0,1.661940336227417
ভুরি,0.6619400680065155,0.0,1.6619400680065155
মজুরি,0.6618460118770599,0.0,1.66184601187706
ডিরেক্টর,0.6618318855762482,0.0,1.6618318855762482
ছাত্রছাত্রী,0.6618115305900574,0.0,1.6618115305900574
চারদিক,0.6617806255817413,0.0,1.6617806255817413
কংগ্রেসের,0.6617757678031921,0.0,1.6617757678031921
বাগা,0.661773294210434,0.0,1.661773294210434
মন্তব্যে,0.6617659628391266,0.0,1.6617659628391266
দুব,0.6617431640625,0.0,1.6617431640625
লো,0.6617423892021179,0.0,1.661742389202118
অঙ্গ,0.6617151200771332,0.0,1.6617151200771332
হবি,0.6617041528224945,0.0,1.6617041528224945
বলুক,0.6616984605789185,0.0,1.6616984605789185
নায়ক,0.661599338054657,0.0,1.661599338054657
আমাগো,0.6615975797176361,0.0,1.661597579717636
প্রশ্নে,0.6615387499332428,0.0,1.6615387499332428
পরিবর্,0.6615099906921387,0.0,1.6615099906921387
শ্বেতাঙ্গ,0.6715705096721649,0.010101010101010102,1.661469499571155
আক্রোশ,0.6614585518836975,0.0,1.6614585518836975
না,0.6614454388618469,0.0,1.661445438861847
রাজপথ,0.6614008843898773,0.0,1.6614008843898773
যথাসম্ভব,0.6613064110279083,0.0,1.6613064110279083
রেজিস্,0.6612759828567505,0.0,1.6612759828567505
বোস,0.6612137258052826,0.0,1.6612137258052826
আহসান,0.6611993908882141,0.0,1.6611993908882141
দুএক,0.6611424684524536,0.0,1.6611424684524536
ডিন,0.6611413061618805,0.0,1.6611413061618805
জিজ্ঞাসাবাদ,0.6611073613166809,0.0,1.661107361316681
বরে,0.6610760390758514,0.0,1.6610760390758514
ছাড়,0.6610638499259949,0.0,1.6610638499259949
ভূমিক,0.661028653383255,0.0,1.661028653383255
লিপির,0.6610025763511658,0.0,1.6610025763511658
ঠেকাতে,0.6609879434108734,0.0,1.6609879434108734
স্পেনের,0.6609676480293274,0.0,1.6609676480293274
শের,0.6609379947185516,0.0,1.6609379947185516
পৌঁছল,0.6608827412128448,0.0,1.6608827412128448
এনেছেন,0.6608678102493286,0.0,1.6608678102493286
ব্যাপক,0.6608489453792572,0.0,1.6608489453792572
চুপ,0.6608210504055023,0.0,1.6608210504055023
ফ্রান্সে,0.6608207523822784,0.0,1.6608207523822784
বিষ্ণু,0.6607864499092102,0.0,1.6607864499092102
বলি,0.660743236541748,0.0,1.660743236541748
ঝাপ,0.6607384383678436,0.0,1.6607384383678436
ফেললো,0.660714715719223,0.0,1.660714715719223
আলোচনায়,0.6606888473033905,0.0,1.6606888473033905
সেইসব,0.6606738865375519,0.0,1.6606738865375519
উৎখাত,0.6605676114559174,0.0,1.6605676114559174
মেম্বার,0.6605469286441803,0.0,1.6605469286441803
জিয়া,0.660524308681488,0.0,1.660524308681488
সমূহ,0.6604508757591248,0.0,1.6604508757591248
মাগুর,0.6604233384132385,0.0,1.6604233384132385
চাইলেই,0.6604222357273102,0.0,1.6604222357273102
অহেতুক,0.660397469997406,0.0,1.660397469997406
সুরে,0.6603608727455139,0.0,1.660360872745514
জোগাবে,0.6603608429431915,0.0,1.6603608429431915
সাদী,0.6603525280952454,0.0,1.6603525280952454
হারিকেন,0.6603377461433411,0.0,1.660337746143341
নমুনা,0.6603077054023743,0.0,1.6603077054023743
গৌতম,0.6603063642978668,0.0,1.6603063642978668
যাচা,0.6602886319160461,0.0,1.6602886319160461
চি,0.6703853905200958,0.010101010101010102,1.6602843804190859
সাংবাদিক,0.6602833867073059,0.0,1.660283386707306
শ্বেতা,0.6602618396282196,0.0,1.6602618396282196
ধুলো,0.6602464020252228,0.0,1.6602464020252228
আসীন,0.6602416336536407,0.0,1.6602416336536407
গালাগা,0.6602062284946442,0.0,1.6602062284946442
শুনছ,0.6601451933383942,0.0,1.6601451933383942
অবিশ্বাস,0.6601138114929199,0.0,1.66011381149292
যাবতীয়,0.6601046621799469,0.0,1.660104662179947
শনি,0.6600892841815948,0.0,1.6600892841815948
রুদ্ধদ্ব,0.6600793302059174,0.0,1.6600793302059174
দারিদ্র,0.6600446999073029,0.0,1.6600446999073029
উপলক্ষ্যে,0.6599935591220856,0.0,1.6599935591220856
আপাতত,0.6599408686161041,0.0,1.6599408686161041
বিসর্জন,0.6598959863185883,0.0,1.6598959863185883
অরুণ,0.6598706543445587,0.0,1.6598706543445587
ডা,0.659869521856308,0.0,1.659869521856308
প্যাট্রিক,0.6598676443099976,0.0,1.6598676443099976
চিট,0.6598671674728394,0.0,1.6598671674728394
মল্লিক,0.6598378419876099,0.0,1.6598378419876099
অভিহিত,0.6598168909549713,0.0,1.6598168909549713
নাথ,0.6597972512245178,0.0,1.6597972512245178
আরবি,0.6597937941551208,0.0,1.6597937941551208
শিশুপুত্র,0.6596981585025787,0.0,1.6596981585025787
মহাকাশযান,0.6596866250038147,0.0,1.6596866250038147
পিঠে,0.6596644222736359,0.0,1.6596644222736359
বজায়,0.6596517860889435,0.0,1.6596517860889435
বদ্ধপরিকর,0.6596271097660065,0.0,1.6596271097660065
ওঝা,0.6595759689807892,0.0,1.6595759689807892
যমুনা,0.6595671474933624,0.0,1.6595671474933624
জনাব,0.6595558524131775,0.0,1.6595558524131775
সত্যজিৎ,0.6595453917980194,0.0,1.6595453917980194
ঘ্রাণ,0.6595338881015778,0.0,1.6595338881015778
খরচা,0.6594399809837341,0.0,1.6594399809837341
লাগলে,0.6594244241714478,0.0,1.6594244241714478
আরে,0.6594239771366119,0.0,1.659423977136612
নগরীর,0.6594084799289703,0.0,1.6594084799289703
সারাজীবন,0.659386157989502,0.0,1.659386157989502
যাও,0.6593221127986908,0.0,1.6593221127986908
ফেরারি,0.6593199372291565,0.0,1.6593199372291565
সম্পর্কে,0.6592707335948944,0.0,1.6592707335948944
ক্ষুব্ধ,0.6592463254928589,0.0,1.6592463254928589
আসত,0.6592401564121246,0.0,1.6592401564121246
প্রতিহত,0.6592174470424652,0.0,1.6592174470424652
হিংস,0.659173995256424,0.0,1.659173995256424
নামিয়ে,0.659125566482544,0.0,1.659125566482544
আদি,0.6591156125068665,0.0,1.6591156125068665
গঙ্গা,0.6590533554553986,0.0,1.6590533554553986
বেটি,0.6590494513511658,0.0,1.6590494513511658
ডাইনিং,0.658992201089859,0.0,1.658992201089859
অস্,0.6589595973491669,0.0,1.6589595973491669
অগণিত,0.6690499484539032,0.010101010101010102,1.6589489383528933
মাও,0.6588992178440094,0.0,1.6588992178440094
উপক,0.6588517129421234,0.0,1.6588517129421234
ম্লান,0.6588428914546967,0.0,1.6588428914546967
প্রবেশপথ,0.6587619185447693,0.0,1.6587619185447693
উপত্যক,0.65871661901474,0.0,1.65871661901474
বাহন,0.6587013602256775,0.0,1.6587013602256775
উন্নত,0.6586574912071228,0.0,1.6586574912071228
সূর,0.6585960686206818,0.0,1.6585960686206818
রক্তাক্ত,0.658594012260437,0.0,1.658594012260437
পরা,0.6585728228092194,0.0,1.6585728228092194
আমাকে,0.6584563553333282,0.0,1.6584563553333282
ফিক,0.6584548354148865,0.0,1.6584548354148865
বিদ্যাসাগর,0.6584390103816986,0.0,1.6584390103816986
পাঠাব,0.6583598554134369,0.0,1.658359855413437
প্রিন্স,0.6583425104618073,0.0,1.6583425104618073
সুষ্ঠুভাবে,0.6583345532417297,0.0,1.6583345532417297
আধঘণ্,0.6684065163135529,0.010101010101010102,1.658305506212543
প্রগতি,0.6582843959331512,0.0,1.6582843959331512
মাতা,0.658277839422226,0.0,1.658277839422226
পীর,0.6581694483757019,0.0,1.658169448375702
পাওনা,0.6581599116325378,0.0,1.6581599116325378
নিলো,0.6581525206565857,0.0,1.6581525206565857
মারধোর,0.6581381261348724,0.0,1.6581381261348724
ফিরেছিল,0.6581001877784729,0.0,1.658100187778473
সমানভাবে,0.6579959392547607,0.0,1.6579959392547607
অ্যাসিড,0.6579414010047913,0.0,1.6579414010047913
ইংলিশ,0.6579368114471436,0.0,1.6579368114471436
হীর,0.6579357385635376,0.0,1.6579357385635376
বৃত্তান্ত,0.657900482416153,0.0,1.657900482416153
গুলোর,0.6578884124755859,0.0,1.657888412475586
ফরাজী,0.657854288816452,0.0,1.657854288816452
আসাম,0.667926162481308,0.010101010101010102,1.657825152380298
ব্যবধান,0.6577882468700409,0.0,1.657788246870041
ত্রু,0.6577810645103455,0.0,1.6577810645103455
আগলে,0.6577686965465546,0.0,1.6577686965465546
গালিচা,0.6577529013156891,0.0,1.657752901315689
নেননি,0.6577481925487518,0.0,1.6577481925487518
রেহা,0.6577324867248535,0.0,1.6577324867248535
রুমে,0.6678077280521393,0.010101010101010102,1.6577067179511293
পরিকল্পন,0.6577015519142151,0.0,1.657701551914215
ডাক্তার,0.6575225591659546,0.0,1.6575225591659546
সবাইকেই,0.6575121581554413,0.0,1.6575121581554413
অচিরে,0.6573507189750671,0.0,1.6573507189750671
যন্ত্রে,0.6573418974876404,0.0,1.6573418974876404
বস্তুত,0.6573126018047333,0.0,1.6573126018047333
বৃষ্টিপাত,0.6572857797145844,0.0,1.6572857797145844
তুলনা,0.6572729051113129,0.0,1.6572729051113129
নেয়,0.6572541296482086,0.0,1.6572541296482086
দুবেলা,0.6572239995002747,0.0,1.6572239995002747
অভ্যাস,0.6572125256061554,0.0,1.6572125256061554
পিতৃত্ব,0.6571538746356964,0.0,1.6571538746356964
অর্থহীন,0.6571522653102875,0.0,1.6571522653102875
জানতাম,0.6571125984191895,0.0,1.6571125984191895
ধরেছি,0.6571077108383179,0.0,1.6571077108383179
বাগ,0.6570643186569214,0.0,1.6570643186569214
অপমানে,0.6570389568805695,0.0,1.6570389568805695
মেজাজে,0.6570089757442474,0.0,1.6570089757442474
জোগাড়,0.6570075154304504,0.0,1.6570075154304504
উদ্যমে,0.6569903492927551,0.0,1.6569903492927551
সাবধান,0.6569859087467194,0.0,1.6569859087467194
রোডে,0.6569536626338959,0.0,1.6569536626338959
শুনবে,0.656931072473526,0.0,1.656931072473526
রাজকন্যা,0.6567839682102203,0.0,1.6567839682102203
বৃদ্ধা,0.6567809283733368,0.0,1.6567809283733368
ইরান,0.6668611168861389,0.010101010101010102,1.656760106785129
নিজেরা,0.6567467153072357,0.0,1.6567467153072357
ফ্যান,0.6567188203334808,0.0,1.6567188203334808
দৌল,0.6566477715969086,0.0,1.6566477715969086
পাউড,0.6566472947597504,0.0,1.6566472947597504
বিলীন,0.6566267013549805,0.0,1.6566267013549805
বিব্রত,0.656584233045578,0.0,1.656584233045578
একদম,0.6565579175949097,0.0,1.6565579175949097
অধিবেশনে,0.6565380990505219,0.0,1.6565380990505219
শ্মশানে,0.6564886271953583,0.0,1.6564886271953583
আনলে,0.6564881205558777,0.0,1.6564881205558777
উদ্দাম,0.6564797461032867,0.0,1.6564797461032867
অনেকদূর,0.6564528048038483,0.0,1.6564528048038483
সরবরাহ,0.6564134061336517,0.0,1.6564134061336517
বাড়তি,0.656397134065628,0.0,1.656397134065628
এতে,0.6563844680786133,0.0,1.6563844680786133
অচল,0.6563394665718079,0.0,1.6563394665718079
স্বভাব,0.656318187713623,0.0,1.656318187713623
চলতে,0.6562373638153076,0.0,1.6562373638153076
অসিত,0.6562271416187286,0.0,1.6562271416187286
আছি,0.6562061011791229,0.0,1.656206101179123
ভারতবর্ষ,0.6561942398548126,0.0,1.6561942398548126
প্রসার,0.6561707854270935,0.0,1.6561707854270935
বৈদেশিক,0.6561428904533386,0.0,1.6561428904533386
ছবিসহ,0.6561383903026581,0.0,1.656138390302658
বোকা,0.6561004519462585,0.0,1.6561004519462585
আন্দোলিত,0.6560887098312378,0.0,1.6560887098312378
অপরাধীর,0.6560689806938171,0.0,1.6560689806938171
গোকুল,0.6560682058334351,0.0,1.656068205833435
সাফল্য,0.656043291091919,0.0,1.656043291091919
ছেড়ে,0.6560429036617279,0.0,1.656042903661728
বিশ্বাসে,0.6560293436050415,0.0,1.6560293436050415
বিরত,0.6559921503067017,0.0,1.6559921503067017
সা,0.6558939218521118,0.0,1.6558939218521118
পাঁচদিন,0.6557894349098206,0.0,1.6557894349098206
সীমানা,0.6557628810405731,0.0,1.6557628810405731
আশ্চর্য,0.6557011604309082,0.0,1.6557011604309082
অলৌকিক,0.6556378901004791,0.0,1.6556378901004791
আরমান,0.6556270122528076,0.0,1.6556270122528076
গোলাপ,0.655625969171524,0.0,1.655625969171524
জানত,0.6556110084056854,0.0,1.6556110084056854
তালে,0.6555905640125275,0.0,1.6555905640125275
পুরী,0.6555878520011902,0.0,1.6555878520011902
মাঝারি,0.6656485795974731,0.010101010101010102,1.6555475694964632
ইল,0.6555283665657043,0.0,1.6555283665657043
রাখলো,0.6555110514163971,0.0,1.655511051416397
রাজনীতি,0.6554815769195557,0.0,1.6554815769195557
একশ,0.6554534733295441,0.0,1.655453473329544
ভীতিকর,0.6554293930530548,0.0,1.6554293930530548
শুষ্ক,0.6554141342639923,0.0,1.6554141342639923
সপ্তাহব্যাপী,0.6554116308689117,0.0,1.6554116308689117
প্রতীক,0.6553052961826324,0.0,1.6553052961826324
লাইফ,0.6552811563014984,0.0,1.6552811563014984
সুখে,0.6552764177322388,0.0,1.6552764177322388
অল্পসংখ্যক,0.6552631855010986,0.0,1.6552631855010986
মিল্টন,0.6551892459392548,0.0,1.6551892459392548
নন্দিনীর,0.6551510393619537,0.0,1.6551510393619537
কৃষি,0.6551220118999481,0.0,1.6551220118999481
পরিত্রাণ,0.6652200520038605,0.010101010101010102,1.6551190419028505
পানে,0.6550952792167664,0.0,1.6550952792167664
গাঁ,0.655090719461441,0.0,1.655090719461441
প্রক্রিয়,0.6550774574279785,0.0,1.6550774574279785
রশ্মির,0.6550638675689697,0.0,1.6550638675689697
মনোবল,0.6549966037273407,0.0,1.6549966037273407
শৈশব,0.6549854278564453,0.0,1.6549854278564453
ঝরনা,0.6549786329269409,0.0,1.654978632926941
ফেরা,0.6549417674541473,0.0,1.6549417674541473
ঝামেলা,0.654938131570816,0.0,1.654938131570816
তথাকথিত,0.6549361348152161,0.0,1.654936134815216
শ্রেণী,0.6548586785793304,0.0,1.6548586785793304
দৃষ্টিপাত,0.6548452973365784,0.0,1.6548452973365784
ভারি,0.6548036932945251,0.0,1.6548036932945251
মুই,0.6547801494598389,0.0,1.6547801494598389
পার্থে,0.6547798216342926,0.0,1.6547798216342926
অক্ষয়,0.654765784740448,0.0,1.654765784740448
নতুনভাবে,0.6547626852989197,0.0,1.6547626852989197
যুবরাজ,0.6546970903873444,0.0,1.6546970903873444
টিম,0.6546777784824371,0.0,1.6546777784824371
অনুভূতির,0.6546666622161865,0.0,1.6546666622161865
সহধর্মিণী,0.6546454131603241,0.0,1.654645413160324
চারিদি,0.6546265780925751,0.0,1.654626578092575
দিলীপ,0.6545566320419312,0.0,1.6545566320419312
খ্যাতিমান,0.654556393623352,0.0,1.654556393623352
কাটেনি,0.6544942855834961,0.0,1.654494285583496
ঝাঁপিয়ে,0.6544678807258606,0.0,1.6544678807258606
পাড়ি,0.6544624865055084,0.0,1.6544624865055084
ট্যুরিস্ট,0.6544433534145355,0.0,1.6544433534145355
ছুরি,0.6544312238693237,0.0,1.6544312238693237
যেকোন,0.6544173657894135,0.0,1.6544173657894135
গুরুর,0.6544054448604584,0.0,1.6544054448604584
কোমর,0.6543732285499573,0.0,1.6543732285499573
হাইকোর্টে,0.6543731689453125,0.0,1.6543731689453125
আমেজ,0.6543624699115753,0.0,1.6543624699115753
বাড়িঘর,0.6543433666229248,0.0,1.6543433666229248
অঙ্গভঙ্গি,0.6543301641941071,0.0,1.654330164194107
দুর,0.6543253064155579,0.0,1.6543253064155579
সার্থক,0.6542099118232727,0.0,1.6542099118232727
বসবাস,0.6542037129402161,0.0,1.654203712940216
মারি,0.6541876494884491,0.0,1.654187649488449
জমিদার,0.6541752815246582,0.0,1.6541752815246582
দিতে,0.6541453301906586,0.0,1.6541453301906586
লিখছি,0.6541348695755005,0.0,1.6541348695755005
চড়ে,0.6541257798671722,0.0,1.6541257798671722
জাফর,0.654110312461853,0.0,1.654110312461853
ফেলেছিল,0.654010146856308,0.0,1.654010146856308
কোলকাতা,0.6539828777313232,0.0,1.6539828777313232
পুড়ে,0.653969407081604,0.0,1.653969407081604
টেবিলে,0.6539526879787445,0.0,1.6539526879787445
বোঝে,0.6539181470870972,0.0,1.6539181470870972
প্রাক্তন,0.6539146304130554,0.0,1.6539146304130554
হুল,0.653881311416626,0.0,1.653881311416626
অভিবাদন,0.6538808345794678,0.0,1.6538808345794678
ব্যাঙ,0.6538615822792053,0.0,1.6538615822792053
রুদ্ধ,0.653852254152298,0.0,1.653852254152298
নিশ্চিন্ত,0.6538159847259521,0.0,1.6538159847259521
কড়া,0.6537792086601257,0.0,1.6537792086601257
কিনেছেন,0.6537221372127533,0.0,1.6537221372127533
বীভৎস,0.6536899209022522,0.0,1.6536899209022522
গুঞ্জন,0.6535918712615967,0.0,1.6535918712615967
অবাধ,0.6535516977310181,0.0,1.653551697731018
বিমুখ,0.6535280644893646,0.0,1.6535280644893646
জানাচ্,0.6534483730792999,0.0,1.6534483730793
বছরখানেক,0.6534247994422913,0.0,1.6534247994422913
উদ্ঘাটন,0.6534152030944824,0.0,1.6534152030944824
হেট,0.6534010171890259,0.0,1.6534010171890259
আশ,0.6533472836017609,0.0,1.6533472836017609
করণে,0.653285026550293,0.0,1.653285026550293
ক্ষোভ,0.6532849073410034,0.0,1.6532849073410034
বার্তা,0.6532844007015228,0.0,1.6532844007015228
বন্দী,0.6532672643661499,0.0,1.65326726436615
টেন,0.6532089710235596,0.0,1.6532089710235596
জামাতা,0.653195321559906,0.0,1.653195321559906
সাধন,0.6531773507595062,0.0,1.6531773507595062
ছোটো,0.6531769335269928,0.0,1.6531769335269928
শোনে,0.6531506478786469,0.0,1.6531506478786469
প্রশংসা,0.6531267166137695,0.0,1.6531267166137695
পনেরো,0.653102844953537,0.0,1.653102844953537
জা,0.6530493497848511,0.0,1.653049349784851
নেপচুন,0.6530492603778839,0.0,1.653049260377884
অন্তর,0.653035968542099,0.0,1.653035968542099
অস্ত্র,0.6530150473117828,0.0,1.6530150473117828
উদ্বেগের,0.6529839634895325,0.0,1.6529839634895325
পদবী,0.6529774069786072,0.0,1.6529774069786072
উঠানে,0.6529384255409241,0.0,1.652938425540924
কার্,0.6529019773006439,0.0,1.652901977300644
নামকরণ,0.6527976989746094,0.0,1.6527976989746094
গভীরে,0.6527868807315826,0.0,1.6527868807315826
থাকছ,0.6527658700942993,0.0,1.6527658700942993
নজির,0.6527134478092194,0.0,1.6527134478092194
কৌতূহলী,0.652710884809494,0.0,1.652710884809494
ধূমপান,0.6526959538459778,0.0,1.6526959538459778
টাই,0.6526921987533569,0.0,1.652692198753357
বিশৃঙ্খল,0.6627852916717529,0.010101010101010102,1.652684281570743
বেজ,0.6526576578617096,0.0,1.6526576578617096
অবিরাম,0.6526318192481995,0.0,1.6526318192481995
ধরো,0.6525914072990417,0.0,1.6525914072990417
নন্দী,0.6525876224040985,0.0,1.6525876224040985
কিলোমি,0.6626814305782318,0.010101010101010102,1.6525804204772219
উদ্ভব,0.6626723110675812,0.010101010101010102,1.6525713009665712
ডেল,0.6525425910949707,0.0,1.6525425910949707
পারো,0.652515321969986,0.0,1.652515321969986
পড়া,0.6525104343891144,0.0,1.6525104343891144
নাতির,0.6524850130081177,0.0,1.6524850130081177
কল্যাণ,0.6523609757423401,0.0,1.65236097574234
উচ্চতর,0.6523583233356476,0.0,1.6523583233356476
আশেপাশ,0.6522896587848663,0.0,1.6522896587848663
খুনে,0.6522849202156067,0.0,1.6522849202156067
সর্বদা,0.6522632539272308,0.0,1.6522632539272308
রক্ষণাবেক্ষণ,0.65224489569664,0.0,1.65224489569664
একাকী,0.6522035300731659,0.0,1.652203530073166
পেরেছেন,0.6522021591663361,0.0,1.652202159166336
জুটি,0.6521790027618408,0.0,1.6521790027618408
কোকিল,0.652164876461029,0.0,1.652164876461029
মাছি,0.6521416306495667,0.0,1.6521416306495667
৭টি,0.6830669939517975,0.030927835051546393,1.6521391589002512
মুদ্র,0.6521250605583191,0.0,1.652125060558319
জমিজম,0.652100682258606,0.0,1.652100682258606
অজ্ঞান,0.6520391404628754,0.0,1.6520391404628754
কাজকর্ম,0.6519892513751984,0.0,1.6519892513751984
উৎসর্গ,0.651989072561264,0.0,1.651989072561264
হাসা,0.651989072561264,0.0,1.651989072561264
জিজ্ঞ,0.6519278287887573,0.0,1.6519278287887573
পারিনি,0.6519197225570679,0.0,1.6519197225570679
বৃদ্ধির,0.6519070863723755,0.0,1.6519070863723755
বিধিনিষেধ,0.6518910527229309,0.0,1.651891052722931
সেনাপতি,0.6518890857696533,0.0,1.6518890857696533
শোন,0.651885062456131,0.0,1.651885062456131
কার্ড,0.6518838703632355,0.0,1.6518838703632355
উদ,0.6518564224243164,0.0,1.6518564224243164
পাম্প,0.6518470942974091,0.0,1.651847094297409
শোভাযাত্,0.6517761945724487,0.0,1.6517761945724487
ঘটবে,0.6517566740512848,0.0,1.6517566740512848
শোধ,0.6517447829246521,0.0,1.651744782924652
সুদীর্ঘ,0.6516912877559662,0.0,1.6516912877559662
আইনজীবী,0.6516857743263245,0.0,1.6516857743263245
গভর্নমেন্ট,0.6516548097133636,0.0,1.6516548097133636
রুশ,0.6516538560390472,0.0,1.6516538560390472
কদিন,0.6515461206436157,0.0,1.6515461206436157
দেখতে,0.6515315771102905,0.0,1.6515315771102905
প্রতিবন্ধকতা,0.6515205502510071,0.0,1.651520550251007
ছাপানোর,0.6515080034732819,0.0,1.6515080034732819
চালে,0.6514896154403687,0.0,1.6514896154403687
প্রচেষ্,0.6513601541519165,0.0,1.6513601541519165
আসছিল,0.6513251960277557,0.0,1.6513251960277557
কোপ,0.6513175070285797,0.0,1.6513175070285797
কমলা,0.6513148248195648,0.0,1.6513148248195648
দুর্গম,0.6512966454029083,0.0,1.6512966454029083
জেত,0.651278018951416,0.0,1.651278018951416
আত্মসাৎ,0.6512128710746765,0.0,1.6512128710746765
ব্যাটিং,0.6613062620162964,0.010101010101010102,1.6512052519152864
ইট,0.651190847158432,0.0,1.651190847158432
তাঁবু,0.6511501967906952,0.0,1.6511501967906952
জাপানী,0.6511443555355072,0.0,1.6511443555355072
ওভ,0.6612124443054199,0.010101010101010102,1.65111143420441
আবহমান,0.6510841250419617,0.0,1.6510841250419617
পোষাক,0.6510197520256042,0.0,1.6510197520256042
তীব্রত,0.6509976983070374,0.0,1.6509976983070374
ব্যক্তিত্ব,0.6509755849838257,0.0,1.6509755849838257
পৌছলে,0.6509631276130676,0.0,1.6509631276130676
মাদা,0.6509233117103577,0.0,1.6509233117103577
মাইনর,0.6508567035198212,0.0,1.6508567035198212
চতুর্দশ,0.6507764160633087,0.0,1.6507764160633087
আসেননি,0.6507391035556793,0.0,1.6507391035556793
নীর,0.6507048606872559,0.0,1.6507048606872559
হাসবে,0.6607971787452698,0.010101010101010102,1.6506961686442598
বন্যা,0.6506789326667786,0.0,1.6506789326667786
রবীন্দ্রনাথ,0.6506635844707489,0.0,1.650663584470749
দিয়েছি,0.6506233513355255,0.0,1.6506233513355255
হেঁটে,0.6505968272686005,0.0,1.6505968272686005
বাচা,0.6505252420902252,0.0,1.6505252420902252
গতমাসে,0.6504307091236115,0.0,1.6504307091236115
সমাধি,0.660526305437088,0.010101010101010102,1.650425295336078
ধরাধরি,0.6503954827785492,0.0,1.6503954827785492
পরিণাম,0.6503792107105255,0.0,1.6503792107105255
এহ,0.6503780484199524,0.0,1.6503780484199524
বিঘ্ন,0.6503311991691589,0.0,1.650331199169159
বিলম্বে,0.6503196656703949,0.0,1.650319665670395
উল্লেখযোগ্য,0.6503182351589203,0.0,1.6503182351589203
ট্যাঙ্ক,0.6502955853939056,0.0,1.6502955853939056
স্বীকৃতি,0.6502772867679596,0.0,1.6502772867679596
জমানো,0.6502605676651001,0.0,1.6502605676651
এয়,0.6502434313297272,0.0,1.6502434313297272
পারছিল,0.6501890420913696,0.0,1.6501890420913696
অভ্যস্ত,0.6501874327659607,0.0,1.6501874327659607
বারণ,0.6500981450080872,0.0,1.6500981450080872
ভাগ্যে,0.6601455211639404,0.010101010101010102,1.6500445110629305
ঠিকমত,0.6499932408332825,0.0,1.6499932408332825
অবকাশ,0.6499885022640228,0.0,1.6499885022640228
নাগ,0.6499679982662201,0.0,1.64996799826622
দেবীর,0.6499322950839996,0.0,1.6499322950839996
দেখালো,0.6498771011829376,0.0,1.6498771011829376
খুলি,0.6498405635356903,0.0,1.6498405635356903
দায়ী,0.649706244468689,0.0,1.649706244468689
ভাষণে,0.6496665775775909,0.0,1.649666577577591
পাঠাবে,0.6496523022651672,0.0,1.6496523022651672
ওঠেনি,0.6597515642642975,0.010101010101010102,1.6496505541632875
পাত্র,0.6496363282203674,0.0,1.6496363282203674
গবেষণ,0.6495855450630188,0.0,1.6495855450630188
ভান,0.6495395302772522,0.0,1.6495395302772522
ফোটা,0.649528831243515,0.0,1.649528831243515
টাইগ,0.6494999527931213,0.0,1.6494999527931213
আদর,0.6494784951210022,0.0,1.6494784951210022
রূপালী,0.6494587659835815,0.0,1.6494587659835815
বৃহস্পতি,0.6493918895721436,0.0,1.6493918895721436
চার্চ,0.6594594717025757,0.010101010101010102,1.6493584616015657
অগভীর,0.6491833329200745,0.0,1.6491833329200745
মানলে,0.6491801142692566,0.0,1.6491801142692566
অভ্যাসে,0.6491504311561584,0.0,1.6491504311561584
রাখছি,0.6491366624832153,0.0,1.6491366624832153
বিরূপ,0.6490866839885712,0.0,1.6490866839885712
বৈশাখ,0.6490626633167267,0.0,1.6490626633167267
ছন্দে,0.6490615010261536,0.0,1.6490615010261536
কানো,0.6490354239940643,0.0,1.6490354239940643
কিশোরী,0.6490249335765839,0.0,1.6490249335765839
অংশগ্রহণ,0.648984283208847,0.0,1.648984283208847
হট্টগোল,0.6489721238613129,0.0,1.6489721238613129
চিতা,0.6489279866218567,0.0,1.6489279866218567
বীরাঙ্গনা,0.6489068269729614,0.0,1.6489068269729614
উঠেছেন,0.648884117603302,0.0,1.648884117603302
সঞ্জীব,0.6488823294639587,0.0,1.6488823294639587
ডিগ্রি,0.6589723229408264,0.010101010101010102,1.6488713128398165
পুতুল,0.64881432056427,0.0,1.64881432056427
দুর্দশা,0.6487979590892792,0.0,1.6487979590892792
প্যাট,0.648789793252945,0.0,1.648789793252945
সুদুর,0.6487330496311188,0.0,1.6487330496311188
পেদ্রো,0.6487221419811249,0.0,1.6487221419811249
চলাফে,0.6486973762512207,0.0,1.6486973762512207
ফেললে,0.6486961245536804,0.0,1.6486961245536804
সেকেন্দার,0.6486751437187195,0.0,1.6486751437187195
সরস্বতী,0.6486673355102539,0.0,1.648667335510254
পরিশ্রম,0.6485519409179688,0.0,1.6485519409179688
ফাটা,0.6485418081283569,0.0,1.648541808128357
মিটিং,0.6485110223293304,0.0,1.6485110223293304
যোজন,0.6484842896461487,0.0,1.6484842896461487
ডাউন,0.6484594643115997,0.0,1.6484594643115997
অসুস্থত,0.6484551429748535,0.0,1.6484551429748535
দাঁড়,0.6484134793281555,0.0,1.6484134793281555
নাতা,0.6483595669269562,0.0,1.6483595669269562
অত্যধিক,0.648347020149231,0.0,1.648347020149231
লাগল,0.6483364403247833,0.0,1.6483364403247833
বেছ,0.6483007371425629,0.0,1.6483007371425629
খানসামা,0.6482325792312622,0.0,1.6482325792312622
কার্তিক,0.648226410150528,0.0,1.648226410150528
দিই,0.648207426071167,0.0,1.648207426071167
টিলা,0.648188054561615,0.0,1.648188054561615
বিনীত,0.6481540501117706,0.0,1.6481540501117706
সাহেবকে,0.6480997502803802,0.0,1.6480997502803802
শুনেছি,0.6480571925640106,0.0,1.6480571925640106
যাজক,0.6480539739131927,0.0,1.6480539739131927
ছিলনা,0.6480439007282257,0.0,1.6480439007282257
অর্থনৈতিক,0.6479838490486145,0.0,1.6479838490486145
নিচ্,0.6479298770427704,0.0,1.6479298770427704
যুক্তিতর্ক,0.6479203402996063,0.0,1.6479203402996063
জিজ্ঞাসা,0.6479182243347168,0.0,1.6479182243347168
কান্ন,0.6479071974754333,0.0,1.6479071974754333
নিদিষ্ট,0.6478805840015411,0.0,1.6478805840015411
পাঞ্জা,0.6478374004364014,0.0,1.6478374004364014
সরা,0.6477700769901276,0.0,1.6477700769901276
আস্থা,0.6477657556533813,0.0,1.6477657556533813
প্রবাহ,0.6477614939212799,0.0,1.64776149392128
বিষয়ক,0.6477022171020508,0.0,1.6477022171020508
চাঁদ,0.6476746201515198,0.0,1.6476746201515198
হাটে,0.6476400792598724,0.0,1.6476400792598724
গর্বিত,0.6476325690746307,0.0,1.6476325690746307
দামী,0.6476074159145355,0.0,1.6476074159145355
ইস্পাত,0.6474877893924713,0.0,1.6474877893924713
ইনজুরি,0.6474574506282806,0.0,1.6474574506282806
বিগ,0.6474490463733673,0.0,1.6474490463733673
প্রতিবেশীর,0.6474173665046692,0.0,1.6474173665046692
জাগানো,0.6474156677722931,0.0,1.647415667772293
ভীত,0.6474072933197021,0.0,1.6474072933197021
সতী,0.6473996639251709,0.0,1.647399663925171
শুনলে,0.6473958790302277,0.0,1.6473958790302277
উৎসাহে,0.6473557949066162,0.0,1.6473557949066162
কই,0.6472789645195007,0.0,1.6472789645195007
অসুবিধ,0.6472686529159546,0.0,1.6472686529159546
পুড়িয়ে,0.6472600400447845,0.0,1.6472600400447845
ওপারে,0.6472322046756744,0.0,1.6472322046756744
খানে,0.6472316682338715,0.0,1.6472316682338715
শ্রোতা,0.647227942943573,0.0,1.647227942943573
কা,0.6471897065639496,0.0,1.6471897065639496
বাকা,0.6471768021583557,0.0,1.6471768021583557
রাজস্থান,0.6471570134162903,0.0,1.6471570134162903
ধারাবাহিক,0.6471267342567444,0.0,1.6471267342567444
উদ্বিগ্ন,0.6471192240715027,0.0,1.6471192240715027
থামবে,0.6471027135848999,0.0,1.6471027135849
টেলিস্কোপ,0.6470023989677429,0.0,1.647002398967743
স্নান,0.6469927132129669,0.0,1.646992713212967
আফ্রিকান,0.6469734907150269,0.0,1.6469734907150269
প্রথা,0.6469547152519226,0.0,1.6469547152519226
পশ্চিমে,0.646929919719696,0.0,1.646929919719696
কাতারে,0.6469246447086334,0.0,1.6469246447086334
জরিমানা,0.6469136476516724,0.0,1.6469136476516724
মধ্যরা,0.6468892991542816,0.0,1.6468892991542816
কষে,0.6468468010425568,0.0,1.6468468010425568
ততক্ষণে,0.6467882096767426,0.0,1.6467882096767426
নির্ভর,0.6568232476711273,0.010101010101010102,1.6467222375701174
বদলাবে,0.6467176079750061,0.0,1.646717607975006
দৃষ্টান্ত,0.6467016339302063,0.0,1.6467016339302063
ওহি,0.6466282904148102,0.0,1.6466282904148102
আলোচন,0.6465654373168945,0.0,1.6465654373168945
ছোটবেলা,0.6465451121330261,0.0,1.6465451121330261
পৃষ্ঠপোষক,0.6464927792549133,0.0,1.6464927792549133
ডিউ,0.6463915705680847,0.0,1.6463915705680847
মিলিত,0.6463625431060791,0.0,1.646362543106079
লেবু,0.6462997496128082,0.0,1.6462997496128082
মহাকাশ,0.6462680697441101,0.0,1.64626806974411
চলা,0.6462288796901703,0.0,1.6462288796901703
হে,0.6462164223194122,0.0,1.6462164223194122
সমীর,0.6461717188358307,0.0,1.6461717188358307
ঘুরেফিরে,0.6460863351821899,0.0,1.64608633518219
স্যুটকেস,0.6460793912410736,0.0,1.6460793912410736
বেঙ্গল,0.646064043045044,0.0,1.646064043045044
শ্রীরামপুর,0.6460438370704651,0.0,1.646043837070465
প্রাণীর,0.6459682285785675,0.0,1.6459682285785675
সনে,0.6459521651268005,0.0,1.6459521651268005
বোর্ড,0.6459227204322815,0.0,1.6459227204322815
শিখে,0.6459028124809265,0.0,1.6459028124809265
সংবলিত,0.6458733677864075,0.0,1.6458733677864075
ইমান,0.6458227932453156,0.0,1.6458227932453156
ভালোবাস,0.6458219289779663,0.0,1.6458219289779663
মার্কেট,0.6458085775375366,0.0,1.6458085775375366
দীর্ঘশ্বাস,0.6457708477973938,0.0,1.6457708477973938
বিচ্ছিন্ন,0.6457642316818237,0.0,1.6457642316818237
পদোন্নতির,0.6457637846469879,0.0,1.645763784646988
ভুলি,0.6457453966140747,0.0,1.6457453966140747
ভিক্ষা,0.6457288861274719,0.0,1.645728886127472
মেডিক্যাল,0.6457139551639557,0.0,1.6457139551639557
লক্ষাধিক,0.6456077098846436,0.0,1.6456077098846436
ফুটফুটে,0.6556459963321686,0.010101010101010102,1.6455449862311586
গোবর,0.64553502202034,0.0,1.64553502202034
বৈশাখী,0.6455244421958923,0.0,1.6455244421958923
ওইসব,0.6455219388008118,0.0,1.6455219388008118
হাঁটু,0.6556225419044495,0.010101010101010102,1.6455215318034395
গুরুত্বপূর্ণ,0.6454469561576843,0.0,1.6454469561576843
ভগবান,0.6454008519649506,0.0,1.6454008519649506
গালমন্দ,0.6453604102134705,0.0,1.6453604102134705
পরিপা,0.6452832818031311,0.0,1.645283281803131
মাত্,0.6452783644199371,0.0,1.6452783644199371
বিবরণ,0.6451999545097351,0.0,1.645199954509735
সেফ,0.6451589167118073,0.0,1.6451589167118073
নির্দিষ্ট,0.6451576054096222,0.0,1.6451576054096222
বলিনি,0.6451502740383148,0.0,1.6451502740383148
নিতান্ত,0.6451362073421478,0.0,1.6451362073421478
অন্যতম,0.6451252102851868,0.0,1.6451252102851868
সাক্ষী,0.6451012790203094,0.0,1.6451012790203094
বুঝতে,0.6450949609279633,0.0,1.6450949609279633
নাস্তিক,0.6450868546962738,0.0,1.6450868546962738
অব্যাহত,0.6450843214988708,0.0,1.6450843214988708
পুরোপুরি,0.6450512111186981,0.0,1.6450512111186981
রেডি,0.6450359225273132,0.0,1.6450359225273132
চন্দনা,0.6450315713882446,0.0,1.6450315713882446
সেন্টিমি,0.6449938416481018,0.0,1.6449938416481018
অগ্রাহ্য,0.6449930369853973,0.0,1.6449930369853973
শুভেচ্ছা,0.66537806391716,0.02040816326530612,1.644969900651854
অভিজ্ঞ,0.6449600458145142,0.0,1.6449600458145142
জিজ্ঞাসাবা,0.6449560225009918,0.0,1.6449560225009918
এইভাবে,0.6449058651924133,0.0,1.6449058651924133
প্রসারিত,0.6448883414268494,0.0,1.6448883414268494
তামা,0.6448831558227539,0.0,1.644883155822754
তেলেগু,0.6448308825492859,0.0,1.6448308825492859
খোকা,0.6447837650775909,0.0,1.644783765077591
কুল,0.6447807252407074,0.0,1.6447807252407074
কিংবদন্তী,0.644764631986618,0.0,1.644764631986618
সুখী,0.6447626054286957,0.0,1.6447626054286957
জীবনযাত্র,0.6447048485279083,0.0,1.6447048485279083
ঢুকবে,0.6446295380592346,0.0,1.6446295380592346
নির্ভরযোগ্য,0.6445312201976776,0.0,1.6445312201976776
নিমতলা,0.644471675157547,0.0,1.644471675157547
যোহর,0.6444658935070038,0.0,1.6444658935070038
খুঁটিনাটি,0.6444289088249207,0.0,1.6444289088249207
জটিল,0.6444169580936432,0.0,1.6444169580936432
সেনাবাহিনীর,0.6443893015384674,0.0,1.6443893015384674
দাহ,0.6443772912025452,0.0,1.6443772912025452
বিঘ্নিত,0.6443078815937042,0.0,1.6443078815937042
প্রবেশদ্ব,0.6442885398864746,0.0,1.6442885398864746
সেখানক,0.6442739963531494,0.0,1.6442739963531494
দেখিনি,0.6441943645477295,0.0,1.6441943645477295
দোকানদার,0.6441888809204102,0.0,1.6441888809204102
ধারালো,0.6441813707351685,0.0,1.6441813707351685
সিনিয়র,0.6441742181777954,0.0,1.6441742181777954
পোকা,0.6441725790500641,0.0,1.644172579050064
ফিরল,0.6441430151462555,0.0,1.6441430151462555
মসজিদে,0.654217928647995,0.010101010101010102,1.644116918546985
ফুসে,0.6439745724201202,0.0,1.6439745724201202
কাউন্সিল,0.6439361870288849,0.0,1.6439361870288849
মেহেরপুরের,0.6437494158744812,0.0,1.6437494158744812
আখড়া,0.6437342464923859,0.0,1.6437342464923859
পিশাচ,0.6436712443828583,0.0,1.6436712443828583
জন্মস্থান,0.6435806751251221,0.0,1.643580675125122
অজান্,0.6435621082782745,0.0,1.6435621082782745
ভবিষ্যত,0.6536577343940735,0.010101010101010102,1.6435567242930635
শিথিল,0.6435163617134094,0.0,1.6435163617134094
নির্বিশেষ,0.6434974074363708,0.0,1.6434974074363708
ব্যাক,0.6434527337551117,0.0,1.6434527337551117
ঝুঁকি,0.6434420943260193,0.0,1.6434420943260193
কাগজপত্র,0.6433996558189392,0.0,1.6433996558189392
জু,0.6433964371681213,0.0,1.6433964371681213
আত্মীয়,0.6433916687965393,0.0,1.6433916687965393
রাখুন,0.6433704495429993,0.0,1.6433704495429993
সম্মুখে,0.6433243155479431,0.0,1.6433243155479431
অমান্য,0.6433209478855133,0.0,1.6433209478855133
হাড,0.6433016657829285,0.0,1.6433016657829285
মনোনিবেশ,0.6432944238185883,0.0,1.6432944238185883
রাঙা,0.6432788074016571,0.0,1.643278807401657
নির্মিত,0.6432730555534363,0.0,1.6432730555534363
সংস্থাপন,0.6432674527168274,0.0,1.6432674527168274
নেশা,0.6432549357414246,0.0,1.6432549357414246
পাত্রী,0.6432538330554962,0.0,1.6432538330554962
আবা,0.643235445022583,0.0,1.643235445022583
ইত্যাদির,0.64317587018013,0.0,1.64317587018013
সন্দেশের,0.6431572437286377,0.0,1.6431572437286377
জরিপ,0.6431545317173004,0.0,1.6431545317173004
টার,0.6431310474872589,0.0,1.643131047487259
বৌদি,0.6431293785572052,0.0,1.6431293785572052
লেবুর,0.6431258320808411,0.0,1.643125832080841
নিপুণ,0.643121600151062,0.0,1.643121600151062
রসালো,0.6430448293685913,0.0,1.6430448293685913
জানালো,0.6430226266384125,0.0,1.6430226266384125
অনুরূপ,0.6429794430732727,0.0,1.6429794430732727
সুশৃঙ্খল,0.6429116427898407,0.0,1.6429116427898407
অপমান,0.6429091691970825,0.0,1.6429091691970825
আন্তর্জাতিক,0.6528986394405365,0.010101010101010102,1.6427976293395266
প্রিন্ট,0.6427951753139496,0.0,1.6427951753139496
পরকাল,0.6528899967670441,0.010101010101010102,1.6427889866660341
আত্মবিশ্বাস,0.6427851617336273,0.0,1.6427851617336273
সেনের,0.6427753567695618,0.0,1.6427753567695618
রাতে,0.642764687538147,0.0,1.642764687538147
প্রচুর,0.6427473425865173,0.0,1.6427473425865173
অরণ্য,0.6427417397499084,0.0,1.6427417397499084
সচেতন,0.6427328586578369,0.0,1.642732858657837
ঢেক,0.6427167356014252,0.0,1.6427167356014252
সাঁত,0.6427089273929596,0.0,1.6427089273929596
প্রত্যেকের,0.6426859796047211,0.0,1.642685979604721
তারতম্য,0.642685204744339,0.0,1.642685204744339
এতটুকু,0.6426784992218018,0.0,1.6426784992218018
অবাস্তব,0.6426501274108887,0.0,1.6426501274108887
জরিম,0.6426368355751038,0.0,1.6426368355751038
ফেরি,0.6426308155059814,0.0,1.6426308155059814
অঞ্জনা,0.6425950825214386,0.0,1.6425950825214386
উম্মুক্ত,0.6425590217113495,0.0,1.6425590217113495
নিরীহ,0.6425124108791351,0.0,1.6425124108791351
দশে,0.642473429441452,0.0,1.642473429441452
এরা,0.6424453556537628,0.0,1.6424453556537628
ব্যানার্জি,0.6424382627010345,0.0,1.6424382627010345
জিজ্ঞাস,0.6424337029457092,0.0,1.6424337029457092
বাড়ানো,0.6422981917858124,0.0,1.6422981917858124
দেবের,0.6422815024852753,0.0,1.6422815024852753
দেবগণ,0.6422775983810425,0.0,1.6422775983810425
প্রজাপতি,0.6523735821247101,0.010101010101010102,1.6422725720237001
দপ্তরে,0.6421295404434204,0.0,1.6421295404434204
টানে,0.6421170830726624,0.0,1.6421170830726624
বর্ষাকালে,0.6421074569225311,0.0,1.6421074569225311
নাত,0.6420824527740479,0.0,1.6420824527740479
শক্তির,0.6420669853687286,0.0,1.6420669853687286
পৌঁছ,0.6420192718505859,0.0,1.642019271850586
দায়,0.6419679820537567,0.0,1.6419679820537567
সাখ,0.641951858997345,0.0,1.641951858997345
মুখমণ্ডল,0.6419425308704376,0.0,1.6419425308704376
মধ্যবর্তী,0.6418924033641815,0.0,1.6418924033641815
লাথি,0.6418777108192444,0.0,1.6418777108192444
এফ,0.6418376266956329,0.0,1.641837626695633
দেহের,0.6418330669403076,0.0,1.6418330669403076
অকারণ,0.6418100595474243,0.0,1.6418100595474243
চান্,0.6417494118213654,0.0,1.6417494118213654
দিব্যি,0.6518185436725616,0.010101010101010102,1.6417175335715517
খলিল,0.6416611671447754,0.0,1.6416611671447754
লিঙ্গ,0.6416502892971039,0.0,1.6416502892971039
সেজন্য,0.6416448950767517,0.0,1.6416448950767517
বন্ধুবান্ধব,0.6416179239749908,0.0,1.6416179239749908
ইঞ্জিন,0.6415813565254211,0.0,1.6415813565254211
মুখস্থ,0.6516621708869934,0.010101010101010102,1.6415611607859835
কৌতুহল,0.6415227055549622,0.0,1.6415227055549622
ভাটা,0.6414948105812073,0.0,1.6414948105812073
চক্রান্ত,0.6414552330970764,0.0,1.6414552330970764
দুশ্চিন্তা,0.641433596611023,0.0,1.641433596611023
মডেল,0.641431987285614,0.0,1.641431987285614
মিত্র,0.6414136290550232,0.0,1.6414136290550232
হামলে,0.6413726508617401,0.0,1.6413726508617401
চিন্তায়,0.641346663236618,0.0,1.641346663236618
ফ্রেম,0.6413148641586304,0.0,1.6413148641586304
স্থানীয়,0.6412896513938904,0.0,1.6412896513938904
হিমেল,0.6412830650806427,0.0,1.6412830650806427
ভালোব,0.6412782371044159,0.0,1.641278237104416
ইস্ত,0.6412418782711029,0.0,1.641241878271103
শিখা,0.6513383090496063,0.010101010101010102,1.6412372989485964
দৌহিত্র,0.6412211656570435,0.0,1.6412211656570435
দেখেনি,0.6412064433097839,0.0,1.641206443309784
স্পা,0.6412016451358795,0.0,1.6412016451358795
তৈল,0.6411874890327454,0.0,1.6411874890327454
প্রেসের,0.6411837041378021,0.0,1.6411837041378021
রোম,0.641180008649826,0.0,1.641180008649826
বরখাস্ত,0.6411096751689911,0.0,1.641109675168991
মোহর,0.6410695314407349,0.0,1.6410695314407349
মায়,0.6409964859485626,0.0,1.6409964859485626
দুগ্ধ,0.6409830749034882,0.0,1.6409830749034882
চলাফেরার,0.6408964991569519,0.0,1.640896499156952
অত্যাচারের,0.6408830285072327,0.0,1.6408830285072327
কেদ,0.6408808529376984,0.0,1.6408808529376984
বিশেষজ্ঞ,0.6408350169658661,0.0,1.640835016965866
সন্দেশ,0.6408345699310303,0.0,1.6408345699310303
দাতব্য,0.6407804489135742,0.0,1.6407804489135742
উগ্র,0.6407330334186554,0.0,1.6407330334186554
দক্ষতা,0.6407202482223511,0.0,1.640720248222351
বিপন্ন,0.640676349401474,0.0,1.640676349401474
অক্লান্ত,0.6406722664833069,0.0,1.6406722664833069
সেসব,0.6406503319740295,0.0,1.6406503319740295
সংবা,0.6406318843364716,0.0,1.6406318843364716
দীপক,0.6406191289424896,0.0,1.6406191289424896
ভীড়,0.6405690610408783,0.0,1.6405690610408783
রাখো,0.6405363976955414,0.0,1.6405363976955414
সইতে,0.6405172944068909,0.0,1.6405172944068909
উদ্ভাবন,0.6405157744884491,0.0,1.640515774488449
ক্যাবল,0.6404685378074646,0.0,1.6404685378074646
জলে,0.6403649151325226,0.0,1.6403649151325226
সঙ্গী,0.640326738357544,0.0,1.640326738357544
দুঃখকষ্ট,0.6504246592521667,0.010101010101010102,1.6403236491511568
খাস,0.6403202414512634,0.0,1.6403202414512634
এদিকওদিক,0.6402817070484161,0.0,1.6402817070484161
তিনদিন,0.6503588557243347,0.010101010101010102,1.6402578456233248
তালিম,0.6402385532855988,0.0,1.6402385532855988
স্বচ্ছতা,0.6402209997177124,0.0,1.6402209997177124
বেদন,0.6401925683021545,0.0,1.6401925683021545
শ্বশুরবাড়ি,0.6401752233505249,0.0,1.640175223350525
সারাক্ষণ,0.6401481628417969,0.0,1.6401481628417969
চারে,0.6401387453079224,0.0,1.6401387453079224
ভিনি,0.6401343047618866,0.0,1.6401343047618866
বরুণ,0.640119731426239,0.0,1.640119731426239
কফি,0.6401140987873077,0.0,1.6401140987873077
ভাষণ,0.6400604844093323,0.0,1.6400604844093323
রাশ,0.6400490701198578,0.0,1.6400490701198578
আনাগোনা,0.6399751305580139,0.0,1.639975130558014
দরবার,0.6399679780006409,0.0,1.6399679780006409
বাঘ,0.6399270594120026,0.0,1.6399270594120026
পরেছেন,0.6399123668670654,0.0,1.6399123668670654
দোতলা,0.6398560702800751,0.0,1.639856070280075
অনুচিত,0.6397645771503448,0.0,1.6397645771503448
মাসখানেক,0.6397615373134613,0.0,1.6397615373134613
তিনমাস,0.6397600769996643,0.0,1.6397600769996643
নূপুর,0.6397407054901123,0.0,1.6397407054901123
ক্ষুদে,0.6397209763526917,0.0,1.6397209763526917
ঝুট,0.6395678222179413,0.0,1.6395678222179413
নলে,0.639444500207901,0.0,1.639444500207901
শিশুসুলভ,0.6394318640232086,0.0,1.6394318640232086
নেপথ্যে,0.639423280954361,0.0,1.639423280954361
দেখাল,0.6394101679325104,0.0,1.6394101679325104
সহকারী,0.6393978297710419,0.0,1.6393978297710419
বিবরণে,0.6393551826477051,0.0,1.639355182647705
জুট,0.6393414437770844,0.0,1.6393414437770844
ফিরলে,0.6393266916275024,0.0,1.6393266916275024
ব্যস্ততা,0.6393113732337952,0.0,1.6393113732337952
নেহরু,0.649391382932663,0.010101010101010102,1.639290372831653
রূপক,0.6392687261104584,0.0,1.6392687261104584
ঠাল,0.6392501294612885,0.0,1.6392501294612885
মাপ,0.639209657907486,0.0,1.639209657907486
দুর্ভিক্ষ,0.6391599476337433,0.0,1.6391599476337433
ব্যাঘাত,0.6391595005989075,0.0,1.6391595005989075
দিব,0.6391422748565674,0.0,1.6391422748565674
বরাবর,0.639115959405899,0.0,1.639115959405899
মিষ্,0.6390995383262634,0.0,1.6390995383262634
পূর্ণ,0.639080286026001,0.0,1.639080286026001
কার্তুজ,0.6390505135059357,0.0,1.6390505135059357
গ্রামবাসীরা,0.639001727104187,0.0,1.639001727104187
হারাল,0.6490943729877472,0.010101010101010102,1.6389933628867372
কলমে,0.6389809548854828,0.0,1.6389809548854828
দাতা,0.6389555037021637,0.0,1.6389555037021637
নিঃসঙ্গ,0.6389345824718475,0.0,1.6389345824718475
স্বাদ,0.6388996839523315,0.0,1.6388996839523315
সহজাত,0.6388252973556519,0.0,1.6388252973556519
কাতর,0.6489062309265137,0.010101010101010102,1.6388052208255037
বোলিং,0.6388018727302551,0.0,1.6388018727302551
বলেছিলো,0.6386871635913849,0.0,1.6386871635913849
লুঙ্গি,0.6386701464653015,0.0,1.6386701464653015
জোরদ,0.6386642754077911,0.0,1.6386642754077911
বাড়ির,0.63865527510643,0.0,1.63865527510643
পালকি,0.6386361122131348,0.0,1.6386361122131348
কার্বন,0.6385717689990997,0.0,1.6385717689990997
বালক,0.6385679841041565,0.0,1.6385679841041565
জনপ্রিয়,0.638543426990509,0.0,1.638543426990509
কাঁদিয়ে,0.6384844481945038,0.0,1.6384844481945038
অক্ষর,0.6384623050689697,0.0,1.6384623050689697
চরিতার্থ,0.6384490728378296,0.0,1.6384490728378296
জীবনযাত্,0.6384473443031311,0.0,1.638447344303131
রাত্রে,0.6384362280368805,0.0,1.6384362280368805
তৃপ্তির,0.648530900478363,0.010101010101010102,1.638429890377353
নির্বাচিত,0.6383864879608154,0.0,1.6383864879608154
দোস্ত,0.6383723318576813,0.0,1.6383723318576813
বিরক্তি,0.63835808634758,0.0,1.63835808634758
অদম্য,0.6383499801158905,0.0,1.6383499801158905
তেমনভাবে,0.6484404504299164,0.010101010101010102,1.6383394403289064
তাকা,0.6383205652236938,0.0,1.6383205652236938
অবলম্বনে,0.6382542252540588,0.0,1.6382542252540588
অজয়,0.6382444500923157,0.0,1.6382444500923157
ছিদ্র,0.6382284462451935,0.0,1.6382284462451935
বসান,0.6382045149803162,0.0,1.6382045149803162
মেলেনি,0.6381653249263763,0.0,1.6381653249263763
শিকার,0.638153076171875,0.0,1.638153076171875
দুর্বলতা,0.638152688741684,0.0,1.638152688741684
নির্বিঘ্নে,0.6381129622459412,0.0,1.6381129622459412
ফরাসি,0.6380939185619354,0.0,1.6380939185619354
কাটানো,0.6380347907543182,0.0,1.6380347907543182
টাওয়,0.6380241811275482,0.0,1.6380241811275482
জাগা,0.6380231976509094,0.0,1.6380231976509094
আদায়,0.6379972100257874,0.0,1.6379972100257874
আজি,0.6379956305027008,0.0,1.6379956305027008
কাচা,0.6379684209823608,0.0,1.6379684209823608
বস্তির,0.6379679441452026,0.0,1.6379679441452026
মিথ্যা,0.6379514038562775,0.0,1.6379514038562775
আপনে,0.637931764125824,0.0,1.637931764125824
চষে,0.6379280984401703,0.0,1.6379280984401703
সৌজন্য,0.6379046738147736,0.0,1.6379046738147736
হাস,0.6479593515396118,0.010101010101010102,1.6378583414386019
মুখবন্ধ,0.6378093957901001,0.0,1.6378093957901
ব্যাখ্যা,0.6377860009670258,0.0,1.6377860009670258
বসেছি,0.6377663910388947,0.0,1.6377663910388947
জ্ঞানবিজ্ঞান,0.6377241611480713,0.0,1.6377241611480713
হননি,0.6377130746841431,0.0,1.637713074684143
আপনজন,0.6377091109752655,0.0,1.6377091109752655
নিছক,0.6376753747463226,0.0,1.6376753747463226
উইল,0.6376577913761139,0.0,1.637657791376114
বালিশ,0.6376523971557617,0.0,1.6376523971557617
নীচু,0.6376389861106873,0.0,1.6376389861106873
গাছপ,0.6376389563083649,0.0,1.6376389563083649
ল্যাটিন,0.6375769078731537,0.0,1.6375769078731537
শুকনো,0.637575775384903,0.0,1.637575775384903
আগস্ট,0.6375340819358826,0.0,1.6375340819358826
অনুবাদক,0.6374991834163666,0.0,1.6374991834163666
গরিব,0.6374764442443848,0.0,1.6374764442443848
৬টি,0.6475701332092285,0.010101010101010102,1.6374691231082186
চাইত,0.637434184551239,0.0,1.637434184551239
অনুষ্ঠানে,0.6373590528964996,0.0,1.6373590528964996
বাঁ,0.6373440027236938,0.0,1.6373440027236938
প্রেমের,0.6372397840023041,0.0,1.637239784002304
লেকচ,0.6372328102588654,0.0,1.6372328102588654
লড়াইয়ে,0.6372249722480774,0.0,1.6372249722480774
খুললে,0.6371805667877197,0.0,1.6371805667877197
জেফ,0.6371429562568665,0.0,1.6371429562568665
ধুমধাম,0.6371406018733978,0.0,1.6371406018733978
এপি,0.6369726657867432,0.0,1.6369726657867432
ধ্বনি,0.6369563639163971,0.0,1.636956363916397
আন্তরিক,0.6369320750236511,0.0,1.6369320750236511
ফানুস,0.6369225680828094,0.0,1.6369225680828094
প্রভাবে,0.6368680894374847,0.0,1.6368680894374847
জড়ো,0.6368307173252106,0.0,1.6368307173252106
পাষাণ,0.6368188261985779,0.0,1.6368188261985779
সেটাকে,0.6368060111999512,0.0,1.6368060111999512
পর্যায়ে,0.636765867471695,0.0,1.636765867471695
থেকেছেন,0.6367653608322144,0.0,1.6367653608322144
দ্বাদশ,0.6367518901824951,0.0,1.6367518901824951
কতটুকু,0.6367506682872772,0.0,1.6367506682872772
ভালবাসা,0.6367322504520416,0.0,1.6367322504520416
নমুন,0.6367179453372955,0.0,1.6367179453372955
মনো,0.6366762816905975,0.0,1.6366762816905975
সেব,0.6366637647151947,0.0,1.6366637647151947
রাশিয়,0.636658251285553,0.0,1.636658251285553
এজন্য,0.6366231441497803,0.0,1.6366231441497803
তখনি,0.636596143245697,0.0,1.636596143245697
চাঁপা,0.6365605890750885,0.0,1.6365605890750885
হেড,0.6365344226360321,0.0,1.636534422636032
পাহ,0.6365312337875366,0.0,1.6365312337875366
রিটার্ন,0.6365237236022949,0.0,1.636523723602295
সাড়ে,0.6365092098712921,0.0,1.6365092098712921
সহকারে,0.6364543437957764,0.0,1.6364543437957764
বেসামরিক,0.6364425420761108,0.0,1.6364425420761108
ইউনিয়ন,0.6364050805568695,0.0,1.6364050805568695
বাছুর,0.6363814473152161,0.0,1.636381447315216
শাখা,0.6363625228404999,0.0,1.6363625228404999
অভাবে,0.6363308429718018,0.0,1.6363308429718018
সুপারিশ,0.6363272368907928,0.0,1.6363272368907928
উঠান,0.6363214254379272,0.0,1.6363214254379272
আসবাব,0.6363186538219452,0.0,1.6363186538219452
হলুদ,0.636307418346405,0.0,1.636307418346405
স্বরাজ,0.6362894475460052,0.0,1.6362894475460052
দৃশ্যমান,0.6362889111042023,0.0,1.6362889111042023
পাইপ,0.6362859904766083,0.0,1.6362859904766083
কোদাল,0.6362859606742859,0.0,1.6362859606742859
সুদৃশ্য,0.6362466216087341,0.0,1.6362466216087341
হোস,0.6362365186214447,0.0,1.6362365186214447
আসি,0.636220782995224,0.0,1.636220782995224
নামানোর,0.646319180727005,0.010101010101010102,1.636218170625995
প্রতিযোগিতা,0.6361923813819885,0.0,1.6361923813819885
প্রাঙ্গণে,0.6361543834209442,0.0,1.6361543834209442
নারকেল,0.6361127495765686,0.0,1.6361127495765686
সক্রিয়,0.6360971629619598,0.0,1.6360971629619598
কিছুতে,0.636094331741333,0.0,1.636094331741333
প্যাক,0.6360927820205688,0.0,1.6360927820205688
উদ্দীপ্ত,0.6360908150672913,0.0,1.6360908150672913
সন্ন্যাসী,0.6360534131526947,0.0,1.6360534131526947
মেন,0.6360194683074951,0.0,1.6360194683074951
উপভোগ,0.6461008191108704,0.010101010101010102,1.6359998090098604
জেলের,0.635950118303299,0.0,1.635950118303299
অভি,0.6359395384788513,0.0,1.6359395384788513
আশঙ্কা,0.6359299421310425,0.0,1.6359299421310425
দামি,0.6359235048294067,0.0,1.6359235048294067
সারা,0.6359151899814606,0.0,1.6359151899814606
টেস্টে,0.6359128355979919,0.0,1.635912835597992
মিষ্টিমুখ,0.6358745992183685,0.0,1.6358745992183685
নিপাত,0.6358696222305298,0.0,1.6358696222305298
সংক্রামক,0.6358468532562256,0.0,1.6358468532562256
গাওয়া,0.6358306109905243,0.0,1.6358306109905243
কনে,0.6358121633529663,0.0,1.6358121633529663
ফেরেনি,0.6358105838298798,0.0,1.6358105838298798
বাহিনীর,0.6358003318309784,0.0,1.6358003318309784
যেমনি,0.635791540145874,0.0,1.635791540145874
পাচ্,0.6357849538326263,0.0,1.6357849538326263
ভালোবাসে,0.6357848942279816,0.0,1.6357848942279816
সামল,0.6357682347297668,0.0,1.6357682347297668
চিত্রনাট্য,0.6357673704624176,0.0,1.6357673704624176
গজা,0.6357539594173431,0.0,1.6357539594173431
আবির্ভূত,0.6357511579990387,0.0,1.6357511579990387
দালান,0.6357175707817078,0.0,1.6357175707817078
দেখামাত্র,0.6356387734413147,0.0,1.6356387734413147
করুক,0.6356243193149567,0.0,1.6356243193149567
দিল্লির,0.6355994045734406,0.0,1.6355994045734406
মাখ,0.635582834482193,0.0,1.635582834482193
গাড়ির,0.6355735659599304,0.0,1.6355735659599304
উচ্চারণ,0.6355700790882111,0.0,1.635570079088211
প্রবীর,0.635561615228653,0.0,1.635561615228653
আশঙ্ক,0.6355281174182892,0.0,1.6355281174182892
মিনু,0.635517418384552,0.0,1.635517418384552
গুলির,0.6353979706764221,0.0,1.6353979706764221
সাঁকো,0.6558007895946503,0.02040816326530612,1.6353926263293441
কথাবার্তা,0.6353436708450317,0.0,1.6353436708450317
মুদ্,0.6352729797363281,0.0,1.6352729797363281
কাটি,0.6352402567863464,0.0,1.6352402567863464
সংগ্রামী,0.6351671516895294,0.0,1.6351671516895294
নদীবক্ষে,0.6351668238639832,0.0,1.6351668238639832
আত্ম,0.6351410746574402,0.0,1.6351410746574402
সংবাদপত্রে,0.6351002752780914,0.0,1.6351002752780914
শিশির,0.6350586712360382,0.0,1.6350586712360382
আমলে,0.6350394487380981,0.0,1.6350394487380981
জাপানে,0.6350293755531311,0.0,1.635029375553131
নাহলে,0.6350108981132507,0.0,1.6350108981132507
শান্তর,0.6350004374980927,0.0,1.6350004374980927
চাও,0.6349547505378723,0.0,1.6349547505378723
বার্ধক্য,0.634892463684082,0.0,1.634892463684082
লি,0.6348843574523926,0.0,1.6348843574523926
প্রচার,0.6348574459552765,0.0,1.6348574459552765
প্রবাদ,0.6348268985748291,0.0,1.634826898574829
দুইজনে,0.6347612142562866,0.0,1.6347612142562866
চাহিদ,0.6347543001174927,0.0,1.6347543001174927
পিসে,0.6347007155418396,0.0,1.6347007155418396
কামাল,0.6346808671951294,0.0,1.6346808671951294
বইতে,0.6346755921840668,0.0,1.6346755921840668
চূড়ান্ত,0.6345553994178772,0.0,1.6345553994178772
মিথ্যে,0.6345476806163788,0.0,1.6345476806163788
ত্রিশ,0.6344473361968994,0.0,1.6344473361968994
আটক,0.6344295740127563,0.0,1.6344295740127563
সম্মতি,0.634422242641449,0.0,1.634422242641449
ভাইবোন,0.6344200074672699,0.0,1.63442000746727
একতরফা,0.6343898177146912,0.0,1.6343898177146912
অগাধ,0.6343526542186737,0.0,1.6343526542186737
ছেলেটি,0.6342411637306213,0.0,1.6342411637306213
উপযুক্ত,0.6342405676841736,0.0,1.6342405676841736
ভাসা,0.6342258751392365,0.0,1.6342258751392365
আকুতি,0.6342015266418457,0.0,1.6342015266418457
দূরত্বে,0.6341960728168488,0.0,1.6341960728168488
টোকা,0.6341837346553802,0.0,1.6341837346553802
কারবার,0.6341670751571655,0.0,1.6341670751571655
সার্ভ,0.6442432105541229,0.010101010101010102,1.634142200453113
মাইক,0.634132444858551,0.0,1.634132444858551
বাহির,0.6341241300106049,0.0,1.6341241300106049
এগো,0.6341168582439423,0.0,1.6341168582439423
বলছিল,0.6341118812561035,0.0,1.6341118812561035
আশপাশ,0.634073793888092,0.0,1.634073793888092
বিজ্ঞাপন,0.6340335607528687,0.0,1.6340335607528687
ছড়িয়ে,0.6339854598045349,0.0,1.633985459804535
জুত,0.6339841485023499,0.0,1.6339841485023499
কাশি,0.6543355882167816,0.02040816326530612,1.6339274249514755
বিকৃতি,0.633908748626709,0.0,1.633908748626709
চাইবে,0.6338980495929718,0.0,1.6338980495929718
ওয়াল,0.6338920593261719,0.0,1.6338920593261719
জানিয়েছেন,0.6338609457015991,0.0,1.6338609457015991
মুর্শিদাবাদ,0.6338500082492828,0.0,1.6338500082492828
চেয়েছি,0.6338239312171936,0.0,1.6338239312171936
কিনলে,0.6338057518005371,0.0,1.633805751800537
সাজা,0.6337954998016357,0.0,1.6337954998016357
সিঙ্গাপুর,0.6438857913017273,0.010101010101010102,1.6337847812007174
বিজয়,0.6337284743785858,0.0,1.6337284743785858
পরী,0.6337093710899353,0.0,1.6337093710899353
বলবো,0.6337004601955414,0.0,1.6337004601955414
দেশবাসীর,0.633683443069458,0.0,1.633683443069458
অ্যা,0.6336685717105865,0.0,1.6336685717105865
বোম,0.6336258947849274,0.0,1.6336258947849274
ভিজে,0.6336223781108856,0.0,1.6336223781108856
সিংহাসন,0.6336200833320618,0.0,1.6336200833320618
সাম্প্রতিক,0.6336039900779724,0.0,1.6336039900779724
বাহক,0.633571982383728,0.0,1.633571982383728
বিজন,0.6335411369800568,0.0,1.6335411369800568
স্থাপিত,0.63352832198143,0.0,1.63352832198143
হচ্ছি,0.6335241496562958,0.0,1.6335241496562958
উপকরণ,0.6334956586360931,0.0,1.6334956586360931
কোমরে,0.6435567140579224,0.010101010101010102,1.6334557039569124
বিচক্ষণ,0.6333767175674438,0.0,1.6333767175674438
অনুসারে,0.6333166658878326,0.0,1.6333166658878326
সুবিচ,0.6333036720752716,0.0,1.6333036720752716
হাসিমুখে,0.6332835555076599,0.0,1.63328355550766
সামঞ্জস্য,0.6332787573337555,0.0,1.6332787573337555
জেমস,0.6332402527332306,0.0,1.6332402527332306
ইস,0.6332341730594635,0.0,1.6332341730594635
পিছিয়ে,0.6332107782363892,0.0,1.6332107782363892
দেবী,0.6331768929958344,0.0,1.6331768929958344
সঠিকভাবে,0.6331674158573151,0.0,1.633167415857315
লেগেছিল,0.633157342672348,0.0,1.633157342672348
খুঁজ,0.6330940425395966,0.0,1.6330940425395966
মরুভূমির,0.6330348253250122,0.0,1.6330348253250122
দূরবর্তী,0.6330209970474243,0.0,1.6330209970474243
মানব,0.6330119967460632,0.0,1.6330119967460632
ভাইয়,0.633005827665329,0.0,1.633005827665329
দুদু,0.6329725682735443,0.0,1.6329725682735443
তারপরে,0.6329551935195923,0.0,1.6329551935195923
আর্মি,0.6329092979431152,0.0,1.6329092979431152
বদি,0.6329070925712585,0.0,1.6329070925712585
শাসক,0.6328926980495453,0.0,1.6328926980495453
নির্বিক,0.6328488290309906,0.0,1.6328488290309906
উস্কানি,0.6327031254768372,0.0,1.6327031254768372
বাদশা,0.6326932311058044,0.0,1.6326932311058044
মঞ্জু,0.6326608061790466,0.0,1.6326608061790466
মিস্,0.6326447129249573,0.0,1.6326447129249573
রিলে,0.6325919032096863,0.0,1.6325919032096863
পরিস্থিতির,0.632569432258606,0.0,1.632569432258606
বাক্য,0.6325660049915314,0.0,1.6325660049915314
বৈজ্ঞানিক,0.6325539648532867,0.0,1.6325539648532867
অ্যান্ড,0.6325322985649109,0.0,1.6325322985649109
ঘনিষ্ঠতা,0.6325313448905945,0.0,1.6325313448905945
মেলানোর,0.6325255334377289,0.0,1.6325255334377289
গুপ্তচর,0.6325118839740753,0.0,1.6325118839740753
টুক,0.6325031220912933,0.0,1.6325031220912933
নাইকো,0.6324864029884338,0.0,1.6324864029884338
বিক,0.6324218213558197,0.0,1.6324218213558197
এখান,0.6424925625324249,0.010101010101010102,1.632391552431415
চোট,0.63238924741745,0.0,1.63238924741745
যেটি,0.632328063249588,0.0,1.632328063249588
উপলব্ধি,0.6323265731334686,0.0,1.6323265731334686
মামল,0.6323087215423584,0.0,1.6323087215423584
বেপরোয়া,0.6322987973690033,0.0,1.6322987973690033
প্রদান,0.6423698365688324,0.010101010101010102,1.6322688264678225
বিবৃতি,0.6322631239891052,0.0,1.6322631239891052
আদৌ,0.6322556734085083,0.0,1.6322556734085083
আনুগত্য,0.6322310566902161,0.0,1.632231056690216
রাজ্যপাল,0.6322152614593506,0.0,1.6322152614593506
তুলো,0.6321977078914642,0.0,1.6321977078914642
পরিমাণে,0.6321950852870941,0.0,1.6321950852870941
পড়েনি,0.6321673393249512,0.0,1.6321673393249512
আটা,0.6321673095226288,0.0,1.6321673095226288
এমএ,0.6422038674354553,0.010101010101010102,1.6321028573344454
সরু,0.6320321559906006,0.0,1.6320321559906006
ভিতর,0.6320189237594604,0.0,1.6320189237594604
বেমানান,0.6320116817951202,0.0,1.6320116817951202
রমেশ,0.6421079933643341,0.010101010101010102,1.6320069832633242
বিদায়ী,0.6320002675056458,0.0,1.6320002675056458
একক,0.6319785118103027,0.0,1.6319785118103027
নিপীড়ন,0.6319662034511566,0.0,1.6319662034511566
স্নেহ,0.6319637894630432,0.0,1.6319637894630432
পিছন,0.6319636404514313,0.0,1.6319636404514313
সেবা,0.6319496333599091,0.0,1.631949633359909
তোলে,0.6319447755813599,0.0,1.6319447755813599
রানীর,0.6318996548652649,0.0,1.631899654865265
জমিজমা,0.6318994760513306,0.0,1.6318994760513306
ফার,0.6318767368793488,0.0,1.6318767368793488
হুজুর,0.6317014396190643,0.0,1.6317014396190643
দাও,0.6316687762737274,0.0,1.6316687762737274
প্রসঙ্গে,0.6316454708576202,0.0,1.6316454708576202
বিদ্বেষ,0.6315901875495911,0.0,1.631590187549591
ডাক্তারি,0.6315752863883972,0.0,1.6315752863883972
কেস,0.6315721869468689,0.0,1.631572186946869
পার্থ,0.6315458416938782,0.0,1.6315458416938782
ছাউনি,0.6315189301967621,0.0,1.631518930196762
কেরানি,0.6314815282821655,0.0,1.6314815282821655
নববধূর,0.6314781606197357,0.0,1.6314781606197357
নাগরিক,0.6314544677734375,0.0,1.6314544677734375
ধাওয়া,0.6314453184604645,0.0,1.6314453184604645
গণতান্ত্রিক,0.6313704252243042,0.0,1.6313704252243042
পদোন্নতি,0.6312867403030396,0.0,1.6312867403030396
সো,0.6312825083732605,0.0,1.6312825083732605
গাধা,0.6312631964683533,0.0,1.6312631964683533
আমেরিকা,0.6413098275661469,0.010101010101010102,1.631208817465137
করিনি,0.6311938762664795,0.0,1.6311938762664795
নাপিত,0.6311152875423431,0.0,1.6311152875423431
ছেলেরা,0.6311002671718597,0.0,1.6311002671718597
নিক্ষেপ,0.631043404340744,0.0,1.631043404340744
লড়ে,0.6310307681560516,0.0,1.6310307681560516
ডাকি,0.6310271918773651,0.0,1.6310271918773651
ফিন,0.631025105714798,0.0,1.631025105714798
পাপ,0.6310240626335144,0.0,1.6310240626335144
শোভন,0.6309786140918732,0.0,1.6309786140918732
কদিনে,0.6309767961502075,0.0,1.6309767961502075
খুঁজছ,0.6309715807437897,0.0,1.6309715807437897
বিপ্লব,0.630970299243927,0.0,1.630970299243927
অদূরে,0.6309445798397064,0.0,1.6309445798397064
বাক্সে,0.6308932602405548,0.0,1.6308932602405548
চশমা,0.6308919787406921,0.0,1.6308919787406921
পরিজন,0.6308671832084656,0.0,1.6308671832084656
অজ্ঞাত,0.6308634579181671,0.0,1.6308634579181671
অনিয়ম,0.6308357417583466,0.0,1.6308357417583466
খেলাধুল,0.6307335793972015,0.0,1.6307335793972015
সমাদ্দ,0.6307171881198883,0.0,1.6307171881198883
বাঁচান,0.6307141780853271,0.0,1.6307141780853271
ডেপু,0.6307014524936676,0.0,1.6307014524936676
নহে,0.6306844353675842,0.0,1.6306844353675842
পেতেন,0.630622386932373,0.0,1.630622386932373
ভাবাবেগ,0.6306111812591553,0.0,1.6306111812591553
টাকাটা,0.6306090354919434,0.0,1.6306090354919434
সাইজ,0.6305885314941406,0.0,1.6305885314941406
দীপু,0.6305757164955139,0.0,1.630575716495514
স্বদেশ,0.6305555105209351,0.0,1.630555510520935
টানটান,0.630483090877533,0.0,1.630483090877533
হৈ,0.6405301988124847,0.010101010101010102,1.6304291887114748
মুরগী,0.6304187774658203,0.0,1.6304187774658203
পল্লীর,0.6304175555706024,0.0,1.6304175555706024
এসেছিলো,0.6303887069225311,0.0,1.6303887069225311
নির্বাচন,0.6303802132606506,0.0,1.6303802132606506
হালকা,0.6303673982620239,0.0,1.630367398262024
ভাবলে,0.6303343176841736,0.0,1.6303343176841736
ক্যামেরার,0.6303084492683411,0.0,1.630308449268341
আকারে,0.6302906274795532,0.0,1.6302906274795532
কর্মচারীর,0.6302569806575775,0.0,1.6302569806575775
পাঠক,0.6302546560764313,0.0,1.6302546560764313
রীতিম,0.6302259266376495,0.0,1.6302259266376495
সম্মিলনী,0.6302022039890289,0.0,1.630202203989029
অভিযানে,0.6301793158054352,0.0,1.6301793158054352
আধ,0.6301726400852203,0.0,1.6301726400852203
উপযোগিতা,0.6301587820053101,0.0,1.63015878200531
ভট্টাচার্যের,0.6301206350326538,0.0,1.6301206350326538
চাকুরি,0.6300860047340393,0.0,1.6300860047340393
শহুরে,0.6300624310970306,0.0,1.6300624310970306
লড়া,0.630049854516983,0.0,1.630049854516983
ডাকঘর,0.630027562379837,0.0,1.630027562379837
ঝুমুর,0.6300056278705597,0.0,1.6300056278705597
বিয়ে,0.6299605965614319,0.0,1.6299605965614319
ফিরত,0.629940927028656,0.0,1.629940927028656
সংহতির,0.6298643052577972,0.0,1.6298643052577972
তাতে,0.6298139691352844,0.0,1.6298139691352844
সশরীরে,0.6298026442527771,0.0,1.629802644252777
অচেতন,0.6297492682933807,0.0,1.6297492682933807
খাঁ,0.6297167837619781,0.0,1.6297167837619781
লুট,0.6296350061893463,0.0,1.6296350061893463
নিভে,0.6296132206916809,0.0,1.629613220691681
উত্তেজনা,0.6396917700767517,0.010101010101010102,1.6295907599757418
গাইতে,0.6295649409294128,0.0,1.6295649409294128
নিরর্থক,0.6294110417366028,0.0,1.6294110417366028
বেটা,0.6293964684009552,0.0,1.6293964684009552
করিলে,0.6293762028217316,0.0,1.6293762028217316
মুখপাত্র,0.629328578710556,0.0,1.629328578710556
রোজ,0.629290759563446,0.0,1.629290759563446
নির্গত,0.6292832493782043,0.0,1.6292832493782043
উতলা,0.6292537748813629,0.0,1.629253774881363
চালাচ্ছি,0.6292498707771301,0.0,1.6292498707771301
ভেবেছি,0.6292415261268616,0.0,1.6292415261268616
সুখ,0.6291584968566895,0.0,1.6291584968566895
কলাগা,0.629137396812439,0.0,1.629137396812439
চিঠির,0.6392272710800171,0.010101010101010102,1.6291262609790071
কানু,0.6291044652462006,0.0,1.6291044652462006
টাইম,0.6290824711322784,0.0,1.6290824711322784
সেরকম,0.6289990842342377,0.0,1.6289990842342377
হ্যাটট্রিক,0.6289919018745422,0.0,1.6289919018745422
সংশোধন,0.6289896070957184,0.0,1.6289896070957184
জার্মানির,0.6289752125740051,0.0,1.6289752125740051
আড়া,0.6289143860340118,0.0,1.6289143860340118
স্মৃতি,0.6289140284061432,0.0,1.6289140284061432
দীক্ষিত,0.6288919150829315,0.0,1.6288919150829315
প্রদেশ,0.6287948787212372,0.0,1.6287948787212372
ডিটেকটিভ,0.6287636458873749,0.0,1.6287636458873749
যাপন,0.6287216246128082,0.0,1.6287216246128082
ধাপে,0.6287088096141815,0.0,1.6287088096141815
পলি,0.6286731362342834,0.0,1.6286731362342834
নাতনী,0.6286487877368927,0.0,1.6286487877368927
প্রুফ,0.6286250054836273,0.0,1.6286250054836273
পল্লী,0.6285757124423981,0.0,1.628575712442398
পেরু,0.628565639257431,0.0,1.628565639257431
শাক,0.6386426389217377,0.010101010101010102,1.6285416288207277
মিডনাইট,0.6285340189933777,0.0,1.6285340189933777
আশি,0.6384576857089996,0.010101010101010102,1.6283566756079897
নিয়ম,0.6283477246761322,0.0,1.6283477246761322
সর্বসাধারণের,0.6283287107944489,0.0,1.6283287107944489
সমিতি,0.6383610367774963,0.010101010101010102,1.6282600266764864
সম্মুখ,0.628252387046814,0.0,1.628252387046814
অতিষ্ঠ,0.6282159090042114,0.0,1.6282159090042114
লাখে,0.6282107532024384,0.0,1.6282107532024384
বিলাসী,0.6281086802482605,0.0,1.6281086802482605
বাড়ে,0.6280981302261353,0.0,1.6280981302261353
অসম্মান,0.6280904114246368,0.0,1.6280904114246368
হউক,0.6280680596828461,0.0,1.628068059682846
জানাজানি,0.6381682455539703,0.010101010101010102,1.6280672354529604
সুবিধাজনক,0.6280485391616821,0.0,1.6280485391616821
সারিবদ্ধভাবে,0.6280281841754913,0.0,1.6280281841754913
ইউনাইটেড,0.6279725432395935,0.0,1.6279725432395935
ইচ্ছ,0.6279197931289673,0.0,1.6279197931289673
প্ররোচনা,0.6278892457485199,0.0,1.62788924574852
নেতৃত্বে,0.6278872489929199,0.0,1.62788724899292
মশলা,0.6278812289237976,0.0,1.6278812289237976
পাঠালে,0.6278596520423889,0.0,1.627859652042389
আলোর,0.6278553009033203,0.0,1.6278553009033203
ফেলেছেন,0.6278398633003235,0.0,1.6278398633003235
সবকিছু,0.627838671207428,0.0,1.627838671207428
ডোব,0.627827912569046,0.0,1.627827912569046
এনেছি,0.6278243660926819,0.0,1.6278243660926819
পরিহাস,0.6278203725814819,0.0,1.627820372581482
কোরাস,0.627809464931488,0.0,1.627809464931488
আদা,0.6277293860912323,0.0,1.6277293860912323
শাহী,0.6276563107967377,0.0,1.6276563107967377
টুডে,0.6276200711727142,0.0,1.6276200711727142
ইন্,0.6276146471500397,0.0,1.6276146471500397
মুর,0.6275813579559326,0.0,1.6275813579559326
যাইতে,0.6275791525840759,0.0,1.627579152584076
পুটু,0.6275752186775208,0.0,1.6275752186775208
প্রয়োজনে,0.6275044977664948,0.0,1.6275044977664948
থানা,0.62747523188591,0.0,1.62747523188591
বিবেকের,0.6274612843990326,0.0,1.6274612843990326
স্বাধীনভাবে,0.6274598240852356,0.0,1.6274598240852356
অবহেলা,0.6375592648983002,0.010101010101010102,1.6274582547972902
ওড়না,0.6274535953998566,0.0,1.6274535953998566
সম্ভাবনা,0.6274475157260895,0.0,1.6274475157260895
সামগ্রিক,0.6274049282073975,0.0,1.6274049282073975
রেখো,0.6273831129074097,0.0,1.6273831129074097
অপরিচ্ছন্ন,0.6273734867572784,0.0,1.6273734867572784
পিষে,0.6273671388626099,0.0,1.6273671388626099
আহরণে,0.6273310780525208,0.0,1.6273310780525208
সেও,0.627312570810318,0.0,1.627312570810318
হেই,0.6273078918457031,0.0,1.6273078918457031
নও,0.6272846758365631,0.0,1.627284675836563
প্রজাতির,0.6272755861282349,0.0,1.6272755861282349
দ্বিতীয়ব,0.6272061467170715,0.0,1.6272061467170715
তুললে,0.627162516117096,0.0,1.627162516117096
মেত,0.6271167993545532,0.0,1.6271167993545532
পাত,0.627053439617157,0.0,1.627053439617157
দিল্লী,0.6270459294319153,0.0,1.6270459294319153
লিচু,0.6270065009593964,0.0,1.6270065009593964
বিচিত্র,0.6269907653331757,0.0,1.6269907653331757
দেহ,0.626973569393158,0.0,1.626973569393158
জমিদারি,0.6269682347774506,0.0,1.6269682347774506
ইসরাইল,0.6269616782665253,0.0,1.6269616782665253
থার্ড,0.6269448399543762,0.0,1.6269448399543762
আবিষ্ক,0.6370325684547424,0.010101010101010102,1.6269315583537325
নীতি,0.6269177496433258,0.0,1.6269177496433258
ঘোরাঘুরি,0.6268394291400909,0.0,1.626839429140091
ঘাম,0.6268022358417511,0.0,1.626802235841751
গির্জ,0.6267819106578827,0.0,1.6267819106578827
ভাইপো,0.6267713904380798,0.0,1.6267713904380798
বুঝবো,0.6267167925834656,0.0,1.6267167925834656
জার্মানী,0.6267006993293762,0.0,1.6267006993293762
জাগ্রত,0.6266976892948151,0.0,1.626697689294815
তদারক,0.6266828179359436,0.0,1.6266828179359436
মোহন,0.6266826391220093,0.0,1.6266826391220093
শরণাপন্ন,0.6266782879829407,0.0,1.6266782879829407
কম্পাউন্ড,0.6266770660877228,0.0,1.6266770660877228
প্রভাবিত,0.6266639530658722,0.0,1.6266639530658722
অরুণা,0.626641035079956,0.0,1.626641035079956
ফলাফল,0.636723518371582,0.010101010101010102,1.626622508270572
শিল্পীর,0.6265945732593536,0.0,1.6265945732593536
আবদ,0.6265664398670197,0.0,1.6265664398670197
শেষদি,0.6265123188495636,0.0,1.6265123188495636
সমাদর,0.6264376938343048,0.0,1.6264376938343048
কামন,0.6264128983020782,0.0,1.6264128983020782
ভাষায়,0.6264103949069977,0.0,1.6264103949069977
তাপ,0.6264083385467529,0.0,1.626408338546753
ব্যাঙ্ক,0.6263892948627472,0.0,1.6263892948627472
কৃতী,0.6263891458511353,0.0,1.6263891458511353
ফিরবে,0.6263609230518341,0.0,1.626360923051834
শ্রাবণ,0.6263271570205688,0.0,1.6263271570205688
খাচ্ছিল,0.6263081133365631,0.0,1.626308113336563
বেল,0.6262938380241394,0.0,1.6262938380241394
পাষণ্ড,0.6262670159339905,0.0,1.6262670159339905
শান্তভাবে,0.6262624263763428,0.0,1.6262624263763428
হাইড্রোজ,0.6261895000934601,0.0,1.62618950009346
রূপান্তর,0.6261766254901886,0.0,1.6261766254901886
আইনস্টাইন,0.6261551082134247,0.0,1.6261551082134247
মেরু,0.6261431872844696,0.0,1.6261431872844696
পড়ে,0.6261144280433655,0.0,1.6261144280433655
চিত্ত,0.6260581314563751,0.0,1.6260581314563751
প্রচারক,0.6259676218032837,0.0,1.6259676218032837
নামী,0.6258189976215363,0.0,1.6258189976215363
চিনিকল,0.6258019506931305,0.0,1.6258019506931305
স্বভাবত,0.6257856488227844,0.0,1.6257856488227844
ভিত,0.6257661581039429,0.0,1.6257661581039429
গুহ,0.6257256269454956,0.0,1.6257256269454956
আরামে,0.6256949305534363,0.0,1.6256949305534363
ইহকাল,0.635723739862442,0.010101010101010102,1.625622729761432
পার্বত্য,0.625584602355957,0.0,1.625584602355957
রাজেন্দ্র,0.6255680024623871,0.0,1.625568002462387
বৌক,0.6255136430263519,0.0,1.625513643026352
ডোর,0.625502347946167,0.0,1.625502347946167
কোণ,0.6254769265651703,0.0,1.6254769265651703
নিকটবর্তী,0.625449538230896,0.0,1.625449538230896
সিগারেট,0.6355019211769104,0.010101010101010102,1.6254009110759005
স্থলে,0.6253713667392731,0.0,1.625371366739273
একঝাঁক,0.6251767873764038,0.0,1.6251767873764038
আবশ্যক,0.6251659691333771,0.0,1.625165969133377
গাঁথা,0.6251551508903503,0.0,1.6251551508903503
পাখির,0.6251072883605957,0.0,1.6251072883605957
অংশীদ,0.6250895261764526,0.0,1.6250895261764526
ন্যায়,0.625059187412262,0.0,1.625059187412262
চাকরির,0.635128378868103,0.010101010101010102,1.625027368767093
বাস্তব,0.625003844499588,0.0,1.625003844499588
সামন্ত,0.6249515116214752,0.0,1.6249515116214752
সর্বোপরি,0.6249038279056549,0.0,1.624903827905655
মিশ্র,0.6248420476913452,0.0,1.6248420476913452
উপকারী,0.6248136460781097,0.0,1.6248136460781097
মঞ্চে,0.6248094439506531,0.0,1.624809443950653
সমাপ্ত,0.6247791051864624,0.0,1.6247791051864624
যোগ্যত,0.6247431039810181,0.0,1.624743103981018
সখী,0.6247422099113464,0.0,1.6247422099113464
দোসর,0.6247061192989349,0.0,1.624706119298935
পায়নি,0.6246769428253174,0.0,1.6246769428253174
গুরুতর,0.624658077955246,0.0,1.624658077955246
নজরে,0.6246571838855743,0.0,1.6246571838855743
পাহা,0.6246325969696045,0.0,1.6246325969696045
শিখ,0.6245838403701782,0.0,1.6245838403701782
প্রেতাত্মা,0.6245571672916412,0.0,1.6245571672916412
সবচেয়ে,0.6245455145835876,0.0,1.6245455145835876
বোতল,0.6245353817939758,0.0,1.6245353817939758
প্রদর্শনীর,0.6245311796665192,0.0,1.6245311796665192
ফিরিয়ে,0.6244947016239166,0.0,1.6244947016239166
থাকেনি,0.6243546009063721,0.0,1.624354600906372
পদাতিক,0.6243318617343903,0.0,1.6243318617343903
থাকি,0.6243063807487488,0.0,1.6243063807487488
ভূমিহীন,0.6243036389350891,0.0,1.6243036389350891
সুবিশাল,0.6242949366569519,0.0,1.624294936656952
কোম্পানীর,0.62428879737854,0.0,1.62428879737854
কঙ্কাল,0.6242806911468506,0.0,1.6242806911468506
চেহা,0.6242751777172089,0.0,1.6242751777172089
পৈতৃক,0.624200165271759,0.0,1.624200165271759
থ্রি,0.6551256775856018,0.030927835051546393,1.6241978425340555
চাইছ,0.6241810023784637,0.0,1.6241810023784637
শোরগোল,0.6241805553436279,0.0,1.624180555343628
মিছিল,0.6241657137870789,0.0,1.6241657137870789
নিশ্চিতভাবে,0.6342619955539703,0.010101010101010102,1.6241609854529604
মৌখিক,0.6342312693595886,0.010101010101010102,1.6241302592585787
চিরতরে,0.6240394711494446,0.0,1.6240394711494446
মুরগির,0.6240208745002747,0.0,1.6240208745002747
গ্রহণে,0.6240097284317017,0.0,1.6240097284317017
আমব,0.623976469039917,0.0,1.623976469039917
আঙ্গুল,0.6239309310913086,0.0,1.6239309310913086
ফেলি,0.6238795518875122,0.0,1.6238795518875122
টুপি,0.6238038241863251,0.0,1.623803824186325
ক্লান্ত,0.6338622570037842,0.010101010101010102,1.6237612469027742
সমৃদ্ধি,0.6237522065639496,0.0,1.6237522065639496
অনড়,0.6236782670021057,0.0,1.6236782670021057
গানে,0.6337718665599823,0.010101010101010102,1.6236708564589724
উপস্থাপিত,0.6236122250556946,0.0,1.6236122250556946
ষোল,0.6235707402229309,0.0,1.623570740222931
এগিয়ে,0.6336263120174408,0.010101010101010102,1.6235253019164309
করিব,0.6234898269176483,0.0,1.6234898269176483
লাইট,0.6233865916728973,0.0,1.6233865916728973
রূপে,0.6233106851577759,0.0,1.6233106851577759
ফ্রি,0.6232841908931732,0.0,1.6232841908931732
মৃত্যুকালে,0.6232682168483734,0.0,1.6232682168483734
আগমন,0.6232302784919739,0.0,1.6232302784919739
শতাব্দী,0.6332873404026031,0.010101010101010102,1.6231863303015932
৯টা,0.6231567859649658,0.0,1.6231567859649658
ভাবা,0.6231535077095032,0.0,1.6231535077095032
চিত্র,0.6231407225131989,0.0,1.6231407225131989
তাইতো,0.6230899691581726,0.0,1.6230899691581726
জাতিসংঘ,0.6230819225311279,0.0,1.623081922531128
ঘাপ,0.6230762302875519,0.0,1.6230762302875519
খেলাধুলো,0.6230658292770386,0.0,1.6230658292770386
নাট,0.623003363609314,0.0,1.623003363609314
ক্ষুধা,0.6229657530784607,0.0,1.6229657530784607
মৌচাক,0.6229579150676727,0.0,1.6229579150676727
তাকে,0.6228771805763245,0.0,1.6228771805763245
লাফা,0.6228584349155426,0.0,1.6228584349155426
রশি,0.6228534281253815,0.0,1.6228534281253815
হাড়,0.6228388249874115,0.0,1.6228388249874115
সুকৌশলে,0.622825562953949,0.0,1.622825562953949
বিশুদ্ধ,0.6329250633716583,0.010101010101010102,1.6228240532706484
কামনা,0.6227968037128448,0.0,1.6227968037128448
শ্বশুরবাড়ির,0.6227670013904572,0.0,1.6227670013904572
কাঁধে,0.6328279972076416,0.010101010101010102,1.6227269871066317
কোনোম,0.622713565826416,0.0,1.622713565826416
চারদি,0.6327665746212006,0.010101010101010102,1.6226655645201906
প্রতিজ্ঞ,0.6226114332675934,0.0,1.6226114332675934
পারব,0.6225839853286743,0.0,1.6225839853286743
ইংরেজ,0.6225826144218445,0.0,1.6225826144218445
বুলবুল,0.6225045621395111,0.0,1.622504562139511
খুশী,0.6224461793899536,0.0,1.6224461793899536
দ্বীপ,0.6224461495876312,0.0,1.6224461495876312
ধানে,0.6224450767040253,0.0,1.6224450767040253
মাঝামাঝি,0.6223839819431305,0.0,1.6223839819431305
মহাভারত,0.622289627790451,0.0,1.622289627790451
শাসনে,0.6222891509532928,0.0,1.6222891509532928
নিষ্পত্তি,0.6222480237483978,0.0,1.6222480237483978
এরূপ,0.6222399175167084,0.0,1.6222399175167084
কাম্য,0.6222037672996521,0.0,1.622203767299652
একঘন্,0.6221630573272705,0.0,1.6221630573272705
নিন,0.622062087059021,0.0,1.622062087059021
স্বাক্ষর,0.6220308542251587,0.0,1.6220308542251587
গরুর,0.6320512294769287,0.010101010101010102,1.6219502193759188
খুলবে,0.6219444274902344,0.0,1.6219444274902344
ফকির,0.621930330991745,0.0,1.621930330991745
তরুণী,0.6218903958797455,0.0,1.6218903958797455
আরমানি,0.6218344569206238,0.0,1.6218344569206238
ঘটেছিল,0.6217979490756989,0.0,1.6217979490756989
কান্নাকা,0.6217237412929535,0.0,1.6217237412929535
রোগীর,0.6217171847820282,0.0,1.6217171847820282
পোপ,0.6216930150985718,0.0,1.6216930150985718
বিশ্বে,0.6216891705989838,0.0,1.6216891705989838
ছাই,0.6216816902160645,0.0,1.6216816902160645
তৈরী,0.6216629445552826,0.0,1.6216629445552826
বিধবা,0.6216499507427216,0.0,1.6216499507427216
আমূল,0.6216436624526978,0.0,1.6216436624526978
নামডাক,0.6216096580028534,0.0,1.6216096580028534
জুলা,0.642005205154419,0.02040816326530612,1.6215970418891128
পরিণতির,0.6215936243534088,0.0,1.6215936243534088
গর্জে,0.6215590834617615,0.0,1.6215590834617615
আনন্,0.6215365827083588,0.0,1.6215365827083588
অধীর,0.6316181719303131,0.010101010101010102,1.6215171618293032
কাচ,0.6215066313743591,0.0,1.6215066313743591
পঙ্গপাল,0.6214669346809387,0.0,1.6214669346809387
রাক্ষুসে,0.6214666068553925,0.0,1.6214666068553925
সিন্দুক,0.6214660406112671,0.0,1.621466040611267
ফাস্ট,0.6315542459487915,0.010101010101010102,1.6214532358477816
মিনি,0.6214085817337036,0.0,1.6214085817337036
ভোরবেলা,0.6213966608047485,0.0,1.6213966608047485
এগু,0.6213192343711853,0.0,1.6213192343711853
ব্যবহারে,0.6213098168373108,0.0,1.6213098168373108
সন্ধা,0.621273398399353,0.0,1.621273398399353
অনু,0.6212051212787628,0.0,1.6212051212787628
থাম,0.6211903691291809,0.0,1.621190369129181
অভিযোগ,0.6211745142936707,0.0,1.6211745142936707
আশাতীত,0.621161162853241,0.0,1.621161162853241
চালিয়,0.6211231350898743,0.0,1.6211231350898743
মহিষ,0.6210529208183289,0.0,1.6210529208183289
খ্যাতির,0.6210110783576965,0.0,1.6210110783576965
দেড়,0.6209922432899475,0.0,1.6209922432899475
অনুভূতি,0.6209342777729034,0.0,1.6209342777729034
বাঁধে,0.6208977699279785,0.0,1.6208977699279785
স্পর্শে,0.6208973824977875,0.0,1.6208973824977875
গ্রীন,0.6208896338939667,0.0,1.6208896338939667
বাই,0.6208582520484924,0.0,1.6208582520484924
স্কেচ,0.620818167924881,0.0,1.620818167924881
আখ্যা,0.6207787394523621,0.0,1.620778739452362
ট্যাবলো,0.6207742691040039,0.0,1.620774269104004
শিকদার,0.6207663416862488,0.0,1.6207663416862488
ভিন,0.6207653284072876,0.0,1.6207653284072876
আঁচ,0.6207515001296997,0.0,1.6207515001296997
পারমাণবিক,0.6207441985607147,0.0,1.6207441985607147
অন,0.6207200586795807,0.0,1.6207200586795807
ইন্ধন,0.6207102239131927,0.0,1.6207102239131927
পদক্ষেপ,0.6207021474838257,0.0,1.6207021474838257
মুদ্রিত,0.620681643486023,0.0,1.620681643486023
অক্ষত,0.6206460893154144,0.0,1.6206460893154144
ভোগ,0.6205921471118927,0.0,1.6205921471118927
শান্তির,0.6204849481582642,0.0,1.6204849481582642
মৌমা,0.620464563369751,0.0,1.620464563369751
রুল,0.6204515099525452,0.0,1.6204515099525452
কাস্,0.6204140484333038,0.0,1.6204140484333038
বুদ্ধিজীবী,0.6203218996524811,0.0,1.620321899652481
উক্তি,0.6202767193317413,0.0,1.6202767193317413
সিপাহী,0.6303276717662811,0.010101010101010102,1.6202266616652712
দ্বিজ,0.6201927959918976,0.0,1.6201927959918976
অকালে,0.6201909184455872,0.0,1.6201909184455872
মন্দিরে,0.6201582849025726,0.0,1.6201582849025726
উল্লসিত,0.6201069355010986,0.0,1.6201069355010986
সাগরে,0.6200539171695709,0.0,1.620053917169571
টমাস,0.6200273931026459,0.0,1.6200273931026459
প্রবাসে,0.6199798583984375,0.0,1.6199798583984375
ব্যাগ,0.6199778616428375,0.0,1.6199778616428375
ভূগোল,0.6199477910995483,0.0,1.6199477910995483
ভোররা,0.6199347078800201,0.0,1.6199347078800201
দেবত,0.6199297904968262,0.0,1.6199297904968262
নদীপথ,0.6199200451374054,0.0,1.6199200451374054
কাপে,0.6198887526988983,0.0,1.6198887526988983
বর্ণনা,0.6198711097240448,0.0,1.6198711097240448
বিস্ত,0.6198663413524628,0.0,1.6198663413524628
ছিন্নভিন্ন,0.6198534667491913,0.0,1.6198534667491913
কটেজের,0.6198208630084991,0.0,1.6198208630084991
গেড়ে,0.6198127269744873,0.0,1.6198127269744873
পেট,0.6197863817214966,0.0,1.6197863817214966
ভালোবাসা,0.6298857927322388,0.010101010101010102,1.6197847826312288
তিনবার,0.6197572648525238,0.0,1.6197572648525238
কার্যালয়,0.6297857463359833,0.010101010101010102,1.6196847362349733
বাকী,0.6196536719799042,0.0,1.6196536719799042
খোঁজা,0.6196280419826508,0.0,1.6196280419826508
দোলা,0.6195328533649445,0.0,1.6195328533649445
বেদম,0.6195314824581146,0.0,1.6195314824581146
কোনোদিন,0.619487851858139,0.0,1.619487851858139
শোভাযাত্র,0.6194491386413574,0.0,1.6194491386413574
সংহতি,0.6194057166576385,0.0,1.6194057166576385
প্রকার,0.6193441152572632,0.0,1.6193441152572632
পুরুষে,0.6193302273750305,0.0,1.6193302273750305
সিনেম,0.6193145215511322,0.0,1.6193145215511322
ফাট,0.6192242205142975,0.0,1.6192242205142975
আঙুলে,0.6191793382167816,0.0,1.6191793382167816
পাঠাবো,0.6191676557064056,0.0,1.6191676557064056
ঘণ্টাখানেক,0.6191674172878265,0.0,1.6191674172878265
কথাবার্তার,0.6191523373126984,0.0,1.6191523373126984
চুম্বন,0.6191230118274689,0.0,1.6191230118274689
ফুটপাথে,0.6191137731075287,0.0,1.6191137731075287
সামাজিকভাবে,0.6190898418426514,0.0,1.6190898418426514
হাতি,0.6190711855888367,0.0,1.6190711855888367
ইঙ্গিত,0.6190407276153564,0.0,1.6190407276153564
বিকেলের,0.6190176904201508,0.0,1.6190176904201508
অতিক্রম,0.6190155744552612,0.0,1.6190155744552612
অসমান,0.6189941465854645,0.0,1.6189941465854645
প্রত্যাখ্যান,0.618938535451889,0.0,1.618938535451889
সৌন্দর্য,0.6188749372959137,0.0,1.6188749372959137
বালির,0.6188560128211975,0.0,1.6188560128211975
গুন,0.6188125312328339,0.0,1.6188125312328339
আবিষ্কৃত,0.6187266111373901,0.0,1.6187266111373901
যোগা,0.6187146902084351,0.0,1.618714690208435
উত্থান,0.6186400055885315,0.0,1.6186400055885315
যুদ্ধে,0.6186258494853973,0.0,1.6186258494853973
লাঙল,0.6186030805110931,0.0,1.6186030805110931
বাসি,0.6186027824878693,0.0,1.6186027824878693
সোল,0.6186002492904663,0.0,1.6186002492904663
নিকট,0.6185709238052368,0.0,1.6185709238052368
লোভে,0.6185587048530579,0.0,1.6185587048530579
বিভেদ,0.6185254454612732,0.0,1.6185254454612732
পরিণতি,0.6184728145599365,0.0,1.6184728145599365
লীগ,0.6184700727462769,0.0,1.6184700727462769
অবত,0.6184502243995667,0.0,1.6184502243995667
মোটা,0.6184264421463013,0.0,1.6184264421463013
বাঁশি,0.6183934509754181,0.0,1.618393450975418
উত্তরে,0.6183682680130005,0.0,1.6183682680130005
অনিতা,0.618354320526123,0.0,1.618354320526123
প্রশ্নোত্তর,0.6183364391326904,0.0,1.6183364391326904
পৌঁছবে,0.6183259785175323,0.0,1.6183259785175323
মূর্তির,0.6182816028594971,0.0,1.618281602859497
আল,0.6182710528373718,0.0,1.6182710528373718
পূরণ,0.6182310879230499,0.0,1.61823108792305
বৈষ্ণব,0.6182226836681366,0.0,1.6182226836681366
নাতি,0.6182205379009247,0.0,1.6182205379009247
সংবাদপত্র,0.6182201206684113,0.0,1.6182201206684113
বায়ু,0.6182033121585846,0.0,1.6182033121585846
বিজ্ঞানীর,0.6181700527667999,0.0,1.6181700527668
সাতব,0.6181344389915466,0.0,1.6181344389915466
ছেলেবেলা,0.6180850267410278,0.0,1.6180850267410278
লেডি,0.6179566085338593,0.0,1.6179566085338593
সামরিক,0.6179550886154175,0.0,1.6179550886154175
আলস্য,0.6179295480251312,0.0,1.6179295480251312
লা,0.617913544178009,0.0,1.617913544178009
পরীক্ষামূলক,0.6179134547710419,0.0,1.6179134547710419
হাঁট,0.6178225874900818,0.0,1.6178225874900818
সপ্তাহ,0.6177819669246674,0.0,1.6177819669246674
খালে,0.6177637577056885,0.0,1.6177637577056885
অভিনয়,0.6177251636981964,0.0,1.6177251636981964
লুটে,0.6177158951759338,0.0,1.6177158951759338
কিছুদূর,0.6176796555519104,0.0,1.6176796555519104
ভিল,0.6176530718803406,0.0,1.6176530718803406
ব্যাটারি,0.6176489889621735,0.0,1.6176489889621735
এদেশের,0.6176403164863586,0.0,1.6176403164863586
খুজে,0.6176400780677795,0.0,1.6176400780677795
ধূসর,0.617628425359726,0.0,1.617628425359726
অযৌক্তিক,0.6176111996173859,0.0,1.6176111996173859
ইচ্,0.6174429059028625,0.0,1.6174429059028625
কিং,0.6174315810203552,0.0,1.6174315810203552
পিস্তল,0.6174298822879791,0.0,1.6174298822879791
নাকা,0.6173842549324036,0.0,1.6173842549324036
বিদ্যমান,0.6173798143863678,0.0,1.6173798143863678
সভায়,0.6173660159111023,0.0,1.6173660159111023
ক্ষতিপূরণ,0.6173180341720581,0.0,1.617318034172058
দুরবস্থ,0.6173025965690613,0.0,1.6173025965690613
কবিত,0.6172170042991638,0.0,1.6172170042991638
ঈগল,0.6172007918357849,0.0,1.617200791835785
ঢোক,0.6171956658363342,0.0,1.6171956658363342
ট্যাক্স,0.6272448301315308,0.010101010101010102,1.6171438200305208
শেখানো,0.6171363592147827,0.0,1.6171363592147827
প্রফেশনাল,0.6171338558197021,0.0,1.6171338558197021
প্রসাদ,0.6170996129512787,0.0,1.6170996129512787
বালি,0.6170934736728668,0.0,1.6170934736728668
ভ্রমণকারী,0.6170825064182281,0.0,1.6170825064182281
আচমকা,0.617033988237381,0.0,1.617033988237381
বাছা,0.6169822514057159,0.0,1.616982251405716
উন,0.6169589459896088,0.0,1.6169589459896088
শ্রীযুক্ত,0.6169136762619019,0.0,1.6169136762619019
মোটামু,0.6168854236602783,0.0,1.6168854236602783
সিঙ্গাপুরে,0.6269580125808716,0.010101010101010102,1.6168570024798616
পলাশ,0.6168007552623749,0.0,1.6168007552623749
বরযাত্রী,0.6167996525764465,0.0,1.6167996525764465
স্বাস্থ্যবান,0.6167043745517731,0.0,1.616704374551773
চারটি,0.6166656017303467,0.0,1.6166656017303467
বাঁচ,0.6166288256645203,0.0,1.6166288256645203
গাঁজা,0.6165605187416077,0.0,1.6165605187416077
সম্প্রদায়,0.6165510416030884,0.0,1.6165510416030884
সারদার,0.6165364980697632,0.0,1.6165364980697632
রুপালী,0.6165230572223663,0.0,1.6165230572223663
গ্যালারির,0.6164561212062836,0.0,1.6164561212062836
বামন,0.6164355278015137,0.0,1.6164355278015137
আয়োজন,0.6164297163486481,0.0,1.616429716348648
নেতৃত্ব,0.6164284348487854,0.0,1.6164284348487854
প্রতিনিয়ত,0.6164064407348633,0.0,1.6164064407348633
প্রচারিত,0.616346001625061,0.0,1.616346001625061
সুত,0.6163444519042969,0.0,1.6163444519042969
পরিচ্ছন্ন,0.6162915527820587,0.0,1.6162915527820587
সান,0.6162556707859039,0.0,1.616255670785904
সূর্য,0.6263414919376373,0.010101010101010102,1.6162404818366274
আন্তরিকভাবে,0.6162340939044952,0.0,1.6162340939044952
খাই,0.6162181496620178,0.0,1.6162181496620178
উদ্যোগী,0.6161451935768127,0.0,1.6161451935768127
রাজ,0.6262349188327789,0.010101010101010102,1.616133908731769
রূপান্তরিত,0.616123229265213,0.0,1.616123229265213
পদের,0.6160993576049805,0.0,1.6160993576049805
দেখাতে,0.6160895526409149,0.0,1.616089552640915
নাম্ব,0.6160835921764374,0.0,1.6160835921764374
দালাল,0.6160632967948914,0.0,1.6160632967948914
অপমানিত,0.616021990776062,0.0,1.616021990776062
ক্ষোভে,0.6159870326519012,0.0,1.6159870326519012
মাসখানেকের,0.6159452795982361,0.0,1.615945279598236
অভুক্ত,0.6159311532974243,0.0,1.6159311532974243
আগেভাগে,0.615898996591568,0.0,1.615898996591568
মানুষরা,0.6158930659294128,0.0,1.6158930659294128
সামলে,0.6158787310123444,0.0,1.6158787310123444
পোষা,0.6158626079559326,0.0,1.6158626079559326
ফুরফুরে,0.6158425211906433,0.0,1.6158425211906433
কৌশলে,0.6157833933830261,0.0,1.6157833933830261
ডানা,0.6157715320587158,0.0,1.6157715320587158
ইস্টবেঙ্গল,0.6157141625881195,0.0,1.6157141625881195
সর্বশক্তি,0.6156806945800781,0.0,1.6156806945800781
অর্থকরী,0.6156458854675293,0.0,1.6156458854675293
মাঝখানে,0.6155652701854706,0.0,1.6155652701854706
চাদর,0.61555615067482,0.0,1.61555615067482
শ্রদ্ধা,0.6256011724472046,0.010101010101010102,1.6155001623461946
নাচে,0.6154875457286835,0.0,1.6154875457286835
তাগাদা,0.6154758930206299,0.0,1.6154758930206299
প্রাণে,0.6154687702655792,0.0,1.6154687702655792
লালু,0.6154457628726959,0.0,1.615445762872696
শিরে,0.6154369115829468,0.0,1.6154369115829468
ঠাক,0.615422397851944,0.0,1.615422397851944
প্রতিশোধ,0.6154159009456635,0.0,1.6154159009456635
কোল,0.6153883635997772,0.0,1.6153883635997772
একদল,0.6153818666934967,0.0,1.6153818666934967
দীঘির,0.6153653562068939,0.0,1.615365356206894
পুষ্পস্তবক,0.6153422296047211,0.0,1.615342229604721
মহানগরী,0.6153393983840942,0.0,1.6153393983840942
অগ্রজ,0.615325927734375,0.0,1.615325927734375
হবো,0.6153096258640289,0.0,1.615309625864029
চাননি,0.6152858436107635,0.0,1.6152858436107635
স্বস্তির,0.6152247786521912,0.0,1.6152247786521912
খাইনি,0.6151990592479706,0.0,1.6151990592479706
নোট,0.6151638031005859,0.0,1.615163803100586
কেনা,0.615140974521637,0.0,1.615140974521637
স্বাধীন,0.6151201128959656,0.0,1.6151201128959656
সাভিস,0.6150304973125458,0.0,1.6150304973125458
মুঘল,0.6150158941745758,0.0,1.6150158941745758
শিবপুর,0.6149931848049164,0.0,1.6149931848049164
স্থায়ী,0.6149746179580688,0.0,1.6149746179580688
হাউ,0.6149715483188629,0.0,1.614971548318863
টিপে,0.6149373352527618,0.0,1.6149373352527618
সমাজে,0.6148991286754608,0.0,1.6148991286754608
দ্বিতল,0.6249522566795349,0.010101010101010102,1.614851246578525
অখ্যাত,0.6148230135440826,0.0,1.6148230135440826
ব্যাধি,0.6249222457408905,0.010101010101010102,1.6148212356398806
লিখিত,0.6148047149181366,0.0,1.6148047149181366
প্রতিকূলতা,0.6147529184818268,0.0,1.6147529184818268
ক্ষণে,0.6147155463695526,0.0,1.6147155463695526
এলো,0.6146646738052368,0.0,1.6146646738052368
লোকমুখে,0.6146408319473267,0.0,1.6146408319473267
জেলা,0.6146351099014282,0.0,1.6146351099014282
সেকেন্ড,0.6145868003368378,0.0,1.6145868003368378
সুযোগ্য,0.6145826578140259,0.0,1.6145826578140259
সফলতা,0.6145657300949097,0.0,1.6145657300949097
ওয়েলস,0.6145643591880798,0.0,1.6145643591880798
শিশি,0.6145545542240143,0.0,1.6145545542240143
দেই,0.6145033836364746,0.0,1.6145033836364746
ঘোরাফেরা,0.6145018935203552,0.0,1.6145018935203552
দোষে,0.6144759654998779,0.0,1.614475965499878
পাচ্ছি,0.6144722700119019,0.0,1.6144722700119019
শান্ত,0.6144421398639679,0.0,1.614442139863968
ছোট্ট,0.6143970489501953,0.0,1.6143970489501953
ডু,0.6143854856491089,0.0,1.6143854856491089
লোভ,0.6143485903739929,0.0,1.614348590373993
হুবহু,0.6143320798873901,0.0,1.6143320798873901
সম্মান,0.614284098148346,0.0,1.614284098148346
থাকল,0.6142396032810211,0.0,1.6142396032810211
ফেলো,0.6141534447669983,0.0,1.6141534447669983
হাট,0.6141314208507538,0.0,1.6141314208507538
বিক্ষিপ্ত,0.6140715777873993,0.0,1.6140715777873993
পুত্রবধূর,0.6140358150005341,0.0,1.614035815000534
মানসিক,0.614025354385376,0.0,1.614025354385376
ভুগ,0.6140114367008209,0.0,1.614011436700821
আসছ,0.6139933168888092,0.0,1.6139933168888092
মুকুট,0.6139304339885712,0.0,1.6139304339885712
মুদ্রণ,0.6139253973960876,0.0,1.6139253973960876
দেবো,0.6139057278633118,0.0,1.6139057278633118
সুগ,0.6138956248760223,0.0,1.6138956248760223
লীজ,0.6138623654842377,0.0,1.6138623654842377
নানান,0.6138367354869843,0.0,1.6138367354869843
হান,0.6138321161270142,0.0,1.6138321161270142
কীভাবে,0.6137930750846863,0.0,1.6137930750846863
বার্তাটি,0.6137520968914032,0.0,1.6137520968914032
দাদু,0.613750547170639,0.0,1.613750547170639
ঠেকা,0.6137328445911407,0.0,1.6137328445911407
উপকারিতা,0.6137227118015289,0.0,1.613722711801529
লাওস,0.6136963069438934,0.0,1.6136963069438934
লাগত,0.6136560142040253,0.0,1.6136560142040253
বস্তি,0.613618016242981,0.0,1.613618016242981
জানতে,0.6135834157466888,0.0,1.6135834157466888
দেশপ্রেমিক,0.6135714948177338,0.0,1.6135714948177338
অপরিসীম,0.6135649085044861,0.0,1.613564908504486
লাম,0.6135270893573761,0.0,1.613527089357376
মিঠু,0.6135076284408569,0.0,1.613507628440857
জরুরি,0.6134975850582123,0.0,1.6134975850582123
ভাইকে,0.613489180803299,0.0,1.613489180803299
বাসে,0.6134642958641052,0.0,1.6134642958641052
আসুক,0.6134624481201172,0.0,1.6134624481201172
গলি,0.613424152135849,0.0,1.613424152135849
যৌতুক,0.6234696507453918,0.010101010101010102,1.613368640644382
প্রধানত,0.6133571863174438,0.0,1.6133571863174438
লাজুক,0.6132762432098389,0.0,1.6132762432098389
শত্রুর,0.6132068336009979,0.0,1.613206833600998
বিবাহিত,0.6131214797496796,0.0,1.6131214797496796
কাকা,0.6131109595298767,0.0,1.6131109595298767
মাঝি,0.6130305230617523,0.0,1.6130305230617523
ছোটবেল,0.6130285561084747,0.0,1.6130285561084747
শলাপরামর্শ,0.6130025684833527,0.0,1.6130025684833527
পেশা,0.6129453480243683,0.0,1.6129453480243683
ব্যক্তিগত,0.6129225492477417,0.0,1.6129225492477417
চালন,0.612894207239151,0.0,1.612894207239151
আত্মগোপন,0.6128927171230316,0.0,1.6128927171230316
চালান,0.6128071546554565,0.0,1.6128071546554565
অনুরোধে,0.6128015220165253,0.0,1.6128015220165253
অন্ধক,0.6127946674823761,0.0,1.612794667482376
উদাত্ত,0.6127760112285614,0.0,1.6127760112285614
অভিজাত,0.6127615571022034,0.0,1.6127615571022034
চার্ট,0.6127435564994812,0.0,1.6127435564994812
সারাংশ,0.6126869320869446,0.0,1.6126869320869446
ধাতু,0.612679660320282,0.0,1.612679660320282
মাফ,0.6126750707626343,0.0,1.6126750707626343
কাঁচা,0.6126453578472137,0.0,1.6126453578472137
ক্রমাগত,0.6126295328140259,0.0,1.6126295328140259
ক্ষুদ্র,0.6125734746456146,0.0,1.6125734746456146
গোপালপুরে,0.6125679314136505,0.0,1.6125679314136505
প্রাচীনতম,0.6125587522983551,0.0,1.612558752298355
তত্ত্বাবধান,0.6125041842460632,0.0,1.6125041842460632
ক্ষীর,0.612498551607132,0.0,1.612498551607132
মসজি,0.6124870777130127,0.0,1.6124870777130127
ক্রীড়া,0.6124494671821594,0.0,1.6124494671821594
পুরনো,0.612430065870285,0.0,1.612430065870285
জিতলে,0.6224503219127655,0.010101010101010102,1.6123493118117556
মিটারের,0.6122675836086273,0.0,1.6122675836086273
গণ্ডি,0.6122293770313263,0.0,1.6122293770313263
ছোটখাট,0.612199455499649,0.0,1.612199455499649
তুলনায়,0.6121940612792969,0.0,1.6121940612792969
পুজ,0.6121207773685455,0.0,1.6121207773685455
জেলখানা,0.6120569109916687,0.0,1.6120569109916687
লিপিবদ্ধ,0.6120118200778961,0.0,1.6120118200778961
লাইন,0.6120099723339081,0.0,1.612009972333908
অভ্যর্থনা,0.6119978725910187,0.0,1.6119978725910187
বসাক,0.6119924187660217,0.0,1.6119924187660217
ভাঙা,0.6220471560955048,0.010101010101010102,1.6119461459944948
উপহাস,0.6118842363357544,0.0,1.6118842363357544
অনন্ত,0.6219787895679474,0.010101010101010102,1.6118777794669374
দিলো,0.6118739545345306,0.0,1.6118739545345306
আপনারা,0.611873060464859,0.0,1.611873060464859
কাউকে,0.6118465662002563,0.0,1.6118465662002563
পাঁচশত,0.6118403375148773,0.0,1.6118403375148773
মুদ্রা,0.6118135452270508,0.0,1.6118135452270508
বিষাক্ত,0.6118060350418091,0.0,1.611806035041809
নৈপুণ্য,0.611668050289154,0.0,1.611668050289154
যোগসূত্র,0.6116534471511841,0.0,1.611653447151184
সম্মানিত,0.6116353571414948,0.0,1.6116353571414948
রবিবারে,0.6116127669811249,0.0,1.6116127669811249
উট,0.6115947067737579,0.0,1.611594706773758
পাঠালো,0.6115891337394714,0.0,1.6115891337394714
পরিদর্শনে,0.611537516117096,0.0,1.611537516117096
বেশীর,0.6115370988845825,0.0,1.6115370988845825
অর্জুন,0.6114974319934845,0.0,1.6114974319934845
পরিসমাপ্তি,0.6215294897556305,0.010101010101010102,1.6114284796546205
তুঙ্গে,0.6113475561141968,0.0,1.6113475561141968
পিট,0.6113182008266449,0.0,1.611318200826645
হাসিখুশি,0.6113065183162689,0.0,1.611306518316269
পরিদর্শক,0.6112220585346222,0.0,1.6112220585346222
ঠাট্,0.6111905574798584,0.0,1.6111905574798584
দেখলে,0.6111304759979248,0.0,1.6111304759979248
গাজ,0.6111258864402771,0.0,1.611125886440277
জনসাধারণের,0.6212171614170074,0.010101010101010102,1.6111161513159975
আসামী,0.611084371805191,0.0,1.611084371805191
অভ্যন্তর,0.6110546290874481,0.0,1.6110546290874481
ওঠানামা,0.6109754741191864,0.0,1.6109754741191864
শীঘ্র,0.6109663844108582,0.0,1.6109663844108582
ঠাণ্ডা,0.6109616458415985,0.0,1.6109616458415985
সিংহাসনে,0.6109020411968231,0.0,1.6109020411968231
নিষেধাজ্ঞা,0.6209981441497803,0.010101010101010102,1.6108971340487703
মতভেদ,0.6108789145946503,0.0,1.6108789145946503
সংস্থান,0.6108485758304596,0.0,1.6108485758304596
ভ্রমণে,0.6108434498310089,0.0,1.610843449831009
মিঠা,0.6108423471450806,0.0,1.6108423471450806
মুক্তির,0.6107822358608246,0.0,1.6107822358608246
আদিবাসী,0.610779881477356,0.0,1.610779881477356
গদা,0.6107677221298218,0.0,1.6107677221298218
স্তূপ,0.6107652485370636,0.0,1.6107652485370636
নেভা,0.6106580793857574,0.0,1.6106580793857574
প্রস্থান,0.6106413304805756,0.0,1.6106413304805756
বিশৃঙ্খলা,0.6105808317661285,0.0,1.6105808317661285
আলিঙ্গনে,0.610528975725174,0.0,1.610528975725174
দৈর্ঘ্য,0.6103505790233612,0.0,1.6103505790233612
পরিচালনা,0.610293835401535,0.0,1.610293835401535
অধীনে,0.610242486000061,0.0,1.610242486000061
জাহির,0.6101365089416504,0.0,1.6101365089416504
আন্তরিকত,0.6101119518280029,0.0,1.610111951828003
পাবলিক,0.6100846230983734,0.0,1.6100846230983734
দোরগোড়ায়,0.6100763082504272,0.0,1.6100763082504272
দেশবিদেশের,0.6100674867630005,0.0,1.6100674867630005
অদ্ভুত,0.610066831111908,0.0,1.610066831111908
রাইট,0.6100628674030304,0.0,1.6100628674030304
চাষী,0.6201422214508057,0.010101010101010102,1.6100412113497957
অবশ,0.6100030541419983,0.0,1.6100030541419983
বাঁচব,0.6099681258201599,0.0,1.60996812582016
বিজ্ঞানী,0.6099579036235809,0.0,1.609957903623581
থিতু,0.6099387407302856,0.0,1.6099387407302856
সহজে,0.6099306344985962,0.0,1.6099306344985962
অ্যাটাক,0.6098451316356659,0.0,1.609845131635666
অপহরণ,0.6097656190395355,0.0,1.6097656190395355
অবাধ্য,0.6096926033496857,0.0,1.6096926033496857
নিশ্ছিদ্র,0.6096582114696503,0.0,1.6096582114696503
মেয়ে,0.6096077263355255,0.0,1.6096077263355255
হাউস,0.619697093963623,0.010101010101010102,1.609596083862613
সর্বশ্রেষ্ঠ,0.6095698475837708,0.0,1.6095698475837708
আইলে,0.6095642149448395,0.0,1.6095642149448395
রাম,0.6095519959926605,0.0,1.6095519959926605
ব্রাউন,0.609365314245224,0.0,1.609365314245224
গরীব,0.6093491911888123,0.0,1.6093491911888123
তমাল,0.6093246042728424,0.0,1.6093246042728424
শিলা,0.6092825531959534,0.0,1.6092825531959534
মেদিনীপুরে,0.6092324256896973,0.0,1.6092324256896973
কৌতূহল,0.6092315018177032,0.0,1.6092315018177032
খুলেছেন,0.6092145144939423,0.0,1.6092145144939423
রিপোর্ট,0.6092134118080139,0.0,1.609213411808014
কমেনি,0.6091963350772858,0.0,1.6091963350772858
নীল,0.6091473400592804,0.0,1.6091473400592804
টিবি,0.6091101169586182,0.0,1.6091101169586182
জাগ,0.6091078519821167,0.0,1.6091078519821167
ঘাটতি,0.609061986207962,0.0,1.609061986207962
হাসির,0.6191310584545135,0.010101010101010102,1.6090300483535036
অস্ত্রোপচ,0.6090136170387268,0.0,1.6090136170387268
ধ্বংসস্তূপ,0.6089955270290375,0.0,1.6089955270290375
কান্না,0.6089729964733124,0.0,1.6089729964733124
অধিষ্ঠিত,0.6190417110919952,0.010101010101010102,1.6089407009909853
হালি,0.6088489294052124,0.0,1.6088489294052124
বিকৃত,0.60881507396698,0.0,1.60881507396698
অর্পণ,0.6087348163127899,0.0,1.60873481631279
লিভ,0.6087038516998291,0.0,1.608703851699829
এতদিন,0.6086893677711487,0.0,1.6086893677711487
দীর্ঘ,0.6186966896057129,0.010101010101010102,1.608595679504703
বিপক্ষে,0.6085853278636932,0.0,1.6085853278636932
অসাধারণ,0.6085181534290314,0.0,1.6085181534290314
আঁত,0.608470618724823,0.0,1.608470618724823
কালক,0.6185401082038879,0.010101010101010102,1.608439098102878
শিং,0.6083649396896362,0.0,1.6083649396896362
রাষ্ট্র,0.6083630621433258,0.0,1.6083630621433258
ঝুল,0.6083599030971527,0.0,1.6083599030971527
অগ্নিকাণ্ড,0.6083579063415527,0.0,1.6083579063415527
বিদ্রোহ,0.6184477806091309,0.010101010101010102,1.608346770508121
নিরীক্ষ,0.6083132922649384,0.0,1.6083132922649384
সাহিত্যিক,0.6082876920700073,0.0,1.6082876920700073
মানবে,0.6082778871059418,0.0,1.6082778871059418
অবজ্ঞা,0.6082690954208374,0.0,1.6082690954208374
জুবি,0.6082658767700195,0.0,1.6082658767700195
যেদিন,0.6082372665405273,0.0,1.6082372665405273
দিনক্ষণ,0.6081891357898712,0.0,1.6081891357898712
বিকাশ,0.6081428229808807,0.0,1.6081428229808807
চাষা,0.6080849766731262,0.0,1.6080849766731262
আং,0.6080831289291382,0.0,1.6080831289291382
অগাস্ট,0.6080564558506012,0.0,1.6080564558506012
জানাবো,0.6079908907413483,0.0,1.6079908907413483
রাখতে,0.6079618334770203,0.0,1.6079618334770203
পদ্ধতির,0.618037223815918,0.010101010101010102,1.607936213714908
বিদ্যা,0.6079120337963104,0.0,1.6079120337963104
বেদী,0.6079075038433075,0.0,1.6079075038433075
যারপরনা,0.6078766286373138,0.0,1.6078766286373138
খুন,0.6078031063079834,0.0,1.6078031063079834
চাইলে,0.6077947020530701,0.0,1.60779470205307
শ্লোক,0.6077505648136139,0.0,1.607750564813614
ক্লান্তি,0.6077377200126648,0.0,1.6077377200126648
নিঃসন্দেহ,0.6077075004577637,0.0,1.6077075004577637
ব্লাড,0.6076775789260864,0.0,1.6076775789260864
নিবন্ধ,0.6076615750789642,0.0,1.6076615750789642
পোষ,0.6076433956623077,0.0,1.6076433956623077
ছাড়তে,0.6076211631298065,0.0,1.6076211631298065
কনফারেন্স,0.6076100766658783,0.0,1.6076100766658783
ফরেস্ট,0.6076077818870544,0.0,1.6076077818870544
যোগ্য,0.6075649261474609,0.0,1.607564926147461
বাংলাদেশের,0.6075535416603088,0.0,1.6075535416603088
আপেক্ষিক,0.6075451672077179,0.0,1.607545167207718
উত্তেজিত,0.6075218617916107,0.0,1.6075218617916107
পাকিস্তান,0.6176199913024902,0.010101010101010102,1.6075189812014803
বোলে,0.6075019836425781,0.0,1.6075019836425781
উল্টে,0.607483834028244,0.0,1.607483834028244
বিষুর,0.6074800789356232,0.0,1.6074800789356232
পৌঁ,0.6073776185512543,0.0,1.6073776185512543
করেনা,0.6073587834835052,0.0,1.6073587834835052
প্রোগ্রাম,0.607229620218277,0.0,1.607229620218277
জামা,0.6071354150772095,0.0,1.6071354150772095
বাটি,0.6070959568023682,0.0,1.6070959568023682
মারাত্মক,0.607081413269043,0.0,1.607081413269043
দমদমা,0.6070649325847626,0.0,1.6070649325847626
গভীরতা,0.6070351302623749,0.0,1.6070351302623749
এখানক,0.6069950759410858,0.0,1.6069950759410858
অজগর,0.6069527566432953,0.0,1.6069527566432953
তুমুল,0.6069384217262268,0.0,1.6069384217262268
অনাথ,0.606905609369278,0.0,1.606905609369278
মানসম্মান,0.606890082359314,0.0,1.606890082359314
রোড,0.6068898439407349,0.0,1.6068898439407349
প্রণালী,0.6068868637084961,0.0,1.606886863708496
আপামর,0.6067869961261749,0.0,1.606786996126175
পাশ্চাত্য,0.6067580878734589,0.0,1.6067580878734589
ননী,0.6067357361316681,0.0,1.606735736131668
উমর,0.6066981852054596,0.0,1.6066981852054596
বিচারে,0.606675922870636,0.0,1.606675922870636
জীবিত,0.606671005487442,0.0,1.606671005487442
সাইমন,0.606643944978714,0.0,1.606643944978714
হাসিল,0.6066263318061829,0.0,1.6066263318061829
আস্ত,0.6066262722015381,0.0,1.606626272201538
বার্ষিক,0.6066003441810608,0.0,1.6066003441810608
প্রিয়জন,0.606536865234375,0.0,1.606536865234375
ক্রমে,0.6064778566360474,0.0,1.6064778566360474
প্রবীণ,0.6064764261245728,0.0,1.6064764261245728
থাকব,0.6064241528511047,0.0,1.6064241528511047
গ্রহে,0.606368362903595,0.0,1.606368362903595
গরমে,0.6063359379768372,0.0,1.6063359379768372
সহকারীর,0.6063035130500793,0.0,1.6063035130500793
কয়েকজন,0.6063032150268555,0.0,1.6063032150268555
ষ্টেশন,0.6062719523906708,0.0,1.6062719523906708
শাস্তির,0.6061451733112335,0.0,1.6061451733112335
পরিকল্পনা,0.6061260104179382,0.0,1.6061260104179382
পুত,0.6061118245124817,0.0,1.6061118245124817
পবিত্রতা,0.6060521304607391,0.0,1.6060521304607391
জীবিকা,0.6060401499271393,0.0,1.6060401499271393
রেকর্ড,0.6060264408588409,0.0,1.606026440858841
বৃত্তি,0.6060074865818024,0.0,1.6060074865818024
যুব,0.6059906184673309,0.0,1.605990618467331
আশ্বাস,0.605923980474472,0.0,1.605923980474472
মিশর,0.6058091819286346,0.0,1.6058091819286346
শূন্যতা,0.6058090925216675,0.0,1.6058090925216675
সম্ভাবনায়,0.6057782769203186,0.0,1.6057782769203186
নামান,0.6057781875133514,0.0,1.6057781875133514
ডাই,0.6158428490161896,0.010101010101010102,1.6057418389151796
আবরণ,0.6056870520114899,0.0,1.6056870520114899
করলো,0.6056670844554901,0.0,1.6056670844554901
পুস্তিকা,0.605661928653717,0.0,1.605661928653717
কনট্যাক্ট,0.6056604087352753,0.0,1.6056604087352753
বিতাড়িত,0.6055549383163452,0.0,1.6055549383163452
প্রস্তাবে,0.6055100560188293,0.0,1.6055100560188293
সচিব,0.6054798364639282,0.0,1.6054798364639282
দেখবে,0.6054579615592957,0.0,1.6054579615592957
পারিবারিক,0.6054504215717316,0.0,1.6054504215717316
ভোজে,0.6053970158100128,0.0,1.6053970158100128
দেখত,0.605372816324234,0.0,1.605372816324234
অবস্থ,0.615438312292099,0.010101010101010102,1.605337302191089
বলবে,0.60532546043396,0.0,1.60532546043396
প্রভাত,0.6053146421909332,0.0,1.6053146421909332
অস্থিরত,0.605203777551651,0.0,1.605203777551651
উলঙ্গ,0.6051607429981232,0.0,1.6051607429981232
পূর্বাঞ্চল,0.6051149368286133,0.0,1.6051149368286133
নুপুর,0.6051124632358551,0.0,1.605112463235855
হাঙ্গামা,0.6050440073013306,0.0,1.6050440073013306
পাঠানে,0.6050325334072113,0.0,1.6050325334072113
হই,0.6049420535564423,0.0,1.6049420535564423
জানাননি,0.6049144566059113,0.0,1.6049144566059113
হাকিম,0.6048990786075592,0.0,1.6048990786075592
ঝাঁ,0.6048775911331177,0.0,1.6048775911331177
কুচকাওয়াজ,0.6047197878360748,0.0,1.6047197878360748
ডাকাডাকি,0.604665219783783,0.0,1.604665219783783
নেন,0.604631096124649,0.0,1.604631096124649
পরিচালন,0.6147105693817139,0.010101010101010102,1.604609559280704
আমরা,0.6045498251914978,0.0,1.6045498251914978
পাটনা,0.6045490205287933,0.0,1.6045490205287933
জাগো,0.6044651567935944,0.0,1.6044651567935944
বাঁচানো,0.6043654978275299,0.0,1.60436549782753
নির্দেশক,0.6043191850185394,0.0,1.6043191850185394
বিরক্তিকর,0.6042982637882233,0.0,1.6042982637882233
নিরামিষ,0.6042414009571075,0.0,1.6042414009571075
ভিখারি,0.6042381823062897,0.0,1.6042381823062897
জেলে,0.6042306125164032,0.0,1.6042306125164032
বাসস্থান,0.6041748821735382,0.0,1.6041748821735382
পুরোদমে,0.6041629016399384,0.0,1.6041629016399384
আশপাশে,0.6041585803031921,0.0,1.6041585803031921
ঝরে,0.6041577756404877,0.0,1.6041577756404877
সমুদ্রে,0.6041207313537598,0.0,1.6041207313537598
দাড়ির,0.6040820181369781,0.0,1.6040820181369781
বাহারের,0.6040628552436829,0.0,1.6040628552436829
বসেনি,0.6040035784244537,0.0,1.6040035784244537
শিল্প,0.6039938628673553,0.0,1.6039938628673553
আজকে,0.6039636135101318,0.0,1.6039636135101318
ভেজা,0.6039425134658813,0.0,1.6039425134658813
অনুকরণ,0.6038535833358765,0.0,1.6038535833358765
ইনকিলাব,0.6037891209125519,0.0,1.6037891209125519
মুন্সী,0.6037468314170837,0.0,1.6037468314170837
পরবর্তীকালে,0.6037302315235138,0.0,1.6037302315235138
শেব,0.6036842167377472,0.0,1.6036842167377472
ওৎ,0.6036728918552399,0.0,1.6036728918552399
মুদি,0.6036550402641296,0.0,1.6036550402641296
সাজানো,0.603653609752655,0.0,1.603653609752655
পকেট,0.6136920750141144,0.010101010101010102,1.6035910649131044
নিন্দা,0.603588730096817,0.0,1.603588730096817
উকিল,0.6035725176334381,0.0,1.603572517633438
ঘেঁটে,0.6035400927066803,0.0,1.6035400927066803
চর্চা,0.6035056114196777,0.0,1.6035056114196777
ভাবছি,0.6034704744815826,0.0,1.6034704744815826
মূর্তি,0.6034687757492065,0.0,1.6034687757492065
মানেনি,0.6034592688083649,0.0,1.6034592688083649
পিত,0.6034387946128845,0.0,1.6034387946128845
নিজেক,0.6034262776374817,0.0,1.6034262776374817
ছুড়ে,0.6033861935138702,0.0,1.6033861935138702
উত্তরদাতা,0.6033709943294525,0.0,1.6033709943294525
বিকৃতির,0.6033322513103485,0.0,1.6033322513103485
আবেদনে,0.603319525718689,0.0,1.603319525718689
প্রতিযোগিত,0.603286474943161,0.0,1.603286474943161
শীর্ষস্থানে,0.6032608449459076,0.0,1.6032608449459076
মজলিশ,0.6032550036907196,0.0,1.6032550036907196
সমাহিত,0.6032536327838898,0.0,1.6032536327838898
বার্থ,0.6032409071922302,0.0,1.6032409071922302
ডুব,0.6032315194606781,0.0,1.603231519460678
বনে,0.6030576527118683,0.0,1.6030576527118683
পেশ,0.6030270457267761,0.0,1.6030270457267761
আমীর,0.6029953360557556,0.0,1.6029953360557556
বিহ,0.6029776632785797,0.0,1.6029776632785797
দেশীয়,0.6029626131057739,0.0,1.602962613105774
রান্না,0.6130342185497284,0.010101010101010102,1.6029332084487184
পরাধীন,0.6029039919376373,0.0,1.6029039919376373
সান্ধ্য,0.6028555333614349,0.0,1.602855533361435
লেখ,0.6028428077697754,0.0,1.6028428077697754
ঢোল,0.612892746925354,0.010101010101010102,1.602791736824344
গার্ড,0.6027590334415436,0.0,1.6027590334415436
মনোরম,0.6027255654335022,0.0,1.6027255654335022
দুর্ব,0.6027169227600098,0.0,1.6027169227600098
স্তুপ,0.6026955246925354,0.0,1.6026955246925354
আসনে,0.60268834233284,0.0,1.60268834233284
পঞ্চমুখ,0.6026720404624939,0.0,1.602672040462494
জামাইকে,0.6026367545127869,0.0,1.6026367545127869
পালক,0.6026119589805603,0.0,1.6026119589805603
অসম্ভব,0.6026099920272827,0.0,1.6026099920272827
উৎপাদন,0.6025563180446625,0.0,1.6025563180446625
বদলা,0.6025324165821075,0.0,1.6025324165821075
কূলে,0.6025013327598572,0.0,1.6025013327598572
প্রাচীর,0.6024917662143707,0.0,1.6024917662143707
জানালা,0.6024829149246216,0.0,1.6024829149246216
ডেনমার্ক,0.6024707555770874,0.0,1.6024707555770874
থাকত,0.6024568974971771,0.0,1.6024568974971771
নালন্দা,0.6024509370326996,0.0,1.6024509370326996
মাতৃ,0.6024495363235474,0.0,1.6024495363235474
নারীর,0.6024426519870758,0.0,1.6024426519870758
ধ্বসে,0.602396696805954,0.0,1.602396696805954
জেট,0.6023536920547485,0.0,1.6023536920547485
খেজুর,0.6023523807525635,0.0,1.6023523807525635
চৌকিদ,0.6022553145885468,0.0,1.6022553145885468
নারকেলের,0.6022362112998962,0.0,1.6022362112998962
মুহূর্ত,0.6022345721721649,0.0,1.602234572172165
পুনরুদ্ধ,0.6021832823753357,0.0,1.6021832823753357
রাজন,0.6021811664104462,0.0,1.6021811664104462
কবিরাজি,0.6122621297836304,0.010101010101010102,1.6021611196826204
ছানা,0.602139413356781,0.0,1.602139413356781
লাইব্রেরি,0.6021235585212708,0.0,1.6021235585212708
সীমান্,0.6121200919151306,0.010101010101010102,1.6020190818141207
এভাবে,0.6019582748413086,0.0,1.6019582748413086
নুতন,0.6019318401813507,0.0,1.6019318401813507
চেতনা,0.6019103229045868,0.0,1.6019103229045868
থু,0.6018714010715485,0.0,1.6018714010715485
হোস্টেল,0.6018438935279846,0.0,1.6018438935279846
দলিল,0.6017396152019501,0.0,1.60173961520195
বাঁশ,0.6221151351928711,0.02040816326530612,1.601706971927565
লোকারণ্য,0.601615309715271,0.0,1.601615309715271
ভাইএর,0.6016010046005249,0.0,1.601601004600525
হতবাক,0.6015754044055939,0.0,1.6015754044055939
যেটুকু,0.6015468835830688,0.0,1.6015468835830688
আরেকটু,0.6015361845493317,0.0,1.6015361845493317
বাল্ব,0.6015291810035706,0.0,1.6015291810035706
অন্যভাবে,0.6014991700649261,0.0,1.6014991700649261
বৈশিষ্ট্য,0.6014538705348969,0.0,1.6014538705348969
সুযোগসুবিধা,0.6014065742492676,0.0,1.6014065742492676
প্রকৃতি,0.6013910472393036,0.0,1.6013910472393036
টাইপ,0.6013693511486053,0.0,1.6013693511486053
শনিবার,0.6013329327106476,0.0,1.6013329327106476
হানে,0.6013178825378418,0.0,1.6013178825378418
পাবা,0.6013075709342957,0.0,1.6013075709342957
বাক্স,0.611386775970459,0.010101010101010102,1.601285765869449
ইহুদি,0.6012358665466309,0.0,1.6012358665466309
কনু,0.6012199819087982,0.0,1.6012199819087982
জয়ী,0.6011939644813538,0.0,1.6011939644813538
টেইলর,0.6011886596679688,0.0,1.6011886596679688
গ্রীক,0.6011717915534973,0.0,1.6011717915534973
রিভ,0.6010757982730865,0.0,1.6010757982730865
অভিনব,0.6010529696941376,0.0,1.6010529696941376
তোলো,0.6010403335094452,0.0,1.6010403335094452
আতঙ্,0.6010386943817139,0.0,1.6010386943817139
প্লাসে,0.6010370254516602,0.0,1.6010370254516602
লগ্নে,0.6009825766086578,0.0,1.6009825766086578
ব্যান্ড,0.6009531021118164,0.0,1.6009531021118164
দার্শনিক,0.6009370982646942,0.0,1.6009370982646942
বাজারের,0.600879043340683,0.0,1.600879043340683
বাল্য,0.6008686125278473,0.0,1.6008686125278473
ভুখা,0.6008634269237518,0.0,1.6008634269237518
ফাটল,0.600663959980011,0.0,1.600663959980011
পারমিট,0.6006594002246857,0.0,1.6006594002246857
লেজের,0.6006581485271454,0.0,1.6006581485271454
গাভী,0.600645512342453,0.0,1.600645512342453
ছাদে,0.6006314158439636,0.0,1.6006314158439636
রায়,0.6005666255950928,0.0,1.6005666255950928
হাইস্কুল,0.6005590260028839,0.0,1.600559026002884
করছি৷,0.6004841327667236,0.0,1.6004841327667236
দিদির,0.6004301309585571,0.0,1.6004301309585571
কাটবে,0.6004178524017334,0.0,1.6004178524017334
পাঁচজন,0.6003170907497406,0.0,1.6003170907497406
সহজভাবে,0.6003082990646362,0.0,1.6003082990646362
মাইক্রোফোন,0.6002984941005707,0.0,1.6002984941005707
মধ্যবিত্ত,0.6002601087093353,0.0,1.6002601087093353
ধারণার,0.6002222001552582,0.0,1.6002222001552582
মিনিটে,0.6001969873905182,0.0,1.6001969873905182
কাঠি,0.6001957654953003,0.0,1.6001957654953003
ছোটোখাটো,0.6001878082752228,0.0,1.6001878082752228
রেশ,0.6001707315444946,0.0,1.6001707315444946
যেদি,0.6001548767089844,0.0,1.6001548767089844
মৈত্র,0.6001457273960114,0.0,1.6001457273960114
হইলো,0.6001057624816895,0.0,1.6001057624816895
এবছর,0.600060224533081,0.0,1.600060224533081
আজগুবি,0.6000171005725861,0.0,1.600017100572586
বাহারি,0.6000131964683533,0.0,1.6000131964683533
জানো,0.5999945402145386,0.0,1.5999945402145386
স্তম্ভিত,0.5999909341335297,0.0,1.5999909341335297
বেঁধ,0.5999835431575775,0.0,1.5999835431575775
দেদ,0.5999376177787781,0.0,1.599937617778778
পেটের,0.599900871515274,0.0,1.599900871515274
প্রতিফলিত,0.5998697280883789,0.0,1.599869728088379
অবিচ্ছিন্ন,0.5998346209526062,0.0,1.5998346209526062
একটানা,0.59983229637146,0.0,1.59983229637146
শতাব্দীর,0.60993292927742,0.010101010101010102,1.59983191917641
একরকম,0.5997956693172455,0.0,1.5997956693172455
মেকআপ,0.5997089743614197,0.0,1.5997089743614197
মাঘ,0.5996544659137726,0.0,1.5996544659137726
প্রধানতঃ,0.599651575088501,0.0,1.599651575088501
দাবা,0.5996413230895996,0.0,1.5996413230895996
বিজলী,0.5996147394180298,0.0,1.5996147394180298
বেদনা,0.5995762646198273,0.0,1.5995762646198273
ইনস্টিটিউটে,0.5995737910270691,0.0,1.599573791027069
গোপনে,0.5995471179485321,0.0,1.599547117948532
নিখুঁত,0.599523514509201,0.0,1.599523514509201
মুহূর্তে,0.5994324088096619,0.0,1.5994324088096619
সত্যিকার,0.5993250608444214,0.0,1.5993250608444214
প্রাণান্তকর,0.5992975234985352,0.0,1.5992975234985352
উপহার,0.5992674827575684,0.0,1.5992674827575684
সকলকে,0.5992288887500763,0.0,1.5992288887500763
টানেল,0.5992248952388763,0.0,1.5992248952388763
মূল্যে,0.6093213260173798,0.010101010101010102,1.5992203159163698
কলেরার,0.599183976650238,0.0,1.599183976650238
জারি,0.5991792380809784,0.0,1.5991792380809784
বিদেশী,0.5991791486740112,0.0,1.5991791486740112
উপার্জন,0.5991407036781311,0.0,1.599140703678131
টিজ,0.5991038680076599,0.0,1.59910386800766
করাত,0.599048376083374,0.0,1.599048376083374
বুলা,0.5989972949028015,0.0,1.5989972949028015
জিনিষপত্র,0.5989839732646942,0.0,1.5989839732646942
গড়ে,0.5989656448364258,0.0,1.5989656448364258
সন্ধি,0.598919004201889,0.0,1.598919004201889
ভবিষ্য,0.5987786650657654,0.0,1.5987786650657654
অসম,0.5987642407417297,0.0,1.5987642407417297
মিলবে,0.5987351834774017,0.0,1.5987351834774017
রের,0.5986141860485077,0.0,1.5986141860485077
ধরুন,0.5985668003559113,0.0,1.5985668003559113
মনা,0.598526269197464,0.0,1.598526269197464
পেরেছিল,0.5985172688961029,0.0,1.598517268896103
গোলযোগ,0.5985161066055298,0.0,1.5985161066055298
দানে,0.598507434129715,0.0,1.598507434129715
ভালব,0.5984622240066528,0.0,1.5984622240066528
মনোনীত,0.5984364449977875,0.0,1.5984364449977875
সেকথা,0.5983182787895203,0.0,1.5983182787895203
দুইই,0.5982739329338074,0.0,1.5982739329338074
ম্যাজিক,0.5982669293880463,0.0,1.5982669293880463
ইনাম,0.5982562303543091,0.0,1.598256230354309
চাহিদা,0.5982250571250916,0.0,1.5982250571250916
হীরা,0.5981054902076721,0.0,1.5981054902076721
খাওয়াতে,0.5980367660522461,0.0,1.598036766052246
প্রাকৃতিক,0.5980176329612732,0.0,1.5980176329612732
অযোগ্য,0.5979557037353516,0.0,1.5979557037353516
পরশু,0.5979459285736084,0.0,1.5979459285736084
বসতি,0.597944438457489,0.0,1.597944438457489
তিনশো,0.5979128777980804,0.0,1.5979128777980804
মেলায়,0.5979019701480865,0.0,1.5979019701480865
দেবব্রত,0.5978312492370605,0.0,1.5978312492370605
দুলাল,0.5978308320045471,0.0,1.5978308320045471
জেলায়,0.5978307127952576,0.0,1.5978307127952576
ঠিকানা,0.5978125929832458,0.0,1.5978125929832458
ইউরোপে,0.6078675389289856,0.010101010101010102,1.5977665288279757
এশিয়া,0.5976409018039703,0.0,1.5976409018039703
রেবেকা,0.597592681646347,0.0,1.597592681646347
রাখত,0.5974295437335968,0.0,1.5974295437335968
যুগান্তকারী,0.5973771214485168,0.0,1.5973771214485168
হুকুম,0.5973760187625885,0.0,1.5973760187625885
রাশিয়া,0.5973634421825409,0.0,1.597363442182541
জননী,0.5973475873470306,0.0,1.5973475873470306
শিখেছেন,0.5973194241523743,0.0,1.5973194241523743
মেটানো,0.5972524583339691,0.0,1.5972524583339691
সরোবর,0.6073398292064667,0.010101010101010102,1.5972388191054567
তারিখে,0.6072792708873749,0.010101010101010102,1.597178260786365
শিক্ষাদান,0.5971777737140656,0.0,1.5971777737140656
আবদুল,0.5971236824989319,0.0,1.5971236824989319
করো,0.5970854759216309,0.0,1.5970854759216309
আবিষ্কার,0.607182651758194,0.010101010101010102,1.597081641657184
মিলিটারি,0.5970574617385864,0.0,1.5970574617385864
বামে,0.597055584192276,0.0,1.597055584192276
দীক্ষা,0.5969891846179962,0.0,1.5969891846179962
ডেকেছেন,0.5969381332397461,0.0,1.596938133239746
গ্রীষ্ম,0.5969084799289703,0.0,1.5969084799289703
মধুর,0.5968490839004517,0.0,1.5968490839004517
ব্যক্তিরা,0.6069465577602386,0.010101010101010102,1.5968455476592287
গবাদি,0.5967864692211151,0.0,1.5967864692211151
হ্যালো,0.5967197716236115,0.0,1.5967197716236115
দুধে,0.5967045724391937,0.0,1.5967045724391937
হতাশা,0.6067741215229034,0.010101010101010102,1.5966731114218935
চিন,0.5966535806655884,0.0,1.5966535806655884
টানা,0.5965642631053925,0.0,1.5965642631053925
সেকেন্ডে,0.5965191125869751,0.0,1.596519112586975
রেজিমেন্ট,0.5965127944946289,0.0,1.596512794494629
গুরুত্ব,0.5964974462985992,0.0,1.5964974462985992
গবেষণা,0.5964922904968262,0.0,1.5964922904968262
আচার্য,0.5964874625205994,0.0,1.5964874625205994
গুঁজে,0.5964707136154175,0.0,1.5964707136154175
চিল,0.5964008569717407,0.0,1.5964008569717407
তীর,0.5963887274265289,0.0,1.596388727426529
শিফট,0.59638711810112,0.0,1.59638711810112
পাঠিকা,0.5963564813137054,0.0,1.5963564813137054
কেড়ে,0.5963208973407745,0.0,1.5963208973407745
হরিণ,0.5962208807468414,0.0,1.5962208807468414
কম্পানি,0.5962207913398743,0.0,1.5962207913398743
জরুরী,0.5961938500404358,0.0,1.5961938500404358
চেনেন,0.596124917268753,0.0,1.596124917268753
সতেরো,0.5960211455821991,0.0,1.596021145582199
অশিক্ষিত,0.5960178971290588,0.0,1.5960178971290588
বিপদ,0.5959663689136505,0.0,1.5959663689136505
গৌর,0.5959586501121521,0.0,1.595958650112152
সুদ,0.595928817987442,0.0,1.595928817987442
দুরূহ,0.5959113836288452,0.0,1.5959113836288452
কান্তি,0.5958821177482605,0.0,1.5958821177482605
বাইবেল,0.5958158671855927,0.0,1.5958158671855927
মাটিতে,0.5957791209220886,0.0,1.5957791209220886
শুভ,0.5957159399986267,0.0,1.5957159399986267
ফিরতে,0.5955850780010223,0.0,1.5955850780010223
পরিশেষ,0.595582127571106,0.0,1.595582127571106
মাখন,0.5955487489700317,0.0,1.5955487489700317
কার্যালয়ে,0.6056459546089172,0.010101010101010102,1.5955449445079073
ধরনে,0.5955273509025574,0.0,1.5955273509025574
ছুটোছু,0.5955044627189636,0.0,1.5955044627189636
ঘুরলে,0.5953995585441589,0.0,1.595399558544159
আসো,0.5953957140445709,0.0,1.595395714044571
চর্বি,0.5953496396541595,0.0,1.5953496396541595
প্রতিষ্ঠাতা,0.5953109264373779,0.0,1.595310926437378
বটে,0.6053865551948547,0.010101010101010102,1.5952855450938448
স্বামীর,0.5952813625335693,0.0,1.5952813625335693
চালনা,0.5952499508857727,0.0,1.5952499508857727
গোবিন্দপুর,0.5952322483062744,0.0,1.5952322483062744
সজাগ,0.5952126681804657,0.0,1.5952126681804657
ওঠা,0.5951822102069855,0.0,1.5951822102069855
সামলা,0.5951766967773438,0.0,1.5951766967773438
নস্যি,0.5950990915298462,0.0,1.5950990915298462
একাএকা,0.5950571298599243,0.0,1.5950571298599243
শৃঙ্খলা,0.5950047373771667,0.0,1.5950047373771667
উপস্থিতি,0.605088621377945,0.010101010101010102,1.594987611276935
মুল্য,0.5949800312519073,0.0,1.5949800312519073
রসুন,0.5949718952178955,0.0,1.5949718952178955
সামান্য,0.5949317514896393,0.0,1.5949317514896393
ঘুমা,0.5948982238769531,0.0,1.5948982238769531
ঝড়ে,0.5948825776576996,0.0,1.5948825776576996
তাজা,0.5947446823120117,0.0,1.5947446823120117
ব্রেক,0.594732254743576,0.0,1.594732254743576
দুর্বিষহ,0.5946684777736664,0.0,1.5946684777736664
ভাববো,0.5946245193481445,0.0,1.5946245193481445
ছিট,0.5946195721626282,0.0,1.5946195721626282
ঢলে,0.5946121215820312,0.0,1.5946121215820312
সহযোগিতা,0.5946007370948792,0.0,1.5946007370948792
মৌলিক,0.5945848822593689,0.0,1.594584882259369
পুরে,0.594558447599411,0.0,1.594558447599411
অমূলক,0.5945110023021698,0.0,1.5945110023021698
রমরমা,0.5944713056087494,0.0,1.5944713056087494
সাহনী,0.594451516866684,0.0,1.594451516866684
মাই,0.5944497883319855,0.0,1.5944497883319855
নো,0.5944222509860992,0.0,1.5944222509860992
বিবেচনা,0.5944170355796814,0.0,1.5944170355796814
প্রচলিত,0.6044645011425018,0.010101010101010102,1.5943634910414919
বেলের,0.5943253338336945,0.0,1.5943253338336945
আবেগের,0.5943109393119812,0.0,1.5943109393119812
বাঁচা,0.5942871868610382,0.0,1.5942871868610382
তুলব,0.6043776571750641,0.010101010101010102,1.5942766470740541
রাজধানী,0.5942737758159637,0.0,1.5942737758159637
বুঝেছেন,0.5942679047584534,0.0,1.5942679047584534
আলোক,0.5942055284976959,0.0,1.594205528497696
খচিত,0.5941879451274872,0.0,1.5941879451274872
মোমবাতি,0.5941452085971832,0.0,1.5941452085971832
গঠিত,0.5941420793533325,0.0,1.5941420793533325
প্লাস,0.5941116809844971,0.0,1.594111680984497
সেঞ্চুরি,0.5940646827220917,0.0,1.5940646827220917
মহান,0.5940585732460022,0.0,1.5940585732460022
উঠি,0.5940336585044861,0.0,1.594033658504486
উঠেছিল,0.5940010249614716,0.0,1.5940010249614716
অপেক্ষ,0.5939822494983673,0.0,1.5939822494983673
বিড়াল,0.5939046144485474,0.0,1.5939046144485474
ভেলকি,0.5938701629638672,0.0,1.5938701629638672
সরঞ্জাম,0.5938644707202911,0.0,1.5938644707202911
স্যালুট,0.5938630402088165,0.0,1.5938630402088165
দ্যাশে,0.5938126742839813,0.0,1.5938126742839813
কোপে,0.5937792956829071,0.0,1.593779295682907
ফুটবলে,0.5937448441982269,0.0,1.593744844198227
ফরাসী,0.5937128961086273,0.0,1.5937128961086273
বাইর,0.5936253070831299,0.0,1.5936253070831299
প্রেরণ,0.5935867726802826,0.0,1.5935867726802826
ছবির,0.5935658812522888,0.0,1.5935658812522888
গেজেট,0.5935374796390533,0.0,1.5935374796390533
টিক,0.5934929251670837,0.0,1.5934929251670837
আসেনি,0.5934923887252808,0.0,1.5934923887252808
জ্বালা,0.5934885442256927,0.0,1.5934885442256927
কেঁপে,0.5934881567955017,0.0,1.5934881567955017
ভাগে,0.5934109091758728,0.0,1.5934109091758728
রেত,0.5933826267719269,0.0,1.5933826267719269
আঘা,0.5933753252029419,0.0,1.593375325202942
বিচারপতি,0.6034401655197144,0.010101010101010102,1.5933391554187044
বিদ্রোহী,0.5932975113391876,0.0,1.5932975113391876
বিশ্বাসী,0.6033929884433746,0.010101010101010102,1.5932919783423647
জুলুম,0.5932822525501251,0.0,1.5932822525501251
দেখুন,0.5932213366031647,0.0,1.5932213366031647
তোলা,0.5932083427906036,0.0,1.5932083427906036
মিলেমিশে,0.5931947529315948,0.0,1.5931947529315948
নাএ,0.5931379795074463,0.0,1.5931379795074463
যতটুকু,0.5930512249469757,0.0,1.5930512249469757
পরিচালক,0.5930226147174835,0.0,1.5930226147174835
অজ্ঞ,0.592958927154541,0.0,1.592958927154541
মাস্টারের,0.5929292440414429,0.0,1.5929292440414429
অপরিণত,0.5928888916969299,0.0,1.59288889169693
নদীপথে,0.5928601324558258,0.0,1.5928601324558258
সজ্জিত,0.5928278863430023,0.0,1.5928278863430023
সেদেশের,0.5928246080875397,0.0,1.5928246080875397
আউট,0.5928178131580353,0.0,1.5928178131580353
আমেরিকান,0.5927889943122864,0.0,1.5927889943122864
ধনী,0.5925990343093872,0.0,1.5925990343093872
মেসের,0.5925939679145813,0.0,1.5925939679145813
পরিহিত,0.5925485193729401,0.0,1.59254851937294
আলতা,0.5925231277942657,0.0,1.5925231277942657
ঠিকভাবে,0.5925047397613525,0.0,1.5925047397613525
কুঠির,0.5924661755561829,0.0,1.5924661755561829
বগি,0.5924623012542725,0.0,1.5924623012542725
চোরা,0.5924404859542847,0.0,1.5924404859542847
পাঁচিল,0.5924341678619385,0.0,1.5924341678619385
প্রবর্তিত,0.5923896729946136,0.0,1.5923896729946136
ভীষণভাবে,0.5923465192317963,0.0,1.5923465192317963
সমাগম,0.5923159420490265,0.0,1.5923159420490265
বসুর,0.592281848192215,0.0,1.592281848192215
আলো,0.5922755897045135,0.0,1.5922755897045135
পরিসংখ্যান,0.5922752320766449,0.0,1.592275232076645
ক্যাপ্ট,0.6023615896701813,0.010101010101010102,1.5922605795691713
নাইট,0.5921907722949982,0.0,1.5921907722949982
প্লাস্টিক,0.5921725332736969,0.0,1.592172533273697
হাব,0.5921406149864197,0.0,1.5921406149864197
কলেবর,0.5921356081962585,0.0,1.5921356081962585
সুবিধা,0.5920775234699249,0.0,1.592077523469925
পুত্রসন্তান,0.5920774936676025,0.0,1.5920774936676025
সাধক,0.5920618176460266,0.0,1.5920618176460266
মেডেল,0.5920580923557281,0.0,1.5920580923557281
মানুষজন,0.5919555723667145,0.0,1.5919555723667145
খেলি,0.5919442772865295,0.0,1.5919442772865295
মানানস,0.591936856508255,0.0,1.591936856508255
বস্তা,0.5919210016727448,0.0,1.5919210016727448
রুখে,0.5918976366519928,0.0,1.5918976366519928
ক্ষণিক,0.5918721854686737,0.0,1.5918721854686737
জনসমাগমে,0.5918536484241486,0.0,1.5918536484241486
সম্পূর্ণরূপে,0.5918474793434143,0.0,1.5918474793434143
চাবির,0.5917491614818573,0.0,1.5917491614818573
ইজ,0.612135499715805,0.02040816326530612,1.591727336450499
কাব্য,0.5916828215122223,0.0,1.5916828215122223
জেলাশাসক,0.5916592180728912,0.0,1.5916592180728912
ঘটনায়,0.5916234850883484,0.0,1.5916234850883484
নিরেট,0.5915789306163788,0.0,1.5915789306163788
টেলিগ্রাম,0.5915628671646118,0.0,1.5915628671646118
বিরোধিতা,0.5915504693984985,0.0,1.5915504693984985
গালাগাল,0.5915499925613403,0.0,1.5915499925613403
উর্দু,0.6016491055488586,0.010101010101010102,1.5915480954478487
বিদ্য,0.5915458798408508,0.0,1.5915458798408508
নবদম্পতি,0.5915376842021942,0.0,1.5915376842021942
যাবো,0.5915108323097229,0.0,1.591510832309723
পিছু,0.6015830039978027,0.010101010101010102,1.5914819938967928
জমবে,0.5914470553398132,0.0,1.5914470553398132
গুনে,0.5914405882358551,0.0,1.591440588235855
ব্যাহত,0.5913827121257782,0.0,1.5913827121257782
ত্রয়োদশ,0.5913706123828888,0.0,1.5913706123828888
প্রতিভাবান,0.5913564264774323,0.0,1.5913564264774323
সমালোচন,0.5913036167621613,0.0,1.5913036167621613
কিছুর,0.6014018654823303,0.010101010101010102,1.5913008553813204
প্রতিক্রিয়া,0.5912848711013794,0.0,1.5912848711013794
আলাপআলোচনা,0.5912148356437683,0.0,1.5912148356437683
অক্সফোর্ড,0.5912103056907654,0.0,1.5912103056907654
ভরাট,0.5911709368228912,0.0,1.5911709368228912
ততো,0.5911314487457275,0.0,1.5911314487457275
পোষণ,0.5911287367343903,0.0,1.5911287367343903
যাবজ্জীবন,0.591120183467865,0.0,1.591120183467865
বিষ,0.591111809015274,0.0,1.591111809015274
অংশে,0.6012066006660461,0.010101010101010102,1.5911055905650362
উৎসাহী,0.5910982191562653,0.0,1.5910982191562653
রাজ্যে,0.5910758674144745,0.0,1.5910758674144745
শীতকালে,0.5910544693470001,0.0,1.5910544693470001
কাণ্ড,0.5909023880958557,0.0,1.5909023880958557
ঐতিহাসিক,0.5908921957015991,0.0,1.5908921957015991
আরোহণ,0.6009507179260254,0.010101010101010102,1.5908497078250154
আটঘাট,0.5907725691795349,0.0,1.590772569179535
জিন,0.5907724499702454,0.0,1.5907724499702454
পুল,0.6007877886295319,0.010101010101010102,1.590686778528522
উপত্যকা,0.5906724035739899,0.0,1.5906724035739899
আপত্তি,0.5906555354595184,0.0,1.5906555354595184
বহুদূর,0.5906356275081635,0.0,1.5906356275081635
বাড়বে,0.5906330645084381,0.0,1.590633064508438
আশুতোষ,0.5906064808368683,0.0,1.5906064808368683
জীব,0.5905852913856506,0.0,1.5905852913856506
মাঝারী,0.5905371904373169,0.0,1.590537190437317
ভগ্নিপতি,0.5905105173587799,0.0,1.59051051735878
কৃতিত্ব,0.5904582440853119,0.0,1.590458244085312
আনে,0.5904542505741119,0.0,1.590454250574112
জার্মান,0.5904493927955627,0.0,1.5904493927955627
পথচারী,0.5904487669467926,0.0,1.5904487669467926
নীতিগত,0.5904299318790436,0.0,1.5904299318790436
সুলতান,0.5904068648815155,0.0,1.5904068648815155
গৃহীত,0.5903501212596893,0.0,1.5903501212596893
উপনীত,0.5903322398662567,0.0,1.5903322398662567
খেতাব,0.5902812480926514,0.0,1.5902812480926514
আলপনা,0.5901480913162231,0.0,1.5901480913162231
উপযোগী,0.610543966293335,0.02040816326530612,1.5901358030280288
মাঝরাত,0.5901218056678772,0.0,1.5901218056678772
রামুর,0.5901063680648804,0.0,1.5901063680648804
আকর্ষণ,0.5900695025920868,0.0,1.5900695025920868
এইটুকুই,0.5900465548038483,0.0,1.5900465548038483
অনটন,0.5900072455406189,0.0,1.590007245540619
মাসিক,0.590007096529007,0.0,1.590007096529007
জঙ্গলে,0.5899930000305176,0.0,1.5899930000305176
কাটল,0.5899536907672882,0.0,1.5899536907672882
কারসাজি,0.5896802544593811,0.0,1.589680254459381
কাকী,0.589555948972702,0.0,1.589555948972702
অনন্যা,0.5895508825778961,0.0,1.5895508825778961
ওরাও,0.5895264744758606,0.0,1.5895264744758606
কোষ,0.5895067453384399,0.0,1.58950674533844
অক্সিজ,0.589487612247467,0.0,1.589487612247467
যেমনভাবে,0.5894762277603149,0.0,1.589476227760315
ব্যাবসা,0.5894686281681061,0.0,1.589468628168106
পর্যবেক্ষণ,0.5893528759479523,0.0,1.5893528759479523
করিতেছেন,0.5893289744853973,0.0,1.5893289744853973
অক্ষম,0.589250922203064,0.0,1.589250922203064
অধিকারীর,0.589224636554718,0.0,1.589224636554718
নিখুঁতভাবে,0.5892016291618347,0.0,1.5892016291618347
অনেকদিন,0.5891822576522827,0.0,1.5891822576522827
নিলামের,0.5891677439212799,0.0,1.58916774392128
কপূর,0.5891461670398712,0.0,1.5891461670398712
ভট্টাচার্য,0.5891079306602478,0.0,1.5891079306602478
গোলা,0.5890657007694244,0.0,1.5890657007694244
ভোর,0.589032769203186,0.0,1.589032769203186
উহ,0.5890103280544281,0.0,1.589010328054428
বাহু,0.5889973640441895,0.0,1.5889973640441895
প্রতিষ্ঠ,0.5889940857887268,0.0,1.5889940857887268
গুম,0.5889578759670258,0.0,1.5889578759670258
কাঁ,0.5889261364936829,0.0,1.5889261364936829
নীতির,0.588913232088089,0.0,1.588913232088089
তাগিদে,0.588906854391098,0.0,1.588906854391098
লোহ,0.5888795256614685,0.0,1.5888795256614685
নিলামে,0.5888210535049438,0.0,1.5888210535049438
মিশে,0.5887790322303772,0.0,1.5887790322303772
সারাবছর,0.5887771844863892,0.0,1.5887771844863892
দাগ,0.5887432396411896,0.0,1.5887432396411896
মিটা,0.5988403558731079,0.010101010101010102,1.588739345772098
রেল,0.5887325704097748,0.0,1.5887325704097748
কমতি,0.588731199502945,0.0,1.588731199502945
ফোটানো,0.5887190699577332,0.0,1.5887190699577332
যোদ্ধা,0.5886373221874237,0.0,1.5886373221874237
গালিব,0.588632345199585,0.0,1.588632345199585
যোগ্যতা,0.5886097550392151,0.0,1.588609755039215
নিরাপদে,0.5885916948318481,0.0,1.5885916948318481
ভূপাতিত,0.5885871052742004,0.0,1.5885871052742004
লোহা,0.588556706905365,0.0,1.588556706905365
হিন্দ,0.5885516703128815,0.0,1.5885516703128815
ধাঁধা,0.5884730219841003,0.0,1.5884730219841003
ব্যবধানে,0.5884690880775452,0.0,1.5884690880775452
তহবিল,0.5884659290313721,0.0,1.588465929031372
প্রতিভা,0.5884256064891815,0.0,1.5884256064891815
রেস্ট,0.5884090065956116,0.0,1.5884090065956116
রশ্মি,0.5883735418319702,0.0,1.5883735418319702
আমিনা,0.5883721709251404,0.0,1.5883721709251404
সমালোচনা,0.5883667171001434,0.0,1.5883667171001434
বিস্তার,0.5882966220378876,0.0,1.5882966220378876
অক্টোবর,0.6086734235286713,0.02040816326530612,1.5882652602633651
এইসব,0.5882581770420074,0.0,1.5882581770420074
দৈহিক,0.5882315933704376,0.0,1.5882315933704376
মঙ্গলে,0.5882154703140259,0.0,1.5882154703140259
মুদির,0.5882058143615723,0.0,1.5882058143615723
কর্মক্ষেত্র,0.5881673395633698,0.0,1.5881673395633698
শিল্পী,0.5881641209125519,0.0,1.5881641209125519
কিট,0.588147908449173,0.0,1.588147908449173
তারা,0.5881248712539673,0.0,1.5881248712539673
প্রতিশ্রুতি,0.5881170332431793,0.0,1.5881170332431793
নিয়োগ,0.5880831778049469,0.0,1.588083177804947
মেক,0.5880505442619324,0.0,1.5880505442619324
ঘাট,0.5879818499088287,0.0,1.5879818499088287
ছুট,0.5879384279251099,0.0,1.5879384279251099
গার্ল,0.5877349674701691,0.0,1.587734967470169
মালিকানা,0.5877305269241333,0.0,1.5877305269241333
ইতস্তত,0.5877083539962769,0.0,1.5877083539962769
বিকশিত,0.5876606106758118,0.0,1.5876606106758118
বসু,0.5876473486423492,0.0,1.5876473486423492
কর্নেল,0.5876410603523254,0.0,1.5876410603523254
পরিবেশের,0.5876093506813049,0.0,1.587609350681305
ট্রাস্ট,0.5876022279262543,0.0,1.5876022279262543
আশ্রয়,0.5875855982303619,0.0,1.587585598230362
ক্ষেতের,0.5875744223594666,0.0,1.5875744223594666
পাল্ল,0.597641259431839,0.010101010101010102,1.587540249330829
ঘুমন্ত,0.5875220596790314,0.0,1.5875220596790314
আবেগ,0.5874263942241669,0.0,1.5874263942241669
আফ্রিকা,0.587396889925003,0.0,1.587396889925003
দেরি,0.5873938500881195,0.0,1.5873938500881195
উন্মত্ত,0.5873739719390869,0.0,1.587373971939087
প্রতিপাদ্য,0.5873481929302216,0.0,1.5873481929302216
রে,0.5873340666294098,0.0,1.5873340666294098
ক্যাপিটাল,0.5873152315616608,0.0,1.5873152315616608
ব্যাট,0.5872881412506104,0.0,1.5872881412506104
পরিষ্ক,0.5972572267055511,0.010101010101010102,1.5871562166045412
সম্পাদিত,0.5871020257472992,0.0,1.5871020257472992
হনুমান,0.5870978832244873,0.0,1.5870978832244873
কমে,0.5870681405067444,0.0,1.5870681405067444
পরীক্ষ,0.5970939695835114,0.010101010101010102,1.5869929594825014
ক্ষে,0.5869742035865784,0.0,1.5869742035865784
চেহারাটা,0.586919903755188,0.0,1.586919903755188
ডাকবে,0.5868718922138214,0.0,1.5868718922138214
চোখ,0.586811751127243,0.0,1.586811751127243
মূল্যবান,0.5868060886859894,0.0,1.5868060886859894
নিরস্ত্র,0.5868000984191895,0.0,1.5868000984191895
সামুদ্রিক,0.5867404043674469,0.0,1.586740404367447
স্বাস্থ্য,0.5867228507995605,0.0,1.5867228507995605
সেন,0.58672034740448,0.0,1.58672034740448
সহায়তা,0.5866944789886475,0.0,1.5866944789886475
উন্মাদনা,0.5866634249687195,0.0,1.5866634249687195
ভুগে,0.5866275727748871,0.0,1.586627572774887
শিউরে,0.5865989923477173,0.0,1.5865989923477173
সুফল,0.5865337550640106,0.0,1.5865337550640106
নির্মাণ,0.5865203440189362,0.0,1.5865203440189362
নির্জন,0.586462527513504,0.0,1.586462527513504
লতা,0.5864620506763458,0.0,1.5864620506763458
ঘটলো,0.5864188075065613,0.0,1.5864188075065613
অন্তহীন,0.5864080190658569,0.0,1.586408019065857
অসামান্য,0.5863969326019287,0.0,1.5863969326019287
একইরকম,0.5863852202892303,0.0,1.5863852202892303
পিতাপুত্র,0.5863759815692902,0.0,1.5863759815692902
স্লো,0.5863396525382996,0.0,1.5863396525382996
মামী,0.5863249003887177,0.0,1.5863249003887177
রুনু,0.586303174495697,0.0,1.586303174495697
শান্তিপুর,0.5862985253334045,0.0,1.5862985253334045
চাইলেও,0.5862504243850708,0.0,1.5862504243850708
নিঃশ্বাস,0.5862137079238892,0.0,1.5862137079238892
হস্তক্ষেপের,0.5862085819244385,0.0,1.5862085819244385
দেখাদেখি,0.5861859917640686,0.0,1.5861859917640686
জানবে,0.5859892666339874,0.0,1.5859892666339874
জেল,0.585943728685379,0.0,1.585943728685379
আখ,0.596034824848175,0.010101010101010102,1.585933814747165
তোমাকে,0.5858890414237976,0.0,1.5858890414237976
বসা,0.5858874320983887,0.0,1.5858874320983887
পিতা,0.5959523320198059,0.010101010101010102,1.585851321918796
ত্রাস,0.5858325660228729,0.0,1.585832566022873
সাম্রাজ্য,0.5858311951160431,0.0,1.585831195116043
জটলা,0.5857770144939423,0.0,1.5857770144939423
নাজেহাল,0.5857304036617279,0.0,1.585730403661728
খৃষ্টান,0.5856827199459076,0.0,1.5856827199459076
ভাবতে,0.585620790719986,0.0,1.585620790719986
সম্পত্তির,0.5856204032897949,0.0,1.585620403289795
মাদাম,0.5856191515922546,0.0,1.5856191515922546
মণে,0.58548703789711,0.0,1.58548703789711
বন্দনা,0.5854724049568176,0.0,1.5854724049568176
পোর্ট,0.5955255329608917,0.010101010101010102,1.5854245228598818
সচিত্র,0.5854185521602631,0.0,1.585418552160263
অনুজ,0.5854060053825378,0.0,1.5854060053825378
উদ্যান,0.5853865742683411,0.0,1.585386574268341
ব্যাপী,0.5853227078914642,0.0,1.5853227078914642
আন্দোলনে,0.5953873693943024,0.010101010101010102,1.5852863592932924
রওনা,0.5852640569210052,0.0,1.5852640569210052
চুন,0.5953413844108582,0.010101010101010102,1.5852403743098482
পরিদর্শন,0.5852219462394714,0.0,1.5852219462394714
উমেদ,0.5852183699607849,0.0,1.585218369960785
মিশনারি,0.585096687078476,0.0,1.585096687078476
বিপদে,0.5850687623023987,0.0,1.5850687623023987
সংশ্লিষ্ট,0.5950811207294464,0.010101010101010102,1.5849801106284365
কার্ডে,0.584960401058197,0.0,1.584960401058197
ইতিহাসে,0.5849395096302032,0.0,1.5849395096302032
সিলভ,0.5849266946315765,0.0,1.5849266946315765
খাট,0.5849025249481201,0.0,1.5849025249481201
আক,0.5848663449287415,0.0,1.5848663449287415
আকার,0.5848613083362579,0.0,1.584861308336258
রাখাল,0.5848297476768494,0.0,1.5848297476768494
সোজাসুজি,0.5848117768764496,0.0,1.5848117768764496
অবশেষ,0.5847161710262299,0.0,1.5847161710262299
বৃষ্টিতে,0.5847148001194,0.0,1.5847148001194
উদ্দীপনা,0.584660679101944,0.0,1.584660679101944
কোর্টে,0.5845570266246796,0.0,1.5845570266246796
উৎসব,0.5845148861408234,0.0,1.5845148861408234
বঞ্চিত,0.5844787955284119,0.0,1.5844787955284119
সৌজন্যে,0.5844595730304718,0.0,1.5844595730304718
অপ,0.5844423770904541,0.0,1.584442377090454
জানুয়ারি,0.5945426225662231,0.010101010101010102,1.5844416124652132
ইলেকট্রিক,0.5843835771083832,0.0,1.5843835771083832
ওয়ান,0.5843589901924133,0.0,1.5843589901924133
বাঁচানোর,0.5842211842536926,0.0,1.5842211842536926
মাইকেল,0.5842108130455017,0.0,1.5842108130455017
পূর্বতন,0.5842081606388092,0.0,1.5842081606388092
খেলনা,0.584174633026123,0.0,1.584174633026123
শোব,0.5839875638484955,0.0,1.5839875638484955
চেয়েছেন,0.5940722525119781,0.010101010101010102,1.5839712424109682
সোজা,0.5839581489562988,0.0,1.5839581489562988
ইংরেজিতে,0.5839273631572723,0.0,1.5839273631572723
আবির্ভাব,0.5838928520679474,0.0,1.5838928520679474
স্বাবলম্বী,0.583876371383667,0.0,1.583876371383667
বাম,0.5838347375392914,0.0,1.5838347375392914
যুগে,0.5838259756565094,0.0,1.5838259756565094
ক্যামে,0.5837769210338593,0.0,1.5837769210338593
ঔপন্যাসিক,0.5837158858776093,0.0,1.5837158858776093
আসিনি,0.5837031900882721,0.0,1.583703190088272
ছোলা,0.5836816430091858,0.0,1.5836816430091858
দিনাতিপাত,0.5836741626262665,0.0,1.5836741626262665
ভাগ্য,0.5835841596126556,0.0,1.5835841596126556
বাদশাহ,0.5835827589035034,0.0,1.5835827589035034
সু,0.5835776031017303,0.0,1.5835776031017303
লাস,0.5835614204406738,0.0,1.5835614204406738
এদেশ,0.5834643542766571,0.0,1.583464354276657
চাকুরে,0.5834537744522095,0.0,1.5834537744522095
কারাদণ্ড,0.5833884179592133,0.0,1.5833884179592133
সংগীত,0.5833442807197571,0.0,1.583344280719757
গ্রামবাসী,0.5832537114620209,0.0,1.5832537114620209
আনন্দে,0.583236813545227,0.0,1.583236813545227
নামান্তর,0.5831952691078186,0.0,1.5831952691078186
টেলিফোন,0.5831946730613708,0.0,1.5831946730613708
লেফটেন্যান্ট,0.5831583738327026,0.0,1.5831583738327026
গণিত,0.5830724239349365,0.0,1.5830724239349365
দেখছ,0.5830588936805725,0.0,1.5830588936805725
সমবেত,0.5830316543579102,0.0,1.5830316543579102
সুনীল,0.5830145478248596,0.0,1.5830145478248596
অগ্রসর,0.582952618598938,0.0,1.582952618598938
পিছনে,0.582920104265213,0.0,1.582920104265213
নিদর্শন,0.5828310549259186,0.0,1.5828310549259186
সেট,0.5827768743038177,0.0,1.5827768743038177
মিঃ,0.5928725898265839,0.010101010101010102,1.582771579725574
লিখছ,0.5827584564685822,0.0,1.5827584564685822
যাবা,0.5827241241931915,0.0,1.5827241241931915
রামকৃষ্ণ,0.5826549232006073,0.0,1.5826549232006073
সুদিন,0.5826275646686554,0.0,1.5826275646686554
প্রতিভ,0.5825843513011932,0.0,1.5825843513011932
যন্ত্রপাতির,0.5825674831867218,0.0,1.5825674831867218
অনুপস্থিত,0.5926529169082642,0.010101010101010102,1.5825519068072542
তাকাতে,0.5825080275535583,0.0,1.5825080275535583
শত্রুত,0.5824922025203705,0.0,1.5824922025203705
ঘুরছ,0.582446426153183,0.0,1.582446426153183
বাঁচলো,0.5824249684810638,0.0,1.5824249684810638
কঠোর,0.5823989510536194,0.0,1.5823989510536194
চৈত্র,0.5823879539966583,0.0,1.5823879539966583
ভাষাতে,0.5822984874248505,0.0,1.5822984874248505
পূজ,0.5822205543518066,0.0,1.5822205543518066
হতাম,0.582198977470398,0.0,1.582198977470398
খোল,0.5821989178657532,0.0,1.5821989178657532
এরকম,0.5821628570556641,0.0,1.582162857055664
কানপুরে,0.5821547210216522,0.0,1.5821547210216522
ক্যাথলিক,0.582136869430542,0.0,1.582136869430542
চরিত্র,0.5821247398853302,0.0,1.5821247398853302
দাউ,0.5821069777011871,0.0,1.5821069777011871
দুর্বল,0.5821050405502319,0.0,1.582105040550232
রুটি,0.5820837318897247,0.0,1.5820837318897247
লুকোচুরি,0.5820656418800354,0.0,1.5820656418800354
সুরেশ,0.5820392370223999,0.0,1.5820392370224
স্টেশনে,0.5921032726764679,0.010101010101010102,1.582002262575458
নির্মল,0.5819649994373322,0.0,1.5819649994373322
বোমা,0.5819506347179413,0.0,1.5819506347179413
চুরির,0.5818714201450348,0.0,1.5818714201450348
শূন্য,0.5818136036396027,0.0,1.5818136036396027
গগনে,0.5818083584308624,0.0,1.5818083584308624
উদ্দীপন,0.5817935764789581,0.0,1.5817935764789581
পরিবারে,0.5817835927009583,0.0,1.5817835927009583
মিশ্রণ,0.5918648540973663,0.010101010101010102,1.5817638439963564
রাণী,0.5817372798919678,0.0,1.5817372798919678
ছেলে,0.5816894173622131,0.0,1.5816894173622131
নিযুক্ত,0.5816053152084351,0.0,1.581605315208435
প্রান্,0.5814805030822754,0.0,1.5814805030822754
ভাঙে,0.5915657877922058,0.010101010101010102,1.5814647776911959
শনিব,0.5814426839351654,0.0,1.5814426839351654
নির্বাহ,0.5814415812492371,0.0,1.581441581249237
উৎকণ্ঠ,0.5813829600811005,0.0,1.5813829600811005
প্রশান্ত,0.59140944480896,0.010101010101010102,1.58130843470795
চিরে,0.5812620222568512,0.0,1.5812620222568512
আর্তনাদ,0.5812331736087799,0.0,1.58123317360878
স্পর্ধা,0.5811594426631927,0.0,1.5811594426631927
মোক্ষম,0.5811181962490082,0.0,1.5811181962490082
তৈমুর,0.5810606479644775,0.0,1.5810606479644775
প্রকোপ,0.5911563038825989,0.010101010101010102,1.581055293781589
মহারাজা,0.5810092091560364,0.0,1.5810092091560364
আরবী,0.5809851288795471,0.0,1.5809851288795471
সুব্রত,0.5809478759765625,0.0,1.5809478759765625
ভেঙ্গে,0.5808929800987244,0.0,1.5808929800987244
গতিপথ,0.5808717906475067,0.0,1.5808717906475067
কার্জন,0.5807981789112091,0.0,1.580798178911209
ভূষিত,0.590847909450531,0.010101010101010102,1.580746899349521
পবিত্র,0.5807034373283386,0.0,1.5807034373283386
রই,0.5805299282073975,0.0,1.5805299282073975
ফ্যাট,0.5805114209651947,0.0,1.5805114209651947
চারজন,0.5804876685142517,0.0,1.5804876685142517
অধিকারে,0.5804350972175598,0.0,1.5804350972175598
ডাটা,0.5804336965084076,0.0,1.5804336965084076
মুখমণ্ডলে,0.5803724229335785,0.0,1.5803724229335785
পরিসর,0.5803446173667908,0.0,1.5803446173667908
প্রথমদিন,0.5803396999835968,0.0,1.5803396999835968
টোকিওতে,0.5803214311599731,0.0,1.5803214311599731
শ্যামলী,0.5802444219589233,0.0,1.5802444219589233
পত্রে,0.5802203118801117,0.0,1.5802203118801117
পথিক,0.5801512897014618,0.0,1.5801512897014618
বিচ্ছু,0.5800506770610809,0.0,1.580050677061081
গ্যাসে,0.5800354182720184,0.0,1.5800354182720184
দুমিনিট,0.5800271928310394,0.0,1.5800271928310394
পৌঁছাবে,0.5800014138221741,0.0,1.580001413822174
গুড,0.5799187123775482,0.0,1.5799187123775482
রানী,0.5798576772212982,0.0,1.5798576772212982
নটা,0.579848051071167,0.0,1.579848051071167
ছাগল,0.5898854732513428,0.010101010101010102,1.5797844631503328
পচা,0.5797596573829651,0.0,1.579759657382965
পশুপাখি,0.5796789228916168,0.0,1.5796789228916168
এসো,0.5796418786048889,0.0,1.579641878604889
জমজমাট,0.5796098411083221,0.0,1.5796098411083221
বেশিদিন,0.5795936584472656,0.0,1.5795936584472656
ঠাকুর,0.5795721411705017,0.0,1.5795721411705017
দেশাত্মবোধ,0.5795712769031525,0.0,1.5795712769031525
পাচ্ছিল,0.5795339643955231,0.0,1.579533964395523
নামলে,0.5795214176177979,0.0,1.5795214176177979
শিরোমণি,0.5794544816017151,0.0,1.579454481601715
সুপথে,0.5794496536254883,0.0,1.5794496536254883
চাকা,0.5794152021408081,0.0,1.579415202140808
দ্বীপে,0.5794036984443665,0.0,1.5794036984443665
শ্রেষ্ঠ,0.5793262720108032,0.0,1.5793262720108032
ভাইপ,0.5793073773384094,0.0,1.5793073773384094
বন্ধুত্ব,0.579287588596344,0.0,1.579287588596344
সমুদ্রগর্ভে,0.5792389810085297,0.0,1.5792389810085297
আকাশপাতাল,0.579230397939682,0.0,1.579230397939682
কাঁপ,0.5792211294174194,0.0,1.5792211294174194
জানালে,0.5791551172733307,0.0,1.5791551172733307
স্বরে,0.5790852010250092,0.0,1.5790852010250092
মর্নিং,0.5790820717811584,0.0,1.5790820717811584
সিংহ,0.5790777504444122,0.0,1.5790777504444122
এক্স,0.5790618360042572,0.0,1.5790618360042572
মানিক,0.5789764821529388,0.0,1.5789764821529388
সুতোর,0.5789676010608673,0.0,1.5789676010608673
কারো,0.5789595246315002,0.0,1.5789595246315002
সেগুন,0.5789476335048676,0.0,1.5789476335048676
ইস্তফা,0.578874409198761,0.0,1.578874409198761
বীজ,0.5788590908050537,0.0,1.5788590908050537
বাটা,0.5788506269454956,0.0,1.5788506269454956
বিশ্রাম,0.5788075029850006,0.0,1.5788075029850006
পার্ট,0.5787909924983978,0.0,1.5787909924983978
বাণিজ্য,0.5787703394889832,0.0,1.5787703394889832
ধরিয়ে,0.5787147283554077,0.0,1.5787147283554077
বিল,0.5786902010440826,0.0,1.5786902010440826
ছাপানো,0.5786539912223816,0.0,1.5786539912223816
নির্মলেন্দু,0.578630656003952,0.0,1.578630656003952
মহাকাশচারী,0.5785566568374634,0.0,1.5785566568374634
শান্তি,0.5784814655780792,0.0,1.5784814655780792
মধু,0.5783981680870056,0.0,1.5783981680870056
বিদেশের,0.5884964168071747,0.010101010101010102,1.5783954067061647
চললে,0.5783938467502594,0.0,1.5783938467502594
পথচারীর,0.578392505645752,0.0,1.578392505645752
অনুসন্ধান,0.5783728957176208,0.0,1.5783728957176208
পুস্তক,0.578366219997406,0.0,1.578366219997406
অভিমুখে,0.5782902538776398,0.0,1.5782902538776398
বোল,0.5883335173130035,0.010101010101010102,1.5782325072119936
বৈচিত্র্য,0.5782301127910614,0.0,1.5782301127910614
অভিমানে,0.5781567990779877,0.0,1.5781567990779877
প্রেস,0.5781525671482086,0.0,1.5781525671482086
ভবিষ্যৎ,0.5781417787075043,0.0,1.5781417787075043
সওদা,0.5781396925449371,0.0,1.5781396925449371
দলে,0.5780200958251953,0.0,1.5780200958251953
কারখানা,0.5779163241386414,0.0,1.5779163241386414
প্রতিনিধি,0.5779053270816803,0.0,1.5779053270816803
খাইতে,0.5778486430644989,0.0,1.577848643064499
কমবে,0.5778107941150665,0.0,1.5778107941150665
বাস্কেটবল,0.577776163816452,0.0,1.577776163816452
পরমাণু,0.5777662396430969,0.0,1.577766239643097
অবহিত,0.5777526497840881,0.0,1.5777526497840881
থাকে,0.5777184963226318,0.0,1.5777184963226318
তীব্রতা,0.5877781212329865,0.010101010101010102,1.5776771111319765
শুনত,0.5776447355747223,0.0,1.5776447355747223
পরিমাণ,0.5776243507862091,0.0,1.577624350786209
বাঁধ,0.5776178538799286,0.0,1.5776178538799286
সংক্রান্ত,0.5776072442531586,0.0,1.5776072442531586
খোঁজাখুজি,0.5775664150714874,0.0,1.5775664150714874
উপকূল,0.5979533493518829,0.02040816326530612,1.5775451860865768
ডুবুরী,0.5775423049926758,0.0,1.5775423049926758
তাকান,0.5775235593318939,0.0,1.577523559331894
দুদিন,0.577508419752121,0.0,1.577508419752121
কুসংস্ক,0.5774425566196442,0.0,1.5774425566196442
সাদা,0.5773912966251373,0.0,1.5773912966251373
বাহাদুর,0.5772308111190796,0.0,1.5772308111190796
রামনগর,0.5772196054458618,0.0,1.5772196054458618
এলাহি,0.5772140324115753,0.0,1.5772140324115753
ভিতরে,0.5772016942501068,0.0,1.5772016942501068
হাল,0.577199250459671,0.0,1.577199250459671
অলোক,0.5771215856075287,0.0,1.5771215856075287
চন্দ্রশেখর,0.5769863724708557,0.0,1.5769863724708557
সুবিধ,0.5769803822040558,0.0,1.5769803822040558
খুল,0.576979786157608,0.0,1.576979786157608
বিস্কুট,0.5768889486789703,0.0,1.5768889486789703
জবানবন্দী,0.5768851637840271,0.0,1.576885163784027
রেডিওতে,0.5768783390522003,0.0,1.5768783390522003
একপাশে,0.5768200159072876,0.0,1.5768200159072876
ধর্মে,0.5768197178840637,0.0,1.5768197178840637
স্বাধীনত,0.5767692923545837,0.0,1.5767692923545837
হাফ,0.5767312943935394,0.0,1.5767312943935394
বাধ্যবাধকতা,0.5767284631729126,0.0,1.5767284631729126
গুজব,0.576697438955307,0.0,1.576697438955307
প্রতিমা,0.5766272246837616,0.0,1.5766272246837616
জাহাজে,0.586694985628128,0.010101010101010102,1.576593975527118
এম,0.5765483975410461,0.0,1.5765483975410461
রাখেননি,0.576532781124115,0.0,1.576532781124115
মহল্লা,0.5764777064323425,0.0,1.5764777064323425
উদ্ধ,0.5763631165027618,0.0,1.5763631165027618
বাচ্চা,0.5763229131698608,0.0,1.5763229131698608
হারাবে,0.5761860907077789,0.0,1.576186090707779
মেশানো,0.5761462152004242,0.0,1.5761462152004242
টিন,0.5760831236839294,0.0,1.5760831236839294
মেস,0.5760709643363953,0.0,1.5760709643363953
মেয়েরা,0.5861194431781769,0.010101010101010102,1.576018433077167
নৌকা,0.5760151445865631,0.0,1.576015144586563
টুল,0.5760005712509155,0.0,1.5760005712509155
ফোর,0.5759249627590179,0.0,1.575924962759018
কোনরকম,0.5758585035800934,0.0,1.5758585035800934
সামগ্রীর,0.5758394598960876,0.0,1.5758394598960876
ধারে,0.5757801830768585,0.0,1.5757801830768585
ওপরে,0.575743556022644,0.0,1.575743556022644
অবতীর্ণ,0.5757425129413605,0.0,1.5757425129413605
প্রবাস,0.5858407020568848,0.010101010101010102,1.5757396919558748
ক্রিকেটের,0.5757271945476532,0.0,1.5757271945476532
মরে,0.5757118165493011,0.0,1.5757118165493011
আচারআচরণ,0.5756935775279999,0.0,1.5756935775279999
কমানো,0.5756902694702148,0.0,1.5756902694702148
এগোলো,0.5756775438785553,0.0,1.5756775438785553
আর্থিক,0.5756098031997681,0.0,1.575609803199768
দুঃখী,0.5755820572376251,0.0,1.5755820572376251
অলিম্পিক,0.5755629539489746,0.0,1.5755629539489746
কবিরাজ,0.5855943262577057,0.010101010101010102,1.5754933161566957
বিশুর,0.5754646360874176,0.0,1.5754646360874176
অগ্রগতি,0.5754566788673401,0.0,1.57545667886734
লাজ,0.5753957331180573,0.0,1.5753957331180573
অফিস,0.5753454566001892,0.0,1.5753454566001892
আঁট,0.575331300497055,0.0,1.575331300497055
প্রতীয়মান,0.5753172636032104,0.0,1.5753172636032104
অন্যরা,0.5753021240234375,0.0,1.5753021240234375
ডিসেম্বর,0.606203705072403,0.030927835051546393,1.5752758700208567
ঘনীভূত,0.57526895403862,0.0,1.57526895403862
উত্তাপ,0.5752576589584351,0.0,1.575257658958435
হাটা,0.57524174451828,0.0,1.57524174451828
ডাকত,0.5752074420452118,0.0,1.5752074420452118
সংসারে,0.5750885009765625,0.0,1.5750885009765625
নামাজ,0.585138350725174,0.010101010101010102,1.575037340624164
গ্রেড,0.5749898254871368,0.0,1.5749898254871368
অম,0.57497239112854,0.0,1.57497239112854
বিপথগামী,0.5749282240867615,0.0,1.5749282240867615
অঢেল,0.5748010873794556,0.0,1.5748010873794556
বিকাল,0.5747976005077362,0.0,1.5747976005077362
বক্তৃতা,0.5747387111186981,0.0,1.5747387111186981
অ্যান,0.5746523439884186,0.0,1.5746523439884186
খনি,0.5746112167835236,0.0,1.5746112167835236
প্রেরিত,0.574586808681488,0.0,1.574586808681488
জয়া,0.5745357871055603,0.0,1.5745357871055603
ক্ষতির,0.5745297372341156,0.0,1.5745297372341156
পাঠ্য,0.5745227932929993,0.0,1.5745227932929993
ক্ষুধ,0.5744001567363739,0.0,1.574400156736374
ততদিন,0.584497720003128,0.010101010101010102,1.574396709902118
সেনাবাহিনী,0.5742817223072052,0.0,1.5742817223072052
বিমল,0.5742630660533905,0.0,1.5742630660533905
বিএ,0.5742558240890503,0.0,1.5742558240890503
সম্বলিত,0.5742535889148712,0.0,1.5742535889148712
নিহিত,0.5742520987987518,0.0,1.5742520987987518
সৈয়দ,0.5741104185581207,0.0,1.5741104185581207
হিন্দুর,0.5740805566310883,0.0,1.5740805566310883
লোকবল,0.5841770768165588,0.010101010101010102,1.574076066715549
ঝালাপালা,0.5740160346031189,0.0,1.574016034603119
হুইল,0.5739962160587311,0.0,1.573996216058731
গির্জা,0.5736861228942871,0.0,1.573686122894287
যেই,0.5736710727214813,0.0,1.5736710727214813
নিরাপদ,0.5736241638660431,0.0,1.573624163866043
লাইব্রেরিতে,0.5736210644245148,0.0,1.5736210644245148
ততদিনে,0.5735655725002289,0.0,1.5735655725002289
ধ্যানে,0.5735203921794891,0.0,1.5735203921794891
দূষিত,0.5735032856464386,0.0,1.5735032856464386
কপালে,0.5835936069488525,0.010101010101010102,1.5734925968478426
ফোর্ট,0.5734341144561768,0.0,1.5734341144561768
পারছেন,0.5734057128429413,0.0,1.5734057128429413
কর্ণেল,0.5733232200145721,0.0,1.5733232200145721
ডাকটিকিট,0.5733128190040588,0.0,1.5733128190040588
ভরি,0.5732953548431396,0.0,1.5732953548431396
চাঞ্চল্য,0.5732608437538147,0.0,1.5732608437538147
স্টাইক,0.5732446312904358,0.0,1.5732446312904358
অর্জন,0.5732180774211884,0.0,1.5732180774211884
জনতা,0.5731798708438873,0.0,1.5731798708438873
মেধা,0.5731775760650635,0.0,1.5731775760650635
অবসান,0.5731066167354584,0.0,1.5731066167354584
নিষ্ঠ,0.57307168841362,0.0,1.57307168841362
শিক্ষ,0.5730404853820801,0.0,1.57304048538208
তালা,0.583077996969223,0.010101010101010102,1.572976986868213
জানল,0.5729263424873352,0.0,1.5729263424873352
দাশ,0.5729256272315979,0.0,1.572925627231598
রাঘব,0.5729089379310608,0.0,1.5729089379310608
বউ,0.572896271944046,0.0,1.572896271944046
চামচ,0.5829967558383942,0.010101010101010102,1.5728957457373842
সন্ধে,0.5728945434093475,0.0,1.5728945434093475
শ্মশান,0.5728799700737,0.0,1.5728799700737
ছাদের,0.5728793740272522,0.0,1.5728793740272522
উপহ,0.5728555023670197,0.0,1.5728555023670197
রণচণ্ডী,0.5728345215320587,0.0,1.5728345215320587
পলাতক,0.5727430880069733,0.0,1.5727430880069733
নির্ভুল,0.572729080915451,0.0,1.572729080915451
তেল,0.5726976692676544,0.0,1.5726976692676544
পরিত্যক্ত,0.572666585445404,0.0,1.572666585445404
সারেঙ্গি,0.5726437270641327,0.0,1.5726437270641327
বন্দোবস্ত,0.5726102590560913,0.0,1.5726102590560913
অতিরিক্ত,0.572540819644928,0.0,1.572540819644928
মুসলমান,0.5725375413894653,0.0,1.5725375413894653
করতে,0.5725369155406952,0.0,1.5725369155406952
ভোরে,0.5724804699420929,0.0,1.572480469942093
অনতিবিলম্বে,0.5825612545013428,0.010101010101010102,1.5724602444003328
মারছেন,0.5724304914474487,0.0,1.5724304914474487
সামাজিক,0.5724263489246368,0.0,1.5724263489246368
সম্বন্ধে,0.5724099278450012,0.0,1.5724099278450012
প্রতিজ্ঞা,0.5723662376403809,0.0,1.5723662376403809
রোমে,0.5723499655723572,0.0,1.5723499655723572
ডক্টরেট,0.5723138451576233,0.0,1.5723138451576233
তাবু,0.5723012685775757,0.0,1.5723012685775757
গোপাল,0.5722726583480835,0.0,1.5722726583480835
লুক,0.5720129907131195,0.0,1.5720129907131195
আনীত,0.5720111131668091,0.0,1.572011113166809
পোশাক,0.5719776153564453,0.0,1.5719776153564453
কাগজে,0.5820779502391815,0.010101010101010102,1.5719769401381716
ফিল্ডিং,0.5719455480575562,0.0,1.5719455480575562
আনুন,0.5719232261180878,0.0,1.5719232261180878
মৃতদেহ,0.5718809068202972,0.0,1.5718809068202972
অহরহ,0.571800708770752,0.0,1.571800708770752
রিক্সা,0.5717721283435822,0.0,1.5717721283435822
খেলব,0.5717695355415344,0.0,1.5717695355415344
সুপরিচিত,0.5717684924602509,0.0,1.5717684924602509
সোনা,0.5717667043209076,0.0,1.5717667043209076
স্বা,0.5717190504074097,0.0,1.5717190504074097
কোর্স,0.5715349614620209,0.0,1.5715349614620209
ছোবল,0.5715168416500092,0.0,1.5715168416500092
সারাদিন,0.5714799761772156,0.0,1.5714799761772156
শেলী,0.5714703798294067,0.0,1.5714703798294067
পঁচিশ,0.5714377164840698,0.0,1.5714377164840698
সংযোগ,0.5713897049427032,0.0,1.5713897049427032
আমেরিকার,0.5713826417922974,0.0,1.5713826417922974
জাত,0.5713571608066559,0.0,1.5713571608066559
পরস্পরবিরোধী,0.571349024772644,0.0,1.571349024772644
জ্ঞাপন,0.5713097453117371,0.0,1.571309745311737
প্রসারে,0.5712203085422516,0.0,1.5712203085422516
সাধারণত,0.5711959898471832,0.0,1.5711959898471832
আতিশয্য,0.5711595714092255,0.0,1.5711595714092255
দেখেছি,0.5710803866386414,0.0,1.5710803866386414
সোসাই,0.5710534453392029,0.0,1.5710534453392029
কনিষ্ঠ,0.5709978342056274,0.0,1.5709978342056274
শ্যামল,0.5709426403045654,0.0,1.5709426403045654
বিঘা,0.5808667838573456,0.010101010101010102,1.5707657737563356
রাজনৈতিক,0.5807841122150421,0.010101010101010102,1.5706831021140322
প্রজাতি,0.570671558380127,0.0,1.570671558380127
খিদিরপুর,0.570595383644104,0.0,1.570595383644104
বাজ,0.5806740820407867,0.010101010101010102,1.5705730719397768
হঠকারী,0.5704070031642914,0.0,1.5704070031642914
মুগ্ধ,0.5703709423542023,0.0,1.5703709423542023
মূল্যবোধ,0.5703152120113373,0.0,1.5703152120113373
মাছমাংস,0.5702826380729675,0.0,1.5702826380729675
ইন,0.5702497661113739,0.0,1.570249766111374
বিধান,0.5701299607753754,0.0,1.5701299607753754
গলির,0.5701182186603546,0.0,1.5701182186603546
শোষণ,0.5700380802154541,0.0,1.570038080215454
বিনিময়,0.5699607133865356,0.0,1.5699607133865356
সঞ্চারিত,0.5699180960655212,0.0,1.5699180960655212
যাচ্ছি,0.5698871314525604,0.0,1.5698871314525604
ঘরোয়া,0.5698662102222443,0.0,1.5698662102222443
ঘুমে,0.5698399543762207,0.0,1.5698399543762207
পরীক্ষায়,0.5698135793209076,0.0,1.5698135793209076
যাত্,0.5798965394496918,0.010101010101010102,1.5697955293486818
সাইকেল,0.5798846185207367,0.010101010101010102,1.5697836084197268
পুরোনো,0.5697828531265259,0.0,1.5697828531265259
উঠছি,0.5697183310985565,0.0,1.5697183310985565
অঞ্জন,0.5697140991687775,0.0,1.5697140991687775
পারবো,0.5696911811828613,0.0,1.5696911811828613
বিপাশা,0.5696615278720856,0.0,1.5696615278720856
অন্ধকারে,0.5797601044178009,0.010101010101010102,1.569659094316791
৬ই,0.5695986449718475,0.0,1.5695986449718475
বোতাম,0.5695903301239014,0.0,1.5695903301239014
ফলানো,0.5695876777172089,0.0,1.5695876777172089
ভুলে,0.5695354044437408,0.0,1.5695354044437408
কপি,0.579605370759964,0.010101010101010102,1.569504360658954
এসকল,0.5695002377033234,0.0,1.5695002377033234
ভারী,0.5694893300533295,0.0,1.5694893300533295
উপদ্র,0.5694600343704224,0.0,1.5694600343704224
লোপাট,0.5694157779216766,0.0,1.5694157779216766
বেচ,0.5693647861480713,0.0,1.5693647861480713
প্রতিষ্ঠা,0.5693303644657135,0.0,1.5693303644657135
বায়,0.5693020224571228,0.0,1.5693020224571228
অঙ্গন,0.5692921578884125,0.0,1.5692921578884125
ফেরত,0.5692615509033203,0.0,1.5692615509033203
আসবাবপত্র,0.5692021250724792,0.0,1.5692021250724792
অনুরাগী,0.5691033899784088,0.0,1.5691033899784088
অসহ্য,0.5690569281578064,0.0,1.5690569281578064
কিনেছি,0.5690509676933289,0.0,1.5690509676933289
পরিচর্যা,0.5689765214920044,0.0,1.5689765214920044
ডিম,0.5790543854236603,0.010101010101010102,1.5689533753226503
মোহিত,0.5689302682876587,0.0,1.5689302682876587
বোমারু,0.5689000487327576,0.0,1.5689000487327576
লাঠি,0.5688618719577789,0.0,1.568861871957779
দেখিয়,0.5688373744487762,0.0,1.5688373744487762
সানন্দে,0.5688110589981079,0.0,1.568811058998108
ট্যাকা,0.5687950849533081,0.0,1.568795084953308
অভিলাষ,0.5686461329460144,0.0,1.5686461329460144
বিষাদ,0.5686106383800507,0.0,1.5686106383800507
টিফিন,0.5686055719852448,0.0,1.5686055719852448
পুরাণ,0.5685456693172455,0.0,1.5685456693172455
পচে,0.5684948265552521,0.0,1.568494826555252
চাওয়া,0.5684681236743927,0.0,1.5684681236743927
পিতামাতা,0.5684586465358734,0.0,1.5684586465358734
থামান,0.568444013595581,0.0,1.568444013595581
কেনাবেচা,0.5683722794055939,0.0,1.5683722794055939
নরনারী,0.5683610439300537,0.0,1.5683610439300537
ডিজেল,0.5682823657989502,0.0,1.5682823657989502
স্বাভাবিক,0.5682307481765747,0.0,1.5682307481765747
সাজ,0.568212240934372,0.0,1.568212240934372
ব্রিটিশ,0.5681626796722412,0.0,1.5681626796722412
যেটা,0.5681240558624268,0.0,1.5681240558624268
ঘটা,0.5680833458900452,0.0,1.5680833458900452
অপূর্ণ,0.5680369734764099,0.0,1.56803697347641
ঘুরতে,0.5680220723152161,0.0,1.568022072315216
পরিগণিত,0.5679782330989838,0.0,1.5679782330989838
জুন,0.5780169665813446,0.010101010101010102,1.5679159564803347
সমান্তরাল,0.5678917467594147,0.0,1.5678917467594147
শোনা,0.5678570866584778,0.0,1.5678570866584778
গ্রাহক,0.5678103268146515,0.0,1.5678103268146515
ডিউক,0.56778883934021,0.0,1.56778883934021
সার্থকতা,0.5677818953990936,0.0,1.5677818953990936
এসেছেন,0.5677063167095184,0.0,1.5677063167095184
মেলা,0.5676796138286591,0.0,1.567679613828659
ধর্মপ্রাণ,0.5675551295280457,0.0,1.5675551295280457
লাগা,0.5675193965435028,0.0,1.5675193965435028
মাস্,0.5675126910209656,0.0,1.5675126910209656
প্রথমার্ধ,0.5673530399799347,0.0,1.5673530399799347
গ্যাস,0.5673336088657379,0.0,1.567333608865738
মানেননি,0.5673220157623291,0.0,1.567322015762329
রীতিনীতি,0.5672996938228607,0.0,1.5672996938228607
দুপাশে,0.5672925114631653,0.0,1.5672925114631653
স্বার্থ,0.5672072470188141,0.0,1.567207247018814
টেবিল,0.5671730935573578,0.0,1.5671730935573578
অধিকারী,0.5671134293079376,0.0,1.5671134293079376
একাত্মতা,0.5670093595981598,0.0,1.5670093595981598
বিদ্যুৎ,0.5669839084148407,0.0,1.5669839084148407
আঁক,0.5669268667697906,0.0,1.5669268667697906
আপে,0.56689453125,0.0,1.56689453125
আত্মীয়স্বজন,0.576994925737381,0.010101010101010102,1.566893915636371
এসেছি,0.566854864358902,0.0,1.566854864358902
উন্নতির,0.5668379366397858,0.0,1.5668379366397858
অনুপ্রাণিত,0.5668110251426697,0.0,1.5668110251426697
বিশিষ্ট,0.5667204856872559,0.0,1.5667204856872559
৩০শে,0.5667116940021515,0.0,1.5667116940021515
আর্সেনিক,0.5665340423583984,0.0,1.5665340423583984
নববধূ,0.5665205419063568,0.0,1.5665205419063568
প্রার্থী,0.5766115784645081,0.010101010101010102,1.5665105683634981
মেঘের,0.5664664804935455,0.0,1.5664664804935455
অবস্থানকালে,0.5664008259773254,0.0,1.5664008259773254
চোরে,0.5663909018039703,0.0,1.5663909018039703
দোষ,0.5662694573402405,0.0,1.5662694573402405
সন্ধ্যা,0.5662202537059784,0.0,1.5662202537059784
উদ্দেশ্য,0.566211462020874,0.0,1.566211462020874
পাকা,0.5662068426609039,0.0,1.566206842660904
চাপা,0.566075474023819,0.0,1.566075474023819
দক্ষিণে,0.565995991230011,0.0,1.565995991230011
প্রতিষ্ঠান,0.5659866034984589,0.0,1.5659866034984589
যাত্রা,0.5659856498241425,0.0,1.5659856498241425
সেপ্টেম্বর,0.5760692059993744,0.010101010101010102,1.5659681958983644
গ্লাস,0.5659506022930145,0.0,1.5659506022930145
অভিজ্ঞতা,0.5658730864524841,0.0,1.5658730864524841
যতদিন,0.5759685039520264,0.010101010101010102,1.5658674938510164
গাড়ি,0.5657320618629456,0.0,1.5657320618629456
ভাবিনি,0.56558558344841,0.0,1.56558558344841
বর্ধমানে,0.5655784010887146,0.0,1.5655784010887146
জৌলুস,0.5655242800712585,0.0,1.5655242800712585
যাচ্ছিল,0.5655024647712708,0.0,1.5655024647712708
রান্নাবান্না,0.5653714835643768,0.0,1.5653714835643768
ঝাঁঝালো,0.5653653740882874,0.0,1.5653653740882874
গাছপালা,0.5653494596481323,0.0,1.5653494596481323
জরাজীর্ণ,0.565341591835022,0.0,1.565341591835022
দুঃস্থ,0.5652608275413513,0.0,1.5652608275413513
তাচ্ছিল্য,0.5652446746826172,0.0,1.5652446746826172
ধাপ,0.5652318298816681,0.0,1.565231829881668
হাসপাতাল,0.5652293562889099,0.0,1.56522935628891
বাহিনী,0.5651923716068268,0.0,1.5651923716068268
সাতআট,0.5650609135627747,0.0,1.5650609135627747
মেজর,0.5649669170379639,0.0,1.5649669170379639
গ্রীসে,0.5649562776088715,0.0,1.5649562776088715
নির্বাক,0.5649478733539581,0.0,1.5649478733539581
ওঠ,0.5649052262306213,0.0,1.5649052262306213
ঘুর,0.5648955702781677,0.0,1.5648955702781677
গ্রামাঞ্চল,0.5648256540298462,0.0,1.5648256540298462
চিনির,0.5647777318954468,0.0,1.5647777318954468
ভুবন,0.5647626519203186,0.0,1.5647626519203186
মার্টিন,0.5647248327732086,0.0,1.5647248327732086
ক্লাবে,0.564629465341568,0.0,1.564629465341568
গিরি,0.5646280646324158,0.0,1.5646280646324158
সামন,0.564614474773407,0.0,1.564614474773407
মালা,0.5645518004894257,0.0,1.5645518004894257
ঝলমলে,0.5645305216312408,0.0,1.5645305216312408
তাগিদ,0.5643891096115112,0.0,1.5643891096115112
জাতির,0.564340353012085,0.0,1.564340353012085
দই,0.5743238925933838,0.010101010101010102,1.5642228824923738
এক্সপ্রেস,0.5743187665939331,0.010101010101010102,1.5642177564929232
অনুভব,0.5641587972640991,0.0,1.5641587972640991
পত্রিকায়,0.5641497373580933,0.0,1.5641497373580933
বুট,0.5640968084335327,0.0,1.5640968084335327
ডান,0.5740018486976624,0.010101010101010102,1.5639008385966524
ইনভেস্টিগেশন,0.563778817653656,0.0,1.563778817653656
শাসন,0.5637608468532562,0.0,1.5637608468532562
বিশদ,0.5637531578540802,0.0,1.5637531578540802
নৈতিক,0.5637201368808746,0.0,1.5637201368808746
লিখা,0.5637046992778778,0.0,1.5637046992778778
উৎকোচ,0.5737914443016052,0.010101010101010102,1.5636904342005953
ভূমিকম্প,0.5636486113071442,0.0,1.5636486113071442
সরকারী,0.5635909140110016,0.0,1.5635909140110016
পাগল,0.5635652542114258,0.0,1.5635652542114258
ভাসমান,0.5635590851306915,0.0,1.5635590851306915
মহিলা,0.5635204315185547,0.0,1.5635204315185547
কর্পোরেশনে,0.5635065734386444,0.0,1.5635065734386444
চুরম,0.5634903609752655,0.0,1.5634903609752655
দারুন,0.5634056031703949,0.0,1.563405603170395
টেস্টিং,0.5633842349052429,0.0,1.563384234905243
সমীচীন,0.5633814036846161,0.0,1.563381403684616
গ্লানি,0.5633795261383057,0.0,1.5633795261383057
গাঙ্,0.5633391737937927,0.0,1.5633391737937927
হিন্দি,0.5734213888645172,0.010101010101010102,1.5633203787635073
সংস্কৃতি,0.5633056163787842,0.0,1.5633056163787842
প্রতিফলন,0.5632674396038055,0.0,1.5632674396038055
আঁকা,0.5632295906543732,0.0,1.5632295906543732
সীমাহীন,0.5630597472190857,0.0,1.5630597472190857
হোমিওপ্যাথিক,0.5630225241184235,0.0,1.5630225241184235
শ্বেত,0.563017338514328,0.0,1.563017338514328
চিরাচরিত,0.562920093536377,0.0,1.562920093536377
বাতাসে,0.5629128813743591,0.0,1.5629128813743591
বালিকা,0.5628746151924133,0.0,1.5628746151924133
ইতিহাসও,0.5628377497196198,0.0,1.5628377497196198
ট্যাক্সি,0.5627530217170715,0.0,1.5627530217170715
পৃষ্ঠা,0.5626412630081177,0.0,1.5626412630081177
থামা,0.5625752210617065,0.0,1.5625752210617065
ডেট,0.5625407993793488,0.0,1.5625407993793488
ফিরিস্তি,0.5625286102294922,0.0,1.5625286102294922
খনিজ,0.5624984800815582,0.0,1.5624984800815582
দরোজা,0.5624667704105377,0.0,1.5624667704105377
জানিনা,0.5623603761196136,0.0,1.5623603761196136
সুশীল,0.5623221099376678,0.0,1.5623221099376678
প্রতিচ্ছবি,0.5622658431529999,0.0,1.5622658431529999
চ্যারিটি,0.5622071623802185,0.0,1.5622071623802185
প্রহার,0.5621455311775208,0.0,1.5621455311775208
বঞ্চনা,0.5621211230754852,0.0,1.5621211230754852
পাওন,0.5621103346347809,0.0,1.5621103346347809
টেস্ট,0.5620998442173004,0.0,1.5620998442173004
নতজানু,0.562064528465271,0.0,1.562064528465271
ছোপ,0.5620017051696777,0.0,1.5620017051696777
দোলনা,0.5619860589504242,0.0,1.5619860589504242
শিখাই,0.5619429349899292,0.0,1.5619429349899292
অনুবাদ,0.561833530664444,0.0,1.561833530664444
বাচ,0.5618215799331665,0.0,1.5618215799331665
হেরি,0.561752587556839,0.0,1.561752587556839
পাকানো,0.561702311038971,0.0,1.561702311038971
খোরাক,0.5616739392280579,0.0,1.5616739392280579
পরিমল,0.5615624189376831,0.0,1.561562418937683
মাখা,0.5614756643772125,0.0,1.5614756643772125
বিতরণ,0.5614601075649261,0.0,1.5614601075649261
পূর্বে,0.5613695085048676,0.0,1.5613695085048676
জীবনযাপন,0.5613206923007965,0.0,1.5613206923007965
বাথরুমে,0.5613173544406891,0.0,1.561317354440689
ছারখার,0.5612897872924805,0.0,1.5612897872924805
সারাটা,0.5612399280071259,0.0,1.5612399280071259
যুক্তি,0.5611393749713898,0.0,1.5611393749713898
কেল্লা,0.5611157715320587,0.0,1.5611157715320587
পরিবেশিত,0.5610492527484894,0.0,1.5610492527484894
সাংসারিক,0.5610433220863342,0.0,1.5610433220863342
টিকবে,0.5610387921333313,0.0,1.5610387921333313
অক্ষরে,0.571069210767746,0.010101010101010102,1.560968200666736
গোল্ড,0.5609607994556427,0.0,1.5609607994556427
দেবাশিষ,0.5607930123806,0.0,1.5607930123806
ইচ্ছে,0.5606664717197418,0.0,1.5606664717197418
শারীরিক,0.5810199677944183,0.02040816326530612,1.5606118045291122
অজিত,0.5606007277965546,0.0,1.5606007277965546
কুণ্ডলী,0.5605731904506683,0.0,1.5605731904506683
তলা,0.5605706572532654,0.0,1.5605706572532654
আত্মহত্যা,0.560505211353302,0.0,1.560505211353302
কোলে,0.5603956580162048,0.0,1.5603956580162048
আজক,0.560382217168808,0.0,1.560382217168808
জনসমক্ষে,0.5603582262992859,0.0,1.5603582262992859
হেমচন্দ্র,0.5603460371494293,0.0,1.5603460371494293
বিদ্রুপ,0.5602347552776337,0.0,1.5602347552776337
যুবকেরা,0.5601956248283386,0.0,1.5601956248283386
জমা,0.5601667165756226,0.0,1.5601667165756226
জৈন,0.560096949338913,0.0,1.560096949338913
সমাধিস্থ,0.5600878596305847,0.0,1.5600878596305847
লম্বা,0.5701098144054413,0.010101010101010102,1.5600088043044313
আদাল,0.5600083768367767,0.0,1.5600083768367767
অধিবাসী,0.5598823726177216,0.0,1.5598823726177216
বুঝে,0.559849202632904,0.0,1.559849202632904
ঢালে,0.5597843527793884,0.0,1.5597843527793884
মামা,0.5596518516540527,0.0,1.5596518516540527
ভণ্ডুল,0.5594852566719055,0.0,1.5594852566719055
পদ্ধতি,0.5695455372333527,0.010101010101010102,1.5594445271323427
সেকারণে,0.559432327747345,0.0,1.559432327747345
আবৃত্তি,0.559389591217041,0.0,1.559389591217041
গোপন,0.5593155026435852,0.0,1.5593155026435852
সন্দেহ,0.5592909753322601,0.0,1.5592909753322601
সিক্স,0.5592625141143799,0.0,1.5592625141143799
অন্যদি,0.5693596303462982,0.010101010101010102,1.5592586202452883
বাজানো,0.5592276751995087,0.0,1.5592276751995087
প্রায়শ,0.5591281056404114,0.0,1.5591281056404114
আবর্তন,0.5591003596782684,0.0,1.5591003596782684
গেলো,0.5590818226337433,0.0,1.5590818226337433
ফুটো,0.5590695440769196,0.0,1.5590695440769196
বিভাগ,0.5590669810771942,0.0,1.5590669810771942
গৌরব,0.5589663982391357,0.0,1.5589663982391357
প্রতিবাদ,0.5589602887630463,0.0,1.5589602887630463
উদ্যোগে,0.5588912963867188,0.0,1.5588912963867188
ডেভিড,0.5588414072990417,0.0,1.5588414072990417
খাজনা,0.5588064193725586,0.0,1.5588064193725586
যন্ত্রণা,0.5587669312953949,0.0,1.558766931295395
পরলে,0.5587537288665771,0.0,1.5587537288665771
লীড,0.5587413907051086,0.0,1.5587413907051086
শাসনব্যবস্থা,0.5587103366851807,0.0,1.5587103366851807
পোক্ত,0.5586802363395691,0.0,1.558680236339569
সাক্ষাৎ,0.5586396753787994,0.0,1.5586396753787994
বিংশ,0.5790093839168549,0.02040816326530612,1.5586012206515487
কিশোর,0.5585789084434509,0.0,1.558578908443451
শীতাতপ,0.558576762676239,0.0,1.558576762676239
দুপুরে,0.5585568249225616,0.0,1.5585568249225616
পারেনি,0.5585376620292664,0.0,1.5585376620292664
ধাক্কা,0.5585125982761383,0.0,1.5585125982761383
খুঁ,0.5584022700786591,0.0,1.558402270078659
সর্বস্বান্ত,0.5583720803260803,0.0,1.5583720803260803
জমাট,0.5582922995090485,0.0,1.5582922995090485
আলমারি,0.5582408010959625,0.0,1.5582408010959625
৫ই,0.5683275461196899,0.010101010101010102,1.55822653601868
মুখরিত,0.5581499934196472,0.0,1.5581499934196472
গোন,0.5581404268741608,0.0,1.5581404268741608
উল্লেখ,0.5581283271312714,0.0,1.5581283271312714
মতামত,0.5681995451450348,0.010101010101010102,1.5580985350440248
নিচ,0.558061420917511,0.0,1.558061420917511
উজ্জ্বল,0.5580404996871948,0.0,1.5580404996871948
দিচ্,0.5579949617385864,0.0,1.5579949617385864
ক্লাসে,0.5579673051834106,0.0,1.5579673051834106
সাবলীল,0.5578647255897522,0.0,1.5578647255897522
রাণীর,0.5578394830226898,0.0,1.5578394830226898
প্রলোভন,0.5577512979507446,0.0,1.5577512979507446
সুদের,0.5676305294036865,0.010101010101010102,1.5575295193026766
বারান্দার,0.567587286233902,0.010101010101010102,1.557486276132892
মার্চ,0.5574407577514648,0.0,1.5574407577514648
সুট,0.5573058128356934,0.0,1.5573058128356934
লাফ,0.5571791529655457,0.0,1.5571791529655457
মানচিত্রে,0.5571681559085846,0.0,1.5571681559085846
ক্ষতি,0.5571387410163879,0.0,1.557138741016388
এসেছিল,0.5569380223751068,0.0,1.5569380223751068
ভারতে,0.5569301545619965,0.0,1.5569301545619965
হস্তক্ষেপ,0.5569236576557159,0.0,1.556923657655716
চরমে,0.556909054517746,0.0,1.556909054517746
এধরন,0.5568243563175201,0.0,1.5568243563175201
পরিব,0.5568069517612457,0.0,1.5568069517612457
দশেক,0.5567889511585236,0.0,1.5567889511585236
উপন্যাস,0.5567668080329895,0.0,1.5567668080329895
বাচ্চ,0.5567014217376709,0.0,1.556701421737671
খায়,0.5566677451133728,0.0,1.5566677451133728
অমিতাভ,0.5566587448120117,0.0,1.5566587448120117
কাছাকা,0.5565944314002991,0.0,1.556594431400299
ফাঁকা,0.5565614700317383,0.0,1.5565614700317383
ক্যাম,0.5565197169780731,0.0,1.5565197169780731
নিচু,0.5564751625061035,0.0,1.5564751625061035
খাতা,0.5564660727977753,0.0,1.5564660727977753
এলাহাবাদ,0.556431233882904,0.0,1.556431233882904
বুঝব,0.5563830435276031,0.0,1.5563830435276031
ড্রাইভ,0.5664486289024353,0.010101010101010102,1.5563476188014254
বাবু,0.5563328266143799,0.0,1.5563328266143799
উঠেছিলো,0.5562082231044769,0.0,1.556208223104477
খানেকের,0.5562060475349426,0.0,1.5562060475349426
প্রক্রিয়া,0.5561691522598267,0.0,1.5561691522598267
অভাব,0.566262274980545,0.010101010101010102,1.556161264879535
ভাবুন,0.5561549067497253,0.0,1.5561549067497253
চুল,0.5561340749263763,0.0,1.5561340749263763
আদিম,0.556084394454956,0.0,1.556084394454956
অভিভাবক,0.556035190820694,0.0,1.556035190820694
জলবায়ু,0.5660142600536346,0.010101010101010102,1.5559132499526247
মানহানির,0.5558766722679138,0.0,1.5558766722679138
জ্ঞান,0.5558440983295441,0.0,1.555844098329544
গেটের,0.5558304190635681,0.0,1.5558304190635681
বাবদ,0.5557703971862793,0.0,1.5557703971862793
যুগ,0.5760926008224487,0.02040816326530612,1.5556844375571426
অবুঝ,0.5556098520755768,0.0,1.5556098520755768
গাদা,0.5555956661701202,0.0,1.5555956661701202
দেবীপুর,0.5555749535560608,0.0,1.5555749535560608
প্লেস,0.555455893278122,0.0,1.555455893278122
জাপটে,0.5554282665252686,0.0,1.5554282665252686
প্রকৃতির,0.5554274320602417,0.0,1.5554274320602417
কমলেশ,0.5553897619247437,0.0,1.5553897619247437
বাসভবনে,0.55537149310112,0.0,1.55537149310112
জিনিস,0.5553326308727264,0.0,1.5553326308727264
বইপত্র,0.5553058981895447,0.0,1.5553058981895447
ভরে,0.5552769899368286,0.0,1.5552769899368286
তাল,0.5552670657634735,0.0,1.5552670657634735
লাঘব,0.5551592409610748,0.0,1.5551592409610748
প্রেরণা,0.5551327466964722,0.0,1.5551327466964722
নীচ,0.5550480782985687,0.0,1.5550480782985687
সেমিফাইনাল,0.5651130378246307,0.010101010101010102,1.5550120277236208
ইচ্ছেমত,0.5550083816051483,0.0,1.5550083816051483
যুক্ত,0.5549963712692261,0.0,1.554996371269226
কুসংস্কার,0.5549273788928986,0.0,1.5549273788928986
গাই,0.5549064874649048,0.0,1.5549064874649048
মথু,0.5548103451728821,0.0,1.554810345172882
রাস্ত,0.5548047125339508,0.0,1.5548047125339508
বাষ্প,0.5547948777675629,0.0,1.5547948777675629
অভিনন্দন,0.5547583401203156,0.0,1.5547583401203156
নাইডু,0.5547102391719818,0.0,1.5547102391719818
করেননি,0.5546422600746155,0.0,1.5546422600746155
সবুজ,0.5546340048313141,0.0,1.554634004831314
নিউ,0.5646834075450897,0.010101010101010102,1.5545823974440798
উদ্যানে,0.5545651316642761,0.0,1.5545651316642761
সর্দি,0.5646382570266724,0.010101010101010102,1.5545372469256624
কাঁথা,0.5545113384723663,0.0,1.5545113384723663
মজুমদ,0.5544281899929047,0.0,1.5544281899929047
কৃষ্ণান,0.5544222891330719,0.0,1.554422289133072
অনাগত,0.5544218719005585,0.0,1.5544218719005585
বিধির,0.5543697476387024,0.0,1.5543697476387024
যাচ্,0.554314374923706,0.0,1.554314374923706
ইউরোপ,0.585240364074707,0.030927835051546393,1.5543125290231607
খাটো,0.5542701184749603,0.0,1.5542701184749603
কামান,0.5541288256645203,0.0,1.5541288256645203
ব্যথা,0.5541148781776428,0.0,1.5541148781776428
জেনারেলের,0.5540933609008789,0.0,1.554093360900879
স্থলপথে,0.5540726482868195,0.0,1.5540726482868195
উচ্চপদস্থ,0.5540664196014404,0.0,1.5540664196014404
রাগ,0.5539914667606354,0.0,1.5539914667606354
তোল,0.5539828538894653,0.0,1.5539828538894653
বিনষ্ট,0.5539425313472748,0.0,1.5539425313472748
পুলিশ,0.5539173185825348,0.0,1.5539173185825348
আফগানিস্তান,0.5538977086544037,0.0,1.5538977086544037
প্রেম,0.5537711381912231,0.0,1.5537711381912231
প্রকাশক,0.5536579489707947,0.0,1.5536579489707947
বন্দরে,0.563739001750946,0.010101010101010102,1.553637991649936
স্রোত,0.5536276400089264,0.0,1.5536276400089264
তরী,0.5535890758037567,0.0,1.5535890758037567
বিচারক,0.553568571805954,0.0,1.553568571805954
বাঁহাত,0.5535387694835663,0.0,1.5535387694835663
দুপুর,0.5535368621349335,0.0,1.5535368621349335
রঙিন,0.5535084009170532,0.0,1.5535084009170532
আছিল,0.5534049570560455,0.0,1.5534049570560455
কলকাঠি,0.553381621837616,0.0,1.553381621837616
প্রদীপ,0.5533497631549835,0.0,1.5533497631549835
কোর্সে,0.5533281564712524,0.0,1.5533281564712524
টিকিট,0.5532589256763458,0.0,1.5532589256763458
নদের,0.5531960427761078,0.0,1.5531960427761078
আদান,0.5531866252422333,0.0,1.5531866252422333
নীলা,0.5530506670475006,0.0,1.5530506670475006
পাই,0.5529084801673889,0.0,1.552908480167389
টানাটানির,0.5528205931186676,0.0,1.5528205931186676
প্রস্তুত,0.562703400850296,0.010101010101010102,1.552602390749286
গুণ,0.5525317788124084,0.0,1.5525317788124084
ইস্টার্ন,0.5525156259536743,0.0,1.5525156259536743
উৎসবে,0.5626029074192047,0.010101010101010102,1.5525018973181948
চীন,0.5524343848228455,0.0,1.5524343848228455
আপ্রাণ,0.5522692799568176,0.0,1.5522692799568176
ঝাঁপি,0.552265465259552,0.0,1.552265465259552
কলকাতা,0.5521870255470276,0.0,1.5521870255470276
সেকশন,0.5520479381084442,0.0,1.5520479381084442
দমকা,0.55202317237854,0.0,1.55202317237854
রান্নাঘর,0.5519980788230896,0.0,1.5519980788230896
ত্রিতল,0.5519533157348633,0.0,1.5519533157348633
কমিশন,0.5519495010375977,0.0,1.5519495010375977
বেশিক্ষণ,0.5518985092639923,0.0,1.5518985092639923
আশ্বাসে,0.5518703758716583,0.0,1.5518703758716583
একসঙ্গে,0.5518684685230255,0.0,1.5518684685230255
অসুখে,0.5619446039199829,0.010101010101010102,1.551843593818973
থালি,0.5518276989459991,0.0,1.5518276989459991
নীরবতা,0.5518206655979156,0.0,1.5518206655979156
পন্থা,0.5518099069595337,0.0,1.5518099069595337
নাবিক,0.55152827501297,0.0,1.55152827501297
রৌপ্য,0.5615554451942444,0.010101010101010102,1.5514544350932344
টিউব,0.5514391958713531,0.0,1.5514391958713531
বেসামাল,0.5513831079006195,0.0,1.5513831079006195
বলরাম,0.551275759935379,0.0,1.551275759935379
তলদেশ,0.5512429773807526,0.0,1.5512429773807526
টালবাহানা,0.5512171387672424,0.0,1.5512171387672424
টুকরো,0.5511095821857452,0.0,1.5511095821857452
অভিজিত,0.5510624349117279,0.0,1.551062434911728
অভিধান,0.5509971976280212,0.0,1.5509971976280212
থাকতাম,0.5509200096130371,0.0,1.550920009613037
ব্যক্তির,0.5509029924869537,0.0,1.5509029924869537
প্রভাব,0.5508921146392822,0.0,1.5508921146392822
সৈন্য,0.5508571565151215,0.0,1.5508571565151215
খালি,0.550844818353653,0.0,1.550844818353653
পেছন,0.5508300364017487,0.0,1.5508300364017487
বিরোধী,0.5508263409137726,0.0,1.5508263409137726
বিভাগে,0.5508235692977905,0.0,1.5508235692977905
সমাধান,0.5712283551692963,0.02040816326530612,1.5508201919039901
দেখেন,0.5507924258708954,0.0,1.5507924258708954
গ্রন্থি,0.5507033467292786,0.0,1.5507033467292786
স্কুলে,0.5506643652915955,0.0,1.5506643652915955
নার,0.550655335187912,0.0,1.550655335187912
ট্রান্সমি,0.5506278276443481,0.0,1.5506278276443481
আকাশপথে,0.5505257248878479,0.0,1.550525724887848
আবেদনপত্র,0.5505128502845764,0.0,1.5505128502845764
রেন,0.5504979491233826,0.0,1.5504979491233826
মতলবে,0.5504599511623383,0.0,1.5504599511623383
রিপোর্,0.5504490435123444,0.0,1.5504490435123444
যোগাযোগ,0.5503615140914917,0.0,1.5503615140914917
চান্স,0.5503570437431335,0.0,1.5503570437431335
অকাল,0.5503469705581665,0.0,1.5503469705581665
জ্যেষ্ঠপুত্র,0.550315797328949,0.0,1.550315797328949
ডালপালা,0.5502679944038391,0.0,1.5502679944038391
কুঞ্জ,0.5502389371395111,0.0,1.550238937139511
পূর্ব,0.5501373112201691,0.0,1.550137311220169
তাবিজ,0.5500772893428802,0.0,1.5500772893428802
মেরামত,0.5499925315380096,0.0,1.5499925315380096
তুলত,0.5499848127365112,0.0,1.5499848127365112
আমিষ,0.5499701797962189,0.0,1.5499701797962189
আক্রমণ,0.5499627888202667,0.0,1.5499627888202667
জার্মানীর,0.5499179065227509,0.0,1.5499179065227509
বাড়লে,0.5498580038547516,0.0,1.5498580038547516
প্রতিরোধ,0.5497927367687225,0.0,1.5497927367687225
নারাজ,0.5497803688049316,0.0,1.5497803688049316
মোহ,0.5497351884841919,0.0,1.549735188484192
এপ,0.5497029423713684,0.0,1.5497029423713684
হচ্ছিল,0.5496824681758881,0.0,1.549682468175888
মানঅভিমান,0.5496507883071899,0.0,1.54965078830719
খাব,0.5495796501636505,0.0,1.5495796501636505
বিনে,0.5495460331439972,0.0,1.5495460331439972
বেগতিক,0.5494963824748993,0.0,1.5494963824748993
জাতীয়,0.5595954358577728,0.010101010101010102,1.5494944257567629
অঞ্চলে,0.5494790375232697,0.0,1.5494790375232697
সমালোচক,0.5494467318058014,0.0,1.5494467318058014
আদর্শ,0.5595346391201019,0.010101010101010102,1.549433629019092
কাগজপত্রে,0.549423098564148,0.0,1.549423098564148
যথার্থ,0.5493344068527222,0.0,1.5493344068527222
ইউ,0.5492943823337555,0.0,1.5492943823337555
ডোবা,0.5492763519287109,0.0,1.549276351928711
আগ্র,0.5492658019065857,0.0,1.5492658019065857
শোনেননি,0.549249142408371,0.0,1.549249142408371
বিদেশ,0.5491935014724731,0.0,1.5491935014724731
শিশুর,0.5491407811641693,0.0,1.5491407811641693
ভালবাসি,0.5491123199462891,0.0,1.549112319946289
ভেতর,0.5490296185016632,0.0,1.5490296185016632
কলা,0.5489935576915741,0.0,1.548993557691574
চাইবো,0.5489850342273712,0.0,1.5489850342273712
দামে,0.5489702522754669,0.0,1.548970252275467
টাউন,0.548925518989563,0.0,1.548925518989563
বসানো,0.5487948656082153,0.0,1.5487948656082153
খ্যাতনামা,0.5487460494041443,0.0,1.5487460494041443
মূর্ত,0.5486843585968018,0.0,1.5486843585968018
সংজ্ঞাহীন,0.5486837923526764,0.0,1.5486837923526764
দুধ,0.5485197603702545,0.0,1.5485197603702545
উত্তরপশ্চিম,0.5484714508056641,0.0,1.548471450805664
টাটকা,0.5585111975669861,0.010101010101010102,1.5484101874659761
অপ্রত্যাশিত,0.5584409832954407,0.010101010101010102,1.5483399731944307
বাদানুবাদ,0.5483058989048004,0.0,1.5483058989048004
লাগবে,0.5482892990112305,0.0,1.5482892990112305
হঠে,0.5482649803161621,0.0,1.548264980316162
ধীরস্থির,0.5482094287872314,0.0,1.5482094287872314
উঁচু,0.54820516705513,0.0,1.54820516705513
রাজি,0.5481647253036499,0.0,1.54816472530365
নির্ভরশীল,0.5481286346912384,0.0,1.5481286346912384
দেবর,0.5481269359588623,0.0,1.5481269359588623
অত্য,0.5684915482997894,0.02040816326530612,1.5480833850344833
চেইন,0.54804927110672,0.0,1.54804927110672
প্রাঙ্গণ,0.5479598343372345,0.0,1.5479598343372345
টেনশন,0.5479380786418915,0.0,1.5479380786418915
সাহায্য,0.54790398478508,0.0,1.54790398478508
লিখেছেন,0.5478832721710205,0.0,1.5478832721710205
আধুনিক,0.5478476285934448,0.0,1.5478476285934448
দৃষ্টিশক্তি,0.5478258430957794,0.0,1.5478258430957794
পাঞ্জাব,0.5578469932079315,0.010101010101010102,1.5477459831069216
দৈনিক,0.557833194732666,0.010101010101010102,1.547732184631656
পরবে,0.5477299094200134,0.0,1.5477299094200134
উত্তরাধিকারী,0.557791531085968,0.010101010101010102,1.547690520984958
স্কুলকলেজের,0.5476527214050293,0.0,1.5476527214050293
গর্ভে,0.5475867688655853,0.0,1.5475867688655853
উত্থাপন,0.5475844144821167,0.0,1.5475844144821167
বীরত্ব,0.5475451052188873,0.0,1.5475451052188873
দাম্পত্য,0.5474579036235809,0.0,1.547457903623581
বিকালে,0.5472725331783295,0.0,1.5472725331783295
দুহ,0.5472545027732849,0.0,1.547254502773285
সঙ্গীত,0.5471606552600861,0.0,1.547160655260086
কার্পেট,0.5471039712429047,0.0,1.5471039712429047
আসর,0.5470962524414062,0.0,1.5470962524414062
ভাসছিল,0.5468561053276062,0.0,1.5468561053276062
টেল,0.5467732846736908,0.0,1.5467732846736908
উদ্ভি,0.5467533767223358,0.0,1.5467533767223358
উপাদানে,0.546752542257309,0.0,1.546752542257309
কেঁদে,0.5671321451663971,0.02040816326530612,1.546723981901091
বছরে,0.5466972887516022,0.0,1.5466972887516022
পরিশ্রমে,0.5465912222862244,0.0,1.5465912222862244
খেলছিল,0.5464407503604889,0.0,1.546440750360489
পাশবিক,0.546386182308197,0.0,1.546386182308197
ছাদ,0.546305388212204,0.0,1.546305388212204
পাতা,0.5462829172611237,0.0,1.5462829172611237
মামির,0.5461307168006897,0.0,1.5461307168006897
গুজবে,0.5460873246192932,0.0,1.5460873246192932
বাঁচলে,0.5460314750671387,0.0,1.5460314750671387
মিরর,0.546004593372345,0.0,1.546004593372345
এইজন্যই,0.5459219813346863,0.0,1.5459219813346863
অতি,0.5459174811840057,0.0,1.5459174811840057
চৈ,0.5558945536613464,0.010101010101010102,1.5457935435603365
ঘোষ,0.5558676421642303,0.010101010101010102,1.5457666320632204
মূল্য,0.5457348227500916,0.0,1.5457348227500916
অধিকাংশ,0.5457093715667725,0.0,1.5457093715667725
উন্নতি,0.5455176830291748,0.0,1.5455176830291748
হোটেলের,0.5454869866371155,0.0,1.5454869866371155
পুকুর,0.5454667806625366,0.0,1.5454667806625366
মাংস,0.5658211708068848,0.02040816326530612,1.5454130075415786
কুফল,0.5452354848384857,0.0,1.5452354848384857
পেটা,0.545224130153656,0.0,1.545224130153656
ঘেউ,0.5451804399490356,0.0,1.5451804399490356
ভৌগোলিক,0.5451684892177582,0.0,1.5451684892177582
শূন্যত,0.5451157093048096,0.0,1.5451157093048096
শত্রু,0.5450662076473236,0.0,1.5450662076473236
গতবার,0.5449771583080292,0.0,1.5449771583080292
এলাকা,0.5449133217334747,0.0,1.5449133217334747
মি,0.5448518693447113,0.0,1.5448518693447113
জোটেনি,0.5447683036327362,0.0,1.5447683036327362
এন,0.5447650849819183,0.0,1.5447650849819183
হাসমত,0.5447343289852142,0.0,1.5447343289852142
হটে,0.5446363091468811,0.0,1.544636309146881
ফলমূল,0.5446007251739502,0.0,1.5446007251739502
যাবেনা,0.5445343554019928,0.0,1.5445343554019928
পারতাম,0.5444208979606628,0.0,1.5444208979606628
ধুত,0.5443864166736603,0.0,1.5443864166736603
ফিটফাট,0.5443799197673798,0.0,1.5443799197673798
অতীব,0.5544399917125702,0.010101010101010102,1.5443389816115602
লিপস্টিক,0.5443096458911896,0.0,1.5443096458911896
কণ্ঠে,0.544199526309967,0.0,1.544199526309967
নিলে,0.5441444218158722,0.0,1.5441444218158722
এব্যাপারে,0.5440438091754913,0.0,1.5440438091754913
ইনিংস,0.5541266202926636,0.010101010101010102,1.5440256101916536
যাত্রাপালা,0.55402871966362,0.010101010101010102,1.54392770956261
ঢাকায়,0.5437088906764984,0.0,1.5437088906764984
মহামারী,0.5436537265777588,0.0,1.5436537265777588
গোসা,0.5436099767684937,0.0,1.5436099767684937
রোজগ,0.5435714423656464,0.0,1.5435714423656464
বৈষম্য,0.5435423254966736,0.0,1.5435423254966736
রোনাল্ড,0.5434674024581909,0.0,1.543467402458191
যন্ত্রপাতি,0.5434553325176239,0.0,1.543455332517624
ঘরজামা,0.5433799028396606,0.0,1.5433799028396606
চিতাবাঘ,0.5432726144790649,0.0,1.543272614479065
আইস,0.5431949496269226,0.0,1.5431949496269226
মুক্ত,0.5431140661239624,0.0,1.5431140661239624
পুরু,0.54308021068573,0.0,1.54308021068573
বিমানবাহিনীর,0.5430475175380707,0.0,1.5430475175380707
জাপান,0.5633889734745026,0.02040816326530612,1.5429808102091964
আঁম,0.5429306030273438,0.0,1.5429306030273438
নগরী,0.5428529679775238,0.0,1.5428529679775238
মেজ,0.5427903831005096,0.0,1.5427903831005096
বিজয়ী,0.5427897274494171,0.0,1.5427897274494171
নানারূপ,0.5427212715148926,0.0,1.5427212715148926
আদালত,0.5427179336547852,0.0,1.5427179336547852
ফ্যাকাসে,0.542510449886322,0.0,1.542510449886322
সৌহার্দ্য,0.5424688160419464,0.0,1.5424688160419464
এথেন্সে,0.5424652397632599,0.0,1.5424652397632599
উদ্ভাসিত,0.5424564778804779,0.0,1.542456477880478
গুঁড়ি,0.5424377620220184,0.0,1.5424377620220184
সজোরে,0.5424298644065857,0.0,1.5424298644065857
অসুস্থ,0.5422198474407196,0.0,1.5422198474407196
প্রদক্ষিণ,0.542084664106369,0.0,1.542084664106369
নিশ্চিহ্ন,0.5420525372028351,0.0,1.542052537202835
ধরি,0.5521208643913269,0.010101010101010102,1.542019854290317
আটলান্টিক,0.5623244345188141,0.02040816326530612,1.541916271253508
পুরস্কৃত,0.5418217778205872,0.0,1.5418217778205872
বিধিবিধান,0.5417578816413879,0.0,1.541757881641388
রচনা,0.5417550504207611,0.0,1.541755050420761
জেটি,0.5417295694351196,0.0,1.5417295694351196
হারা,0.5416839420795441,0.0,1.541683942079544
লাভজনক,0.5517738163471222,0.010101010101010102,1.5416728062461122
পরশুরাম,0.5416207015514374,0.0,1.5416207015514374
জিতবে,0.541496217250824,0.0,1.541496217250824
নেম,0.5414519309997559,0.0,1.5414519309997559
শিকল,0.5414439737796783,0.0,1.5414439737796783
সমাপ্তি,0.5414363443851471,0.0,1.541436344385147
কান,0.5515122413635254,0.010101010101010102,1.5414112312625154
পার্টি,0.5413978695869446,0.0,1.5413978695869446
বাসা,0.54132941365242,0.0,1.54132941365242
হাঁটুর,0.5413216054439545,0.0,1.5413216054439545
প্যাকেট,0.5513235628604889,0.010101010101010102,1.541222552759479
কিন,0.5411927998065948,0.0,1.5411927998065948
ধুক,0.5410825908184052,0.0,1.5410825908184052
সুকুম,0.5410690307617188,0.0,1.5410690307617188
উত্তরোত্তর,0.5410546362400055,0.0,1.5410546362400055
বাঁধা,0.551153689622879,0.010101010101010102,1.541052679521869
গলা,0.5410424768924713,0.0,1.5410424768924713
উলটো,0.5409486889839172,0.0,1.5409486889839172
বাগান,0.5408969819545746,0.0,1.5408969819545746
কোম্পানির,0.5408925414085388,0.0,1.5408925414085388
গন্ধে,0.5407845973968506,0.0,1.5407845973968506
ছাত্রী,0.5407160520553589,0.0,1.5407160520553589
আত্মত্যাগ,0.5406480431556702,0.0,1.5406480431556702
উচ্চপদে,0.5506597459316254,0.010101010101010102,1.5405587358306154
শাসনভ,0.5405367910861969,0.0,1.540536791086197
চারকোল,0.5402933061122894,0.0,1.5402933061122894
মর্মাহত,0.540290892124176,0.0,1.540290892124176
উৎসুক,0.5402722358703613,0.0,1.5402722358703613
হাস্যকর,0.540257453918457,0.0,1.540257453918457
আকৃতি,0.5402529835700989,0.0,1.5402529835700989
পারছি,0.5402427911758423,0.0,1.5402427911758423
হের,0.5402121543884277,0.0,1.5402121543884277
হাসিমুখ,0.540183037519455,0.0,1.540183037519455
সত্যি,0.5401804447174072,0.0,1.5401804447174072
খাম,0.5400880575180054,0.0,1.5400880575180054
উপন্যাসে,0.5400460660457611,0.0,1.540046066045761
অমর,0.5400332510471344,0.0,1.5400332510471344
বেলো,0.5400168895721436,0.0,1.5400168895721436
গতিবেগ,0.5397861301898956,0.0,1.5397861301898956
গবেষণায়,0.5397625267505646,0.0,1.5397625267505646
অবনতি,0.5396831631660461,0.0,1.5396831631660461
মিল,0.5394830703735352,0.0,1.5394830703735352
সেদিন,0.5495570600032806,0.010101010101010102,1.5394560499022707
ঝোপ,0.5394183099269867,0.0,1.5394183099269867
রেস,0.5392763316631317,0.0,1.5392763316631317
রেলিং,0.5391778349876404,0.0,1.5391778349876404
অকপটে,0.5391556918621063,0.0,1.5391556918621063
আবর্জন,0.5390864014625549,0.0,1.539086401462555
বিচ,0.5390622019767761,0.0,1.5390622019767761
শোক,0.5388871431350708,0.0,1.5388871431350708
মাঝরা,0.5388580560684204,0.0,1.5388580560684204
বরদাস্ত,0.538842111825943,0.0,1.538842111825943
ঠোঁট,0.538736879825592,0.0,1.538736879825592
সাহসী,0.5488367974758148,0.010101010101010102,1.5387357873748049
সাবমেরিন,0.5387082099914551,0.0,1.538708209991455
বৈপ্লবিক,0.5387077927589417,0.0,1.5387077927589417
খুটি,0.5385982394218445,0.0,1.5385982394218445
হকি,0.5385348796844482,0.0,1.5385348796844482
পারস্পরিক,0.5384460389614105,0.0,1.5384460389614105
হেনা,0.538282722234726,0.0,1.538282722234726
শিখরে,0.5382467806339264,0.0,1.5382467806339264
কারবারে,0.5381484031677246,0.0,1.5381484031677246
রঙে,0.5381372272968292,0.0,1.5381372272968292
পরীক্ষাগারে,0.5380735099315643,0.0,1.5380735099315643
চিৎক,0.5380308032035828,0.0,1.5380308032035828
কবুল,0.538002073764801,0.0,1.538002073764801
ডুবি,0.5378864109516144,0.0,1.5378864109516144
প্লাবিত,0.5378116071224213,0.0,1.5378116071224213
শুধরে,0.5377236306667328,0.0,1.5377236306667328
কনকনে,0.5377121269702911,0.0,1.5377121269702911
রান্নাঘরে,0.5376863479614258,0.0,1.5376863479614258
খাঁর,0.5376736223697662,0.0,1.5376736223697662
উঠলে,0.5376117825508118,0.0,1.5376117825508118
আরেক,0.537585586309433,0.0,1.537585586309433
ব্যবসায়,0.5375513136386871,0.0,1.5375513136386871
রোদে,0.5374812483787537,0.0,1.5374812483787537
বেতন,0.5374356806278229,0.0,1.5374356806278229
কোর্ট,0.5474945604801178,0.010101010101010102,1.5373935503791079
রাজা,0.5373726487159729,0.0,1.537372648715973
ইনসাইড,0.5373043417930603,0.0,1.5373043417930603
সুস্থির,0.5372545421123505,0.0,1.5372545421123505
অধ্যাপক,0.5372426509857178,0.0,1.5372426509857178
মেশা,0.5371251106262207,0.0,1.5371251106262207
বরাদ্দ,0.5371113717556,0.0,1.5371113717556
কর্মচারী,0.5369797050952911,0.0,1.5369797050952911
ঘি,0.5368741750717163,0.0,1.5368741750717163
টিচ,0.5368467271327972,0.0,1.5368467271327972
হিল,0.536732017993927,0.0,1.536732017993927
ধরেনি,0.5367004573345184,0.0,1.5367004573345184
আমন্ত্রণ,0.5366977751255035,0.0,1.5366977751255035
অধৈর্য,0.5365826487541199,0.0,1.5365826487541199
লাগছিল,0.5365359485149384,0.0,1.5365359485149384
মন্দির,0.5365116000175476,0.0,1.5365116000175476
ন্যায্য,0.5364501178264618,0.0,1.5364501178264618
নিস্তেজ,0.5364093780517578,0.0,1.5364093780517578
কমি,0.5363559722900391,0.0,1.536355972290039
তৃষ্ণা,0.5362165570259094,0.0,1.5362165570259094
রান্ন,0.5362130105495453,0.0,1.5362130105495453
হোন,0.536183089017868,0.0,1.536183089017868
অলিগলি,0.5462344288825989,0.010101010101010102,1.536133418781589
তীব্রভাবে,0.536096841096878,0.0,1.536096841096878
বিয়,0.5358489453792572,0.0,1.5358489453792572
রংএর,0.5358173549175262,0.0,1.5358173549175262
ক্ষেত,0.5562182366847992,0.02040816326530612,1.535810073419493
জ্যোৎস্ন,0.5357588529586792,0.0,1.5357588529586792
রাস্তা,0.5357270836830139,0.0,1.535727083683014
অশ্রাব্য,0.545816957950592,0.010101010101010102,1.535715947849582
মাঝ,0.5356148481369019,0.0,1.5356148481369019
উদ্দেশ্যে,0.5355915427207947,0.0,1.5355915427207947
থিসিস,0.5355452001094818,0.0,1.5355452001094818
হারিয়েছেন,0.5355330407619476,0.0,1.5355330407619476
ভেদাভেদ,0.5353955924510956,0.0,1.5353955924510956
তিনগুণ,0.5353916883468628,0.0,1.5353916883468628
সাপেক্ষ,0.5353471338748932,0.0,1.5353471338748932
পুরস্কার,0.5353392958641052,0.0,1.5353392958641052
ব্রেড,0.5353158414363861,0.0,1.535315841436386
ঘেঁষে,0.5352127254009247,0.0,1.5352127254009247
দেখুক,0.5352034270763397,0.0,1.5352034270763397
পুনরুদ্ধার,0.535198837518692,0.0,1.535198837518692
হবু,0.5351957976818085,0.0,1.5351957976818085
রাখে,0.5351490676403046,0.0,1.5351490676403046
মারফত,0.5350602567195892,0.0,1.5350602567195892
গ্রামেগঞ্জে,0.5350572764873505,0.0,1.5350572764873505
নিথর,0.5350191593170166,0.0,1.5350191593170166
ছিনিমিনি,0.5350095629692078,0.0,1.5350095629692078
পরিচিত,0.5349855720996857,0.0,1.5349855720996857
জোগা,0.5349672436714172,0.0,1.5349672436714172
খেত,0.5349198579788208,0.0,1.5349198579788208
সাহায্যে,0.5348818600177765,0.0,1.5348818600177765
বন্দুক,0.5347278416156769,0.0,1.5347278416156769
বেন,0.534711480140686,0.0,1.534711480140686
বমির,0.5346775650978088,0.0,1.5346775650978088
হিংসা,0.5346392393112183,0.0,1.5346392393112183
কেপ,0.5345514416694641,0.0,1.5345514416694641
শাহ,0.5345433354377747,0.0,1.5345433354377747
দুরবস্থা,0.5345392525196075,0.0,1.5345392525196075
লিখ,0.5344827175140381,0.0,1.534482717514038
বললে,0.5344727039337158,0.0,1.5344727039337158
সরে,0.5344361662864685,0.0,1.5344361662864685
এটু,0.5343199670314789,0.0,1.5343199670314789
একদিন,0.5342714786529541,0.0,1.534271478652954
জিপ,0.5342190265655518,0.0,1.5342190265655518
মুখাপেক্ষী,0.53421550989151,0.0,1.53421550989151
দারুণ,0.5342110991477966,0.0,1.5342110991477966
প্রবলেম,0.5341626107692719,0.0,1.5341626107692719
মতবাদ,0.5341597199440002,0.0,1.5341597199440002
ডাকবাংলো,0.5340651273727417,0.0,1.5340651273727417
ডাক্ত,0.5339465439319611,0.0,1.533946543931961
নামক,0.5339215993881226,0.0,1.5339215993881226
বমি,0.5339007675647736,0.0,1.5339007675647736
হিস্যা,0.5338351130485535,0.0,1.5338351130485535
একপাশ,0.5338123440742493,0.0,1.5338123440742493
আসন,0.5338035821914673,0.0,1.5338035821914673
বিধ্বংসী,0.5337615609169006,0.0,1.5337615609169006
রবিব,0.5337579250335693,0.0,1.5337579250335693
ঢেউ,0.5438319146633148,0.010101010101010102,1.5337309045623049
আগ্রহ,0.5336345136165619,0.0,1.533634513616562
ক্যাশ,0.533522754907608,0.0,1.533522754907608
তীব্র,0.5334783494472504,0.0,1.5334783494472504
উচ্চমান,0.533373087644577,0.0,1.533373087644577
দুঃস্বপ্ন,0.5333646237850189,0.0,1.533364623785019
অধিকার,0.5333417057991028,0.0,1.5333417057991028
তিক্ততা,0.5332808792591095,0.0,1.5332808792591095
বাগানে,0.5332357287406921,0.0,1.5332357287406921
পরীর,0.533086359500885,0.0,1.533086359500885
ফুফা,0.533082515001297,0.0,1.533082515001297
ছোল,0.5330138802528381,0.0,1.5330138802528381
পাতলা,0.5329775214195251,0.0,1.5329775214195251
টেলিগ্রাফ,0.5328919887542725,0.0,1.5328919887542725
অস্তিত্ব,0.5328424870967865,0.0,1.5328424870967865
একশো,0.5326573848724365,0.0,1.5326573848724365
কফির,0.5326469540596008,0.0,1.5326469540596008
কুপিয়ে,0.5325293242931366,0.0,1.5325293242931366
চিত্রকর,0.5325185358524323,0.0,1.5325185358524323
বিশ্ববিখ্যাত,0.5324089229106903,0.0,1.5324089229106903
প্রশান্তি,0.5323776602745056,0.0,1.5323776602745056
ঘনিষ্ঠ,0.542373776435852,0.010101010101010102,1.532272766334842
সতর্কবাণী,0.5322599411010742,0.0,1.5322599411010742
মে,0.5423478484153748,0.010101010101010102,1.5322468383143648
ফেলত,0.5322284996509552,0.0,1.5322284996509552
কাঁচি,0.532200425863266,0.0,1.532200425863266
পৌছালে,0.532084047794342,0.0,1.532084047794342
গুণাগুণ,0.5320643484592438,0.0,1.5320643484592438
রোদ,0.5320411026477814,0.0,1.5320411026477814
অনভিজ্ঞ,0.5319994390010834,0.0,1.5319994390010834
ধর্মীয়,0.5319804251194,0.0,1.5319804251194
মৃতদেহের,0.5319042801856995,0.0,1.5319042801856995
ডুবুরি,0.5318498015403748,0.0,1.5318498015403748
তীরে,0.5318067371845245,0.0,1.5318067371845245
চাইতো,0.5317551493644714,0.0,1.5317551493644714
সাহিত্যে,0.531632274389267,0.0,1.531632274389267
দোলন,0.531557708978653,0.0,1.531557708978653
অপ্রাসঙ্গিক,0.5313937962055206,0.0,1.5313937962055206
বোঝা,0.5313877463340759,0.0,1.531387746334076
ডি,0.5313634276390076,0.0,1.5313634276390076
গরু,0.5414532423019409,0.010101010101010102,1.531352232200931
সিগারেটের,0.5312197208404541,0.0,1.531219720840454
মনখারাপ,0.5311602354049683,0.0,1.5311602354049683
ঢুকতে,0.5311013460159302,0.0,1.5311013460159302
রাজ্য,0.5310670137405396,0.0,1.5310670137405396
সুন্দর,0.5309475362300873,0.0,1.5309475362300873
চিনি,0.5408190190792084,0.010101010101010102,1.5307180089781984
স্টাইল,0.540705531835556,0.010101010101010102,1.530604521734546
বিষয়ে,0.5305489301681519,0.0,1.5305489301681519
সঠিক,0.5305420160293579,0.0,1.530542016029358
অন্যান,0.5305369794368744,0.0,1.5305369794368744
শেখ,0.5304861664772034,0.0,1.5304861664772034
দোকানপাট,0.5404734909534454,0.010101010101010102,1.5303724808524355
আসিব,0.5303417444229126,0.0,1.5303417444229126
পৌছা,0.5303326547145844,0.0,1.5303326547145844
এপ্রিল,0.5506426990032196,0.02040816326530612,1.5302345357379135
প্রতিদিন,0.5301623046398163,0.0,1.5301623046398163
সেটের,0.5301380455493927,0.0,1.5301380455493927
নিজস্ব,0.5299478471279144,0.0,1.5299478471279144
দাবি,0.529930979013443,0.0,1.529930979013443
ম্যানেজ,0.5297568440437317,0.0,1.5297568440437317
বাংল,0.5297005474567413,0.0,1.5297005474567413
নেব,0.5397526919841766,0.010101010101010102,1.5296516818831667
ইত্যাদিতে,0.5296171009540558,0.0,1.5296171009540558
দে,0.5296046733856201,0.0,1.5296046733856201
মেতেছেন,0.5295959115028381,0.0,1.5295959115028381
নিত্যসঙ্গী,0.5295387208461761,0.0,1.5295387208461761
রাকেশ,0.5294803082942963,0.0,1.5294803082942963
বাগচী,0.5294069945812225,0.0,1.5294069945812225
সভ্যতা,0.5293657183647156,0.0,1.5293657183647156
গাঁজ,0.529312014579773,0.0,1.529312014579773
সিক্ত,0.5292877554893494,0.0,1.5292877554893494
আস্,0.529261440038681,0.0,1.529261440038681
ভোক,0.5292302668094635,0.0,1.5292302668094635
দরজা,0.5291615724563599,0.0,1.5291615724563599
সুর,0.5291483700275421,0.0,1.5291483700275421
গাঁটছড়া,0.5290740132331848,0.0,1.5290740132331848
ফলা,0.5290546715259552,0.0,1.5290546715259552
প্রবেশের,0.5290502309799194,0.0,1.5290502309799194
ক্ষমা,0.539122462272644,0.010101010101010102,1.529021452171634
আত্মজীবনী,0.5288728475570679,0.0,1.5288728475570679
ব্যাগে,0.5288338661193848,0.0,1.5288338661193848
করছি,0.5286234319210052,0.0,1.5286234319210052
অমাবস্য,0.5286155343055725,0.0,1.5286155343055725
আকৃতির,0.5286085307598114,0.0,1.5286085307598114
ফুলে,0.5386844575405121,0.010101010101010102,1.5285834474395021
বীর,0.5285779535770416,0.0,1.5285779535770416
আনন্দ,0.5285559594631195,0.0,1.5285559594631195
চিন্তাশীল,0.528530478477478,0.0,1.528530478477478
প্রজাতন্ত্র,0.5284974277019501,0.0,1.52849742770195
বিস্তৃত,0.5284751057624817,0.0,1.5284751057624817
পাঠি,0.5284666121006012,0.0,1.5284666121006012
রচিত,0.5384783148765564,0.010101010101010102,1.5283773047755465
নাট্যক,0.5283724367618561,0.0,1.528372436761856
জীবিক,0.5283297300338745,0.0,1.5283297300338745
শাষ,0.5283009111881256,0.0,1.5283009111881256
শ্বাস,0.5282908976078033,0.0,1.5282908976078033
কোনোরকমে,0.5282157063484192,0.0,1.5282157063484192
স্থাপন,0.5280671119689941,0.0,1.5280671119689941
উপাদান,0.5280271768569946,0.0,1.5280271768569946
উচ্চত,0.5279815196990967,0.0,1.5279815196990967
জুম্মা,0.5279475748538971,0.0,1.527947574853897
সেদি,0.5278392732143402,0.0,1.5278392732143402
মাইল,0.5275631546974182,0.0,1.5275631546974182
ইরাক,0.5273855030536652,0.0,1.5273855030536652
২৩শে,0.5374560058116913,0.010101010101010102,1.5273549957106813
তৃতীয়,0.5272001922130585,0.0,1.5272001922130585
ব্যাস,0.5270720422267914,0.0,1.5270720422267914
আহত,0.5270357131958008,0.0,1.5270357131958008
ইজারা,0.5270272791385651,0.0,1.527027279138565
বিকট,0.5268705189228058,0.0,1.5268705189228058
ভাসে,0.5267683267593384,0.0,1.5267683267593384
বোলার,0.5267105400562286,0.0,1.5267105400562286
ভাবত,0.5266248285770416,0.0,1.5266248285770416
অফিসে,0.5265937149524689,0.0,1.5265937149524689
ইয়র্ক,0.5264952182769775,0.0,1.5264952182769775
শব্দে,0.5264890491962433,0.0,1.5264890491962433
সংসার,0.5264686048030853,0.0,1.5264686048030853
গণ্যমান্য,0.5264279842376709,0.0,1.526427984237671
ওনারা,0.5263594388961792,0.0,1.5263594388961792
যোগ,0.5262026488780975,0.0,1.5262026488780975
সেলিব্রেট,0.5261977314949036,0.0,1.5261977314949036
ভিন্ন,0.5361458659172058,0.010101010101010102,1.5260448558161959
নিবেদন,0.5260146856307983,0.0,1.5260146856307983
রেখেছি,0.5259758234024048,0.0,1.5259758234024048
বেগুন,0.5259279608726501,0.0,1.5259279608726501
রোগে,0.5360137820243835,0.010101010101010102,1.5259127719233736
উদ্যোগ,0.525866836309433,0.0,1.525866836309433
উদ্রেক,0.5258497893810272,0.0,1.5258497893810272
মেরুদণ্ডের,0.5257599353790283,0.0,1.5257599353790283
নামানো,0.5257213711738586,0.0,1.5257213711738586
অরাজকতা,0.5256480574607849,0.0,1.525648057460785
ভালোবাসি,0.525618702173233,0.0,1.525618702173233
পড়াশোনা,0.5255946516990662,0.0,1.5255946516990662
লাখ,0.5255756080150604,0.0,1.5255756080150604
কুরুচিপূর্ণ,0.5255527794361115,0.0,1.5255527794361115
আরো,0.525542289018631,0.0,1.525542289018631
ওজন,0.5254555642604828,0.0,1.5254555642604828
গেয়ে,0.5254541337490082,0.0,1.5254541337490082
আফ্রিক,0.5254155397415161,0.0,1.5254155397415161
ছাপা,0.5253907144069672,0.0,1.5253907144069672
বারতা,0.5253893733024597,0.0,1.5253893733024597
পাঁচে,0.5253401100635529,0.0,1.5253401100635529
ঢাকনা,0.5252964794635773,0.0,1.5252964794635773
ঝাঁপ,0.5252498090267181,0.0,1.5252498090267181
সম্মানে,0.5251744389533997,0.0,1.5251744389533997
এঁটে,0.5251351594924927,0.0,1.5251351594924927
গোয়েন্দা,0.525130569934845,0.0,1.525130569934845
অল্প,0.5250675082206726,0.0,1.5250675082206726
আইনে,0.5249504148960114,0.0,1.5249504148960114
ডুবে,0.5249077081680298,0.0,1.5249077081680298
পুত্র,0.5247069001197815,0.0,1.5247069001197815
চিকিৎস,0.5347980558872223,0.010101010101010102,1.5246970457862123
থামলে,0.5246483981609344,0.0,1.5246483981609344
দ্রুত,0.5246418118476868,0.0,1.5246418118476868
উল্লাস,0.5246263444423676,0.0,1.5246263444423676
জেনারেল,0.5245365798473358,0.0,1.5245365798473358
চুলে,0.5243618190288544,0.0,1.5243618190288544
সৌমিত্র,0.5242999196052551,0.0,1.5242999196052551
সাহিত্য,0.5242500901222229,0.0,1.524250090122223
মারুন,0.5241706073284149,0.0,1.524170607328415
অবসানে,0.5240996479988098,0.0,1.5240996479988098
শিক,0.5240602195262909,0.0,1.524060219526291
শশাঙ্ক,0.5240539312362671,0.0,1.524053931236267
অনাবিল,0.5240538120269775,0.0,1.5240538120269775
কাপ,0.524004191160202,0.0,1.524004191160202
আসল,0.5239593982696533,0.0,1.5239593982696533
ফেরেননি,0.5237858593463898,0.0,1.5237858593463898
গ্রীস,0.5338491797447205,0.010101010101010102,1.5237481696437105
কিনবে,0.5236488282680511,0.0,1.5236488282680511
হাসি,0.5236243903636932,0.0,1.5236243903636932
শিক্ষকতা,0.5337072014808655,0.010101010101010102,1.5236061913798555
কোম্পানি,0.5234155058860779,0.0,1.5234155058860779
পশ্চিমাঞ্চলে,0.5232343971729279,0.0,1.5232343971729279
সের,0.5231581330299377,0.0,1.5231581330299377
খাজ,0.5231481492519379,0.0,1.5231481492519379
লাগানো,0.5230542421340942,0.0,1.5230542421340942
আশীষ,0.5230070650577545,0.0,1.5230070650577545
সেমিফাইনালে,0.5228719413280487,0.0,1.5228719413280487
গ্লাসে,0.5227227807044983,0.0,1.5227227807044983
রোমাঞ্চিত,0.5227151215076447,0.0,1.5227151215076447
নোবেল,0.5227118134498596,0.0,1.5227118134498596
এপ্রিলে,0.5226718187332153,0.0,1.5226718187332153
বিস্তৃতি,0.5226449072360992,0.0,1.5226449072360992
বেঁচে,0.5226447284221649,0.0,1.522644728422165
শেখেন,0.5225988030433655,0.0,1.5225988030433655
মুনাফা,0.5224747657775879,0.0,1.522474765777588
ঝাপসা,0.5223493278026581,0.0,1.522349327802658
কুমকুম,0.5223201513290405,0.0,1.5223201513290405
বেশী,0.5222660005092621,0.0,1.522266000509262
ছিপি,0.5222483277320862,0.0,1.5222483277320862
বাধ্য,0.5323222279548645,0.010101010101010102,1.5222212178538546
অসংখ্য,0.5221091210842133,0.0,1.5221091210842133
পান্থ,0.521869421005249,0.0,1.521869421005249
হরেক,0.5218368172645569,0.0,1.5218368172645569
নিষেধ,0.5218019783496857,0.0,1.5218019783496857
নোঙর,0.5217610001564026,0.0,1.5217610001564026
ফেলা,0.52170130610466,0.0,1.52170130610466
মাঠ,0.5216649770736694,0.0,1.5216649770736694
তৈরির,0.521630734205246,0.0,1.521630734205246
রান,0.5314761996269226,0.010101010101010102,1.5213751895259127
পর্দায়,0.5211917459964752,0.0,1.5211917459964752
একতরফাভাবে,0.5311671197414398,0.010101010101010102,1.5210661096404299
নাকমুখ,0.5210340619087219,0.0,1.521034061908722
চিন্তাধা,0.5206509828567505,0.0,1.5206509828567505
পিল,0.5205713212490082,0.0,1.5205713212490082
রহিত,0.5205192565917969,0.0,1.5205192565917969
লিখেছিল,0.5204821527004242,0.0,1.5204821527004242
মনোভাব,0.5204567611217499,0.0,1.5204567611217499
ভৌতিক,0.5203932225704193,0.0,1.5203932225704193
সম্পাদন,0.5203809142112732,0.0,1.5203809142112732
ধূর্ত,0.5203273296356201,0.0,1.5203273296356201
চাষে,0.5202256441116333,0.0,1.5202256441116333
দীপঙ্কর,0.5201514959335327,0.0,1.5201514959335327
উপজীব্য,0.5201506614685059,0.0,1.5201506614685059
বিশ্লেষণ,0.5201233625411987,0.0,1.5201233625411987
অধ্যক্ষ,0.5200642049312592,0.0,1.5200642049312592
পুরুষরা,0.5299470722675323,0.010101010101010102,1.5198460621665224
নিমজ্জিত,0.5196305513381958,0.0,1.5196305513381958
লজ্জাজনক,0.519582211971283,0.0,1.519582211971283
চারশত,0.5194204747676849,0.0,1.519420474767685
দান,0.5194069743156433,0.0,1.5194069743156433
বিজ্ঞানে,0.5193454325199127,0.0,1.5193454325199127
ব্যাকটেরিয়া,0.5193020701408386,0.0,1.5193020701408386
অশ্রু,0.5293817818164825,0.010101010101010102,1.5192807717154726
ছত্রাক,0.5192499756813049,0.0,1.519249975681305
বিদ্যালয়,0.5191589891910553,0.0,1.5191589891910553
হাঁচি,0.5394397079944611,0.02040816326530612,1.519031544729155
ঘটিত,0.5190256237983704,0.0,1.5190256237983704
বিশ্বরেকর্ড,0.5190075635910034,0.0,1.5190075635910034
অকৃত্রিম,0.5189938247203827,0.0,1.5189938247203827
অপরাধ,0.5188812613487244,0.0,1.5188812613487244
কাঁদবে,0.5288682281970978,0.010101010101010102,1.5187672180960878
চাইতে,0.5187410414218903,0.0,1.5187410414218903
অটোগ্রাফ,0.5187366902828217,0.0,1.5187366902828217
সরকারি,0.5186653137207031,0.0,1.5186653137207031
জ্যামিতিক,0.5185433626174927,0.0,1.5185433626174927
৭ই,0.528546005487442,0.010101010101010102,1.518444995386432
মারে,0.5285438895225525,0.010101010101010102,1.5184428794215425
আবেদন,0.5184410810470581,0.0,1.518441081047058
সাজে,0.5184319913387299,0.0,1.5184319913387299
কক্ষে,0.5183218121528625,0.0,1.5183218121528625
আবাদ,0.5181831419467926,0.0,1.5181831419467926
কাশির,0.5181250274181366,0.0,1.5181250274181366
পার্সেন্ট,0.5178864002227783,0.0,1.5178864002227783
অন্যসব,0.5178450644016266,0.0,1.5178450644016266
সুশিক্ষিত,0.5178379714488983,0.0,1.5178379714488983
শ্যাম,0.5177695751190186,0.0,1.5177695751190186
কাহিনী,0.5278654098510742,0.010101010101010102,1.5177643997500643
দাশগুপ্ত,0.5173658430576324,0.0,1.5173658430576324
আর্তনাদে,0.517354816198349,0.0,1.517354816198349
সভা,0.5170630514621735,0.0,1.5170630514621735
পাস,0.5170530676841736,0.0,1.5170530676841736
ক্যাচ,0.5169027745723724,0.0,1.5169027745723724
মহাসাগর,0.5168903768062592,0.0,1.5168903768062592
মেরেছেন,0.5168788433074951,0.0,1.5168788433074951
হাসপাতালে,0.5167361199855804,0.0,1.5167361199855804
ফাইনাল,0.5371425449848175,0.02040816326530612,1.5167343817195114
চিকন,0.5165303647518158,0.0,1.5165303647518158
আনবো,0.5265753269195557,0.010101010101010102,1.5164743168185457
পেনসিল,0.5164467990398407,0.0,1.5164467990398407
উচ্চতা,0.5265077650547028,0.010101010101010102,1.5164067549536928
ডাকাত,0.5163494646549225,0.0,1.5163494646549225
বিরাট,0.5162917077541351,0.0,1.5162917077541351
সংকীর্ণ,0.5162635147571564,0.0,1.5162635147571564
চাওয়,0.5161363482475281,0.0,1.516136348247528
দামামা,0.5160917639732361,0.0,1.516091763973236
ব্যথিত,0.5260682702064514,0.010101010101010102,1.5159672601054415
তামাশা,0.5158761441707611,0.0,1.515876144170761
অর্ধেকের,0.5157810747623444,0.0,1.5157810747623444
গতকাল,0.5156483054161072,0.0,1.5156483054161072
ঘাটে,0.5257092714309692,0.010101010101010102,1.5156082613299593
চোর,0.5155024230480194,0.0,1.5155024230480194
দাস,0.5154719948768616,0.0,1.5154719948768616
শীত,0.5154438018798828,0.0,1.5154438018798828
মাতৃভাষা,0.5152725577354431,0.0,1.5152725577354431
পালন,0.5152474939823151,0.0,1.515247493982315
কর্ণপাত,0.5151269435882568,0.0,1.5151269435882568
অনুমতি,0.515084981918335,0.0,1.515084981918335
পিতল,0.5150615274906158,0.0,1.5150615274906158
ঘিরে,0.5150065422058105,0.0,1.5150065422058105
বর্তমান,0.514944851398468,0.0,1.514944851398468
মেধাবী,0.5148740410804749,0.0,1.5148740410804749
হেলিকপ্টারের,0.5148687958717346,0.0,1.5148687958717346
কাউন্সেল,0.5148351192474365,0.0,1.5148351192474365
সৌন্দর্য্য,0.5148092806339264,0.0,1.5148092806339264
আক্রান্ত,0.524900496006012,0.010101010101010102,1.514799485905002
চিকিৎসক,0.5147359669208527,0.0,1.5147359669208527
হাজারহাজার,0.524729996919632,0.010101010101010102,1.514628986818622
সারপ্রাইজ,0.5146200656890869,0.0,1.514620065689087
এশিয়,0.5246846377849579,0.010101010101010102,1.514583627683948
বাণিজ্যে,0.5144208073616028,0.0,1.5144208073616028
শুনবো,0.5144082605838776,0.0,1.5144082605838776
প্রমুখ,0.5143927037715912,0.0,1.5143927037715912
দুষ্টু,0.514388382434845,0.0,1.514388382434845
স্টান্ট,0.514314591884613,0.0,1.514314591884613
ভাগনে,0.5142611265182495,0.0,1.5142611265182495
ডাল,0.5242438912391663,0.010101010101010102,1.5141428811381563
মন্ত্রী,0.5139447450637817,0.0,1.5139447450637817
বিখ্যাত,0.5139050483703613,0.0,1.5139050483703613
আশে,0.5138487815856934,0.0,1.5138487815856934
২১শে,0.5238764584064484,0.010101010101010102,1.5137754483054384
কেন্দ্র,0.5137387216091156,0.0,1.5137387216091156
কুকুর,0.5341170728206635,0.02040816326530612,1.5137089095553573
অমি,0.5136480927467346,0.0,1.5136480927467346
ভরদ্বাজ,0.5134167969226837,0.0,1.5134167969226837
ড্রইং,0.5133142173290253,0.0,1.5133142173290253
প্যাটেল,0.5129809975624084,0.0,1.5129809975624084
নীচে,0.5129656791687012,0.0,1.5129656791687012
চাষ,0.5230014026165009,0.010101010101010102,1.512900392515491
রকমারি,0.5128923058509827,0.0,1.5128923058509827
খাওয়ানো,0.5128873288631439,0.0,1.512887328863144
রাস্তাঘাট,0.5127308368682861,0.0,1.5127308368682861
শান্তা,0.5127000212669373,0.0,1.5127000212669373
স্পোর্টস,0.5126945972442627,0.0,1.5126945972442627
শ্বশুর,0.5123631358146667,0.0,1.5123631358146667
ফিরতি,0.5122164487838745,0.0,1.5122164487838745
রাত্রিযাপন,0.5121394097805023,0.0,1.5121394097805023
জবাব,0.5119958519935608,0.0,1.5119958519935608
অক্সিজেনের,0.5118544101715088,0.0,1.5118544101715088
লিং,0.5118381083011627,0.0,1.5118381083011627
পত্রিকা,0.5117001831531525,0.0,1.5117001831531525
পুঞ্জীভূত,0.5116811096668243,0.0,1.5116811096668243
সাধিত,0.5116468966007233,0.0,1.5116468966007233
মহামান্য,0.511352151632309,0.0,1.511352151632309
লেন্স,0.5112558603286743,0.0,1.5112558603286743
সম্পাদনা,0.5112539231777191,0.0,1.5112539231777191
অবিচ,0.5213286876678467,0.010101010101010102,1.5112276775668367
পদে,0.5110605359077454,0.0,1.5110605359077454
বারান্দা,0.5110117495059967,0.0,1.5110117495059967
ঘটুক,0.5109952986240387,0.0,1.5109952986240387
ফলো,0.5109492242336273,0.0,1.5109492242336273
তিস্তা,0.5109144747257233,0.0,1.5109144747257233
বিশ্বযুদ্ধে,0.5108726620674133,0.0,1.5108726620674133
রক্ষণশীল,0.5106530785560608,0.0,1.5106530785560608
পয়েন্ট,0.5106252133846283,0.0,1.5106252133846283
হাজির,0.5105423927307129,0.0,1.510542392730713
ফ্লা,0.5103933215141296,0.0,1.5103933215141296
ছিটকিনি,0.5103772282600403,0.0,1.5103772282600403
নেতা,0.5103238821029663,0.0,1.5103238821029663
এমনকি,0.5103206932544708,0.0,1.5103206932544708
জমির,0.5304727852344513,0.02040816326530612,1.5100646219691451
নাব,0.5201399326324463,0.010101010101010102,1.5100389225314363
তালিকায়,0.5100273191928864,0.0,1.5100273191928864
মার্ডার,0.5100034177303314,0.0,1.5100034177303314
ইলিশ,0.5098487436771393,0.0,1.5098487436771393
এমনিভাবে,0.5097650587558746,0.0,1.5097650587558746
ভালা,0.5097247064113617,0.0,1.5097247064113617
ব্যবসা,0.5097078680992126,0.0,1.5097078680992126
ওয়াশিংটন,0.5096531808376312,0.0,1.5096531808376312
খেলবো,0.5095539689064026,0.0,1.5095539689064026
দোকানে,0.5194534659385681,0.010101010101010102,1.5093524558375582
লুকানো,0.5091668367385864,0.0,1.5091668367385864
নিল,0.5091346800327301,0.0,1.50913468003273
স্বীক,0.5190290212631226,0.010101010101010102,1.5089280111621126
আচরণে,0.5089112520217896,0.0,1.5089112520217896
মেকানিক্যাল,0.5088267624378204,0.0,1.5088267624378204
জিত,0.5086954236030579,0.0,1.5086954236030579
টেপ,0.5085952281951904,0.0,1.5085952281951904
রবীন্দ্র,0.5085168778896332,0.0,1.5085168778896332
রূপ,0.5084628760814667,0.0,1.5084628760814667
মুরগি,0.5083666145801544,0.0,1.5083666145801544
সমুচিত,0.5083631575107574,0.0,1.5083631575107574
কাটিং,0.5082346200942993,0.0,1.5082346200942993
প্যাসেঞ্জ,0.5080567002296448,0.0,1.5080567002296448
ঘোষণা,0.5080172419548035,0.0,1.5080172419548035
শেন,0.5079869329929352,0.0,1.5079869329929352
চলাচল,0.5079796016216278,0.0,1.5079796016216278
গৌড়া,0.507909893989563,0.0,1.507909893989563
বিতরণী,0.5078889429569244,0.0,1.5078889429569244
মরুভূমি,0.5179815888404846,0.010101010101010102,1.5078805787394747
পরিবেশ,0.5073772668838501,0.0,1.50737726688385
নালা,0.5072231292724609,0.0,1.507223129272461
পিছপা,0.5071205198764801,0.0,1.50712051987648
পূর্ববর্তী,0.5069606602191925,0.0,1.5069606602191925
গোবিন্দ,0.5069605708122253,0.0,1.5069605708122253
দেওর,0.5069350600242615,0.0,1.5069350600242615
সুদে,0.5272975862026215,0.02040816326530612,1.5068894229373153
বৌদ্ধ,0.5169411599636078,0.010101010101010102,1.5068401498625978
সেনগুপ্ত,0.5067649483680725,0.0,1.5067649483680725
মুছ,0.5065546035766602,0.0,1.5065546035766602
স্যান,0.5065334141254425,0.0,1.5065334141254425
পশ্চিম,0.5064542293548584,0.0,1.5064542293548584
রণজিৎ,0.5064288675785065,0.0,1.5064288675785065
এগোলে,0.506417989730835,0.0,1.506417989730835
অঘটন,0.5063032805919647,0.0,1.5063032805919647
এডুকেশন,0.5062573850154877,0.0,1.5062573850154877
সহায়ক,0.5060682892799377,0.0,1.5060682892799377
জৈব,0.5060575306415558,0.0,1.5060575306415558
দুজনে,0.506007581949234,0.0,1.506007581949234
গোত্র,0.5059923529624939,0.0,1.505992352962494
প্লেট,0.505916178226471,0.0,1.505916178226471
পালাল,0.5058879852294922,0.0,1.5058879852294922
অহমিকা,0.5159726440906525,0.010101010101010102,1.5058716339896425
সাউথ,0.5057994425296783,0.0,1.5057994425296783
জরীপ,0.5057501494884491,0.0,1.505750149488449
ভারতবর্ষে,0.5057320296764374,0.0,1.5057320296764374
ছুরির,0.5057127773761749,0.0,1.505712777376175
অপেক্ষা,0.5056542754173279,0.0,1.5056542754173279
সম্পূর্ণ,0.5055408179759979,0.0,1.505540817975998
আন্দোলন,0.5156300663948059,0.010101010101010102,1.505529056293796
মানচিত্র,0.5155932009220123,0.010101010101010102,1.5054921908210024
উপাধি,0.5155351459980011,0.010101010101010102,1.5054341358969912
বঙ্গোপসাগর,0.5153216123580933,0.010101010101010102,1.5052206022570833
উপভোগ্য,0.5051976442337036,0.0,1.5051976442337036
দুঃখ,0.5051714777946472,0.0,1.5051714777946472
বারবার,0.5050927400588989,0.0,1.505092740058899
প্রতিষ্ঠিত,0.5050249397754669,0.0,1.505024939775467
ফন্দি,0.5050061047077179,0.0,1.505006104707718
প্রতীক্ষ,0.5049888491630554,0.0,1.5049888491630554
যেকেউ,0.5049043893814087,0.0,1.5049043893814087
বিপদগ্রস্ত,0.504799097776413,0.0,1.504799097776413
ঝিনুক,0.504729300737381,0.0,1.504729300737381
গৌরবোজ্জ্বল,0.5046793818473816,0.0,1.5046793818473816
অবমাননা,0.5046762526035309,0.0,1.5046762526035309
সরাসরি,0.5046713650226593,0.0,1.5046713650226593
সিং,0.5146619379520416,0.010101010101010102,1.5045609278510317
ভাজা,0.5146085023880005,0.010101010101010102,1.5045074922869905
বাণী,0.5044015347957611,0.0,1.504401534795761
তিনজন,0.5042040944099426,0.0,1.5042040944099426
সকলে,0.504183828830719,0.0,1.504183828830719
ওজনে,0.5041448771953583,0.0,1.5041448771953583
সিডনি,0.5041045546531677,0.0,1.5041045546531677
ভাব,0.5040484368801117,0.0,1.5040484368801117
লোকচক্ষুর,0.5038788914680481,0.0,1.503878891468048
গচ্ছিত,0.5036624670028687,0.0,1.5036624670028687
দরিদ্র,0.5136822462081909,0.010101010101010102,1.503581236107181
উই,0.5136207342147827,0.010101010101010102,1.5035197241137728
সীমান্ত,0.5135988295078278,0.010101010101010102,1.5034978194068178
নাটক,0.513426274061203,0.010101010101010102,1.503325263960193
লোকজন,0.5031348764896393,0.0,1.5031348764896393
রাষ্ট্রে,0.5132070481777191,0.010101010101010102,1.5031060380767092
প্রস্তাব,0.5030822455883026,0.0,1.5030822455883026
ডুবুরির,0.5030522346496582,0.0,1.5030522346496582
ব্যক্তিবর্গ,0.5029833316802979,0.0,1.5029833316802979
জোর,0.5028989911079407,0.0,1.5028989911079407
স্বৈর,0.5028238892555237,0.0,1.5028238892555237
ধারণা,0.5026688277721405,0.0,1.5026688277721405
অদিতি,0.5026344656944275,0.0,1.5026344656944275
দেবাশীষ,0.502597451210022,0.0,1.502597451210022
জনসংখ্যা,0.5025372207164764,0.0,1.5025372207164764
অক্ষুণ্ন,0.5023882985115051,0.0,1.5023882985115051
পত্রপত্রিকা,0.5021568238735199,0.0,1.50215682387352
বক্সিং,0.502110630273819,0.0,1.502110630273819
অমীমাংসিত,0.5020844638347626,0.0,1.5020844638347626
নামা,0.5019947588443756,0.0,1.5019947588443756
বহুগুণ,0.5019859969615936,0.0,1.5019859969615936
কোতোয়া,0.5017591118812561,0.0,1.501759111881256
অন্যপাশে,0.5017023384571075,0.0,1.5017023384571075
আন্তরিকতা,0.5016840100288391,0.0,1.5016840100288391
থই,0.5016624927520752,0.0,1.5016624927520752
তলদেশের,0.5015913844108582,0.0,1.5015913844108582
চিপে,0.5014557838439941,0.0,1.5014557838439941
সমৃদ্ধির,0.5014084875583649,0.0,1.5014084875583649
রমা,0.5013794004917145,0.0,1.5013794004917145
সুপ্রিম,0.5217253863811493,0.02040816326530612,1.5013172231158431
দূর,0.5011562705039978,0.0,1.5011562705039978
শক্তিশালী,0.5011562407016754,0.0,1.5011562407016754
একেবারে,0.5011544227600098,0.0,1.5011544227600098
আলু,0.5112354159355164,0.010101010101010102,1.5011344058345064
বলেছিস,0.5011337697505951,0.0,1.501133769750595
অনিচ্ছাকৃত,0.5111928284168243,0.010101010101010102,1.5010918183158144
উইথ,0.511096715927124,0.010101010101010102,1.500995705826114
তোপধ্বনির,0.5009691119194031,0.0,1.500969111919403
তেমনি,0.5109679698944092,0.010101010101010102,1.5008669597933992
হলুদে,0.5007789731025696,0.0,1.5007789731025696
লুটেপুটে,0.5108385980129242,0.010101010101010102,1.5007375879119143
রক্তপাত,0.500731348991394,0.0,1.500731348991394
আবহাওয়া,0.5106837451457977,0.010101010101010102,1.5005827350447878
ব্রেকফাস্ট,0.5003946721553802,0.0,1.5003946721553802
উচ্চ,0.5003789663314819,0.0,1.500378966331482
বিবাহ,0.5104332268238068,0.010101010101010102,1.5003322167227968
আগুনে,0.5003179013729095,0.0,1.5003179013729095
শোনামাত্র,0.5002967119216919,0.0,1.500296711921692
পরাজিত,0.5102434754371643,0.010101010101010102,1.5001424653361544
ফাইভ,0.500110536813736,0.0,1.500110536813736
হিন্দু,0.5101732909679413,0.010101010101010102,1.5000722808669313
সেকেন্ডারি,0.4999374747276306,0.0,1.4999374747276306
অ্যান্,0.4999345541000366,0.0,1.4999345541000366
ভ্যাপসা,0.4999251365661621,0.0,1.499925136566162
জানাত,0.49991559982299805,0.0,1.499915599822998
উঠুক,0.49976402521133423,0.0,1.4997640252113342
খোসা,0.4997560977935791,0.0,1.499756097793579
পটকা,0.4997069835662842,0.0,1.4997069835662842
কাগজ,0.4997062683105469,0.0,1.4997062683105469
গিরিখাত,0.4996455907821655,0.0,1.4996455907821655
সাগর,0.5096721649169922,0.010101010101010102,1.4995711548159822
উপনিবেশ,0.4995649456977844,0.0,1.4995649456977844
সিরাপ,0.4993911385536194,0.0,1.4993911385536194
পৌষ,0.5196066498756409,0.02040816326530612,1.4991984866103347
জমে,0.49903160333633423,0.0,1.4990316033363342
১লা,0.49857521057128906,0.0,1.498575210571289
সন্দীপ,0.49837297201156616,0.0,1.4983729720115662
ধার,0.4982312321662903,0.0,1.4982312321662903
কমানে,0.49817830324172974,0.0,1.4981783032417297
পাননি,0.4980820417404175,0.0,1.4980820417404175
ফেল,0.4980095624923706,0.0,1.4980095624923706
টেবল,0.49787968397140503,0.0,1.497879683971405
ভাত,0.4977954030036926,0.0,1.4977954030036926
ঐতিহ্য,0.4977648854255676,0.0,1.4977648854255676
ইঞ্চি,0.5078137814998627,0.010101010101010102,1.4977127713988527
শুভাশ,0.49765992164611816,0.0,1.4976599216461182
শিক্ষিত,0.4976363778114319,0.0,1.4976363778114319
হোটেল,0.497592568397522,0.0,1.497592568397522
করছিল,0.49754011631011963,0.0,1.4975401163101196
থান্ড,0.49750685691833496,0.0,1.497506856918335
মেদ,0.4973931908607483,0.0,1.4973931908607483
কমিক,0.4973241686820984,0.0,1.4973241686820984
কন্যা,0.4970993399620056,0.0,1.4970993399620056
খান,0.4970605969429016,0.0,1.4970605969429016
২৫শে,0.5071477890014648,0.010101010101010102,1.497046778900455
বিস্তর,0.49701035022735596,0.0,1.497010350227356
মৌমাছির,0.5069288313388824,0.010101010101010102,1.4968278212378725
অনুষ্ঠান,0.49669164419174194,0.0,1.496691644191742
অবিচল,0.4962625503540039,0.0,1.496262550354004
ডিজেলের,0.49617815017700195,0.0,1.496178150177002
বহরমপুর,0.49590861797332764,0.0,1.4959086179733276
কবিতা,0.5058629810810089,0.010101010101010102,1.495761970979999
দিল্লীর,0.495755136013031,0.0,1.495755136013031
চিঠি,0.49571412801742554,0.0,1.4957141280174255
রক্ষা,0.4956902265548706,0.0,1.4956902265548706
ট্রফি,0.4955427646636963,0.0,1.4955427646636963
জওহরলাল,0.5056311190128326,0.010101010101010102,1.4955301089118227
পাখি,0.4955231547355652,0.0,1.4955231547355652
ফুটবল,0.5056219100952148,0.010101010101010102,1.495520899994205
পাঁচালী,0.4954822063446045,0.0,1.4954822063446045
কাঠ,0.5055456459522247,0.010101010101010102,1.4954446358512148
চোরাবা,0.4951828122138977,0.0,1.4951828122138977
নিশ্চিত,0.4951358437538147,0.0,1.4951358437538147
বিন্দুমাত্র,0.49506884813308716,0.0,1.4950688481330872
কেরোসিন,0.4950377345085144,0.0,1.4950377345085144
কবি,0.49502724409103394,0.0,1.495027244091034
কিনে,0.4949256181716919,0.0,1.494925618171692
দুর্বত্ত,0.4949188828468323,0.0,1.4949188828468323
মানে,0.49483466148376465,0.0,1.4948346614837646
সাঁকোর,0.5151715278625488,0.02040816326530612,1.4947633645972427
পাট,0.49475061893463135,0.0,1.4947506189346313
খুঁজছি,0.49470847845077515,0.0,1.4947084784507751
কৈ,0.4945881962776184,0.0,1.4945881962776184
সম্পাদক,0.4944106936454773,0.0,1.4944106936454773
পাউরু,0.49433356523513794,0.0,1.494333565235138
বেস্ট,0.4943271279335022,0.0,1.4943271279335022
বলেছি,0.494289755821228,0.0,1.494289755821228
খাচ্ছি,0.49420517683029175,0.0,1.4942051768302917
যুবক,0.4941258430480957,0.0,1.4941258430480957
খেসারত,0.4941134452819824,0.0,1.4941134452819824
প্রখ্যাত,0.49411123991012573,0.0,1.4941112399101257
সাহস,0.4940146207809448,0.0,1.4940146207809448
ব্রোঞ্জ,0.49400514364242554,0.0,1.4940051436424255
আসলে,0.4939284324645996,0.0,1.4939284324645996
বিভাগীয়,0.49370670318603516,0.0,1.4937067031860352
একা,0.4937058091163635,0.0,1.4937058091163635
পাব,0.49358487129211426,0.0,1.4935848712921143
দূরে,0.4935128092765808,0.0,1.4935128092765808
অধিনায়ক,0.493435800075531,0.0,1.493435800075531
জাতি,0.4933885931968689,0.0,1.493388593196869
শিখি,0.49334776401519775,0.0,1.4933477640151978
সিক্রেট,0.49327951669692993,0.0,1.49327951669693
রোজগার,0.4929513931274414,0.0,1.4929513931274414
ভোজন,0.49283045530319214,0.0,1.4928304553031921
বাসী,0.49277549982070923,0.0,1.4927754998207092
শিশু,0.4927677512168884,0.0,1.4927677512168884
শুন,0.49275630712509155,0.0,1.4927563071250916
মাল,0.49242347478866577,0.0,1.4924234747886658
বর্তমানে,0.49239295721054077,0.0,1.4923929572105408
চাকরি,0.4922647476196289,0.0,1.492264747619629
ব্যক্তিগণ,0.492242693901062,0.0,1.492242693901062
নাচ,0.4921233057975769,0.0,1.492123305797577
পাঠা,0.4920511245727539,0.0,1.492051124572754
স্টেশন,0.4920201897621155,0.0,1.4920201897621155
বোতলে,0.4919116497039795,0.0,1.4919116497039795
জেতা,0.5019977986812592,0.010101010101010102,1.4918967885802492
ছটা,0.49188798666000366,0.0,1.4918879866600037
সুস্থ,0.4916214346885681,0.0,1.4916214346885681
ভাগ্যক্রমে,0.4915328621864319,0.0,1.4915328621864319
জীবনী,0.491452693939209,0.0,1.491452693939209
পরিধান,0.49129849672317505,0.0,1.491298496723175
বিপুল,0.4910661578178406,0.0,1.4910661578178406
কাঁদ,0.5010693669319153,0.010101010101010102,1.4909683568309053
অনুপম,0.4909554719924927,0.0,1.4909554719924927
মোরগ,0.4908542037010193,0.0,1.4908542037010193
রুদ্র,0.49077457189559937,0.0,1.4907745718955994
অ্যাট,0.490767240524292,0.0,1.490767240524292
মোস্ট,0.4902966022491455,0.0,1.4902966022491455
উদ্দেশ,0.4900169372558594,0.0,1.4900169372558594
ক্যাট,0.48993539810180664,0.0,1.4899353981018066
সুশৃঙ্খলভাবে,0.4899097681045532,0.0,1.4899097681045532
চুমু,0.4898780584335327,0.0,1.4898780584335327
মতবিরোধ,0.48985081911087036,0.0,1.4898508191108704
আলীর,0.510158121585846,0.02040816326530612,1.4897499583205398
মহাসাগরে,0.49979478120803833,0.010101010101010102,1.4896937711070284
লেলিহান,0.4896852970123291,0.0,1.489685297012329
বটি,0.48966389894485474,0.0,1.4896638989448547
কার্ডবোর্ড,0.4896444082260132,0.0,1.4896444082260132
খসলে,0.4994325041770935,0.010101010101010102,1.4893314940760836
ওরও,0.4892599582672119,0.0,1.489259958267212
চোখে,0.48924124240875244,0.0,1.4892412424087524
ক্লাব,0.4892352223396301,0.0,1.4892352223396301
চক্রবর্তী,0.48914772272109985,0.0,1.4891477227210999
উঠবে,0.4889853596687317,0.0,1.4889853596687317
শক্তি,0.488960325717926,0.0,1.488960325717926
স্টেডিয়ামে,0.48889976739883423,0.0,1.4888997673988342
অনুধাবন,0.48888611793518066,0.0,1.4888861179351807
দাদা,0.48885005712509155,0.0,1.4888500571250916
জাহান্নামে,0.4888424277305603,0.0,1.4888424277305603
লু,0.4886869788169861,0.0,1.488686978816986
উপসর্গ,0.49870580434799194,0.010101010101010102,1.488604794246982
জানিয়েছি,0.48855841159820557,0.0,1.4885584115982056
আকাশে,0.4884640574455261,0.0,1.4884640574455261
ঢাল,0.49854910373687744,0.010101010101010102,1.4884480936358675
শোনানো,0.498393714427948,0.010101010101010102,1.488292704326938
অতিথি,0.4882107973098755,0.0,1.4882107973098755
বাদ,0.48819267749786377,0.0,1.4881926774978638
জানানে,0.4881819486618042,0.0,1.4881819486618042
প্রত্যেক,0.48807835578918457,0.0,1.4880783557891846
সম্পত্তি,0.49811917543411255,0.010101010101010102,1.4880181653331026
ঠকা,0.4877724051475525,0.0,1.4877724051475525
শাবল,0.4876078963279724,0.0,1.4876078963279724
চা,0.48754143714904785,0.0,1.4875414371490479
পর্যুদস্ত,0.48752015829086304,0.0,1.487520158290863
প্যাকেটের,0.48738157749176025,0.0,1.4873815774917603
গভীর,0.48731887340545654,0.0,1.4873188734054565
স্বাধীনতা,0.4872704744338989,0.0,1.487270474433899
নৃত্যে,0.48715656995773315,0.0,1.4871565699577332
খুশি,0.5180555582046509,0.030927835051546393,1.4871277231531046
উইকেট,0.49704599380493164,0.010101010101010102,1.4869449837039217
খেলবে,0.4869098663330078,0.0,1.4869098663330078
বিবরণী,0.48683851957321167,0.0,1.4868385195732117
পুকুরে,0.48664623498916626,0.0,1.4866462349891663
টান,0.4865267872810364,0.0,1.4865267872810364
কুরি,0.48639053106307983,0.0,1.4863905310630798
বাঁকানো,0.48637229204177856,0.0,1.4863722920417786
নবজাগরণ,0.4863288998603821,0.0,1.486328899860382
ডুকরে,0.4962870478630066,0.010101010101010102,1.4861860377619966
ভাঙতে,0.48618268966674805,0.0,1.486182689666748
পেন,0.4861689805984497,0.0,1.4861689805984497
রুই,0.48611879348754883,0.0,1.4861187934875488
পালা,0.48602330684661865,0.0,1.4860233068466187
রক্তমাখা,0.48577481508255005,0.0,1.48577481508255
মূলধন,0.4856833815574646,0.0,1.4856833815574646
সাথে,0.4957219362258911,0.010101010101010102,1.4856209261248812
টের,0.4956793189048767,0.010101010101010102,1.4855783088038668
পাথর,0.48536360263824463,0.0,1.4853636026382446
সমুদ্র,0.48519670963287354,0.0,1.4851967096328735
খোঁজ,0.48518580198287964,0.0,1.4851858019828796
সম্পদে,0.48504185676574707,0.0,1.485041856765747
প্র্যাকট,0.48495906591415405,0.0,1.484959065914154
ঋণ,0.49503254890441895,0.010101010101010102,1.484931538803409
প্রাচীন,0.48478949069976807,0.0,1.484789490699768
অফ,0.4847431182861328,0.0,1.4847431182861328
সর্বব্যাপী,0.48466235399246216,0.0,1.4846623539924622
মহাদেশ,0.4946851134300232,0.010101010101010102,1.4845841033290132
মুহূর্,0.4946351647377014,0.010101010101010102,1.4845341546366915
দেশ,0.4844921827316284,0.0,1.4844921827316284
মাঠে,0.4844244122505188,0.0,1.4844244122505188
বিগ্রহ,0.4843124747276306,0.0,1.4843124747276306
বিস্তীর্ণ,0.484244704246521,0.0,1.484244704246521
ব্যবহার্য,0.4840841293334961,0.0,1.484084129333496
লিখে,0.48405420780181885,0.0,1.4840542078018188
মাপা,0.4839215874671936,0.0,1.4839215874671936
বোন,0.483917772769928,0.0,1.483917772769928
অবাক,0.48355358839035034,0.0,1.4835535883903503
পত্রিক,0.4835129380226135,0.0,1.4835129380226135
প্রশ্বাস,0.4835065007209778,0.0,1.4835065007209778
স্ত্রী,0.4830928444862366,0.0,1.4830928444862366
মোজা,0.4830331802368164,0.0,1.4830331802368164
বাজারে,0.48300474882125854,0.0,1.4830047488212585
দুর্গন্ধ,0.4826146960258484,0.0,1.4826146960258484
দোভাষী,0.48259758949279785,0.0,1.4825975894927979
আবর্জনা,0.4823945164680481,0.0,1.482394516468048
ছাল,0.48233562707901,0.0,1.48233562707901
দিবা,0.48233461380004883,0.0,1.4823346138000488
সমান,0.48233264684677124,0.0,1.4823326468467712
পারেননি,0.4823140501976013,0.0,1.4823140501976013
গিজ,0.4822489023208618,0.0,1.4822489023208618
বিশ্ব,0.4822329878807068,0.0,1.4822329878807068
ডাক,0.4822238087654114,0.0,1.4822238087654114
ফির,0.49207496643066406,0.010101010101010102,1.4819739563296541
ভূরি,0.48179900646209717,0.0,1.4817990064620972
দেখাচ্,0.4816988706588745,0.0,1.4816988706588745
খাল,0.48159855604171753,0.0,1.4815985560417175
কানুন,0.4815836548805237,0.0,1.4815836548805237
ল্যাম্প,0.48105388879776,0.0,1.48105388879776
নিষ্ঠা,0.48079913854599,0.0,1.48079913854599
ভাস,0.4807824492454529,0.0,1.4807824492454529
ভেবেচিন্,0.480751097202301,0.0,1.480751097202301
পৃথিবী,0.4803973436355591,0.0,1.480397343635559
তারিখ,0.48039674758911133,0.0,1.4803967475891113
মৃত্যু,0.48030853271484375,0.0,1.4803085327148438
লাতিন,0.48030561208724976,0.0,1.4803056120872498
বিভে,0.48005515336990356,0.0,1.4800551533699036
আলোকপাত,0.4799211621284485,0.0,1.4799211621284485
ক্ষেত্রবিশেষ,0.47989600896835327,0.0,1.4798960089683533
ছেলের,0.4798939824104309,0.0,1.479893982410431
স্বদেশের,0.489962100982666,0.010101010101010102,1.479861090881656
দেবযানী,0.47967416048049927,0.0,1.4796741604804993
বিবর্তন,0.47959643602371216,0.0,1.4795964360237122
ম্যাচ,0.4999639391899109,0.02040816326530612,1.4795557759246047
প্রার্থনা,0.479311466217041,0.0,1.479311466217041
কিছুদিন,0.4791527986526489,0.0,1.479152798652649
অভিব্যক্তি,0.47908926010131836,0.0,1.4790892601013184
গোলে,0.4788185954093933,0.0,1.4788185954093933
মাতৃভ,0.47870153188705444,0.0,1.4787015318870544
সংবাদ,0.4785553216934204,0.0,1.4785553216934204
কখনো,0.47854387760162354,0.0,1.4785438776016235
মৃত্যুর,0.47806721925735474,0.0,1.4780672192573547
পরিণত,0.4779597520828247,0.0,1.4779597520828247
চৌধুরী,0.47791147232055664,0.0,1.4779114723205566
বাসাতে,0.47790640592575073,0.0,1.4779064059257507
ঘুম,0.48792606592178345,0.010101010101010102,1.4778250558207735
নামি,0.47778600454330444,0.0,1.4777860045433044
সাপ,0.49798065423965454,0.02040816326530612,1.4775724909743484
বৃদ্ধি,0.47748368978500366,0.0,1.4774836897850037
মিতা,0.47745442390441895,0.0,1.477454423904419
মাচা,0.47739124298095703,0.0,1.477391242980957
পাবলিশার্স,0.4773368239402771,0.0,1.477336823940277
কম্পানির,0.47727251052856445,0.0,1.4772725105285645
এলে,0.47719770669937134,0.0,1.4771977066993713
গাছ,0.47696447372436523,0.0,1.4769644737243652
পরবর্তী,0.47690272331237793,0.0,1.476902723312378
প্রাণ,0.47682464122772217,0.0,1.4768246412277222
বিরুদ্ধে,0.4764906167984009,0.0,1.4764906167984009
অন্যথা,0.47646254301071167,0.0,1.4764625430107117
বেলা,0.47641897201538086,0.0,1.4764189720153809
বিশাল,0.47641122341156006,0.0,1.47641122341156
রেফারির,0.4764019250869751,0.0,1.476401925086975
জন্মাবে,0.4762972593307495,0.0,1.4762972593307495
লেখক,0.47625666856765747,0.0,1.4762566685676575
বকাঝকা,0.4762451648712158,0.0,1.4762451648712158
নকআউট,0.475948691368103,0.0,1.475948691368103
পুণ্যার্থী,0.47589820623397827,0.0,1.4758982062339783
ভাঙল,0.4756630063056946,0.0,1.4756630063056946
নিচে,0.4753594994544983,0.0,1.4753594994544983
ইতিহাস,0.4853416085243225,0.010101010101010102,1.4752405984233126
মুক্তি,0.47504889965057373,0.0,1.4750488996505737
সাধুবাদ,0.4747658371925354,0.0,1.4747658371925354
টাঙানো,0.47475123405456543,0.0,1.4747512340545654
সোন,0.47463101148605347,0.0,1.4746310114860535
সবাইকে,0.47429877519607544,0.0,1.4742987751960754
কষ্টসাধ্য,0.4734554886817932,0.0,1.4734554886817932
আসবে,0.4835185408592224,0.010101010101010102,1.4734175307582125
দেবকুম,0.47323185205459595,0.0,1.473231852054596
অভিযান,0.47311705350875854,0.0,1.4731170535087585
হত্যা,0.4831855297088623,0.010101010101010102,1.4730845196078524
মুখোমুখি,0.4729534983634949,0.0,1.4729534983634949
কঠিন,0.47279971837997437,0.0,1.4727997183799744
গা,0.4727018475532532,0.0,1.4727018475532532
ইনিংসে,0.48275452852249146,0.010101010101010102,1.4726535184214815
বাতাস,0.4827173352241516,0.010101010101010102,1.4726163251231417
করতা,0.47242677211761475,0.0,1.4724267721176147
লাগব,0.4723334312438965,0.0,1.4723334312438965
অবৈতনিক,0.472295880317688,0.0,1.472295880317688
চারপাঁচজন,0.4720965623855591,0.0,1.472096562385559
সাঁতরে,0.472040057182312,0.0,1.472040057182312
কাবাব,0.471873939037323,0.0,1.471873939037323
ফুট,0.48186689615249634,0.010101010101010102,1.4717658860514864
রেঞ্জার্স,0.4716435670852661,0.0,1.4716435670852661
শেখর,0.4714890122413635,0.0,1.4714890122413635
জোরে,0.47147107124328613,0.0,1.4714710712432861
তাড়াহুড়ো,0.4714575409889221,0.0,1.4714575409889221
লিখুন,0.4712432026863098,0.0,1.4712432026863098
হাতীর,0.4711371064186096,0.0,1.4711371064186096
হাসতে,0.47101926803588867,0.0,1.4710192680358887
কামিজ,0.4811013340950012,0.010101010101010102,1.4710003239939913
এগোচ্ছিল,0.4708520770072937,0.0,1.4708520770072937
সিদ্ধান্ত,0.480896532535553,0.010101010101010102,1.470795522434543
দুঃসাধ্য,0.47061896324157715,0.0,1.4706189632415771
ভূমিকা,0.4693828821182251,0.0,1.469382882118225
কুঁচ,0.46935367584228516,0.0,1.4693536758422852
উপকারে,0.46907681226730347,0.0,1.4690768122673035
সুপ্রতিষ্ঠিত,0.46888983249664307,0.0,1.468889832496643
হরফে,0.46885615587234497,0.0,1.468856155872345
অংশ,0.4687306880950928,0.0,1.4687306880950928
আসতাম,0.4686691164970398,0.0,1.4686691164970398
বিজ্ঞান,0.4684690237045288,0.0,1.4684690237045288
ছেলেকে,0.4784928560256958,0.010101010101010102,1.4683918459246859
করবো,0.46823984384536743,0.0,1.4682398438453674
কালো,0.4682251214981079,0.0,1.468225121498108
নেয়,0.4679992198944092,0.0,1.4679992198944092
ছিঃ,0.4676188826560974,0.0,1.4676188826560974
তাৎপর্যপূর্ণ,0.46760308742523193,0.0,1.467603087425232
লাভ,0.4674437642097473,0.0,1.4674437642097473
বেকার,0.46724629402160645,0.0,1.4672462940216064
অস্বস্তিকর,0.4671791195869446,0.0,1.4671791195869446
আট,0.46704304218292236,0.0,1.4670430421829224
মাথা,0.4670334458351135,0.0,1.4670334458351135
যুক্তিসঙ্গত,0.4667719006538391,0.0,1.4667719006538391
মহাকাব্য,0.4666110873222351,0.0,1.466611087322235
ঘুরে,0.46654462814331055,0.0,1.4665446281433105
সুস্বাদু,0.4664711356163025,0.0,1.4664711356163025
রিহার্সাল,0.46641480922698975,0.0,1.4664148092269897
খান্না,0.46634161472320557,0.0,1.4663416147232056
পা,0.4662087559700012,0.0,1.4662087559700012
নিরোধ,0.4659948945045471,0.0,1.4659948945045471
ওপর,0.4659543037414551,0.0,1.465954303741455
জাহাজ,0.4756532311439514,0.010101010101010102,1.4655522210429415
সন্ধান,0.46546465158462524,0.0,1.4654646515846252
রাত,0.46533095836639404,0.0,1.465330958366394
মাঝে,0.46517592668533325,0.0,1.4651759266853333
ভূখণ্ড,0.47519755363464355,0.010101010101010102,1.4650965435336336
মেলবোর্নে,0.46496784687042236,0.0,1.4649678468704224
গাইছ,0.46494072675704956,0.0,1.4649407267570496
রানে,0.46482205390930176,0.0,1.4648220539093018
হারল,0.46476274728775024,0.0,1.4647627472877502
মাক,0.4647499918937683,0.0,1.4647499918937683
খেই,0.4647103548049927,0.0,1.4647103548049927
এরপর,0.46470123529434204,0.0,1.464701235294342
ভেতরে,0.46453702449798584,0.0,1.4645370244979858
খাবা,0.47456085681915283,0.010101010101010102,1.4644598467181429
অস্ত্রধারী,0.4642937183380127,0.0,1.4642937183380127
পাবো,0.46427053213119507,0.0,1.464270532131195
থুবড়ে,0.46420663595199585,0.0,1.4642066359519958
ফুল,0.4742608666419983,0.010101010101010102,1.4641598565409883
টেনিসে,0.46390384435653687,0.0,1.4639038443565369
যাত্রী,0.4636921286582947,0.0,1.4636921286582947
ফাইনালে,0.47360730171203613,0.010101010101010102,1.4635062916110262
মাস্ট,0.4838179349899292,0.02040816326530612,1.463409771724623
ঝিল,0.4631642699241638,0.0,1.4631642699241638
লাগ,0.4631287455558777,0.0,1.4631287455558777
খুঁজে,0.46312522888183594,0.0,1.463125228881836
সুদূরপ্রসারী,0.4630993604660034,0.0,1.4630993604660034
দিলে,0.46308547258377075,0.0,1.4630854725837708
বুক,0.4728395342826843,0.010101010101010102,1.4627385241816744
ডেক,0.4626774191856384,0.0,1.4626774191856384
করুন,0.4625924825668335,0.0,1.4625924825668335
হেরেছি,0.4624829888343811,0.0,1.462482988834381
লক্ষ্মী,0.4623931646347046,0.0,1.4623931646347046
ঢিল,0.4621773362159729,0.0,1.462177336215973
দরে,0.4621642827987671,0.0,1.462164282798767
আঘাত,0.47209882736206055,0.010101010101010102,1.4619978172610506
দৈর্ঘ,0.46191251277923584,0.0,1.4619125127792358
সালে,0.4717562794685364,0.010101010101010102,1.4616552693675264
উপকূলে,0.47175490856170654,0.010101010101010102,1.4616538984606966
অনেকের,0.4616512656211853,0.0,1.4616512656211853
উল্টোদিক,0.46141499280929565,0.0,1.4614149928092957
চিকিৎসা,0.47149449586868286,0.010101010101010102,1.461393485767673
ফাদা,0.47148019075393677,0.010101010101010102,1.4613791806529268
এনে,0.4608774185180664,0.0,1.4608774185180664
ক্লাস,0.46051907539367676,0.0,1.4605190753936768
শরীর,0.460335910320282,0.0,1.460335910320282
দুরারোগ্য,0.4703134298324585,0.010101010101010102,1.4602124197314486
খোলা,0.46012216806411743,0.0,1.4601221680641174
বিস্ফোরণ,0.4699971675872803,0.010101010101010102,1.4598961574862703
ছুটে,0.45983392000198364,0.0,1.4598339200019836
পুরো,0.459830105304718,0.0,1.459830105304718
নেভানো,0.45970964431762695,0.0,1.459709644317627
অভাববোধ,0.4596479535102844,0.0,1.4596479535102844
অসহযোগ,0.45952308177948,0.0,1.45952308177948
ধান,0.4694240093231201,0.010101010101010102,1.4593229992221102
অনুতপ্ত,0.47973090410232544,0.02040816326530612,1.4593227408370193
ইংরেজি,0.4591318368911743,0.0,1.4591318368911743
মোটর,0.46915966272354126,0.010101010101010102,1.4590586526225313
কলেজের,0.45897555351257324,0.0,1.4589755535125732
উত্তরপূর্ব,0.45880699157714844,0.0,1.4588069915771484
জনগণকে,0.45831066370010376,0.0,1.4583106637001038
কিনা,0.45829904079437256,0.0,1.4582990407943726
কুম,0.4580960273742676,0.0,1.4580960273742676
পাঠানো,0.45789456367492676,0.0,1.4578945636749268
পোহালে,0.45710110664367676,0.0,1.4571011066436768
শুভ্,0.45695972442626953,0.0,1.4569597244262695
কারণে,0.45684611797332764,0.0,1.4568461179733276
আদেশ,0.4566580653190613,0.0,1.4566580653190613
কাল,0.45662230253219604,0.0,1.456622302532196
পরামর্শ,0.4566187858581543,0.0,1.4566187858581543
রোগী,0.4565556049346924,0.0,1.4565556049346924
পুরস্ক,0.456357479095459,0.0,1.456357479095459
হবেএ,0.45626240968704224,0.0,1.4562624096870422
চুরি,0.4561312198638916,0.0,1.4561312198638916
ইং,0.45611411333084106,0.0,1.456114113330841
নেভ,0.4661846160888672,0.010101010101010102,1.4560836059878572
গোলাপি,0.4660065174102783,0.010101010101010102,1.4559055073092684
বেগুনী,0.4558340907096863,0.0,1.4558340907096863
পায়,0.4556892514228821,0.0,1.455689251422882
বোধ,0.45557647943496704,0.0,1.455576479434967
ওঠে,0.4554283022880554,0.0,1.4554283022880554
শেষদিন,0.4549263119697571,0.0,1.454926311969757
চিন্তা,0.4548698663711548,0.0,1.4548698663711548
ভরণপোষণ,0.45485955476760864,0.0,1.4548595547676086
বাজা,0.4642643928527832,0.010101010101010102,1.4541633827517733
নিয়োজিত,0.45402824878692627,0.0,1.4540282487869263
ছুটি,0.4535815119743347,0.0,1.4535815119743347
দাব,0.45350217819213867,0.0,1.4535021781921387
লাল,0.4534682631492615,0.0,1.4534682631492615
পার্থপ্রতিম,0.4533940553665161,0.0,1.4533940553665161
প্রোমোশন,0.45309436321258545,0.0,1.4530943632125854
ত্যাগ,0.4528976082801819,0.0,1.4528976082801819
খারাপ,0.45282435417175293,0.0,1.452824354171753
শ্যামবাজারের,0.4527955651283264,0.0,1.4527955651283264
কাট,0.452581524848938,0.0,1.452581524848938
উচ্চস্বরে,0.4524992108345032,0.0,1.4524992108345032
পরিবর্তন,0.4727209210395813,0.02040816326530612,1.4523127577742752
ধীরে,0.4517623782157898,0.0,1.4517623782157898
মিক্সড,0.4515655040740967,0.0,1.4515655040740967
ঘটে,0.45155447721481323,0.0,1.4515544772148132
ফুটবে,0.4514560103416443,0.0,1.4514560103416443
ভুলত্রু,0.45127004384994507,0.0,1.451270043849945
চিকিৎসায়,0.4510851502418518,0.0,1.4510851502418518
টাকা,0.4503070116043091,0.0,1.450307011604309
তরকারি,0.4602179527282715,0.010101010101010102,1.4501169426272615
বেদি,0.4500105381011963,0.0,1.4500105381011963
কেবল,0.44998544454574585,0.0,1.4499854445457458
ছাত্র,0.44990503787994385,0.0,1.4499050378799438
শ্রদ্ধাশীল,0.44946593046188354,0.0,1.4494659304618835
মিং,0.4489939212799072,0.0,1.4489939212799072
জাল,0.44898462295532227,0.0,1.4489846229553223
এইতো,0.44885116815567017,0.0,1.4488511681556702
জ্যৈষ্ঠ,0.44848155975341797,0.0,1.448481559753418
অন্যান্য,0.4482291340827942,0.0,1.4482291340827942
ভাষা,0.4684205651283264,0.02040816326530612,1.4480124018630203
ব্রিসবেনে,0.44788604974746704,0.0,1.447886049747467
গোমতী,0.44785189628601074,0.0,1.4478518962860107
চেঁচামেচি,0.44780248403549194,0.0,1.447802484035492
শাস্তি,0.4677770733833313,0.02040816326530612,1.4473689101180252
খুনোখুনি,0.44710326194763184,0.0,1.4471032619476318
স্থানে,0.44705522060394287,0.0,1.4470552206039429
ব্রাভো,0.4469865560531616,0.0,1.4469865560531616
আইনত,0.4466235637664795,0.0,1.4466235637664795
কালেক্টর,0.4466203451156616,0.0,1.4466203451156616
প্রাণী,0.4564073085784912,0.010101010101010102,1.4463062984774813
দশগুণ,0.4460862874984741,0.0,1.4460862874984741
আইন,0.4458237886428833,0.0,1.4458237886428833
প্রেস্টিজ,0.44562411308288574,0.0,1.4456241130828857
আলোচনা,0.44550883769989014,0.0,1.4455088376998901
শরীরে,0.4450643062591553,0.0,1.4450643062591553
চিঠিতে,0.44490230083465576,0.0,1.4449023008346558
উপস্থিত,0.4446965456008911,0.0,1.4446965456008911
দাম,0.4446946382522583,0.0,1.4446946382522583
ফেরো,0.44448280334472656,0.0,1.4444828033447266
গেছেন,0.44443845748901367,0.0,1.4444384574890137
লেট,0.4545341730117798,0.010101010101010102,1.4444331629107698
চাই,0.4544544219970703,0.010101010101010102,1.4443534118960604
স্কুল,0.45386171340942383,0.010101010101010102,1.4437607033084139
উঠ,0.4434778094291687,0.0,1.4434778094291687
বেঁধে,0.4534721374511719,0.010101010101010102,1.443371127350162
মিলে,0.4432913661003113,0.0,1.4432913661003113
দেয়,0.44323623180389404,0.0,1.443236231803894
শিক্ষকত,0.44313567876815796,0.0,1.443135678768158
অপর,0.44307470321655273,0.0,1.4430747032165527
হার,0.4531084895133972,0.010101010101010102,1.4430074794123873
মেহগনি,0.4427553415298462,0.0,1.4427553415298462
উৎপল,0.44268012046813965,0.0,1.4426801204681396
বিঘ,0.45226168632507324,0.010101010101010102,1.4421606762240633
বেতনে,0.44158095121383667,0.0,1.4415809512138367
নিরীক্ষা,0.44155311584472656,0.0,1.4415531158447266
তিব্বত,0.4513952136039734,0.010101010101010102,1.4412942035029634
ইফ,0.4510037899017334,0.010101010101010102,1.4409027798007235
নামে,0.4509768486022949,0.010101010101010102,1.440875838501285
সংস্কৃতির,0.44062215089797974,0.0,1.4406221508979797
লাগে,0.440606951713562,0.0,1.440606951713562
লেভ,0.44050735235214233,0.0,1.4405073523521423
তীরবর্তী,0.44023603200912476,0.0,1.4402360320091248
দিগন্,0.440227210521698,0.0,1.440227210521698
অর্থ,0.4398278594017029,0.0,1.4398278594017029
মামলা,0.4397580623626709,0.0,1.439758062362671
চাপ,0.43958044052124023,0.0,1.4395804405212402
নিউইয়র্ক,0.43946021795272827,0.0,1.4394602179527283
টু,0.4494713544845581,0.010101010101010102,1.4393703443835482
অত্যন্ত,0.439330518245697,0.0,1.439330518245697
ফোন,0.44934284687042236,0.010101010101010102,1.4392418367694124
চালা,0.43914175033569336,0.0,1.4391417503356934
ওষুধপত্র,0.4390626549720764,0.0,1.4390626549720764
নির্দেশ,0.4390498995780945,0.0,1.4390498995780945
সাত,0.4387766718864441,0.0,1.438776671886444
প্যান্ট,0.43815791606903076,0.0,1.4381579160690308
তুল,0.4380333423614502,0.0,1.4380333423614502
মূল,0.44793957471847534,0.010101010101010102,1.4378385646174654
অবস্থান,0.4377397894859314,0.0,1.4377397894859314
কেইস,0.4374472498893738,0.0,1.4374472498893738
ড্রিংক,0.4373759627342224,0.0,1.4373759627342224
ধারণ,0.4373612403869629,0.0,1.437361240386963
ক্ষমতা,0.43690013885498047,0.0,1.4369001388549805
প্রকাশিত,0.4367516040802002,0.0,1.4367516040802002
আবহাওয়,0.4367358684539795,0.0,1.4367358684539795
পেল,0.43666255474090576,0.0,1.4366625547409058
খাদ্য,0.4462658762931824,0.010101010101010102,1.4361648661921724
গোস্বামী,0.43608957529067993,0.0,1.43608957529068
বন্ধু,0.43565720319747925,0.0,1.4356572031974792
অঞ্চল,0.4353486895561218,0.0,1.4353486895561218
লোক,0.445278525352478,0.010101010101010102,1.435177515251468
শিক্ষক,0.4345548748970032,0.0,1.4345548748970032
দেশান্তরী,0.4345093369483948,0.0,1.4345093369483948
ভার,0.43393731117248535,0.0,1.4339373111724854
সাইরাস,0.4335620403289795,0.0,1.4335620403289795
ঘটনা,0.4334145784378052,0.0,1.4334145784378052
তরুণ,0.43325966596603394,0.0,1.433259665966034
অনিরুদ্ধ,0.43284791707992554,0.0,1.4328479170799255
প্রাচ্য,0.4327857494354248,0.0,1.4327857494354248
মিনিট,0.4326619505882263,0.0,1.4326619505882263
অনুরোধ,0.4326222538948059,0.0,1.432622253894806
মালয়েশিয়া,0.43251270055770874,0.0,1.4325127005577087
পাঠ,0.44223982095718384,0.010101010101010102,1.432138810856174
জঞ্জাল,0.4318898916244507,0.0,1.4318898916244507
পাজামা,0.4314672350883484,0.0,1.4314672350883484
কর্মব্যস্ততা,0.4314228296279907,0.0,1.4314228296279907
শহরে,0.431399405002594,0.0,1.431399405002594
উপলক্ষে,0.4311177134513855,0.0,1.4311177134513855
অগ্রগণ্য,0.4308852553367615,0.0,1.4308852553367615
পৌরাণিক,0.4307047724723816,0.0,1.4307047724723816
আকাশ,0.4305798411369324,0.0,1.4305798411369324
আস,0.43054449558258057,0.0,1.4305444955825806
পৃথিবীর,0.43992942571640015,0.010101010101010102,1.4298284156153902
আলাদা,0.42975616455078125,0.0,1.4297561645507812
ব্যক্তি,0.4296067953109741,0.0,1.4296067953109741
যেসব,0.4396842122077942,0.010101010101010102,1.4295832021067842
ক্রিকেট,0.4290885329246521,0.0,1.429088532924652
পরীক্ষা,0.43905001878738403,0.010101010101010102,1.428949008686374
জলরাশির,0.42862147092819214,0.0,1.4286214709281921
লাঞ্চ,0.42835843563079834,0.0,1.4283584356307983
সন্তান,0.42810261249542236,0.0,1.4281026124954224
জীবনটাকে,0.42762160301208496,0.0,1.427621603012085
কাটা,0.4275316596031189,0.0,1.427531659603119
ব্যবস্থা,0.42748039960861206,0.0,1.427480399608612
বাস,0.4264073371887207,0.0,1.4264073371887207
দক্ষিণ,0.4364205002784729,0.010101010101010102,1.426319490177463
গোল,0.4261264204978943,0.0,1.4261264204978943
সুইট,0.42606472969055176,0.0,1.4260647296905518
খুলে,0.425503134727478,0.0,1.425503134727478
নদীর,0.4355194568634033,0.010101010101010102,1.4254184467623934
ভুলবে,0.4252336621284485,0.0,1.4252336621284485
করেছিল,0.42517685890197754,0.0,1.4251768589019775
দেশপ্রেম,0.4246818423271179,0.0,1.424681842327118
আদর্শে,0.42453861236572266,0.0,1.4245386123657227
ভুল,0.42403918504714966,0.0,1.4240391850471497
গতি,0.4441499710083008,0.02040816326530612,1.4237418077429946
মুখে,0.42362743616104126,0.0,1.4236274361610413
সকাল,0.4334394931793213,0.010101010101010102,1.4233384830783113
কলেজ,0.43338173627853394,0.010101010101010102,1.423280726177524
এগোনো,0.42257148027420044,0.0,1.4225714802742004
বাকি,0.4224485158920288,0.0,1.4224485158920288
লিব,0.42222172021865845,0.0,1.4222217202186584
লোকসংখ্যা,0.422196626663208,0.0,1.422196626663208
ভূমধ্যসাগর,0.4219104051589966,0.0,1.4219104051589966
বেশির,0.4418998956680298,0.02040816326530612,1.4214917324027236
ভর্তি,0.43103688955307007,0.010101010101010102,1.4209358794520601
ঢুক,0.4208124279975891,0.0,1.4208124279975891
খেল,0.42077094316482544,0.0,1.4207709431648254
দিনে,0.42076945304870605,0.0,1.420769453048706
আবিষ্কারে,0.420326292514801,0.0,1.420326292514801
অলিম্পি,0.4198814630508423,0.0,1.4198814630508423
মাধুরী,0.41973692178726196,0.0,1.419736921787262
মাসে,0.41958439350128174,0.0,1.4195843935012817
পিচ্ছিল,0.4195588231086731,0.0,1.419558823108673
পেত,0.42916107177734375,0.010101010101010102,1.4190600616763338
নন্দিতা,0.4190596342086792,0.0,1.4190596342086792
সুব্যবস্থা,0.41902679204940796,0.0,1.419026792049408
বিক্ষত,0.41893547773361206,0.0,1.418935477733612
লতাপাতা,0.4284898638725281,0.010101010101010102,1.4183888537715181
আড্ড,0.41836726665496826,0.0,1.4183672666549683
যুদ্ধরত,0.4183378219604492,0.0,1.4183378219604492
ওষুধ,0.4279588460922241,0.010101010101010102,1.4178578359912142
উচ্চতায়,0.41774559020996094,0.0,1.417745590209961
গান,0.4378091096878052,0.02040816326530612,1.417400946422499
ঘুটঘুটে,0.41738951206207275,0.0,1.4173895120620728
মহাদেশের,0.41700124740600586,0.0,1.4170012474060059
পান,0.42653971910476685,0.010101010101010102,1.416438709003757
অব,0.4265257716178894,0.010101010101010102,1.4164247615168795
লালচে,0.4163857698440552,0.0,1.4163857698440552
চাল,0.4163703918457031,0.0,1.4163703918457031
সার,0.4163302183151245,0.0,1.4163302183151245
সমাজ,0.4158734679222107,0.0,1.4158734679222107
পাটাতন,0.41573095321655273,0.0,1.4157309532165527
পাশাপাশি,0.4154297113418579,0.0,1.415429711341858
রোগ,0.41525799036026,0.0,1.41525799036026
উৎপত্তি,0.41434550285339355,0.0,1.4143455028533936
ছবি,0.4138975143432617,0.0,1.4138975143432617
অধিক,0.42364072799682617,0.010101010101010102,1.4135397178958162
গ্রাম,0.423319935798645,0.010101010101010102,1.413218925697635
ভুট্,0.4130176305770874,0.0,1.4130176305770874
চলবে,0.41289108991622925,0.0,1.4128910899162292
অঝোরে,0.4126540422439575,0.0,1.4126540422439575
পাবে,0.4125685691833496,0.0,1.4125685691833496
অ্যাজ,0.41243624687194824,0.0,1.4124362468719482
সমস্যা,0.42251765727996826,0.010101010101010102,1.4124166471789583
দরজাজানালা,0.4122995138168335,0.0,1.4122995138168335
নবনীতা,0.41176795959472656,0.0,1.4117679595947266
বিকেল,0.4117673635482788,0.0,1.4117673635482788
কিঃ,0.42165184020996094,0.010101010101010102,1.411550830108951
তাপসী,0.4214933514595032,0.010101010101010102,1.4113923413584932
মেডেন,0.41113054752349854,0.0,1.4111305475234985
পারবে,0.4107487201690674,0.0,1.4107487201690674
মার,0.4207760691642761,0.010101010101010102,1.4106750590632662
স্পোর্টিং,0.4104313850402832,0.0,1.4104313850402832
জমি,0.4204002618789673,0.010101010101010102,1.4102992517779573
ভালো,0.40984368324279785,0.0,1.4098436832427979
বাড়লো,0.4095407724380493,0.0,1.4095407724380493
দেশের,0.4091651439666748,0.0,1.4091651439666748
বিশ্বাস,0.4088236689567566,0.0,1.4088236689567566
প্রমাণ,0.4082699418067932,0.0,1.4082699418067932
মিথ্যাবাদী,0.40810155868530273,0.0,1.4081015586853027
সকালে,0.40768808126449585,0.0,1.4076880812644958
ইতিমধ্যে,0.40716552734375,0.0,1.40716552734375
আগাছা,0.40700864791870117,0.0,1.4070086479187012
নারী,0.40698325634002686,0.0,1.4069832563400269
ফেরার,0.41672682762145996,0.010101010101010102,1.40662581752045
আনা,0.40645265579223633,0.0,1.4064526557922363
বাধা,0.4062648415565491,0.0,1.406264841556549
বই,0.4057515859603882,0.0,1.4057515859603882
মাস,0.40551280975341797,0.0,1.405512809753418
মালিক,0.40493810176849365,0.0,1.4049381017684937
শিক্ষা,0.4042591452598572,0.0,1.4042591452598572
একমাত্র,0.4038545489311218,0.0,1.4038545489311218
পাশ,0.40322065353393555,0.0,1.4032206535339355
যুদ্ধ,0.41262030601501465,0.010101010101010102,1.4025192959140047
দোকান,0.4228535294532776,0.02040816326530612,1.4024453661879714
স্থান,0.42258894443511963,0.02040816326530612,1.4021807811698135
পথে,0.4122084379196167,0.010101010101010102,1.4021074278186068
খেলত,0.40181607007980347,0.0,1.4018160700798035
সাল,0.4326903820037842,0.030927835051546393,1.401762546952238
আগ,0.4015260934829712,0.0,1.4015260934829712
বিক্রি,0.4113920331001282,0.010101010101010102,1.4012910229991182
সংখ্যা,0.41082656383514404,0.010101010101010102,1.400725553734134
বাইরে,0.4001154899597168,0.0,1.4001154899597168
আসা,0.39973896741867065,0.0,1.3997389674186707
পুরুষ,0.3995574116706848,0.0,1.3995574116706848
মাছ,0.4072529673576355,0.010101010101010102,1.3971519572566256
ঘটাবে,0.4068461060523987,0.010101010101010102,1.3967450959513887
সরকার,0.3966088891029358,0.0,1.3966088891029358
প্রধান,0.39580076932907104,0.0,1.395800769329071
পাঁচ,0.39563047885894775,0.0,1.3956304788589478
অবস্থা,0.3954308032989502,0.0,1.3954308032989502
এসব,0.39536798000335693,0.0,1.395367980003357
দাদন,0.40524959564208984,0.010101010101010102,1.39514858554108
মারাঠি,0.3932141065597534,0.0,1.3932141065597534
প্রসেনজিৎ,0.3929705023765564,0.0,1.3929705023765564
প্রথমে,0.3928367495536804,0.0,1.3928367495536804
মাটি,0.39056962728500366,0.0,1.3905696272850037
আন,0.390270471572876,0.0,1.390270471572876
পরিবার,0.39003098011016846,0.0,1.3900309801101685
ঝিমঝিম,0.38879239559173584,0.0,1.3887923955917358
জীবনে,0.3987163305282593,0.010101010101010102,1.3886153204272493
পুষ্টিকর,0.3882930874824524,0.0,1.3882930874824524
পেছনে,0.3882545232772827,0.0,1.3882545232772827
সেক্স,0.38784390687942505,0.0,1.387843906879425
আশা,0.38761430978775024,0.0,1.3876143097877502
খেলা,0.3874589800834656,0.0,1.3874589800834656
বেষ্টিত,0.38625049591064453,0.0,1.3862504959106445
অক্সাইড,0.3848322033882141,0.0,1.3848322033882141
সুযোগ,0.3837212920188904,0.0,1.3837212920188904
আগুন,0.39339905977249146,0.010101010101010102,1.3832980496714815
পারলে,0.382709264755249,0.0,1.382709264755249
লাহোরে,0.3915565609931946,0.010101010101010102,1.3814555508921846
জীবন,0.39077144861221313,0.010101010101010102,1.3806704385112032
বনাম,0.3805341124534607,0.0,1.3805341124534607
প্রবেশ,0.37929242849349976,0.0,1.3792924284934998
আলী,0.38906776905059814,0.010101010101010102,1.3789667589495882
পাথুরে,0.377956748008728,0.0,1.377956748008728
হ্যাভ,0.3973788022994995,0.02040816326530612,1.3769706390341934
থাকলে,0.37607795000076294,0.0,1.376077950000763
লেখা,0.39139801263809204,0.02040816326530612,1.370989849372786
রঞ্জনা,0.3800523281097412,0.010101010101010102,1.3699513180087313
আসে,0.36962515115737915,0.0,1.3696251511573792
ইওর,0.3791159987449646,0.010101010101010102,1.3690149886439547
মা,0.3682931661605835,0.0,1.3682931661605835
স্বামী,0.3656874895095825,0.0,1.3656874895095825
উত্তরপশ্চিমে,0.36515092849731445,0.0,1.3651509284973145
নদী,0.3751351833343506,0.010101010101010102,1.3650341732333406
বাবা,0.36489617824554443,0.0,1.3648961782455444
বিচ্যুত,0.3643490672111511,0.0,1.3643490672111511
পাল,0.3638222813606262,0.0,1.3638222813606262
প্রকাশ,0.3620728850364685,0.0,1.3620728850364685
বাংলা,0.38240206241607666,0.02040816326530612,1.3619938991507705
শ্যাল,0.35902899503707886,0.0,1.3590289950370789
ছোট,0.35845017433166504,0.0,1.358450174331665
ঘরে,0.36783039569854736,0.010101010101010102,1.3577293855975374
রানার্স,0.35477226972579956,0.0,1.3547722697257996
মান,0.3542061448097229,0.0,1.354206144809723
ইন্দোনেশিয়া,0.3528146743774414,0.0,1.3528146743774414
লেখিক,0.3497658371925354,0.0,1.3497658371925354
ভাঙ,0.3455768823623657,0.0,1.3455768823623657
ভাগ,0.36594653129577637,0.02040816326530612,1.3455383680304702
গ্রামে,0.3431214690208435,0.0,1.3431214690208435
লীনা,0.3420920968055725,0.0,1.3420920968055725
অনুশোচনা,0.3370412588119507,0.0,1.3370412588119507
ভাই,0.34690409898757935,0.010101010101010102,1.3368030888865694
সর্বাগ্রে,0.33229899406433105,0.0,1.332298994064331
চাষআবাদ,0.3316011428833008,0.0,1.3316011428833008
বাংলাতে,0.3237624764442444,0.0,1.3237624764442444
খণ্ডে,0.32190442085266113,0.0,1.3219044208526611
পাশে,0.3299551010131836,0.010101010101010102,1.3198540909121736
তৈরি,0.27676546573638916,0.010101010101010102,1.2666644556353792
আখ্যান,0.24947524070739746,0.0,1.2494752407073975
